output_sku,input_sku,input_quantity
BUNDLE-BEACH-KIT-TOWLB-SUM-X2-UNICN-LG-SETA,BAGF-SUM-MD-UNICN,1
BUNDLE-BEACH-KIT-TOWLB-SUM-X2-UNICN-LG-SETA,PICNIC-SUM-LG-UNICN,1
BUNDLE-BEACH-KIT-TOWLB-SUM-X2-UNICN-LG-SETA,TOWLB-SUM-LG-UNICN-R,2
BUNDLE-BEACH-KIT-TOWLB-SUM-X2-UNICN-XL-SETA,BAGF-SUM-MD-UNICN,1
BUNDLE-BEACH-KIT-TOWLB-SUM-X2-UNICN-XL-SETA,PICNIC-SUM-LG-UNICN,1
BUNDLE-BEACH-KIT-TOWLB-SUM-X2-UNICN-XL-SETA,TOWLB-SUM-XL-UNICN-R,2
BUNDLE-BEACH-OCNWAVS,BAGDRY-XS-WAVYBBY,6
BUNDLE-BEACH-OCNWAVS,BAGF-DES-MD-WAVYBBY,6
BUNDLE-BEACH-OCNWAVS,PICNIC-DES-LG-GRCSHR,4
BUNDLE-BEACH-OCNWAVS,TOWLB-DES-LG-GRECSHR,6
BUNDLE-BEACH-OCNWAVS,TOWLB-DES-LG-OCETRES,6
BUNDLE-MIXMATCH-LG-2SET-BLUSKY,BAGDRY-XS-BLUSKY,1
BUNDLE-MIXMATCH-LG-2SET-BLUSKY,TOWLB-DES-LG-BLUSKY,1
BUNDLE-MIXMATCH-LG-2SET-MELLOW,BAGDRY-XS-MELLOW,1
BUNDLE-MIXMATCH-LG-2SET-MELLOW,TOWLB-DES-LG-MELLOW,1
BUNDLE-MIXMATCH-LG-2SET-PSTPIER,BAGDRY-XS-PSTPIER,1
BUNDLE-MIXMATCH-LG-2SET-PSTPIER,TOWLB-DES-LG-PSTPIER,1
BUNDLE-MIXMATCH-LG-2SET-RSPROAD,BAGDRY-XS-RSPROAD,1
BUNDLE-MIXMATCH-LG-2SET-RSPROAD,TOWLB-DES-LG-RSPROAD,1
BUNDLE-MIXMATCH-LG-3SET-DKDIS,BAGCOOL-MD-DKDIS,1
BUNDLE-MIXMATCH-LG-3SET-DKDIS,PICNIC-DES-LG-DKDIS,1
BUNDLE-MIXMATCH-LG-3SET-DKDIS,TOWLB-SUM-LG-DKDIS,1
BUNDLE-MIXMATCH-LG-3SET-PALAG,BAGF-DES-MD-PALAG,1
BUNDLE-MIXMATCH-LG-3SET-PALAG,HAIRW-SUE-PALAG,1
BUNDLE-MIXMATCH-LG-3SET-PALAG,TOWLB-DES-LG-PALAG,1
BUNDLE-MIXMATCH-LG-3SET-SEASOIR,BAGTOI-MD-SEASOIR,1
BUNDLE-MIXMATCH-LG-3SET-SEASOIR,HAIRW-WAF-SEASOIR,1
BUNDLE-MIXMATCH-LG-3SET-SEASOIR,TOWLB-DES-LG-SEASOIR,1
BUNDLE-MIXMATCH-LG-4SET-BLUSKY,BAGDRY-XS-BLUSKY,1
BUNDLE-MIXMATCH-LG-4SET-BLUSKY,BALLAST-SUM-BLUSKY,1
BUNDLE-MIXMATCH-LG-4SET-BLUSKY,LANYARD-SUM-BLUSKY,1
BUNDLE-MIXMATCH-LG-4SET-BLUSKY,TOWLB-DES-LG-BLUSKY,1
BUNDLE-MIXMATCH-LG-4SET-MELLOW,BAGDRY-XS-MELLOW,1
BUNDLE-MIXMATCH-LG-4SET-MELLOW,BALLAST-SUM-MELLOW,1
BUNDLE-MIXMATCH-LG-4SET-MELLOW,LANYARD-SUM-MELLOW,1
BUNDLE-MIXMATCH-LG-4SET-MELLOW,TOWLB-DES-LG-MELLOW,1
BUNDLE-MIXMATCH-LG-4SET-PSTPIER,BAGDRY-XS-PSTPIER,1
BUNDLE-MIXMATCH-LG-4SET-PSTPIER,BALLAST-SUM-PSTPIER,1
BUNDLE-MIXMATCH-LG-4SET-PSTPIER,LANYARD-SUM-PSTPIER,1
BUNDLE-MIXMATCH-LG-4SET-PSTPIER,TOWLB-DES-LG-PSTPIER,1
BUNDLE-MIXMATCH-LG-4SET-RSPROAD,BAGDRY-XS-RSPROAD,1
BUNDLE-MIXMATCH-LG-4SET-RSPROAD,BALLAST-SUM-RSPROAD,1
BUNDLE-MIXMATCH-LG-4SET-RSPROAD,LANYARD-SUM-RSPROAD,1
BUNDLE-MIXMATCH-LG-4SET-RSPROAD,TOWLB-DES-LG-RSPROAD,1
BUNDLE-MIXMATCH-XL-2SET-BLUSKY,BAGDRY-XS-BLUSKY,1
BUNDLE-MIXMATCH-XL-2SET-BLUSKY,TOWLB-DES-XL-BLUSKY,1
BUNDLE-MIXMATCH-XL-2SET-MELLOW,BAGDRY-XS-MELLOW,1
BUNDLE-MIXMATCH-XL-2SET-MELLOW,TOWLB-DES-XL-MELLOW,1
BUNDLE-MIXMATCH-XL-2SET-PSTPIER,BAGDRY-XS-PSTPIER,1
BUNDLE-MIXMATCH-XL-2SET-PSTPIER,TOWLB-DES-XL-PSTPIER,1
BUNDLE-MIXMATCH-XL-2SET-RSPROAD,BAGDRY-XS-RSPROAD,1
BUNDLE-MIXMATCH-XL-2SET-RSPROAD,TOWLB-DES-XL-RSPROAD,1
BUNDLE-MIXMATCH-XL-3SET-DKDIS,BAGCOOL-MD-DKDIS,1
BUNDLE-MIXMATCH-XL-3SET-DKDIS,PICNIC-DES-XL-DKDIS,1
BUNDLE-MIXMATCH-XL-3SET-DKDIS,TOWLB-SUM-XL-DKDIS,1
BUNDLE-MIXMATCH-XL-3SET-PALAG,BAGF-DES-MD-PALAG,1
BUNDLE-MIXMATCH-XL-3SET-PALAG,HAIRW-SUE-PALAG,1
BUNDLE-MIXMATCH-XL-3SET-PALAG,TOWLB-DES-XL-PALAG,1
BUNDLE-MIXMATCH-XL-3SET-SEASOIR,BAGTOI-MD-SEASOIR,1
BUNDLE-MIXMATCH-XL-3SET-SEASOIR,HAIRW-WAF-SEASOIR,1
BUNDLE-MIXMATCH-XL-3SET-SEASOIR,TOWLB-DES-XL-SEASOIR,1
BUNDLE-MIXMATCH-XL-4SET-BLUSKY,BAGDRY-XS-BLUSKY,1
BUNDLE-MIXMATCH-XL-4SET-BLUSKY,BALLAST-SUM-BLUSKY,1
BUNDLE-MIXMATCH-XL-4SET-BLUSKY,LANYARD-SUM-BLUSKY,1
BUNDLE-MIXMATCH-XL-4SET-BLUSKY,TOWLB-DES-XL-BLUSKY,1
BUNDLE-MIXMATCH-XL-4SET-MELLOW,BAGDRY-XS-MELLOW,1
BUNDLE-MIXMATCH-XL-4SET-MELLOW,BALLAST-SUM-MELLOW,1
BUNDLE-MIXMATCH-XL-4SET-MELLOW,LANYARD-SUM-MELLOW,1
BUNDLE-MIXMATCH-XL-4SET-MELLOW,TOWLB-DES-XL-MELLOW,1
BUNDLE-MIXMATCH-XL-4SET-PSTPIER,BAGDRY-XS-PSTPIER,1
BUNDLE-MIXMATCH-XL-4SET-PSTPIER,BALLAST-SUM-PSTPIER,1
BUNDLE-MIXMATCH-XL-4SET-PSTPIER,LANYARD-SUM-PSTPIER,1
BUNDLE-MIXMATCH-XL-4SET-PSTPIER,TOWLB-DES-XL-PSTPIER,1
BUNDLE-MIXMATCH-XL-4SET-RSPROAD,BAGDRY-XS-RSPROAD,1
BUNDLE-MIXMATCH-XL-4SET-RSPROAD,BALLAST-SUM-RSPROAD,1
BUNDLE-MIXMATCH-XL-4SET-RSPROAD,LANYARD-SUM-RSPROAD,1
BUNDLE-MIXMATCH-XL-4SET-RSPROAD,TOWLB-DES-XL-RSPROAD,1
COOL-CAB-3SET-COOLTRIO,COOL-DES-GLDGRN,1
COOL-CAB-3SET-COOLTRIO,COOL-DES-HYDBLU,1
COOL-CAB-3SET-COOLTRIO,COOL-DES-PLSPNK,1
COOL-CAB-3SET-GLDGRN,COOL-DES-GLDGRN,3
COOL-CAB-3SET-HYDBLU,COOL-DES-HYDBLU,3
COOL-CAB-3SET-PLSPNK,COOL-DES-PLSPNK,3
DOGTWL-LG-4SET-BLUES,DOGTWL-LG-K9CAMO,1
DOGTWL-LG-4SET-BLUES,DOGTWL-LG-PUPLAID,1
DOGTWL-LG-4SET-BRKPLD,DOGTWL-LG-PUPLAID,1
DOGTWL-LG-4SET-BRKPLD,DOGTWL-LG-RHUBARK,1
DOGTWL-LG-4SET-PAWFECT,DOGTWL-LG-SUNSPL,1
DOGTWL-LG-4SET-PAWFECT,DOGTWL-LG-WHERWOOF,1
DOGTWL-MD-4SET-FRSWLK,DOGTWL-MD-PUPLAID,1
DOGTWL-MD-4SET-FRSWLK,DOGTWL-MD-WHERWOOF,1
DOGTWL-MD-4SET-MISMTCH,DOGTWL-MD-K9CAMO,1
DOGTWL-MD-4SET-MISMTCH,DOGTWL-MD-PUPLAID,1
DOGTWL-MD-4SET-MISMTCH,DOGTWL-MD-RHUBARK,1
DOGTWL-MD-4SET-MISMTCH,DOGTWL-MD-WHERWOOF,1
GIFT-BOX-HOME-BOHMDRM-SET,BAGTOI-MD-BOHMDRM,1
GIFT-BOX-HOME-BOHMDRM-SET,EYEMASK-DES-BOHMDRM,1
GIFT-BOX-HOME-BOHMDRM-SET,HAIRW-WAF-BOHMDRM,1
GIFT-BOX-HOME-CHRYBMB-SET,BAGTOI-MD-CHRYBMB,1
GIFT-BOX-HOME-CHRYBMB-SET,EYEMASK-DES-CHRYBMB,1
GIFT-BOX-HOME-CHRYBMB-SET,HAIRW-WAF-CHRYBMB,1
GIFT-BOX-HOME-SEASOIR-SET,BAGTOI-MD-SEASOIR,1
GIFT-BOX-HOME-SEASOIR-SET,EYEMASK-DES-SEASOIR,1
GIFT-BOX-HOME-SEASOIR-SET,HAIRW-WAF-SEASOIR,1
HAIRW-CAB-4SET-PINK,HAIRW-CAB-LTPINK-R,1
HAIRW-CLA-4SETD,HAIRW-CLA-NAVY,1
HAIRW-CLA-4SETD,HAIRW-CLA-WHITE,1
POS-DIS-LG-FULL-TOWLB-STOCKED-EN-24,POS-DIS-LG-FULL-TOWLB-EN-24,1
POS-DIS-LG-FULL-TOWLB-STOCKED-EN-24,TOWLB-CAB-LG-BLUE-R,3
POS-DIS-LG-FULL-TOWLB-STOCKED-EN-24,TOWLB-CAB-LG-GREEN-R,1
POS-DIS-LG-FULL-TOWLB-STOCKED-EN-24,TOWLB-CAB-LG-LTBLU-R,3
POS-DIS-LG-FULL-TOWLB-STOCKED-EN-24,TOWLB-CAB-LG-LTPNK-R,1
POS-DIS-LG-FULL-TOWLB-STOCKED-EN-24,TOWLB-CAB-LG-LTPPL-R,2
POS-DIS-LG-FULL-TOWLB-STOCKED-EN-24,TOWLB-CAB-LG-NAVY-R,3
POS-DIS-LG-FULL-TOWLB-STOCKED-EN-24,TOWLB-CAB-LG-PINK-R,2
POS-DIS-LG-FULL-TOWLB-STOCKED-EN-24,TOWLB-CAB-XL-BLUE-R,4
POS-DIS-LG-FULL-TOWLB-STOCKED-EN-24,TOWLB-CAB-XL-GREEN-R,2
POS-DIS-LG-FULL-TOWLB-STOCKED-EN-24,TOWLB-CAB-XL-LTBLU-R,3
POS-DIS-LG-FULL-TOWLB-STOCKED-EN-24,TOWLB-CAB-XL-LTPNK-R,3
POS-DIS-LG-FULL-TOWLB-STOCKED-EN-24,TOWLB-CAB-XL-NAVY-R,3
POS-DIS-LG-FULL-TOWLB-STOCKED-EN-24,TOWLB-DES-LG-MARINDRM,2
POS-DIS-LG-FULL-TOWLB-STOCKED-EN-24,TOWLB-DES-LG-TERATROP,2
POS-DIS-LG-FULL-TOWLB-STOCKED-EN-24,TOWLB-DES-XL-MARINDRM,2
POS-DIS-LG-FULL-TOWLB-STOCKED-EN-24,TOWLB-DES-XL-TERATROP,3
POS-DIS-LG-FULL-TOWLB-STOCKED-EN-24,TOWLB-SGW-LG-GETWAV,2
POS-DIS-LG-FULL-TOWLB-STOCKED-EN-24,TOWLB-SGW-XL-GETWAV,3
POS-DIS-LG-FULL-TOWLB-STOCKED-EN-24,TOWLB-SUM-LG-ENDRVR,3
POS-DIS-LG-FULL-TOWLB-STOCKED-EN-24,TOWLB-SUM-LG-PCHSUN,1
POS-DIS-LG-FULL-TOWLB-STOCKED-EN-24,TOWLB-SUM-LG-SANDSEA,2
POS-DIS-LG-FULL-TOWLB-STOCKED-EN-24,TOWLB-SUM-LG-UNICN-R,2
POS-DIS-LG-FULL-TOWLB-STOCKED-EN-24,TOWLB-SUM-XL-ENDRVR,3
POS-DIS-LG-FULL-TOWLB-STOCKED-EN-24,TOWLB-SUM-XL-PCHSUN,2
POS-DIS-LG-FULL-TOWLB-STOCKED-EN-24,TOWLB-SUM-XL-SANDSEA,2
POS-DIS-LG-FULL-TOWLB-STOCKED-EN-24,TOWLB-SUM-XL-UNICN-R,2
POS-DIS-LG-FULL-TOWLB-STOCKED-SS25,POS-DIS-LG-FULL-TOWLB-EN-24,1
POS-DIS-LG-FULL-TOWLB-STOCKED-SS25,TOWLB-CAB-LG-BLUE-R,3
POS-DIS-LG-FULL-TOWLB-STOCKED-SS25,TOWLB-CAB-LG-GREEN-R,1
POS-DIS-LG-FULL-TOWLB-STOCKED-SS25,TOWLB-CAB-LG-LTBLU-R,2
POS-DIS-LG-FULL-TOWLB-STOCKED-SS25,TOWLB-CAB-LG-LTPPL-R,2
POS-DIS-LG-FULL-TOWLB-STOCKED-SS25,TOWLB-CAB-LG-NAVY-R,3
POS-DIS-LG-FULL-TOWLB-STOCKED-SS25,TOWLB-CAB-LG-ORANG-R,2
POS-DIS-LG-FULL-TOWLB-STOCKED-SS25,TOWLB-CAB-LG-PINK-R,2
POS-DIS-LG-FULL-TOWLB-STOCKED-SS25,TOWLB-CAB-XL-BLUE-R,4
POS-DIS-LG-FULL-TOWLB-STOCKED-SS25,TOWLB-CAB-XL-GREEN-R,2
POS-DIS-LG-FULL-TOWLB-STOCKED-SS25,TOWLB-CAB-XL-LTBLU-R,2
POS-DIS-LG-FULL-TOWLB-STOCKED-SS25,TOWLB-CAB-XL-LTPPL-R,1
POS-DIS-LG-FULL-TOWLB-STOCKED-SS25,TOWLB-CAB-XL-NAVY-R,3
POS-DIS-LG-FULL-TOWLB-STOCKED-SS25,TOWLB-CAB-XL-PINK-R,3
POS-DIS-LG-FULL-TOWLB-STOCKED-SS25,TOWLB-DES-LG-BLUSPRIT,1
POS-DIS-LG-FULL-TOWLB-STOCKED-SS25,TOWLB-DES-LG-CHECKMT,2
POS-DIS-LG-FULL-TOWLB-STOCKED-SS25,TOWLB-DES-LG-GRECSHR,1
POS-DIS-LG-FULL-TOWLB-STOCKED-SS25,TOWLB-DES-LG-LEMWAV,1
POS-DIS-LG-FULL-TOWLB-STOCKED-SS25,TOWLB-DES-LG-TROPTRT,1
POS-DIS-LG-FULL-TOWLB-STOCKED-SS25,TOWLB-DES-LG-VITSEA,2
POS-DIS-LG-FULL-TOWLB-STOCKED-SS25,TOWLB-DES-XL-BLUSPRIT,1
POS-DIS-LG-FULL-TOWLB-STOCKED-SS25,TOWLB-DES-XL-CHECKMT,2
POS-DIS-LG-FULL-TOWLB-STOCKED-SS25,TOWLB-DES-XL-GRECSHR,2
POS-DIS-LG-FULL-TOWLB-STOCKED-SS25,TOWLB-DES-XL-LEMWAV,1
POS-DIS-LG-FULL-TOWLB-STOCKED-SS25,TOWLB-DES-XL-TROPTRT,2
POS-DIS-LG-FULL-TOWLB-STOCKED-SS25,TOWLB-DES-XL-VITSEA,2
POS-DIS-LG-FULL-TOWLB-STOCKED-SS25,TOWLB-SUM-LG-COLAGN,3
POS-DIS-LG-FULL-TOWLB-STOCKED-SS25,TOWLB-SUM-LG-CSTCANDY,2
POS-DIS-LG-FULL-TOWLB-STOCKED-SS25,TOWLB-SUM-LG-MIAMI,1
POS-DIS-LG-FULL-TOWLB-STOCKED-SS25,TOWLB-SUM-XL-COLAGN,3
POS-DIS-LG-FULL-TOWLB-STOCKED-SS25,TOWLB-SUM-XL-CSTCANDY,2
POS-DIS-LG-FULL-TOWLB-STOCKED-SS25,TOWLB-SUM-XL-MIAMI,2
POS-DIS-LG-FULL-TOWLB-STOCKED-SS25-US,POS-DIS-LG-FULL-TOWLB-EN-24,1
POS-DIS-LG-FULL-TOWLB-STOCKED-SS25-US,TOWLB-CAB-LG-BLUE-R,3
POS-DIS-LG-FULL-TOWLB-STOCKED-SS25-US,TOWLB-CAB-LG-GREEN-R,1
POS-DIS-LG-FULL-TOWLB-STOCKED-SS25-US,TOWLB-CAB-LG-LTBLU-R,2
POS-DIS-LG-FULL-TOWLB-STOCKED-SS25-US,TOWLB-CAB-LG-LTPPL-R,2
POS-DIS-LG-FULL-TOWLB-STOCKED-SS25-US,TOWLB-CAB-LG-NAVY-R,3
POS-DIS-LG-FULL-TOWLB-STOCKED-SS25-US,TOWLB-CAB-LG-ORANG-R,2
POS-DIS-LG-FULL-TOWLB-STOCKED-SS25-US,TOWLB-CAB-LG-PINK-R,2
POS-DIS-LG-FULL-TOWLB-STOCKED-SS25-US,TOWLB-CAB-XL-BLUE-R,4
POS-DIS-LG-FULL-TOWLB-STOCKED-SS25-US,TOWLB-CAB-XL-GREEN-R,2
POS-DIS-LG-FULL-TOWLB-STOCKED-SS25-US,TOWLB-CAB-XL-LTBLU-R,2
POS-DIS-LG-FULL-TOWLB-STOCKED-SS25-US,TOWLB-CAB-XL-LTPPL-R,1
POS-DIS-LG-FULL-TOWLB-STOCKED-SS25-US,TOWLB-CAB-XL-NAVY-R,3
POS-DIS-LG-FULL-TOWLB-STOCKED-SS25-US,TOWLB-CAB-XL-PINK-R,3
POS-DIS-LG-FULL-TOWLB-STOCKED-SS25-US,TOWLB-DES-LG-ALOHGLW,1
POS-DIS-LG-FULL-TOWLB-STOCKED-SS25-US,TOWLB-DES-LG-CHECKMT,1
POS-DIS-LG-FULL-TOWLB-STOCKED-SS25-US,TOWLB-DES-LG-GROOVCH,1
POS-DIS-LG-FULL-TOWLB-STOCKED-SS25-US,TOWLB-DES-LG-TROPTRT,1
POS-DIS-LG-FULL-TOWLB-STOCKED-SS25-US,TOWLB-DES-LG-VITSEA,2
POS-DIS-LG-FULL-TOWLB-STOCKED-SS25-US,TOWLB-DES-XL-ALOHGLW,2
POS-DIS-LG-FULL-TOWLB-STOCKED-SS25-US,TOWLB-DES-XL-CHECKMT,1
POS-DIS-LG-FULL-TOWLB-STOCKED-SS25-US,TOWLB-DES-XL-GROOVCH,1
POS-DIS-LG-FULL-TOWLB-STOCKED-SS25-US,TOWLB-DES-XL-TROPTRT,2
POS-DIS-LG-FULL-TOWLB-STOCKED-SS25-US,TOWLB-DES-XL-VITSEA,2
POS-DIS-LG-FULL-TOWLB-STOCKED-SS25-US,TOWLB-SUM-LG-COLAGN,3
POS-DIS-LG-FULL-TOWLB-STOCKED-SS25-US,TOWLB-SUM-LG-CSTCANDY,2
POS-DIS-LG-FULL-TOWLB-STOCKED-SS25-US,TOWLB-SUM-LG-MIAMI,1
POS-DIS-LG-FULL-TOWLB-STOCKED-SS25-US,TOWLB-SUM-LG-SANDSEA,2
POS-DIS-LG-FULL-TOWLB-STOCKED-SS25-US,TOWLB-SUM-XL-COLAGN,3
POS-DIS-LG-FULL-TOWLB-STOCKED-SS25-US,TOWLB-SUM-XL-CSTCANDY,2
POS-DIS-LG-FULL-TOWLB-STOCKED-SS25-US,TOWLB-SUM-XL-MIAMI,2
POS-DIS-LG-FULL-TOWLB-STOCKED-SS25-US,TOWLB-SUM-XL-SANDSEA,2
POS-DIS-LG-FULL-TOWLB-STOCKED-SS26,POS-DIS-LG-FULL-TOWLB-EN-24,1
POS-DIS-LG-FULL-TOWLB-STOCKED-SS26,TOWLB-CAB-LG-BLUE-R,3
POS-DIS-LG-FULL-TOWLB-STOCKED-SS26,TOWLB-CAB-LG-GREEN-R,1
POS-DIS-LG-FULL-TOWLB-STOCKED-SS26,TOWLB-CAB-LG-LTBLU-R,2
POS-DIS-LG-FULL-TOWLB-STOCKED-SS26,TOWLB-CAB-LG-LTPPL-R,2
POS-DIS-LG-FULL-TOWLB-STOCKED-SS26,TOWLB-CAB-LG-NAVY-R,3
POS-DIS-LG-FULL-TOWLB-STOCKED-SS26,TOWLB-CAB-LG-ORANG-R,2
POS-DIS-LG-FULL-TOWLB-STOCKED-SS26,TOWLB-CAB-LG-PINK-R,2
POS-DIS-LG-FULL-TOWLB-STOCKED-SS26,TOWLB-CAB-XL-BLUE-R,4
POS-DIS-LG-FULL-TOWLB-STOCKED-SS26,TOWLB-CAB-XL-GREEN-R,2
POS-DIS-LG-FULL-TOWLB-STOCKED-SS26,TOWLB-CAB-XL-LTBLU-R,2
POS-DIS-LG-FULL-TOWLB-STOCKED-SS26,TOWLB-CAB-XL-LTPPL-R,1
POS-DIS-LG-FULL-TOWLB-STOCKED-SS26,TOWLB-CAB-XL-NAVY-R,3
POS-DIS-LG-FULL-TOWLB-STOCKED-SS26,TOWLB-CAB-XL-PINK-R,3
POS-DIS-LG-FULL-TOWLB-STOCKED-SS26,TOWLB-DES-LG-OCETRES,1
POS-DIS-LG-FULL-TOWLB-STOCKED-SS26,TOWLB-DES-LG-PNKPARA,1
POS-DIS-LG-FULL-TOWLB-STOCKED-SS26,TOWLB-DES-LG-SWTESC,1
POS-DIS-LG-FULL-TOWLB-STOCKED-SS26,TOWLB-DES-LG-TANTIDE,2
POS-DIS-LG-FULL-TOWLB-STOCKED-SS26,TOWLB-DES-XL-OCETRES,1
POS-DIS-LG-FULL-TOWLB-STOCKED-SS26,TOWLB-DES-XL-PNKPARA,2
POS-DIS-LG-FULL-TOWLB-STOCKED-SS26,TOWLB-DES-XL-SWTESC,2
POS-DIS-LG-FULL-TOWLB-STOCKED-SS26,TOWLB-DES-XL-TANTIDE,2
POS-DIS-LG-FULL-TOWLB-STOCKED-SS26,TOWLB-SUM-LG-COLAGN,2
POS-DIS-LG-FULL-TOWLB-STOCKED-SS26,TOWLB-SUM-LG-CSTCANDY,1
POS-DIS-LG-FULL-TOWLB-STOCKED-SS26,TOWLB-SUM-LG-MIAMI,3
POS-DIS-LG-FULL-TOWLB-STOCKED-SS26,TOWLB-SUM-LG-OCEAN,1
POS-DIS-LG-FULL-TOWLB-STOCKED-SS26,TOWLB-SUM-LG-TUTFRU,2
POS-DIS-LG-FULL-TOWLB-STOCKED-SS26,TOWLB-SUM-XL-COLAGN,2
POS-DIS-LG-FULL-TOWLB-STOCKED-SS26,TOWLB-SUM-XL-CSTCANDY,1
POS-DIS-LG-FULL-TOWLB-STOCKED-SS26,TOWLB-SUM-XL-MIAMI,3
POS-DIS-LG-FULL-TOWLB-STOCKED-SS26,TOWLB-SUM-XL-OCEAN,2
POS-DIS-LG-FULL-TOWLB-STOCKED-SS26,TOWLB-SUM-XL-TUTFRU,2
POS-DIS-PREM-1SIDE-STOCKED-SS25,BAGF-CAB-MD-NAVY,5
POS-DIS-PREM-1SIDE-STOCKED-SS25,BAGF-DES-MD-CHECKMT,2
POS-DIS-PREM-1SIDE-STOCKED-SS25,BAGF-DES-MD-GROOVCH,2
POS-DIS-PREM-1SIDE-STOCKED-SS25,BAGF-DES-MD-STRIPLIFE,3
POS-DIS-PREM-1SIDE-STOCKED-SS25,BAGF-SUM-MD-CSTCANDY,4
POS-DIS-PREM-1SIDE-STOCKED-SS25,HAIRW-CAB-NAVY-NB,6
POS-DIS-PREM-1SIDE-STOCKED-SS25,HAIRW-CBH-NAVY-NB,2
POS-DIS-PREM-1SIDE-STOCKED-SS25,HAIRW-CBH-PINK-NB,2
POS-DIS-PREM-1SIDE-STOCKED-SS25,HAIRW-SUE-MIAMI,5
POS-DIS-PREM-1SIDE-STOCKED-SS25,HAIRW-WAF-DRMCTCH,2
POS-DIS-PREM-1SIDE-STOCKED-SS25,PICNIC-CAB-LG-NAVY,1
POS-DIS-PREM-1SIDE-STOCKED-SS25,PICNIC-CAB-XL-NAVY,1
POS-DIS-PREM-1SIDE-STOCKED-SS25,PICNIC-DES-LG-CANDSTR,1
POS-DIS-PREM-1SIDE-STOCKED-SS25,PICNIC-DES-LG-MARGMAD,1
POS-DIS-PREM-1SIDE-STOCKED-SS25,PICNIC-DES-LG-STRIPLIFE,1
POS-DIS-PREM-1SIDE-STOCKED-SS25,PICNIC-DES-XL-CANDSTR,1
POS-DIS-PREM-1SIDE-STOCKED-SS25,PICNIC-DES-XL-MARGMAD,1
POS-DIS-PREM-1SIDE-STOCKED-SS25,PICNIC-DES-XL-STRIPLIFE,1
POS-DIS-PREM-1SIDE-STOCKED-SS25,PICNIC-SUM-LG-SANDSEA,1
POS-DIS-PREM-1SIDE-STOCKED-SS25,PICNIC-SUM-XL-SANDSEA,1
POS-DIS-PREM-1SIDE-STOCKED-SS25,POS-DIS-PREM-1SIDE-24,1
POS-DIS-PREM-1SIDE-STOCKED-SS25,TOWLB-CAB-LG-BLUE-R,2
POS-DIS-PREM-1SIDE-STOCKED-SS25,TOWLB-CAB-LG-LTBLU-R,2
POS-DIS-PREM-1SIDE-STOCKED-SS25,TOWLB-CAB-LG-NAVY-R,3
POS-DIS-PREM-1SIDE-STOCKED-SS25,TOWLB-CAB-LG-ORANG-R,2
POS-DIS-PREM-1SIDE-STOCKED-SS25,TOWLB-CAB-LG-PINK-R,2
POS-DIS-PREM-1SIDE-STOCKED-SS25,TOWLB-CAB-XL-BLUE-R,2
POS-DIS-PREM-1SIDE-STOCKED-SS25,TOWLB-CAB-XL-LTBLU-R,2
POS-DIS-PREM-1SIDE-STOCKED-SS25,TOWLB-CAB-XL-NAVY-R,4
POS-DIS-PREM-1SIDE-STOCKED-SS25,TOWLB-CAB-XL-ORANG-R,2
POS-DIS-PREM-1SIDE-STOCKED-SS25,TOWLB-CAB-XL-PINK-R,2
POS-DIS-PREM-1SIDE-STOCKED-SS25,TOWLB-SUM-LG-COLAGN,1
POS-DIS-PREM-1SIDE-STOCKED-SS25,TOWLB-SUM-LG-CSTCANDY,2
POS-DIS-PREM-1SIDE-STOCKED-SS25,TOWLB-SUM-LG-MIAMI,1
POS-DIS-PREM-1SIDE-STOCKED-SS25,TOWLB-SUM-LG-SANDSEA,1
POS-DIS-PREM-1SIDE-STOCKED-SS25,TOWLB-SUM-XL-COLAGN,2
POS-DIS-PREM-1SIDE-STOCKED-SS25,TOWLB-SUM-XL-CSTCANDY,2
POS-DIS-PREM-1SIDE-STOCKED-SS25,TOWLB-SUM-XL-MIAMI,2
POS-DIS-PREM-1SIDE-STOCKED-SS25,TOWLB-SUM-XL-SANDSEA,2
POS-DIS-PREM-2SIDE-STOCKED-24,BAGF-CAB-MD-LTPNK,6
POS-DIS-PREM-2SIDE-STOCKED-24,BAGF-CAB-MD-NAVY,7
POS-DIS-PREM-2SIDE-STOCKED-24,BAGF-MD-MARINDRM,6
POS-DIS-PREM-2SIDE-STOCKED-24,BAGF-SUM-MD-UNICN,6
POS-DIS-PREM-2SIDE-STOCKED-24,COOL-MAR-BLACK,2
POS-DIS-PREM-2SIDE-STOCKED-24,COOL-MAR-BLUE,2
POS-DIS-PREM-2SIDE-STOCKED-24,COOL-MAR-PINK,3
POS-DIS-PREM-2SIDE-STOCKED-24,HAIRW-CAB-LTPNK-NB,6
POS-DIS-PREM-2SIDE-STOCKED-24,HAIRW-CAB-NAVY-NB,7
POS-DIS-PREM-2SIDE-STOCKED-24,HAIRW-CBH-NAVY,4
POS-DIS-PREM-2SIDE-STOCKED-24,HAIRW-CBH-PINK,3
POS-DIS-PREM-2SIDE-STOCKED-24,PICNIC-CAB-LG-NAVY,2
POS-DIS-PREM-2SIDE-STOCKED-24,PICNIC-CAB-XL-NAVY,2
POS-DIS-PREM-2SIDE-STOCKED-24,PICNIC-GIN-LG-PINK,1
POS-DIS-PREM-2SIDE-STOCKED-24,PICNIC-GIN-XL-PINK,1
POS-DIS-PREM-2SIDE-STOCKED-24,PICNIC-SUM-LG-SANDSEA,2
POS-DIS-PREM-2SIDE-STOCKED-24,PICNIC-SUM-LG-UNICN,2
POS-DIS-PREM-2SIDE-STOCKED-24,PICNIC-SUM-XL-SANDSEA,2
POS-DIS-PREM-2SIDE-STOCKED-24,PICNIC-SUM-XL-UNICN,2
POS-DIS-PREM-2SIDE-STOCKED-24,POS-DIS-PREM-1SIDE-24,1
POS-DIS-PREM-2SIDE-STOCKED-24,POS-DIS-PREM-2SIDE-KIT,1
POS-DIS-PREM-2SIDE-STOCKED-24,TOWLB-CAB-LG-LTPPL-R,2
POS-DIS-PREM-2SIDE-STOCKED-24,TOWLB-CAB-X2-LTPNK,2
POS-DIS-PREM-2SIDE-STOCKED-24,TOWLB-CAB-X2-NAVY,3
POS-DIS-PREM-2SIDE-STOCKED-24,TOWLB-SUM-LG-ENDRVR,2
POS-DIS-PREM-2SIDE-STOCKED-24,TOWLB-SUM-LG-PCHSUN,2
POS-DIS-PREM-2SIDE-STOCKED-24,TOWLB-SUM-LG-SANDSEA,2
POS-DIS-PREM-2SIDE-STOCKED-24,TOWLB-SUM-LG-UNICN-R,2
POS-DIS-PREM-2SIDE-STOCKED-24,TOWLB-SUM-XL-DSKDWN,2
POS-DIS-PREM-2SIDE-STOCKED-SS25,BAGF-CAB-MD-NAVY,7
POS-DIS-PREM-2SIDE-STOCKED-SS25,BAGF-DES-MD-CHECKMT,5
POS-DIS-PREM-2SIDE-STOCKED-SS25,BAGF-DES-MD-GROOVCH,5
POS-DIS-PREM-2SIDE-STOCKED-SS25,BAGF-DES-MD-STRIPLIFE,4
POS-DIS-PREM-2SIDE-STOCKED-SS25,BAGF-SUM-MD-CSTCANDY,6
POS-DIS-PREM-2SIDE-STOCKED-SS25,COOL-DES-MIDNMOV,3
POS-DIS-PREM-2SIDE-STOCKED-SS25,COOL-DES-SUNSRUN,4
POS-DIS-PREM-2SIDE-STOCKED-SS25,HAIRW-CAB-NAVY-NB,7
POS-DIS-PREM-2SIDE-STOCKED-SS25,HAIRW-CBH-NAVY,3
POS-DIS-PREM-2SIDE-STOCKED-SS25,HAIRW-CBH-PINK,4
POS-DIS-PREM-2SIDE-STOCKED-SS25,HAIRW-SUE-MIAMI,6
POS-DIS-PREM-2SIDE-STOCKED-SS25,HAIRW-WAF-DRMCTCH,2
POS-DIS-PREM-2SIDE-STOCKED-SS25,PICNIC-CAB-LG-NAVY,1
POS-DIS-PREM-2SIDE-STOCKED-SS25,PICNIC-CAB-XL-NAVY,1
POS-DIS-PREM-2SIDE-STOCKED-SS25,PICNIC-DES-LG-CANDSTR,2
POS-DIS-PREM-2SIDE-STOCKED-SS25,PICNIC-DES-LG-MARGMAD,2
POS-DIS-PREM-2SIDE-STOCKED-SS25,PICNIC-DES-LG-STRIPLIFE,1
POS-DIS-PREM-2SIDE-STOCKED-SS25,PICNIC-DES-XL-CANDSTR,2
POS-DIS-PREM-2SIDE-STOCKED-SS25,PICNIC-DES-XL-MARGMAD,1
POS-DIS-PREM-2SIDE-STOCKED-SS25,PICNIC-DES-XL-STRIPLIFE,1
POS-DIS-PREM-2SIDE-STOCKED-SS25,PICNIC-SUM-LG-SANDSEA,1
POS-DIS-PREM-2SIDE-STOCKED-SS25,PICNIC-SUM-XL-SANDSEA,2
POS-DIS-PREM-2SIDE-STOCKED-SS25,POS-DIS-PREM-2SIDE-24,1
POS-DIS-PREM-2SIDE-STOCKED-SS25,TOWLB-CAB-LG-BLUE-R,4
POS-DIS-PREM-2SIDE-STOCKED-SS25,TOWLB-CAB-LG-LTBLU-R,3
POS-DIS-PREM-2SIDE-STOCKED-SS25,TOWLB-CAB-LG-NAVY-R,5
POS-DIS-PREM-2SIDE-STOCKED-SS25,TOWLB-CAB-LG-ORANG-R,3
POS-DIS-PREM-2SIDE-STOCKED-SS25,TOWLB-CAB-LG-PINK-R,3
POS-DIS-PREM-2SIDE-STOCKED-SS25,TOWLB-CAB-X2-LTPNK,2
POS-DIS-PREM-2SIDE-STOCKED-SS25,TOWLB-CAB-X2-NAVY,3
POS-DIS-PREM-2SIDE-STOCKED-SS25,TOWLB-CAB-XL-BLUE-R,4
POS-DIS-PREM-2SIDE-STOCKED-SS25,TOWLB-CAB-XL-LTBLU-R,3
POS-DIS-PREM-2SIDE-STOCKED-SS25,TOWLB-CAB-XL-NAVY-R,5
POS-DIS-PREM-2SIDE-STOCKED-SS25,TOWLB-CAB-XL-ORANG-R,3
POS-DIS-PREM-2SIDE-STOCKED-SS25,TOWLB-CAB-XL-PINK-R,3
POS-DIS-PREM-2SIDE-STOCKED-SS25,TOWLB-SUM-LG-COLAGN,2
POS-DIS-PREM-2SIDE-STOCKED-SS25,TOWLB-SUM-LG-CSTCANDY,4
POS-DIS-PREM-2SIDE-STOCKED-SS25,TOWLB-SUM-LG-MIAMI,2
POS-DIS-PREM-2SIDE-STOCKED-SS25,TOWLB-SUM-LG-SANDSEA,2
POS-DIS-PREM-2SIDE-STOCKED-SS25,TOWLB-SUM-XL-COLAGN,3
POS-DIS-PREM-2SIDE-STOCKED-SS25,TOWLB-SUM-XL-CSTCANDY,4
POS-DIS-PREM-2SIDE-STOCKED-SS25,TOWLB-SUM-XL-MIAMI,4
POS-DIS-PREM-2SIDE-STOCKED-SS25,TOWLB-SUM-XL-SANDSEA,3
POS-DIS-SM-DOGTWL-STOCKED-AW24,DOGTWL-LG-K9CAMO,4
POS-DIS-SM-DOGTWL-STOCKED-AW24,DOGTWL-LG-PUPLAID,3
POS-DIS-SM-DOGTWL-STOCKED-AW24,DOGTWL-LG-RHUBARK,4
POS-DIS-SM-DOGTWL-STOCKED-AW24,DOGTWL-LG-SUNSPL,3
POS-DIS-SM-DOGTWL-STOCKED-AW24,DOGTWL-LG-WHERWOOF,4
POS-DIS-SM-DOGTWL-STOCKED-AW24,DOGTWL-MD-K9CAMO,3
POS-DIS-SM-DOGTWL-STOCKED-AW24,DOGTWL-MD-PUPLAID,2
POS-DIS-SM-DOGTWL-STOCKED-AW24,DOGTWL-MD-RHUBARK,2
POS-DIS-SM-DOGTWL-STOCKED-AW24,DOGTWL-MD-SUNSPL,2
POS-DIS-SM-DOGTWL-STOCKED-AW24,DOGTWL-MD-WHERWOOF,3
POS-DIS-SM-DOGTWL-STOCKED-AW24,POS-DIS-SM-DOGTWL-EN-24,1
POS-DIS-SM-DOGTWL-STOCKED-AW25,DOGTWL-DES-LG-CHKMTT,4
POS-DIS-SM-DOGTWL-STOCKED-AW25,DOGTWL-DES-LG-DNBCLUB,2
POS-DIS-SM-DOGTWL-STOCKED-AW25,DOGTWL-DES-LG-DOGDIN,3
POS-DIS-SM-DOGTWL-STOCKED-AW25,DOGTWL-DES-LG-GOLONG,4
POS-DIS-SM-DOGTWL-STOCKED-AW25,DOGTWL-DES-LG-PNKPAWS,3
POS-DIS-SM-DOGTWL-STOCKED-AW25,DOGTWL-DES-LG-UNDWLK,2
POS-DIS-SM-DOGTWL-STOCKED-AW25,DOGTWL-DES-MD-CHKMTT,2
POS-DIS-SM-DOGTWL-STOCKED-AW25,DOGTWL-DES-MD-DNBCLUB,2
POS-DIS-SM-DOGTWL-STOCKED-AW25,DOGTWL-DES-MD-DOGDIN,2
POS-DIS-SM-DOGTWL-STOCKED-AW25,DOGTWL-DES-MD-GOLONG,2
POS-DIS-SM-DOGTWL-STOCKED-AW25,DOGTWL-DES-MD-PNKPAWS,2
POS-DIS-SM-DOGTWL-STOCKED-AW25,DOGTWL-DES-MD-UNDWLK,2
POS-DIS-SM-DOGTWL-STOCKED-AW25,POS-DIS-SM-DOGTWL-EN-24,1
POS-DIS-SM-DOGTWL-STOCKED-EN-24,DOGTWL-CAB-LG-RAINB,2
POS-DIS-SM-DOGTWL-STOCKED-EN-24,DOGTWL-CAB-MD-RAINB,2
POS-DIS-SM-DOGTWL-STOCKED-EN-24,DOGTWL-DES-LG-FACES,4
POS-DIS-SM-DOGTWL-STOCKED-EN-24,DOGTWL-DES-MD-FACES,2
POS-DIS-SM-DOGTWL-STOCKED-EN-24,DOGTWL-LG-BARKBLU,3
POS-DIS-SM-DOGTWL-STOCKED-EN-24,DOGTWL-LG-PAWPPL,3
POS-DIS-SM-DOGTWL-STOCKED-EN-24,DOGTWL-LG-WALK,3
POS-DIS-SM-DOGTWL-STOCKED-EN-24,DOGTWL-LG-WOOFWILD,3
POS-DIS-SM-DOGTWL-STOCKED-EN-24,DOGTWL-MD-BARKBLU,2
POS-DIS-SM-DOGTWL-STOCKED-EN-24,DOGTWL-MD-PAWPPL,2
POS-DIS-SM-DOGTWL-STOCKED-EN-24,DOGTWL-MD-WALK,2
POS-DIS-SM-DOGTWL-STOCKED-EN-24,DOGTWL-MD-WOOFWILD,2
POS-DIS-SM-DOGTWL-STOCKED-EN-24,POS-DIS-SM-DOGTWL-EN-24,1
POS-DIS-SM-FULL-BAGF-STOCKED-EN-24,BAGF-CAB-MD-LTPNK,5
POS-DIS-SM-FULL-BAGF-STOCKED-EN-24,BAGF-CAB-MD-NAVY,8
POS-DIS-SM-FULL-BAGF-STOCKED-EN-24,BAGF-MD-MARINDRM,4
POS-DIS-SM-FULL-BAGF-STOCKED-EN-24,BAGF-MD-TERATROP,5
POS-DIS-SM-FULL-BAGF-STOCKED-EN-24,BAGF-SGW-MD-GETWAV,8
POS-DIS-SM-FULL-BAGF-STOCKED-EN-24,BAGF-SUM-MD-UNICN,5
POS-DIS-SM-FULL-BAGF-STOCKED-EN-24,POS-DIS-SM-FULL-MAKUP-EN-24,1
POS-DIS-SM-FULL-BAGF-STOCKED-EN-24,POS-DIS-SM-HEAD-BAGF-EN-24,1
POS-DIS-SM-FULL-BAGF-STOCKED-SS25,BAGF-CAB-MD-LTPNK,4
POS-DIS-SM-FULL-BAGF-STOCKED-SS25,BAGF-CAB-MD-NAVY,6
POS-DIS-SM-FULL-BAGF-STOCKED-SS25,BAGF-DES-MD-BANARAM,3
POS-DIS-SM-FULL-BAGF-STOCKED-SS25,BAGF-DES-MD-CHECKMT,4
POS-DIS-SM-FULL-BAGF-STOCKED-SS25,BAGF-DES-MD-GROOVCH,5
POS-DIS-SM-FULL-BAGF-STOCKED-SS25,BAGF-DES-MD-STRIPLIFE,3
POS-DIS-SM-FULL-BAGF-STOCKED-SS25,BAGF-SUM-MD-CSTCANDY,6
POS-DIS-SM-FULL-BAGF-STOCKED-SS25,BAGF-SUM-MD-UNICN,4
POS-DIS-SM-FULL-BAGF-STOCKED-SS25,POS-DIS-SM-FULL-BAGF-EN-24,1
POS-DIS-SM-FULL-BAGF-STOCKED-SS26,BAGF-CAB-MD-LTPNK,4
POS-DIS-SM-FULL-BAGF-STOCKED-SS26,BAGF-CAB-MD-NAVY,6
POS-DIS-SM-FULL-BAGF-STOCKED-SS26,BAGF-DES-MD-IBZAGLW,3
POS-DIS-SM-FULL-BAGF-STOCKED-SS26,BAGF-DES-MD-STRIPLIFE,4
POS-DIS-SM-FULL-BAGF-STOCKED-SS26,BAGF-DES-MD-WAVYBBY,3
POS-DIS-SM-FULL-BAGF-STOCKED-SS26,BAGF-SUM-MD-COLAGN,6
POS-DIS-SM-FULL-BAGF-STOCKED-SS26,BAGF-SUM-MD-CSTCANDY,5
POS-DIS-SM-FULL-BAGF-STOCKED-SS26,BAGF-SUM-MD-MIAMI,4
POS-DIS-SM-FULL-BAGF-STOCKED-SS26,POS-DIS-SM-FULL-BAGF-EN-24,1
POS-DIS-SM-FULL-COOL-STOCKED-EN-24,COOL-CAB-LTGRY-R,4
POS-DIS-SM-FULL-COOL-STOCKED-EN-24,COOL-CAB-LTPNK-R,5
POS-DIS-SM-FULL-COOL-STOCKED-EN-24,COOL-CAB-NAVY-R,8
POS-DIS-SM-FULL-COOL-STOCKED-EN-24,COOL-MAR-BLACK,4
POS-DIS-SM-FULL-COOL-STOCKED-EN-24,COOL-MAR-BLUE,6
POS-DIS-SM-FULL-COOL-STOCKED-EN-24,COOL-MAR-PINK,5
POS-DIS-SM-FULL-COOL-STOCKED-EN-24,POS-DIS-SM-FULL-MAKUP-EN-24,1
POS-DIS-SM-FULL-COOL-STOCKED-EN-24,POS-DIS-SM-HEAD-COOL-EN-24,1
POS-DIS-SM-FULL-COOL-STOCKED-SS25,COOL-CAB-LTGRY-R,6
POS-DIS-SM-FULL-COOL-STOCKED-SS25,COOL-CAB-LTPNK-R,6
POS-DIS-SM-FULL-COOL-STOCKED-SS25,COOL-CAB-NAVY-R,8
POS-DIS-SM-FULL-COOL-STOCKED-SS25,COOL-DES-MIDNMOV,5
POS-DIS-SM-FULL-COOL-STOCKED-SS25,COOL-DES-SUNSRUN,5
POS-DIS-SM-FULL-COOL-STOCKED-SS25,POS-DIS-SM-FULL-COOL-EN-24,1
POS-DIS-SM-FULL-HAIRW-STOCKED-AW24,HAIRW-CAB-LTBLU-NB,4
POS-DIS-SM-FULL-HAIRW-STOCKED-AW24,HAIRW-CAB-LTPNK-NB,5
POS-DIS-SM-FULL-HAIRW-STOCKED-AW24,HAIRW-CAB-LTPPL-NB,4
POS-DIS-SM-FULL-HAIRW-STOCKED-AW24,HAIRW-CAB-NAVY-NB,3
POS-DIS-SM-FULL-HAIRW-STOCKED-AW24,HAIRW-SUE-GPCH,2
POS-DIS-SM-FULL-HAIRW-STOCKED-AW24,HAIRW-SUE-MIAMI,4
POS-DIS-SM-FULL-HAIRW-STOCKED-AW24,HAIRW-SUM-UNICN-NB,3
POS-DIS-SM-FULL-HAIRW-STOCKED-AW24,POS-DIS-SM-FULL-HAIRW-EN-24,1
POS-DIS-SM-FULL-HAIRW-STOCKED-AW25,HAIRW-CAB-LTPNK-NB,3
POS-DIS-SM-FULL-HAIRW-STOCKED-AW25,HAIRW-CAB-LTPPL-NB,2
POS-DIS-SM-FULL-HAIRW-STOCKED-AW25,HAIRW-CAB-NAVY-NB,2
POS-DIS-SM-FULL-HAIRW-STOCKED-AW25,HAIRW-SUE-IBZAGLW,2
POS-DIS-SM-FULL-HAIRW-STOCKED-AW25,HAIRW-SUE-MIAMI,3
POS-DIS-SM-FULL-HAIRW-STOCKED-AW25,HAIRW-SUE-PNKPARA,3
POS-DIS-SM-FULL-HAIRW-STOCKED-AW25,HAIRW-SUE-PSTPIER,3
POS-DIS-SM-FULL-HAIRW-STOCKED-AW25,HAIRW-SUE-SURFCHK,3
POS-DIS-SM-FULL-HAIRW-STOCKED-AW25,HAIRW-WAF-CHRYBMB,3
POS-DIS-SM-FULL-HAIRW-STOCKED-AW25,POS-DIS-SM-FULL-HAIRW-EN-24,1
POS-DIS-SM-FULL-HAIRW-STOCKED-EN-24,HAIRW-CAB-LTBLU-R,6
POS-DIS-SM-FULL-HAIRW-STOCKED-EN-24,HAIRW-CAB-LTGRY-R,2
POS-DIS-SM-FULL-HAIRW-STOCKED-EN-24,HAIRW-CAB-LTPINK-R,8
POS-DIS-SM-FULL-HAIRW-STOCKED-EN-24,HAIRW-CAB-LTPPL-R,4
POS-DIS-SM-FULL-HAIRW-STOCKED-EN-24,HAIRW-CAB-NAVY,6
POS-DIS-SM-FULL-HAIRW-STOCKED-EN-24,HAIRW-SUE-MIDMONO,4
POS-DIS-SM-FULL-HAIRW-STOCKED-EN-24,HAIRW-SUE-RAINFLOOR,4
POS-DIS-SM-FULL-HAIRW-STOCKED-EN-24,HAIRW-SUE-SEAFOAM,3
POS-DIS-SM-FULL-HAIRW-STOCKED-EN-24,HAIRW-SUM-UNICN,6
POS-DIS-SM-FULL-HAIRW-STOCKED-EN-24,POS-DIS-SM-FULL-HAIRW-EN-24,1
POS-DIS-SM-FULL-MAKUP-STOCKED-EN-24,MAKUP-CBH-3MIX,8
POS-DIS-SM-FULL-MAKUP-STOCKED-EN-24,MAKUP-CLA-NAVY,8
POS-DIS-SM-FULL-MAKUP-STOCKED-EN-24,MAKUP-GEO-3MIX,7
POS-DIS-SM-FULL-MAKUP-STOCKED-EN-24,MAKUP-STD-LTPNK,6
POS-DIS-SM-FULL-MAKUP-STOCKED-EN-24,MAKUP-STD-NAVY,6
POS-DIS-SM-FULL-MAKUP-STOCKED-EN-24,POS-DIS-SM-FULL-MAKUP-EN-24,1
POS-DIS-SM-FULL-PICNIC-STOCKED-EN-24,PICNIC-CAB-LG-NAVY,1
POS-DIS-SM-FULL-PICNIC-STOCKED-EN-24,PICNIC-CAB-XL-NAVY,1
POS-DIS-SM-FULL-PICNIC-STOCKED-EN-24,PICNIC-DES-LG-TERATROP,1
POS-DIS-SM-FULL-PICNIC-STOCKED-EN-24,PICNIC-DES-XL-TERATROP,1
POS-DIS-SM-FULL-PICNIC-STOCKED-EN-24,PICNIC-SGW-LG-GETWAV,2
POS-DIS-SM-FULL-PICNIC-STOCKED-EN-24,PICNIC-SGW-XL-GETWAV,2
POS-DIS-SM-FULL-PICNIC-STOCKED-EN-24,PICNIC-SUM-LG-SANDSEA,1
POS-DIS-SM-FULL-PICNIC-STOCKED-EN-24,PICNIC-SUM-LG-UNICN,1
POS-DIS-SM-FULL-PICNIC-STOCKED-EN-24,PICNIC-SUM-XL-SANDSEA,2
POS-DIS-SM-FULL-PICNIC-STOCKED-EN-24,PICNIC-SUM-XL-UNICN,1
POS-DIS-SM-FULL-PICNIC-STOCKED-EN-24,POS-DIS-SM-FULL-TOWLB-EN-24,1
POS-DIS-SM-FULL-PICNIC-STOCKED-EN-24,POS-DIS-SM-HEAD-PICNIC-EN-24,1
POS-DIS-SM-FULL-PICNIC-STOCKED-SS25,PICNIC-CAB-LG-NAVY,1
POS-DIS-SM-FULL-PICNIC-STOCKED-SS25,PICNIC-CAB-XL-NAVY,1
POS-DIS-SM-FULL-PICNIC-STOCKED-SS25,PICNIC-DES-LG-CANDSTR,2
POS-DIS-SM-FULL-PICNIC-STOCKED-SS25,PICNIC-DES-LG-MARGMAD,1
POS-DIS-SM-FULL-PICNIC-STOCKED-SS25,PICNIC-DES-LG-STRIPLIFE,1
POS-DIS-SM-FULL-PICNIC-STOCKED-SS25,PICNIC-DES-XL-CANDSTR,2
POS-DIS-SM-FULL-PICNIC-STOCKED-SS25,PICNIC-DES-XL-MARGMAD,1
POS-DIS-SM-FULL-PICNIC-STOCKED-SS25,PICNIC-DES-XL-STRIPLIFE,1
POS-DIS-SM-FULL-PICNIC-STOCKED-SS25,PICNIC-SUM-LG-SANDSEA,1
POS-DIS-SM-FULL-PICNIC-STOCKED-SS25,PICNIC-SUM-XL-SANDSEA,2
POS-DIS-SM-FULL-PICNIC-STOCKED-SS25,POS-DIS-SM-FULL-PICNIC-EN-24,1
POS-DIS-SM-FULL-PICNIC-STOCKED-SS26,PICNIC-CAB-LG-NAVY,1
POS-DIS-SM-FULL-PICNIC-STOCKED-SS26,PICNIC-CAB-XL-NAVY,1
POS-DIS-SM-FULL-PICNIC-STOCKED-SS26,PICNIC-DES-LG-APPLTRT,2
POS-DIS-SM-FULL-PICNIC-STOCKED-SS26,PICNIC-DES-LG-CANDSTR,1
POS-DIS-SM-FULL-PICNIC-STOCKED-SS26,PICNIC-DES-LG-GRCSHR,1
POS-DIS-SM-FULL-PICNIC-STOCKED-SS26,PICNIC-DES-LG-SORBET,1
POS-DIS-SM-FULL-PICNIC-STOCKED-SS26,PICNIC-DES-XL-APPLTRT,2
POS-DIS-SM-FULL-PICNIC-STOCKED-SS26,PICNIC-DES-XL-CANDSTR,2
POS-DIS-SM-FULL-PICNIC-STOCKED-SS26,PICNIC-DES-XL-GRCSHR,1
POS-DIS-SM-FULL-PICNIC-STOCKED-SS26,PICNIC-DES-XL-SORBET,1
POS-DIS-SM-FULL-PICNIC-STOCKED-SS26,POS-DIS-SM-FULL-PICNIC-EN-24,1
POS-DIS-SM-FULL-PONCHA-STOCKED-EN-24,PONCHA-CAB-LG-LTPNK,3
POS-DIS-SM-FULL-PONCHA-STOCKED-EN-24,PONCHA-CAB-LG-NAVY,3
POS-DIS-SM-FULL-PONCHA-STOCKED-EN-24,PONCHA-CAB-MD-LTPNK,3
POS-DIS-SM-FULL-PONCHA-STOCKED-EN-24,PONCHA-CAB-MD-NAVY,2
POS-DIS-SM-FULL-PONCHA-STOCKED-EN-24,PONCHA-DES-LG-PALMBCH,2
POS-DIS-SM-FULL-PONCHA-STOCKED-EN-24,PONCHA-DES-LG-TERATROP,2
POS-DIS-SM-FULL-PONCHA-STOCKED-EN-24,PONCHA-DES-MD-PALMBCH,1
POS-DIS-SM-FULL-PONCHA-STOCKED-EN-24,PONCHA-DES-MD-TERATROP,1
POS-DIS-SM-FULL-PONCHA-STOCKED-EN-24,PONCHA-SUM-LG-PCHSUN,2
POS-DIS-SM-FULL-PONCHA-STOCKED-EN-24,PONCHA-SUM-MD-PCHSUN,2
POS-DIS-SM-FULL-PONCHA-STOCKED-EN-24,POS-DIS-SM-FULL-TOWLB-EN-24,1
POS-DIS-SM-FULL-PONCHA-STOCKED-EN-24,POS-DIS-SM-HEAD-PONCHA-EN-24,1
POS-DIS-SM-FULL-PONCHA-STOCKED-SS25,PONCHA-CAB-LG-LTPNK-NS,3
POS-DIS-SM-FULL-PONCHA-STOCKED-SS25,PONCHA-CAB-LG-NAVY-NS,3
POS-DIS-SM-FULL-PONCHA-STOCKED-SS25,PONCHA-CAB-MD-LTPNK-NS,3
POS-DIS-SM-FULL-PONCHA-STOCKED-SS25,PONCHA-CAB-MD-NAVY-NS,2
POS-DIS-SM-FULL-PONCHA-STOCKED-SS25,PONCHA-DES-LG-CHECKMT,2
POS-DIS-SM-FULL-PONCHA-STOCKED-SS25,PONCHA-DES-MD-CHECKMT,1
POS-DIS-SM-FULL-PONCHA-STOCKED-SS25,PONCHA-SUM-LG-CSTCANDY,2
POS-DIS-SM-FULL-PONCHA-STOCKED-SS25,PONCHA-SUM-LG-LAZRIV,2
POS-DIS-SM-FULL-PONCHA-STOCKED-SS25,PONCHA-SUM-MD-CSTCANDY,2
POS-DIS-SM-FULL-PONCHA-STOCKED-SS25,PONCHA-SUM-MD-LAZRIV,1
POS-DIS-SM-FULL-PONCHA-STOCKED-SS25,POS-DIS-SM-FULL-PONCHA-EN-24,1
POS-DIS-SM-FULL-PONCHA-STOCKED-SS26,PONCHA-CAB-LG-LTPNK,2
POS-DIS-SM-FULL-PONCHA-STOCKED-SS26,PONCHA-CAB-LG-NAVY,2
POS-DIS-SM-FULL-PONCHA-STOCKED-SS26,PONCHA-CAB-MD-LTPNK,1
POS-DIS-SM-FULL-PONCHA-STOCKED-SS26,PONCHA-CAB-MD-NAVY,2
POS-DIS-SM-FULL-PONCHA-STOCKED-SS26,PONCHA-CAB-XL-LTPNK,1
POS-DIS-SM-FULL-PONCHA-STOCKED-SS26,PONCHA-CAB-XL-NAVY,1
POS-DIS-SM-FULL-PONCHA-STOCKED-SS26,PONCHA-DES-LG-WAVYBBY,2
POS-DIS-SM-FULL-PONCHA-STOCKED-SS26,PONCHA-DES-LG-WTRSUG,1
POS-DIS-SM-FULL-PONCHA-STOCKED-SS26,PONCHA-DES-MD-WAVYBBY,1
POS-DIS-SM-FULL-PONCHA-STOCKED-SS26,PONCHA-DES-MD-WTRSUG,1
POS-DIS-SM-FULL-PONCHA-STOCKED-SS26,PONCHA-SUM-LG-CSTCANDY,2
POS-DIS-SM-FULL-PONCHA-STOCKED-SS26,PONCHA-SUM-LG-LAZRIV,2
POS-DIS-SM-FULL-PONCHA-STOCKED-SS26,PONCHA-SUM-MD-CSTCANDY,2
POS-DIS-SM-FULL-PONCHA-STOCKED-SS26,PONCHA-SUM-MD-LAZRIV,2
POS-DIS-SM-FULL-PONCHA-STOCKED-SS26,POS-DIS-SM-FULL-PONCHA-EN-24,1
POS-DIS-SM-FULL-PONCHK-STOCKED-EN-24,PONCHK-CAB-MD-LTPNK-NS,2
POS-DIS-SM-FULL-PONCHK-STOCKED-EN-24,PONCHK-CAB-MD-NAVY-NS,2
POS-DIS-SM-FULL-PONCHK-STOCKED-EN-24,PONCHK-CAB-SM-LTPNK-NS,1
POS-DIS-SM-FULL-PONCHK-STOCKED-EN-24,PONCHK-CAB-SM-NAVY-NS,1
POS-DIS-SM-FULL-PONCHK-STOCKED-EN-24,PONCHK-KID-MD-CAMO-NS,2
POS-DIS-SM-FULL-PONCHK-STOCKED-EN-24,PONCHK-KID-MD-CROC,1
POS-DIS-SM-FULL-PONCHK-STOCKED-EN-24,PONCHK-KID-MD-FLAM,1
POS-DIS-SM-FULL-PONCHK-STOCKED-EN-24,PONCHK-KID-MD-POWER-NS,2
POS-DIS-SM-FULL-PONCHK-STOCKED-EN-24,PONCHK-KID-SM-CAMO-NS,1
POS-DIS-SM-FULL-PONCHK-STOCKED-EN-24,PONCHK-KID-SM-CROC,1
POS-DIS-SM-FULL-PONCHK-STOCKED-EN-24,PONCHK-KID-SM-FLAM,1
POS-DIS-SM-FULL-PONCHK-STOCKED-EN-24,PONCHK-KID-SM-POWER-NS,1
POS-DIS-SM-FULL-PONCHK-STOCKED-EN-24,POS-DIS-SM-FULL-TOWLB-EN-24,1
POS-DIS-SM-FULL-PONCHK-STOCKED-EN-24,POS-DIS-SM-HEAD-PONCHK-EN-24,1
POS-DIS-SM-FULL-PONCHK-STOCKED-SS25,PONCHK-CAB-MD-LTPNK-NS,2
POS-DIS-SM-FULL-PONCHK-STOCKED-SS25,PONCHK-CAB-MD-NAVY-NS,2
POS-DIS-SM-FULL-PONCHK-STOCKED-SS25,PONCHK-CAB-SM-LTPNK-NS,1
POS-DIS-SM-FULL-PONCHK-STOCKED-SS25,PONCHK-CAB-SM-NAVY-NS,1
POS-DIS-SM-FULL-PONCHK-STOCKED-SS25,PONCHK-KID-MD-KARMCHAM,2
POS-DIS-SM-FULL-PONCHK-STOCKED-SS25,PONCHK-KID-MD-TURTROP,2
POS-DIS-SM-FULL-PONCHK-STOCKED-SS25,PONCHK-KID-SM-KARMCHAM,1
POS-DIS-SM-FULL-PONCHK-STOCKED-SS25,PONCHK-KID-SM-TURTROP,1
POS-DIS-SM-FULL-PONCHK-STOCKED-SS25,PONCHK-SUM-MD-CSTCANDY,2
POS-DIS-SM-FULL-PONCHK-STOCKED-SS25,PONCHK-SUM-SM-CSTCANDY,2
POS-DIS-SM-FULL-PONCHK-STOCKED-SS25,POS-DIS-SM-FULL-PONCHK-EN-24,1
POS-DIS-SM-FULL-PONCHK-STOCKED-SS26,PONCHK-CAB-MD-LTPNK-NS,2
POS-DIS-SM-FULL-PONCHK-STOCKED-SS26,PONCHK-CAB-MD-NAVY-NS,2
POS-DIS-SM-FULL-PONCHK-STOCKED-SS26,PONCHK-CAB-SM-LTPNK-NS,1
POS-DIS-SM-FULL-PONCHK-STOCKED-SS26,PONCHK-CAB-SM-NAVY-NS,1
POS-DIS-SM-FULL-PONCHK-STOCKED-SS26,PONCHK-KID-MD-GVCLUB,2
POS-DIS-SM-FULL-PONCHK-STOCKED-SS26,PONCHK-KID-MD-INTOWILD,2
POS-DIS-SM-FULL-PONCHK-STOCKED-SS26,PONCHK-KID-SM-GVCLUB,1
POS-DIS-SM-FULL-PONCHK-STOCKED-SS26,PONCHK-KID-SM-INTOWILD,1
POS-DIS-SM-FULL-PONCHK-STOCKED-SS26,PONCHK-SUM-MD-CSTCANDY,2
POS-DIS-SM-FULL-PONCHK-STOCKED-SS26,PONCHK-SUM-SM-CSTCANDY,2
POS-DIS-SM-FULL-PONCHK-STOCKED-SS26,POS-DIS-SM-FULL-PONCHK-EN-24,1
POS-DIS-SM-FULL-TOWLB-KID-STOCKED-EN-24,POS-DIS-SM-FULL-TOWLB-EN-24,1
POS-DIS-SM-FULL-TOWLB-KID-STOCKED-EN-24,POS-DIS-SM-HEAD-TOWLB-KID-EN-24,1
POS-DIS-SM-FULL-TOWLB-KID-STOCKED-EN-24,TOWLB-CAB-LG-LTPNK-R,2
POS-DIS-SM-FULL-TOWLB-KID-STOCKED-EN-24,TOWLB-CAB-LG-NAVY-R,2
POS-DIS-SM-FULL-TOWLB-KID-STOCKED-EN-24,TOWLB-CAB-MD-LTPNK,2
POS-DIS-SM-FULL-TOWLB-KID-STOCKED-EN-24,TOWLB-CAB-MD-NAVY,2
POS-DIS-SM-FULL-TOWLB-KID-STOCKED-EN-24,TOWLB-KID-LG-CAMO,2
POS-DIS-SM-FULL-TOWLB-KID-STOCKED-EN-24,TOWLB-KID-LG-CROC,1
POS-DIS-SM-FULL-TOWLB-KID-STOCKED-EN-24,TOWLB-KID-LG-FLAM,1
POS-DIS-SM-FULL-TOWLB-KID-STOCKED-EN-24,TOWLB-KID-LG-POWER,2
POS-DIS-SM-FULL-TOWLB-KID-STOCKED-EN-24,TOWLB-KID-MD-CAMO,2
POS-DIS-SM-FULL-TOWLB-KID-STOCKED-EN-24,TOWLB-KID-MD-CROC,1
POS-DIS-SM-FULL-TOWLB-KID-STOCKED-EN-24,TOWLB-KID-MD-FLAM,1
POS-DIS-SM-FULL-TOWLB-KID-STOCKED-EN-24,TOWLB-KID-MD-POWER,2
POS-DIS-SM-FULL-TOWLB-KID-STOCKED-SS25,POS-DIS-SM-FULL-TOWLB-KID-EN-24,1
POS-DIS-SM-FULL-TOWLB-KID-STOCKED-SS25,TOWLB-CAB-LG-LTPNK-R,2
POS-DIS-SM-FULL-TOWLB-KID-STOCKED-SS25,TOWLB-CAB-LG-NAVY-R,2
POS-DIS-SM-FULL-TOWLB-KID-STOCKED-SS25,TOWLB-CAB-MD-LTPNK,2
POS-DIS-SM-FULL-TOWLB-KID-STOCKED-SS25,TOWLB-CAB-MD-NAVY,2
POS-DIS-SM-FULL-TOWLB-KID-STOCKED-SS25,TOWLB-KID-LG-BUILDBCH,2
POS-DIS-SM-FULL-TOWLB-KID-STOCKED-SS25,TOWLB-KID-LG-KARMCHAM,2
POS-DIS-SM-FULL-TOWLB-KID-STOCKED-SS25,TOWLB-KID-LG-TURTROP,2
POS-DIS-SM-FULL-TOWLB-KID-STOCKED-SS25,TOWLB-KID-MD-BUILDBCH,2
POS-DIS-SM-FULL-TOWLB-KID-STOCKED-SS25,TOWLB-KID-MD-KARMCHAM,2
POS-DIS-SM-FULL-TOWLB-KID-STOCKED-SS25,TOWLB-KID-MD-TURTROP,2
POS-DIS-SM-FULL-TOWLB-KID-STOCKED-SS26,POS-DIS-SM-FULL-TOWLB-KID-EN-24,1
POS-DIS-SM-FULL-TOWLB-KID-STOCKED-SS26,TOWLB-CAB-LG-LTPNK-R,2
POS-DIS-SM-FULL-TOWLB-KID-STOCKED-SS26,TOWLB-CAB-LG-NAVY-R,2
POS-DIS-SM-FULL-TOWLB-KID-STOCKED-SS26,TOWLB-CAB-MD-LTPNK,2
POS-DIS-SM-FULL-TOWLB-KID-STOCKED-SS26,TOWLB-CAB-MD-NAVY,2
POS-DIS-SM-FULL-TOWLB-KID-STOCKED-SS26,TOWLB-KID-LG-CHECKOUT,2
POS-DIS-SM-FULL-TOWLB-KID-STOCKED-SS26,TOWLB-KID-LG-GVCLUB,2
POS-DIS-SM-FULL-TOWLB-KID-STOCKED-SS26,TOWLB-KID-LG-INTOWILD,2
POS-DIS-SM-FULL-TOWLB-KID-STOCKED-SS26,TOWLB-KID-MD-CHECKOUT,2
POS-DIS-SM-FULL-TOWLB-KID-STOCKED-SS26,TOWLB-KID-MD-GVCLUB,2
POS-DIS-SM-FULL-TOWLB-KID-STOCKED-SS26,TOWLB-KID-MD-INTOWILD,2
POS-DIS-SM-FULL-TOWLB-STOCKED-EN-24,POS-DIS-SM-FULL-TOWLB-EN-24,1
POS-DIS-SM-FULL-TOWLB-STOCKED-EN-24,TOWLB-CAB-LG-BLUE-R,2
POS-DIS-SM-FULL-TOWLB-STOCKED-EN-24,TOWLB-CAB-LG-LTBLU-R,1
POS-DIS-SM-FULL-TOWLB-STOCKED-EN-24,TOWLB-CAB-LG-NAVY-R,2
POS-DIS-SM-FULL-TOWLB-STOCKED-EN-24,TOWLB-CAB-LG-PINK-R,1
POS-DIS-SM-FULL-TOWLB-STOCKED-EN-24,TOWLB-CAB-XL-BLUE-R,2
POS-DIS-SM-FULL-TOWLB-STOCKED-EN-24,TOWLB-CAB-XL-LTBLU-R,1
POS-DIS-SM-FULL-TOWLB-STOCKED-EN-24,TOWLB-CAB-XL-NAVY-R,2
POS-DIS-SM-FULL-TOWLB-STOCKED-EN-24,TOWLB-CAB-XL-PINK-R,1
POS-DIS-SM-FULL-TOWLB-STOCKED-EN-24,TOWLB-DES-LG-MARINDRM,1
POS-DIS-SM-FULL-TOWLB-STOCKED-EN-24,TOWLB-DES-LG-TERATROP,1
POS-DIS-SM-FULL-TOWLB-STOCKED-EN-24,TOWLB-DES-XL-MARINDRM,1
POS-DIS-SM-FULL-TOWLB-STOCKED-EN-24,TOWLB-DES-XL-TERATROP,1
POS-DIS-SM-FULL-TOWLB-STOCKED-EN-24,TOWLB-SGW-LG-GETWAV,1
POS-DIS-SM-FULL-TOWLB-STOCKED-EN-24,TOWLB-SGW-XL-GETWAV,2
POS-DIS-SM-FULL-TOWLB-STOCKED-EN-24,TOWLB-SUM-LG-ENDRVR,2
POS-DIS-SM-FULL-TOWLB-STOCKED-EN-24,TOWLB-SUM-LG-SANDSEA,1
POS-DIS-SM-FULL-TOWLB-STOCKED-EN-24,TOWLB-SUM-LG-UNICN-R,2
POS-DIS-SM-FULL-TOWLB-STOCKED-EN-24,TOWLB-SUM-XL-ENDRVR,2
POS-DIS-SM-FULL-TOWLB-STOCKED-EN-24,TOWLB-SUM-XL-SANDSEA,2
POS-DIS-SM-FULL-TOWLB-STOCKED-EN-24,TOWLB-SUM-XL-UNICN-R,2
POS-DIS-SM-FULL-TOWLB-STOCKED-SS25,POS-DIS-SM-FULL-TOWLB-EN-24,1
POS-DIS-SM-FULL-TOWLB-STOCKED-SS25,TOWLB-CAB-LG-BLUE-R,2
POS-DIS-SM-FULL-TOWLB-STOCKED-SS25,TOWLB-CAB-LG-LTBLU-R,1
POS-DIS-SM-FULL-TOWLB-STOCKED-SS25,TOWLB-CAB-LG-NAVY-R,2
POS-DIS-SM-FULL-TOWLB-STOCKED-SS25,TOWLB-CAB-LG-PINK-R,1
POS-DIS-SM-FULL-TOWLB-STOCKED-SS25,TOWLB-CAB-XL-BLUE-R,2
POS-DIS-SM-FULL-TOWLB-STOCKED-SS25,TOWLB-CAB-XL-LTBLU-R,1
POS-DIS-SM-FULL-TOWLB-STOCKED-SS25,TOWLB-CAB-XL-NAVY-R,2
POS-DIS-SM-FULL-TOWLB-STOCKED-SS25,TOWLB-CAB-XL-PINK-R,1
POS-DIS-SM-FULL-TOWLB-STOCKED-SS25,TOWLB-DES-LG-CHECKMT,1
POS-DIS-SM-FULL-TOWLB-STOCKED-SS25,TOWLB-DES-LG-TROPTRT,1
POS-DIS-SM-FULL-TOWLB-STOCKED-SS25,TOWLB-DES-LG-VITSEA,1
POS-DIS-SM-FULL-TOWLB-STOCKED-SS25,TOWLB-DES-XL-CHECKMT,2
POS-DIS-SM-FULL-TOWLB-STOCKED-SS25,TOWLB-DES-XL-TROPTRT,1
POS-DIS-SM-FULL-TOWLB-STOCKED-SS25,TOWLB-DES-XL-VITSEA,1
POS-DIS-SM-FULL-TOWLB-STOCKED-SS25,TOWLB-SUM-LG-COLAGN,2
POS-DIS-SM-FULL-TOWLB-STOCKED-SS25,TOWLB-SUM-LG-CSTCANDY,2
POS-DIS-SM-FULL-TOWLB-STOCKED-SS25,TOWLB-SUM-LG-MIAMI,1
POS-DIS-SM-FULL-TOWLB-STOCKED-SS25,TOWLB-SUM-XL-COLAGN,2
POS-DIS-SM-FULL-TOWLB-STOCKED-SS25,TOWLB-SUM-XL-CSTCANDY,2
POS-DIS-SM-FULL-TOWLB-STOCKED-SS25,TOWLB-SUM-XL-MIAMI,2
POS-DIS-SM-FULL-TOWLB-STOCKED-SS25-US,POS-DIS-SM-FULL-TOWLB-EN-24,1
POS-DIS-SM-FULL-TOWLB-STOCKED-SS25-US,TOWLB-CAB-LG-BLUE-R,2
POS-DIS-SM-FULL-TOWLB-STOCKED-SS25-US,TOWLB-CAB-LG-LTBLU-R,1
POS-DIS-SM-FULL-TOWLB-STOCKED-SS25-US,TOWLB-CAB-LG-NAVY-R,2
POS-DIS-SM-FULL-TOWLB-STOCKED-SS25-US,TOWLB-CAB-LG-PINK-R,1
POS-DIS-SM-FULL-TOWLB-STOCKED-SS25-US,TOWLB-CAB-XL-BLUE-R,2
POS-DIS-SM-FULL-TOWLB-STOCKED-SS25-US,TOWLB-CAB-XL-LTBLU-R,1
POS-DIS-SM-FULL-TOWLB-STOCKED-SS25-US,TOWLB-CAB-XL-NAVY-R,2
POS-DIS-SM-FULL-TOWLB-STOCKED-SS25-US,TOWLB-CAB-XL-PINK-R,1
POS-DIS-SM-FULL-TOWLB-STOCKED-SS25-US,TOWLB-DES-LG-ALOHGLW,1
POS-DIS-SM-FULL-TOWLB-STOCKED-SS25-US,TOWLB-DES-LG-CHECKMT,1
POS-DIS-SM-FULL-TOWLB-STOCKED-SS25-US,TOWLB-DES-LG-TROPTRT,1
POS-DIS-SM-FULL-TOWLB-STOCKED-SS25-US,TOWLB-DES-LG-VITSEA,1
POS-DIS-SM-FULL-TOWLB-STOCKED-SS25-US,TOWLB-DES-XL-ALOHGLW,1
POS-DIS-SM-FULL-TOWLB-STOCKED-SS25-US,TOWLB-DES-XL-CHECKMT,1
POS-DIS-SM-FULL-TOWLB-STOCKED-SS25-US,TOWLB-DES-XL-TROPTRT,1
POS-DIS-SM-FULL-TOWLB-STOCKED-SS25-US,TOWLB-DES-XL-VITSEA,1
POS-DIS-SM-FULL-TOWLB-STOCKED-SS25-US,TOWLB-SUM-LG-COLAGN,1
POS-DIS-SM-FULL-TOWLB-STOCKED-SS25-US,TOWLB-SUM-LG-CSTCANDY,2
POS-DIS-SM-FULL-TOWLB-STOCKED-SS25-US,TOWLB-SUM-LG-MIAMI,1
POS-DIS-SM-FULL-TOWLB-STOCKED-SS25-US,TOWLB-SUM-XL-COLAGN,2
POS-DIS-SM-FULL-TOWLB-STOCKED-SS25-US,TOWLB-SUM-XL-CSTCANDY,2
POS-DIS-SM-FULL-TOWLB-STOCKED-SS25-US,TOWLB-SUM-XL-MIAMI,2
POS-DIS-SM-FULL-TOWLB-STOCKED-SS26,POS-DIS-SM-FULL-TOWLB-EN-24,1
POS-DIS-SM-FULL-TOWLB-STOCKED-SS26,TOWLB-CAB-LG-BLUE-R,1
POS-DIS-SM-FULL-TOWLB-STOCKED-SS26,TOWLB-CAB-LG-NAVY-R,2
POS-DIS-SM-FULL-TOWLB-STOCKED-SS26,TOWLB-CAB-LG-ORANG-R,1
POS-DIS-SM-FULL-TOWLB-STOCKED-SS26,TOWLB-CAB-LG-PINK-R,2
POS-DIS-SM-FULL-TOWLB-STOCKED-SS26,TOWLB-CAB-XL-BLUE-R,1
POS-DIS-SM-FULL-TOWLB-STOCKED-SS26,TOWLB-CAB-XL-NAVY-R,2
POS-DIS-SM-FULL-TOWLB-STOCKED-SS26,TOWLB-CAB-XL-ORANG-R,1
POS-DIS-SM-FULL-TOWLB-STOCKED-SS26,TOWLB-CAB-XL-PINK-R,2
POS-DIS-SM-FULL-TOWLB-STOCKED-SS26,TOWLB-DES-LG-OCETRES,1
POS-DIS-SM-FULL-TOWLB-STOCKED-SS26,TOWLB-DES-LG-PNKPARA,1
POS-DIS-SM-FULL-TOWLB-STOCKED-SS26,TOWLB-DES-LG-SWTESC,1
POS-DIS-SM-FULL-TOWLB-STOCKED-SS26,TOWLB-DES-LG-TANTIDE,1
POS-DIS-SM-FULL-TOWLB-STOCKED-SS26,TOWLB-DES-XL-OCETRES,1
POS-DIS-SM-FULL-TOWLB-STOCKED-SS26,TOWLB-DES-XL-PNKPARA,1
POS-DIS-SM-FULL-TOWLB-STOCKED-SS26,TOWLB-DES-XL-SWTESC,1
POS-DIS-SM-FULL-TOWLB-STOCKED-SS26,TOWLB-DES-XL-TANTIDE,1
POS-DIS-SM-FULL-TOWLB-STOCKED-SS26,TOWLB-SUM-LG-COLAGN,1
POS-DIS-SM-FULL-TOWLB-STOCKED-SS26,TOWLB-SUM-LG-MIAMI,1
POS-DIS-SM-FULL-TOWLB-STOCKED-SS26,TOWLB-SUM-LG-OCEAN,1
POS-DIS-SM-FULL-TOWLB-STOCKED-SS26,TOWLB-SUM-LG-TUTFRU,1
POS-DIS-SM-FULL-TOWLB-STOCKED-SS26,TOWLB-SUM-XL-COLAGN,2
POS-DIS-SM-FULL-TOWLB-STOCKED-SS26,TOWLB-SUM-XL-MIAMI,2
POS-DIS-SM-FULL-TOWLB-STOCKED-SS26,TOWLB-SUM-XL-OCEAN,2
POS-DIS-SM-FULL-TOWLB-STOCKED-SS26,TOWLB-SUM-XL-TUTFRU,2
POS-STOCK-REFILL-LG-TOWLB,TOWLB-CAB-LG-BLUE-R,3
POS-STOCK-REFILL-LG-TOWLB,TOWLB-CAB-LG-GREEN-R,1
POS-STOCK-REFILL-LG-TOWLB,TOWLB-CAB-LG-LTBLU-R,3
POS-STOCK-REFILL-LG-TOWLB,TOWLB-CAB-LG-LTPNK-R,1
POS-STOCK-REFILL-LG-TOWLB,TOWLB-CAB-LG-LTPPL-R,2
POS-STOCK-REFILL-LG-TOWLB,TOWLB-CAB-LG-NAVY-R,3
POS-STOCK-REFILL-LG-TOWLB,TOWLB-CAB-LG-PINK-R,2
POS-STOCK-REFILL-LG-TOWLB,TOWLB-CAB-XL-BLUE-R,4
POS-STOCK-REFILL-LG-TOWLB,TOWLB-CAB-XL-GREEN-R,2
POS-STOCK-REFILL-LG-TOWLB,TOWLB-CAB-XL-LTBLU-R,3
POS-STOCK-REFILL-LG-TOWLB,TOWLB-CAB-XL-LTPNK-R,3
POS-STOCK-REFILL-LG-TOWLB,TOWLB-CAB-XL-NAVY-R,3
POS-STOCK-REFILL-LG-TOWLB,TOWLB-DES-LG-MARINDRM,2
POS-STOCK-REFILL-LG-TOWLB,TOWLB-DES-LG-TERATROP,2
POS-STOCK-REFILL-LG-TOWLB,TOWLB-DES-XL-MARINDRM,2
POS-STOCK-REFILL-LG-TOWLB,TOWLB-DES-XL-TERATROP,3
POS-STOCK-REFILL-LG-TOWLB,TOWLB-SGW-LG-GETWAV,2
POS-STOCK-REFILL-LG-TOWLB,TOWLB-SGW-XL-GETWAV,3
POS-STOCK-REFILL-LG-TOWLB,TOWLB-SUM-LG-ENDRVR,3
POS-STOCK-REFILL-LG-TOWLB,TOWLB-SUM-LG-PCHSUN,1
POS-STOCK-REFILL-LG-TOWLB,TOWLB-SUM-LG-SANDSEA,2
POS-STOCK-REFILL-LG-TOWLB,TOWLB-SUM-LG-UNICN-R,2
POS-STOCK-REFILL-LG-TOWLB,TOWLB-SUM-XL-ENDRVR,3
POS-STOCK-REFILL-LG-TOWLB,TOWLB-SUM-XL-PCHSUN,2
POS-STOCK-REFILL-LG-TOWLB,TOWLB-SUM-XL-SANDSEA,2
POS-STOCK-REFILL-LG-TOWLB,TOWLB-SUM-XL-UNICN-R,2
POS-STOCK-REFILL-LG-TOWLB-SS25,TOWLB-CAB-LG-BLUE-R,3
POS-STOCK-REFILL-LG-TOWLB-SS25,TOWLB-CAB-LG-GREEN-R,1
POS-STOCK-REFILL-LG-TOWLB-SS25,TOWLB-CAB-LG-LTBLU-R,2
POS-STOCK-REFILL-LG-TOWLB-SS25,TOWLB-CAB-LG-LTPPL-R,2
POS-STOCK-REFILL-LG-TOWLB-SS25,TOWLB-CAB-LG-NAVY-R,3
POS-STOCK-REFILL-LG-TOWLB-SS25,TOWLB-CAB-LG-ORANG-R,2
POS-STOCK-REFILL-LG-TOWLB-SS25,TOWLB-CAB-LG-PINK-R,2
POS-STOCK-REFILL-LG-TOWLB-SS25,TOWLB-CAB-XL-BLUE-R,4
POS-STOCK-REFILL-LG-TOWLB-SS25,TOWLB-CAB-XL-GREEN-R,2
POS-STOCK-REFILL-LG-TOWLB-SS25,TOWLB-CAB-XL-LTBLU-R,2
POS-STOCK-REFILL-LG-TOWLB-SS25,TOWLB-CAB-XL-LTPPL-R,1
POS-STOCK-REFILL-LG-TOWLB-SS25,TOWLB-CAB-XL-NAVY-R,3
POS-STOCK-REFILL-LG-TOWLB-SS25,TOWLB-CAB-XL-PINK-R,3
POS-STOCK-REFILL-LG-TOWLB-SS25,TOWLB-DES-LG-BLUSPRIT,1
POS-STOCK-REFILL-LG-TOWLB-SS25,TOWLB-DES-LG-CHECKMT,2
POS-STOCK-REFILL-LG-TOWLB-SS25,TOWLB-DES-LG-GRECSHR,1
POS-STOCK-REFILL-LG-TOWLB-SS25,TOWLB-DES-LG-LEMWAV,1
POS-STOCK-REFILL-LG-TOWLB-SS25,TOWLB-DES-LG-TROPTRT,1
POS-STOCK-REFILL-LG-TOWLB-SS25,TOWLB-DES-LG-VITSEA,2
POS-STOCK-REFILL-LG-TOWLB-SS25,TOWLB-DES-XL-BLUSPRIT,1
POS-STOCK-REFILL-LG-TOWLB-SS25,TOWLB-DES-XL-CHECKMT,2
POS-STOCK-REFILL-LG-TOWLB-SS25,TOWLB-DES-XL-GRECSHR,2
POS-STOCK-REFILL-LG-TOWLB-SS25,TOWLB-DES-XL-LEMWAV,1
POS-STOCK-REFILL-LG-TOWLB-SS25,TOWLB-DES-XL-TROPTRT,2
POS-STOCK-REFILL-LG-TOWLB-SS25,TOWLB-DES-XL-VITSEA,2
POS-STOCK-REFILL-LG-TOWLB-SS25,TOWLB-SUM-LG-COLAGN,3
POS-STOCK-REFILL-LG-TOWLB-SS25,TOWLB-SUM-LG-CSTCANDY,2
POS-STOCK-REFILL-LG-TOWLB-SS25,TOWLB-SUM-LG-MIAMI,1
POS-STOCK-REFILL-LG-TOWLB-SS25,TOWLB-SUM-XL-COLAGN,3
POS-STOCK-REFILL-LG-TOWLB-SS25,TOWLB-SUM-XL-CSTCANDY,2
POS-STOCK-REFILL-LG-TOWLB-SS25,TOWLB-SUM-XL-MIAMI,2
POS-STOCK-REFILL-LG-TOWLB-SS25-US,TOWLB-CAB-LG-BLUE-R,3
POS-STOCK-REFILL-LG-TOWLB-SS25-US,TOWLB-CAB-LG-GREEN-R,1
POS-STOCK-REFILL-LG-TOWLB-SS25-US,TOWLB-CAB-LG-LTBLU-R,2
POS-STOCK-REFILL-LG-TOWLB-SS25-US,TOWLB-CAB-LG-LTPPL-R,2
POS-STOCK-REFILL-LG-TOWLB-SS25-US,TOWLB-CAB-LG-NAVY-R,3
POS-STOCK-REFILL-LG-TOWLB-SS25-US,TOWLB-CAB-LG-ORANG-R,2
POS-STOCK-REFILL-LG-TOWLB-SS25-US,TOWLB-CAB-LG-PINK-R,2
POS-STOCK-REFILL-LG-TOWLB-SS25-US,TOWLB-CAB-XL-BLUE-R,4
POS-STOCK-REFILL-LG-TOWLB-SS25-US,TOWLB-CAB-XL-GREEN-R,2
POS-STOCK-REFILL-LG-TOWLB-SS25-US,TOWLB-CAB-XL-LTBLU-R,2
POS-STOCK-REFILL-LG-TOWLB-SS25-US,TOWLB-CAB-XL-LTPPL-R,1
POS-STOCK-REFILL-LG-TOWLB-SS25-US,TOWLB-CAB-XL-NAVY-R,3
POS-STOCK-REFILL-LG-TOWLB-SS25-US,TOWLB-CAB-XL-PINK-R,3
POS-STOCK-REFILL-LG-TOWLB-SS25-US,TOWLB-DES-LG-ALOHGLW,1
POS-STOCK-REFILL-LG-TOWLB-SS25-US,TOWLB-DES-LG-CHECKMT,1
POS-STOCK-REFILL-LG-TOWLB-SS25-US,TOWLB-DES-LG-GROOVCH,1
POS-STOCK-REFILL-LG-TOWLB-SS25-US,TOWLB-DES-LG-TROPTRT,1
POS-STOCK-REFILL-LG-TOWLB-SS25-US,TOWLB-DES-LG-VITSEA,2
POS-STOCK-REFILL-LG-TOWLB-SS25-US,TOWLB-DES-XL-ALOHGLW,2
POS-STOCK-REFILL-LG-TOWLB-SS25-US,TOWLB-DES-XL-CHECKMT,1
POS-STOCK-REFILL-LG-TOWLB-SS25-US,TOWLB-DES-XL-GROOVCH,1
POS-STOCK-REFILL-LG-TOWLB-SS25-US,TOWLB-DES-XL-TROPTRT,2
POS-STOCK-REFILL-LG-TOWLB-SS25-US,TOWLB-DES-XL-VITSEA,2
POS-STOCK-REFILL-LG-TOWLB-SS25-US,TOWLB-SUM-LG-COLAGN,3
POS-STOCK-REFILL-LG-TOWLB-SS25-US,TOWLB-SUM-LG-CSTCANDY,2
POS-STOCK-REFILL-LG-TOWLB-SS25-US,TOWLB-SUM-LG-MIAMI,1
POS-STOCK-REFILL-LG-TOWLB-SS25-US,TOWLB-SUM-LG-SANDSEA,2
POS-STOCK-REFILL-LG-TOWLB-SS25-US,TOWLB-SUM-XL-COLAGN,3
POS-STOCK-REFILL-LG-TOWLB-SS25-US,TOWLB-SUM-XL-CSTCANDY,2
POS-STOCK-REFILL-LG-TOWLB-SS25-US,TOWLB-SUM-XL-MIAMI,2
POS-STOCK-REFILL-LG-TOWLB-SS25-US,TOWLB-SUM-XL-SANDSEA,2
POS-STOCK-REFILL-LG-TOWLB-SS26,TOWLB-CAB-LG-BLUE-R,3
POS-STOCK-REFILL-LG-TOWLB-SS26,TOWLB-CAB-LG-GREEN-R,1
POS-STOCK-REFILL-LG-TOWLB-SS26,TOWLB-CAB-LG-LTBLU-R,2
POS-STOCK-REFILL-LG-TOWLB-SS26,TOWLB-CAB-LG-LTPPL-R,2
POS-STOCK-REFILL-LG-TOWLB-SS26,TOWLB-CAB-LG-NAVY-R,3
POS-STOCK-REFILL-LG-TOWLB-SS26,TOWLB-CAB-LG-ORANG-R,2
POS-STOCK-REFILL-LG-TOWLB-SS26,TOWLB-CAB-LG-PINK-R,2
POS-STOCK-REFILL-LG-TOWLB-SS26,TOWLB-CAB-XL-BLUE-R,4
POS-STOCK-REFILL-LG-TOWLB-SS26,TOWLB-CAB-XL-GREEN-R,2
POS-STOCK-REFILL-LG-TOWLB-SS26,TOWLB-CAB-XL-LTBLU-R,2
POS-STOCK-REFILL-LG-TOWLB-SS26,TOWLB-CAB-XL-LTPPL-R,1
POS-STOCK-REFILL-LG-TOWLB-SS26,TOWLB-CAB-XL-NAVY-R,3
POS-STOCK-REFILL-LG-TOWLB-SS26,TOWLB-CAB-XL-PINK-R,3
POS-STOCK-REFILL-LG-TOWLB-SS26,TOWLB-DES-LG-OCETRES,1
POS-STOCK-REFILL-LG-TOWLB-SS26,TOWLB-DES-LG-PNKPARA,1
POS-STOCK-REFILL-LG-TOWLB-SS26,TOWLB-DES-LG-SWTESC,1
POS-STOCK-REFILL-LG-TOWLB-SS26,TOWLB-DES-LG-TANTIDE,2
POS-STOCK-REFILL-LG-TOWLB-SS26,TOWLB-DES-XL-OCETRES,1
POS-STOCK-REFILL-LG-TOWLB-SS26,TOWLB-DES-XL-PNKPARA,2
POS-STOCK-REFILL-LG-TOWLB-SS26,TOWLB-DES-XL-SWTESC,2
POS-STOCK-REFILL-LG-TOWLB-SS26,TOWLB-DES-XL-TANTIDE,2
POS-STOCK-REFILL-LG-TOWLB-SS26,TOWLB-SUM-LG-COLAGN,2
POS-STOCK-REFILL-LG-TOWLB-SS26,TOWLB-SUM-LG-CSTCANDY,1
POS-STOCK-REFILL-LG-TOWLB-SS26,TOWLB-SUM-LG-MIAMI,3
POS-STOCK-REFILL-LG-TOWLB-SS26,TOWLB-SUM-LG-OCEAN,1
POS-STOCK-REFILL-LG-TOWLB-SS26,TOWLB-SUM-LG-TUTFRU,2
POS-STOCK-REFILL-LG-TOWLB-SS26,TOWLB-SUM-XL-COLAGN,2
POS-STOCK-REFILL-LG-TOWLB-SS26,TOWLB-SUM-XL-CSTCANDY,1
POS-STOCK-REFILL-LG-TOWLB-SS26,TOWLB-SUM-XL-MIAMI,3
POS-STOCK-REFILL-LG-TOWLB-SS26,TOWLB-SUM-XL-OCEAN,2
POS-STOCK-REFILL-LG-TOWLB-SS26,TOWLB-SUM-XL-TUTFRU,2
POS-STOCK-REFILL-PREM-1SIDE,BAGF-CAB-MD-LTPNK,4
POS-STOCK-REFILL-PREM-1SIDE,BAGF-CAB-MD-NAVY,5
POS-STOCK-REFILL-PREM-1SIDE,BAGF-MD-MARINDRM,3
POS-STOCK-REFILL-PREM-1SIDE,BAGF-SUM-MD-UNICN,4
POS-STOCK-REFILL-PREM-1SIDE,HAIRW-CAB-LTPNK-R,5
POS-STOCK-REFILL-PREM-1SIDE,HAIRW-CAB-NAVY,6
POS-STOCK-REFILL-PREM-1SIDE,HAIRW-CBH-NAVY,3
POS-STOCK-REFILL-PREM-1SIDE,HAIRW-CBH-PINK,3
POS-STOCK-REFILL-PREM-1SIDE,PICNIC-CAB-LG-NAVY,1
POS-STOCK-REFILL-PREM-1SIDE,PICNIC-CAB-XL-NAVY,1
POS-STOCK-REFILL-PREM-1SIDE,PICNIC-GIN-LG-PINK,1
POS-STOCK-REFILL-PREM-1SIDE,PICNIC-GIN-XL-PINK,1
POS-STOCK-REFILL-PREM-1SIDE,PICNIC-SUM-LG-SANDSEA,2
POS-STOCK-REFILL-PREM-1SIDE,PICNIC-SUM-LG-UNICN,1
POS-STOCK-REFILL-PREM-1SIDE,PICNIC-SUM-XL-SANDSEA,2
POS-STOCK-REFILL-PREM-1SIDE,PICNIC-SUM-XL-UNICN,1
POS-STOCK-REFILL-PREM-1SIDE,TOWLB-CAB-LG-BLUE-R,2
POS-STOCK-REFILL-PREM-1SIDE,TOWLB-CAB-LG-GREEN-R,2
POS-STOCK-REFILL-PREM-1SIDE,TOWLB-CAB-LG-LTBLU-R,2
POS-STOCK-REFILL-PREM-1SIDE,TOWLB-CAB-LG-LTPNK-R,2
POS-STOCK-REFILL-PREM-1SIDE,TOWLB-CAB-LG-LTPPL-R,1
POS-STOCK-REFILL-PREM-1SIDE,TOWLB-CAB-LG-NAVY-R,3
POS-STOCK-REFILL-PREM-1SIDE,TOWLB-CAB-LG-PINK-R,1
POS-STOCK-REFILL-PREM-1SIDE,TOWLB-CAB-XL-BLUE-R,2
POS-STOCK-REFILL-PREM-1SIDE,TOWLB-CAB-XL-GREEN-R,2
POS-STOCK-REFILL-PREM-1SIDE,TOWLB-CAB-XL-LTBLU-R,2
POS-STOCK-REFILL-PREM-1SIDE,TOWLB-CAB-XL-LTPNK-R,2
POS-STOCK-REFILL-PREM-1SIDE,TOWLB-CAB-XL-NAVY-R,4
POS-STOCK-REFILL-PREM-1SIDE,TOWLB-SUM-LG-ENDRVR,3
POS-STOCK-REFILL-PREM-1SIDE,TOWLB-SUM-LG-PCHSUN,2
POS-STOCK-REFILL-PREM-1SIDE,TOWLB-SUM-LG-SANDSEA,2
POS-STOCK-REFILL-PREM-1SIDE,TOWLB-SUM-LG-UNICN-R,2
POS-STOCK-REFILL-PREM-1SIDE,TOWLB-SUM-XL-ENDRVR,2
POS-STOCK-REFILL-PREM-1SIDE,TOWLB-SUM-XL-PCHSUN,2
POS-STOCK-REFILL-PREM-1SIDE,TOWLB-SUM-XL-SANDSEA,2
POS-STOCK-REFILL-PREM-1SIDE,TOWLB-SUM-XL-UNICN-R,2
POS-STOCK-REFILL-PREM-1SIDE-SS25,BAGF-CAB-MD-NAVY,5
POS-STOCK-REFILL-PREM-1SIDE-SS25,BAGF-DES-MD-CHECKMT,2
POS-STOCK-REFILL-PREM-1SIDE-SS25,BAGF-DES-MD-GROOVCH,2
POS-STOCK-REFILL-PREM-1SIDE-SS25,BAGF-DES-MD-STRIPLIFE,3
POS-STOCK-REFILL-PREM-1SIDE-SS25,BAGF-SUM-MD-CSTCANDY,4
POS-STOCK-REFILL-PREM-1SIDE-SS25,HAIRW-CAB-NAVY,6
POS-STOCK-REFILL-PREM-1SIDE-SS25,HAIRW-CBH-NAVY,2
POS-STOCK-REFILL-PREM-1SIDE-SS25,HAIRW-CBH-PINK,2
POS-STOCK-REFILL-PREM-1SIDE-SS25,HAIRW-SUE-MIAMI,5
POS-STOCK-REFILL-PREM-1SIDE-SS25,HAIRW-WAF-DRMCTCH,2
POS-STOCK-REFILL-PREM-1SIDE-SS25,PICNIC-CAB-LG-NAVY,1
POS-STOCK-REFILL-PREM-1SIDE-SS25,PICNIC-CAB-XL-NAVY,1
POS-STOCK-REFILL-PREM-1SIDE-SS25,PICNIC-DES-LG-CANDSTR,1
POS-STOCK-REFILL-PREM-1SIDE-SS25,PICNIC-DES-LG-MARGMAD,1
POS-STOCK-REFILL-PREM-1SIDE-SS25,PICNIC-DES-LG-STRIPLIFE,1
POS-STOCK-REFILL-PREM-1SIDE-SS25,PICNIC-DES-XL-CANDSTR,1
POS-STOCK-REFILL-PREM-1SIDE-SS25,PICNIC-DES-XL-MARGMAD,1
POS-STOCK-REFILL-PREM-1SIDE-SS25,PICNIC-DES-XL-STRIPLIFE,1
POS-STOCK-REFILL-PREM-1SIDE-SS25,PICNIC-SUM-LG-SANDSEA,1
POS-STOCK-REFILL-PREM-1SIDE-SS25,PICNIC-SUM-XL-SANDSEA,1
POS-STOCK-REFILL-PREM-1SIDE-SS25,TOWLB-CAB-LG-BLUE-R,2
POS-STOCK-REFILL-PREM-1SIDE-SS25,TOWLB-CAB-LG-LTBLU-R,2
POS-STOCK-REFILL-PREM-1SIDE-SS25,TOWLB-CAB-LG-NAVY-R,3
POS-STOCK-REFILL-PREM-1SIDE-SS25,TOWLB-CAB-LG-ORANG-R,2
POS-STOCK-REFILL-PREM-1SIDE-SS25,TOWLB-CAB-LG-PINK-R,2
POS-STOCK-REFILL-PREM-1SIDE-SS25,TOWLB-CAB-XL-BLUE-R,2
POS-STOCK-REFILL-PREM-1SIDE-SS25,TOWLB-CAB-XL-LTBLU-R,2
POS-STOCK-REFILL-PREM-1SIDE-SS25,TOWLB-CAB-XL-NAVY-R,4
POS-STOCK-REFILL-PREM-1SIDE-SS25,TOWLB-CAB-XL-ORANG-R,2
POS-STOCK-REFILL-PREM-1SIDE-SS25,TOWLB-CAB-XL-PINK-R,2
POS-STOCK-REFILL-PREM-1SIDE-SS25,TOWLB-SUM-LG-COLAGN,1
POS-STOCK-REFILL-PREM-1SIDE-SS25,TOWLB-SUM-LG-CSTCANDY,2
POS-STOCK-REFILL-PREM-1SIDE-SS25,TOWLB-SUM-LG-MIAMI,1
POS-STOCK-REFILL-PREM-1SIDE-SS25,TOWLB-SUM-LG-SANDSEA,1
POS-STOCK-REFILL-PREM-1SIDE-SS25,TOWLB-SUM-XL-COLAGN,2
POS-STOCK-REFILL-PREM-1SIDE-SS25,TOWLB-SUM-XL-CSTCANDY,2
POS-STOCK-REFILL-PREM-1SIDE-SS25,TOWLB-SUM-XL-MIAMI,2
POS-STOCK-REFILL-PREM-1SIDE-SS25,TOWLB-SUM-XL-SANDSEA,2
POS-STOCK-REFILL-PREM-2SIDE,BAGF-CAB-MD-LTPNK,6
POS-STOCK-REFILL-PREM-2SIDE,BAGF-CAB-MD-NAVY,7
POS-STOCK-REFILL-PREM-2SIDE,BAGF-MD-MARINDRM,6
POS-STOCK-REFILL-PREM-2SIDE,BAGF-SUM-MD-UNICN,6
POS-STOCK-REFILL-PREM-2SIDE,COOL-MAR-BLACK,2
POS-STOCK-REFILL-PREM-2SIDE,COOL-MAR-BLUE,2
POS-STOCK-REFILL-PREM-2SIDE,COOL-MAR-PINK,3
POS-STOCK-REFILL-PREM-2SIDE,HAIRW-CAB-LTPNK-NB,6
POS-STOCK-REFILL-PREM-2SIDE,HAIRW-CAB-NAVY-NB,7
POS-STOCK-REFILL-PREM-2SIDE,HAIRW-CBH-NAVY,4
POS-STOCK-REFILL-PREM-2SIDE,HAIRW-CBH-PINK,3
POS-STOCK-REFILL-PREM-2SIDE,PICNIC-CAB-LG-NAVY,2
POS-STOCK-REFILL-PREM-2SIDE,PICNIC-CAB-XL-NAVY,2
POS-STOCK-REFILL-PREM-2SIDE,PICNIC-GIN-LG-PINK,1
POS-STOCK-REFILL-PREM-2SIDE,PICNIC-GIN-XL-PINK,1
POS-STOCK-REFILL-PREM-2SIDE,PICNIC-SUM-LG-SANDSEA,2
POS-STOCK-REFILL-PREM-2SIDE,PICNIC-SUM-LG-UNICN,2
POS-STOCK-REFILL-PREM-2SIDE,PICNIC-SUM-XL-SANDSEA,2
POS-STOCK-REFILL-PREM-2SIDE,PICNIC-SUM-XL-UNICN,2
POS-STOCK-REFILL-PREM-2SIDE,TOWLB-CAB-LG-BLUE-R,3
POS-STOCK-REFILL-PREM-2SIDE,TOWLB-CAB-LG-GREEN-R,2
POS-STOCK-REFILL-PREM-2SIDE,TOWLB-CAB-LG-LTBLU-R,2
POS-STOCK-REFILL-PREM-2SIDE,TOWLB-CAB-LG-LTPNK-R,3
POS-STOCK-REFILL-PREM-2SIDE,TOWLB-CAB-LG-LTPPL-R,4
POS-STOCK-REFILL-PREM-2SIDE,TOWLB-CAB-LG-NAVY-R,4
POS-STOCK-REFILL-PREM-2SIDE,TOWLB-CAB-LG-PINK-R,2
POS-STOCK-REFILL-PREM-2SIDE,TOWLB-CAB-X2-LTPNK,2
POS-STOCK-REFILL-PREM-2SIDE,TOWLB-CAB-X2-NAVY,3
POS-STOCK-REFILL-PREM-2SIDE,TOWLB-CAB-XL-BLUE-R,3
POS-STOCK-REFILL-PREM-2SIDE,TOWLB-CAB-XL-GREEN-R,2
POS-STOCK-REFILL-PREM-2SIDE,TOWLB-CAB-XL-LTBLU-R,2
POS-STOCK-REFILL-PREM-2SIDE,TOWLB-CAB-XL-LTPNK-R,3
POS-STOCK-REFILL-PREM-2SIDE,TOWLB-CAB-XL-LTPPL-R,2
POS-STOCK-REFILL-PREM-2SIDE,TOWLB-CAB-XL-NAVY-R,4
POS-STOCK-REFILL-PREM-2SIDE,TOWLB-CAB-XL-PINK-R,2
POS-STOCK-REFILL-PREM-2SIDE,TOWLB-SUM-LG-DSKDWN,2
POS-STOCK-REFILL-PREM-2SIDE,TOWLB-SUM-LG-ENDRVR,4
POS-STOCK-REFILL-PREM-2SIDE,TOWLB-SUM-LG-PCHSUN,4
POS-STOCK-REFILL-PREM-2SIDE,TOWLB-SUM-LG-SANDSEA,4
POS-STOCK-REFILL-PREM-2SIDE,TOWLB-SUM-LG-UNICN-R,4
POS-STOCK-REFILL-PREM-2SIDE,TOWLB-SUM-XL-DSKDWN,2
POS-STOCK-REFILL-PREM-2SIDE,TOWLB-SUM-XL-ENDRVR,3
POS-STOCK-REFILL-PREM-2SIDE,TOWLB-SUM-XL-PCHSUN,3
POS-STOCK-REFILL-PREM-2SIDE,TOWLB-SUM-XL-SANDSEA,3
POS-STOCK-REFILL-PREM-2SIDE,TOWLB-SUM-XL-UNICN-R,3
POS-STOCK-REFILL-PREM-2SIDE-SS25,BAGF-CAB-MD-NAVY,7
POS-STOCK-REFILL-PREM-2SIDE-SS25,BAGF-DES-MD-CHECKMT,5
POS-STOCK-REFILL-PREM-2SIDE-SS25,BAGF-DES-MD-GROOVCH,5
POS-STOCK-REFILL-PREM-2SIDE-SS25,BAGF-DES-MD-STRIPLIFE,4
POS-STOCK-REFILL-PREM-2SIDE-SS25,BAGF-SUM-MD-CSTCANDY,6
POS-STOCK-REFILL-PREM-2SIDE-SS25,COOL-DES-MIDNMOV,3
POS-STOCK-REFILL-PREM-2SIDE-SS25,COOL-DES-SUNSRUN,4
POS-STOCK-REFILL-PREM-2SIDE-SS25,HAIRW-CAB-NAVY-NB,7
POS-STOCK-REFILL-PREM-2SIDE-SS25,HAIRW-CBH-NAVY,3
POS-STOCK-REFILL-PREM-2SIDE-SS25,HAIRW-CBH-PINK,4
POS-STOCK-REFILL-PREM-2SIDE-SS25,HAIRW-SUE-MIAMI,6
POS-STOCK-REFILL-PREM-2SIDE-SS25,HAIRW-WAF-DRMCTCH,2
POS-STOCK-REFILL-PREM-2SIDE-SS25,PICNIC-CAB-LG-NAVY,1
POS-STOCK-REFILL-PREM-2SIDE-SS25,PICNIC-CAB-XL-NAVY,1
POS-STOCK-REFILL-PREM-2SIDE-SS25,PICNIC-DES-LG-CANDSTR,2
POS-STOCK-REFILL-PREM-2SIDE-SS25,PICNIC-DES-LG-MARGMAD,2
POS-STOCK-REFILL-PREM-2SIDE-SS25,PICNIC-DES-LG-STRIPLIFE,1
POS-STOCK-REFILL-PREM-2SIDE-SS25,PICNIC-DES-XL-CANDSTR,2
POS-STOCK-REFILL-PREM-2SIDE-SS25,PICNIC-DES-XL-MARGMAD,1
POS-STOCK-REFILL-PREM-2SIDE-SS25,PICNIC-DES-XL-STRIPLIFE,1
POS-STOCK-REFILL-PREM-2SIDE-SS25,PICNIC-SUM-LG-SANDSEA,1
POS-STOCK-REFILL-PREM-2SIDE-SS25,PICNIC-SUM-XL-SANDSEA,2
POS-STOCK-REFILL-PREM-2SIDE-SS25,TOWLB-CAB-LG-BLUE-R,4
POS-STOCK-REFILL-PREM-2SIDE-SS25,TOWLB-CAB-LG-LTBLU-R,3
POS-STOCK-REFILL-PREM-2SIDE-SS25,TOWLB-CAB-LG-NAVY-R,5
POS-STOCK-REFILL-PREM-2SIDE-SS25,TOWLB-CAB-LG-ORANG-R,3
POS-STOCK-REFILL-PREM-2SIDE-SS25,TOWLB-CAB-LG-PINK-R,3
POS-STOCK-REFILL-PREM-2SIDE-SS25,TOWLB-CAB-X2-LTPNK,2
POS-STOCK-REFILL-PREM-2SIDE-SS25,TOWLB-CAB-X2-NAVY,3
POS-STOCK-REFILL-PREM-2SIDE-SS25,TOWLB-CAB-XL-BLUE-R,4
POS-STOCK-REFILL-PREM-2SIDE-SS25,TOWLB-CAB-XL-LTBLU-R,3
POS-STOCK-REFILL-PREM-2SIDE-SS25,TOWLB-CAB-XL-NAVY-R,5
POS-STOCK-REFILL-PREM-2SIDE-SS25,TOWLB-CAB-XL-ORANG-R,3
POS-STOCK-REFILL-PREM-2SIDE-SS25,TOWLB-CAB-XL-PINK-R,3
POS-STOCK-REFILL-PREM-2SIDE-SS25,TOWLB-SUM-LG-COLAGN,2
POS-STOCK-REFILL-PREM-2SIDE-SS25,TOWLB-SUM-LG-CSTCANDY,4
POS-STOCK-REFILL-PREM-2SIDE-SS25,TOWLB-SUM-LG-MIAMI,2
POS-STOCK-REFILL-PREM-2SIDE-SS25,TOWLB-SUM-LG-SANDSEA,2
POS-STOCK-REFILL-PREM-2SIDE-SS25,TOWLB-SUM-XL-COLAGN,3
POS-STOCK-REFILL-PREM-2SIDE-SS25,TOWLB-SUM-XL-CSTCANDY,4
POS-STOCK-REFILL-PREM-2SIDE-SS25,TOWLB-SUM-XL-MIAMI,4
POS-STOCK-REFILL-PREM-2SIDE-SS25,TOWLB-SUM-XL-SANDSEA,3
POS-STOCK-REFILL-SM-BAGF,BAGF-CAB-MD-LTPNK,5
POS-STOCK-REFILL-SM-BAGF,BAGF-CAB-MD-NAVY,8
POS-STOCK-REFILL-SM-BAGF,BAGF-MD-MARINDRM,4
POS-STOCK-REFILL-SM-BAGF,BAGF-MD-TERATROP,5
POS-STOCK-REFILL-SM-BAGF,BAGF-SGW-MD-GETWAV,8
POS-STOCK-REFILL-SM-BAGF,BAGF-SUM-MD-UNICN,5
POS-STOCK-REFILL-SM-BAGF-SS25,BAGF-CAB-MD-LTPNK,4
POS-STOCK-REFILL-SM-BAGF-SS25,BAGF-CAB-MD-NAVY,6
POS-STOCK-REFILL-SM-BAGF-SS25,BAGF-DES-MD-BANARAM,3
POS-STOCK-REFILL-SM-BAGF-SS25,BAGF-DES-MD-CHECKMT,4
POS-STOCK-REFILL-SM-BAGF-SS25,BAGF-DES-MD-GROOVCH,5
POS-STOCK-REFILL-SM-BAGF-SS25,BAGF-DES-MD-STRIPLIFE,3
POS-STOCK-REFILL-SM-BAGF-SS25,BAGF-SUM-MD-CSTCANDY,6
POS-STOCK-REFILL-SM-BAGF-SS25,BAGF-SUM-MD-UNICN,4
POS-STOCK-REFILL-SM-BAGF-SS26,BAGF-CAB-MD-LTPNK,4
POS-STOCK-REFILL-SM-BAGF-SS26,BAGF-CAB-MD-NAVY,6
POS-STOCK-REFILL-SM-BAGF-SS26,BAGF-DES-MD-IBZAGLW,3
POS-STOCK-REFILL-SM-BAGF-SS26,BAGF-DES-MD-STRIPLIFE,4
POS-STOCK-REFILL-SM-BAGF-SS26,BAGF-DES-MD-WAVYBBY,3
POS-STOCK-REFILL-SM-BAGF-SS26,BAGF-SUM-MD-COLAGN,6
POS-STOCK-REFILL-SM-BAGF-SS26,BAGF-SUM-MD-CSTCANDY,5
POS-STOCK-REFILL-SM-BAGF-SS26,BAGF-SUM-MD-MIAMI,4
POS-STOCK-REFILL-SM-COOL,COOL-CAB-LTGRY-R,4
POS-STOCK-REFILL-SM-COOL,COOL-CAB-LTPNK-R,5
POS-STOCK-REFILL-SM-COOL,COOL-CAB-NAVY-R,8
POS-STOCK-REFILL-SM-COOL,COOL-MAR-BLACK,4
POS-STOCK-REFILL-SM-COOL,COOL-MAR-BLUE,6
POS-STOCK-REFILL-SM-COOL,COOL-MAR-PINK,5
POS-STOCK-REFILL-SM-COOL-SS25,COOL-CAB-LTGRY-R,6
POS-STOCK-REFILL-SM-COOL-SS25,COOL-CAB-LTPNK-R,6
POS-STOCK-REFILL-SM-COOL-SS25,COOL-CAB-NAVY-R,8
POS-STOCK-REFILL-SM-COOL-SS25,COOL-DES-MIDNMOV,5
POS-STOCK-REFILL-SM-COOL-SS25,COOL-DES-SUNSRUN,5
POS-STOCK-REFILL-SM-DOGTWL,DOGTWL-CAB-LG-RAINB,2
POS-STOCK-REFILL-SM-DOGTWL,DOGTWL-CAB-MD-RAINB,2
POS-STOCK-REFILL-SM-DOGTWL,DOGTWL-DES-LG-FACES,4
POS-STOCK-REFILL-SM-DOGTWL,DOGTWL-DES-MD-FACES,2
POS-STOCK-REFILL-SM-DOGTWL,DOGTWL-LG-BARKBLU,3
POS-STOCK-REFILL-SM-DOGTWL,DOGTWL-LG-PAWPPL,3
POS-STOCK-REFILL-SM-DOGTWL,DOGTWL-LG-WALK,3
POS-STOCK-REFILL-SM-DOGTWL,DOGTWL-LG-WOOFWILD,3
POS-STOCK-REFILL-SM-DOGTWL,DOGTWL-MD-BARKBLU,2
POS-STOCK-REFILL-SM-DOGTWL,DOGTWL-MD-PAWPPL,2
POS-STOCK-REFILL-SM-DOGTWL,DOGTWL-MD-WALK,2
POS-STOCK-REFILL-SM-DOGTWL,DOGTWL-MD-WOOFWILD,2
POS-STOCK-REFILL-SM-DOGTWL-AW24,DOGTWL-LG-K9CAMO,4
POS-STOCK-REFILL-SM-DOGTWL-AW24,DOGTWL-LG-PUPLAID,3
POS-STOCK-REFILL-SM-DOGTWL-AW24,DOGTWL-LG-RHUBARK,4
POS-STOCK-REFILL-SM-DOGTWL-AW24,DOGTWL-LG-SUNSPL,3
POS-STOCK-REFILL-SM-DOGTWL-AW24,DOGTWL-LG-WHERWOOF,4
POS-STOCK-REFILL-SM-DOGTWL-AW24,DOGTWL-MD-K9CAMO,3
POS-STOCK-REFILL-SM-DOGTWL-AW24,DOGTWL-MD-PUPLAID,2
POS-STOCK-REFILL-SM-DOGTWL-AW24,DOGTWL-MD-RHUBARK,2
POS-STOCK-REFILL-SM-DOGTWL-AW24,DOGTWL-MD-SUNSPL,2
POS-STOCK-REFILL-SM-DOGTWL-AW24,DOGTWL-MD-WHERWOOF,3
POS-STOCK-REFILL-SM-DOGTWL-AW25,DOGTWL-DES-LG-CHKMTT,4
POS-STOCK-REFILL-SM-DOGTWL-AW25,DOGTWL-DES-LG-DNBCLUB,2
POS-STOCK-REFILL-SM-DOGTWL-AW25,DOGTWL-DES-LG-DOGDIN,3
POS-STOCK-REFILL-SM-DOGTWL-AW25,DOGTWL-DES-LG-GOLONG,4
POS-STOCK-REFILL-SM-DOGTWL-AW25,DOGTWL-DES-LG-PNKPAWS,3
POS-STOCK-REFILL-SM-DOGTWL-AW25,DOGTWL-DES-LG-UNDWLK,2
POS-STOCK-REFILL-SM-DOGTWL-AW25,DOGTWL-DES-MD-CHKMTT,2
POS-STOCK-REFILL-SM-DOGTWL-AW25,DOGTWL-DES-MD-DNBCLUB,2
POS-STOCK-REFILL-SM-DOGTWL-AW25,DOGTWL-DES-MD-DOGDIN,2
POS-STOCK-REFILL-SM-DOGTWL-AW25,DOGTWL-DES-MD-GOLONG,2
POS-STOCK-REFILL-SM-DOGTWL-AW25,DOGTWL-DES-MD-PNKPAWS,2
POS-STOCK-REFILL-SM-DOGTWL-AW25,DOGTWL-DES-MD-UNDWLK,2
POS-STOCK-REFILL-SM-HAIRW,HAIRW-CAB-LTBLU-R,6
POS-STOCK-REFILL-SM-HAIRW,HAIRW-CAB-LTGRY-R,2
POS-STOCK-REFILL-SM-HAIRW,HAIRW-CAB-LTPINK-R,8
POS-STOCK-REFILL-SM-HAIRW,HAIRW-CAB-LTPPL-R,4
POS-STOCK-REFILL-SM-HAIRW,HAIRW-CAB-NAVY,6
POS-STOCK-REFILL-SM-HAIRW,HAIRW-SUE-MIDMONO,4
POS-STOCK-REFILL-SM-HAIRW,HAIRW-SUE-RAINFLOOR,4
POS-STOCK-REFILL-SM-HAIRW,HAIRW-SUE-SEAFOAM,3
POS-STOCK-REFILL-SM-HAIRW,HAIRW-SUM-UNICN,6
POS-STOCK-REFILL-SM-HAIRW-AW24,HAIRW-CAB-LTBLU-NB,4
POS-STOCK-REFILL-SM-HAIRW-AW24,HAIRW-CAB-LTPNK-NB,5
POS-STOCK-REFILL-SM-HAIRW-AW24,HAIRW-CAB-LTPPL-NB,4
POS-STOCK-REFILL-SM-HAIRW-AW24,HAIRW-CAB-NAVY-NB,3
POS-STOCK-REFILL-SM-HAIRW-AW24,HAIRW-SUE-GPCH,2
POS-STOCK-REFILL-SM-HAIRW-AW24,HAIRW-SUE-MIAMI,4
POS-STOCK-REFILL-SM-HAIRW-AW24,HAIRW-SUM-UNICN-NB,3
POS-STOCK-REFILL-SM-HAIRW-AW25,HAIRW-CAB-LTPNK-NB,3
POS-STOCK-REFILL-SM-HAIRW-AW25,HAIRW-CAB-LTPPL-NB,2
POS-STOCK-REFILL-SM-HAIRW-AW25,HAIRW-CAB-NAVY-NB,2
POS-STOCK-REFILL-SM-HAIRW-AW25,HAIRW-SUE-IBZAGLW,2
POS-STOCK-REFILL-SM-HAIRW-AW25,HAIRW-SUE-MIAMI,3
POS-STOCK-REFILL-SM-HAIRW-AW25,HAIRW-SUE-PNKPARA,3
POS-STOCK-REFILL-SM-HAIRW-AW25,HAIRW-SUE-PSTPIER,3
POS-STOCK-REFILL-SM-HAIRW-AW25,HAIRW-SUE-SURFCHK,3
POS-STOCK-REFILL-SM-HAIRW-AW25,HAIRW-WAF-CHRYBMB,3
POS-STOCK-REFILL-SM-MAKUP,MAKUP-CBH-3MIX,8
POS-STOCK-REFILL-SM-MAKUP,MAKUP-CLA-NAVY,8
POS-STOCK-REFILL-SM-MAKUP,MAKUP-GEO-3MIX,7
POS-STOCK-REFILL-SM-MAKUP,MAKUP-STD-LTPNK,6
POS-STOCK-REFILL-SM-MAKUP,MAKUP-STD-NAVY,6
POS-STOCK-REFILL-SM-PICNIC,PICNIC-CAB-LG-NAVY,1
POS-STOCK-REFILL-SM-PICNIC,PICNIC-CAB-XL-NAVY,1
POS-STOCK-REFILL-SM-PICNIC,PICNIC-DES-LG-TERATROP,1
POS-STOCK-REFILL-SM-PICNIC,PICNIC-DES-XL-TERATROP,1
POS-STOCK-REFILL-SM-PICNIC,PICNIC-SGW-LG-GETWAV,2
POS-STOCK-REFILL-SM-PICNIC,PICNIC-SGW-XL-GETWAV,2
POS-STOCK-REFILL-SM-PICNIC,PICNIC-SUM-LG-SANDSEA,1
POS-STOCK-REFILL-SM-PICNIC,PICNIC-SUM-LG-UNICN,1
POS-STOCK-REFILL-SM-PICNIC,PICNIC-SUM-XL-SANDSEA,2
POS-STOCK-REFILL-SM-PICNIC,PICNIC-SUM-XL-UNICN,1
POS-STOCK-REFILL-SM-PICNIC-SS25,PICNIC-CAB-LG-NAVY,1
POS-STOCK-REFILL-SM-PICNIC-SS25,PICNIC-CAB-XL-NAVY,1
POS-STOCK-REFILL-SM-PICNIC-SS25,PICNIC-DES-LG-CANDSTR,2
POS-STOCK-REFILL-SM-PICNIC-SS25,PICNIC-DES-LG-MARGMAD,1
POS-STOCK-REFILL-SM-PICNIC-SS25,PICNIC-DES-LG-STRIPLIFE,1
POS-STOCK-REFILL-SM-PICNIC-SS25,PICNIC-DES-XL-CANDSTR,2
POS-STOCK-REFILL-SM-PICNIC-SS25,PICNIC-DES-XL-MARGMAD,1
POS-STOCK-REFILL-SM-PICNIC-SS25,PICNIC-DES-XL-STRIPLIFE,1
POS-STOCK-REFILL-SM-PICNIC-SS25,PICNIC-SUM-LG-SANDSEA,1
POS-STOCK-REFILL-SM-PICNIC-SS25,PICNIC-SUM-XL-SANDSEA,2
POS-STOCK-REFILL-SM-PICNIC-SS26,PICNIC-CAB-LG-NAVY,1
POS-STOCK-REFILL-SM-PICNIC-SS26,PICNIC-CAB-XL-NAVY,1
POS-STOCK-REFILL-SM-PICNIC-SS26,PICNIC-DES-LG-APPLTRT,2
POS-STOCK-REFILL-SM-PICNIC-SS26,PICNIC-DES-LG-CANDSTR,1
POS-STOCK-REFILL-SM-PICNIC-SS26,PICNIC-DES-LG-GRCSHR,1
POS-STOCK-REFILL-SM-PICNIC-SS26,PICNIC-DES-LG-SORBET,1
POS-STOCK-REFILL-SM-PICNIC-SS26,PICNIC-DES-XL-APPLTRT,2
POS-STOCK-REFILL-SM-PICNIC-SS26,PICNIC-DES-XL-CANDSTR,2
POS-STOCK-REFILL-SM-PICNIC-SS26,PICNIC-DES-XL-GRCSHR,1
POS-STOCK-REFILL-SM-PICNIC-SS26,PICNIC-DES-XL-SORBET,1
POS-STOCK-REFILL-SM-PONCHA,PONCHA-CAB-LG-LTPNK,3
POS-STOCK-REFILL-SM-PONCHA,PONCHA-CAB-LG-NAVY,3
POS-STOCK-REFILL-SM-PONCHA,PONCHA-CAB-MD-LTPNK,3
POS-STOCK-REFILL-SM-PONCHA,PONCHA-CAB-MD-NAVY,2
POS-STOCK-REFILL-SM-PONCHA,PONCHA-DES-LG-PALMBCH,2
POS-STOCK-REFILL-SM-PONCHA,PONCHA-DES-LG-TERATROP,2
POS-STOCK-REFILL-SM-PONCHA,PONCHA-DES-MD-PALMBCH,1
POS-STOCK-REFILL-SM-PONCHA,PONCHA-DES-MD-TERATROP,1
POS-STOCK-REFILL-SM-PONCHA,PONCHA-SUM-LG-PCHSUN,2
POS-STOCK-REFILL-SM-PONCHA,PONCHA-SUM-MD-PCHSUN,2
POS-STOCK-REFILL-SM-PONCHA-SS25,PONCHA-CAB-LG-LTPNK-NS,3
POS-STOCK-REFILL-SM-PONCHA-SS25,PONCHA-CAB-LG-NAVY-NS,3
POS-STOCK-REFILL-SM-PONCHA-SS25,PONCHA-CAB-MD-LTPNK-NS,3
POS-STOCK-REFILL-SM-PONCHA-SS25,PONCHA-CAB-MD-NAVY-NS,2
POS-STOCK-REFILL-SM-PONCHA-SS25,PONCHA-DES-LG-CHECKMT,2
POS-STOCK-REFILL-SM-PONCHA-SS25,PONCHA-DES-MD-CHECKMT,1
POS-STOCK-REFILL-SM-PONCHA-SS25,PONCHA-SUM-LG-CSTCANDY,2
POS-STOCK-REFILL-SM-PONCHA-SS25,PONCHA-SUM-LG-LAZRIV,2
POS-STOCK-REFILL-SM-PONCHA-SS25,PONCHA-SUM-MD-CSTCANDY,2
POS-STOCK-REFILL-SM-PONCHA-SS25,PONCHA-SUM-MD-LAZRIV,1
POS-STOCK-REFILL-SM-PONCHA-SS26,PONCHA-CAB-LG-LTPNK,2
POS-STOCK-REFILL-SM-PONCHA-SS26,PONCHA-CAB-LG-NAVY,2
POS-STOCK-REFILL-SM-PONCHA-SS26,PONCHA-CAB-MD-LTPNK,1
POS-STOCK-REFILL-SM-PONCHA-SS26,PONCHA-CAB-MD-NAVY,2
POS-STOCK-REFILL-SM-PONCHA-SS26,PONCHA-CAB-XL-LTPNK,1
POS-STOCK-REFILL-SM-PONCHA-SS26,PONCHA-CAB-XL-NAVY,1
POS-STOCK-REFILL-SM-PONCHA-SS26,PONCHA-DES-LG-WAVYBBY,2
POS-STOCK-REFILL-SM-PONCHA-SS26,PONCHA-DES-LG-WTRSUG,1
POS-STOCK-REFILL-SM-PONCHA-SS26,PONCHA-DES-MD-WAVYBBY,1
POS-STOCK-REFILL-SM-PONCHA-SS26,PONCHA-DES-MD-WTRSUG,1
POS-STOCK-REFILL-SM-PONCHA-SS26,PONCHA-SUM-LG-CSTCANDY,2
POS-STOCK-REFILL-SM-PONCHA-SS26,PONCHA-SUM-LG-LAZRIV,2
POS-STOCK-REFILL-SM-PONCHA-SS26,PONCHA-SUM-MD-CSTCANDY,2
POS-STOCK-REFILL-SM-PONCHA-SS26,PONCHA-SUM-MD-LAZRIV,2
POS-STOCK-REFILL-SM-PONCHK,PONCHK-CAB-MD-LTPNK-NS,2
POS-STOCK-REFILL-SM-PONCHK,PONCHK-CAB-MD-NAVY-NS,2
POS-STOCK-REFILL-SM-PONCHK,PONCHK-CAB-SM-LTPNK-NS,1
POS-STOCK-REFILL-SM-PONCHK,PONCHK-CAB-SM-NAVY-NS,1
POS-STOCK-REFILL-SM-PONCHK,PONCHK-KID-MD-CAMO-NS,2
POS-STOCK-REFILL-SM-PONCHK,PONCHK-KID-MD-CROC,1
POS-STOCK-REFILL-SM-PONCHK,PONCHK-KID-MD-FLAM,1
POS-STOCK-REFILL-SM-PONCHK,PONCHK-KID-MD-POWER-NS,2
POS-STOCK-REFILL-SM-PONCHK,PONCHK-KID-SM-CAMO-NS,1
POS-STOCK-REFILL-SM-PONCHK,PONCHK-KID-SM-CROC,1
POS-STOCK-REFILL-SM-PONCHK,PONCHK-KID-SM-FLAM,1
POS-STOCK-REFILL-SM-PONCHK,PONCHK-KID-SM-POWER-NS,1
POS-STOCK-REFILL-SM-PONCHK-SS25,PONCHK-CAB-MD-LTPNK-NS,2
POS-STOCK-REFILL-SM-PONCHK-SS25,PONCHK-CAB-MD-NAVY-NS,2
POS-STOCK-REFILL-SM-PONCHK-SS25,PONCHK-CAB-SM-LTPNK-NS,1
POS-STOCK-REFILL-SM-PONCHK-SS25,PONCHK-CAB-SM-NAVY-NS,1
POS-STOCK-REFILL-SM-PONCHK-SS25,PONCHK-KID-MD-KARMCHAM,2
POS-STOCK-REFILL-SM-PONCHK-SS25,PONCHK-KID-MD-TURTROP,2
POS-STOCK-REFILL-SM-PONCHK-SS25,PONCHK-KID-SM-KARMCHAM,1
POS-STOCK-REFILL-SM-PONCHK-SS25,PONCHK-KID-SM-TURTROP,1
POS-STOCK-REFILL-SM-PONCHK-SS25,PONCHK-SUM-MD-CSTCANDY,2
POS-STOCK-REFILL-SM-PONCHK-SS25,PONCHK-SUM-SM-CSTCANDY,2
POS-STOCK-REFILL-SM-PONCHK-SS26,PONCHK-CAB-MD-LTPNK-NS,2
POS-STOCK-REFILL-SM-PONCHK-SS26,PONCHK-CAB-MD-NAVY-NS,2
POS-STOCK-REFILL-SM-PONCHK-SS26,PONCHK-CAB-SM-LTPNK-NS,1
POS-STOCK-REFILL-SM-PONCHK-SS26,PONCHK-CAB-SM-NAVY-NS,1
POS-STOCK-REFILL-SM-PONCHK-SS26,PONCHK-KID-MD-GVCLUB,2
POS-STOCK-REFILL-SM-PONCHK-SS26,PONCHK-KID-MD-INTOWILD,2
POS-STOCK-REFILL-SM-PONCHK-SS26,PONCHK-KID-SM-GVCLUB,1
POS-STOCK-REFILL-SM-PONCHK-SS26,PONCHK-KID-SM-INTOWILD,1
POS-STOCK-REFILL-SM-PONCHK-SS26,PONCHK-SUM-MD-CSTCANDY,2
POS-STOCK-REFILL-SM-PONCHK-SS26,PONCHK-SUM-SM-CSTCANDY,2
POS-STOCK-REFILL-SM-TEATWL,TEATWL-MD-BLISS,7
POS-STOCK-REFILL-SM-TEATWL,TEATWL-MD-BLUJAM,5
POS-STOCK-REFILL-SM-TEATWL,TEATWL-MD-FRTSLD,6
POS-STOCK-REFILL-SM-TEATWL,TEATWL-MD-ZEST,5
POS-STOCK-REFILL-SM-TEATWL-AW24,TEATWL-MD-BERRYGD,5
POS-STOCK-REFILL-SM-TEATWL-AW24,TEATWL-MD-HOTSTF,7
POS-STOCK-REFILL-SM-TEATWL-AW24,TEATWL-MD-PATCHP,4
POS-STOCK-REFILL-SM-TEATWL-AW24,TEATWL-MD-SPILTEA,5
POS-STOCK-REFILL-SM-TEATWL-AW24,TEATWL-MD-WASHDRY,6
POS-STOCK-REFILL-SM-TEATWL-AW25,TEATWL-MD-APPLTRT,4
POS-STOCK-REFILL-SM-TEATWL-AW25,TEATWL-MD-CTCHDAY,3
POS-STOCK-REFILL-SM-TEATWL-AW25,TEATWL-MD-DINPRTY,3
POS-STOCK-REFILL-SM-TEATWL-AW25,TEATWL-MD-GLDHOUR,3
POS-STOCK-REFILL-SM-TEATWL-AW25,TEATWL-MD-GRTFROM,3
POS-STOCK-REFILL-SM-TEATWL-AW25,TEATWL-MD-KTCHDISC,3
POS-STOCK-REFILL-SM-TEATWL-AW25,TEATWL-MD-SHRIMP,4
POS-STOCK-REFILL-SM-TEATWL-AW25,TEATWL-MD-STRAWFZ,4
POS-STOCK-REFILL-SM-TEATWL-AW25-2,TEATWL-MD-CCOOL,4
POS-STOCK-REFILL-SM-TEATWL-AW25-2,TEATWL-MD-FEELVINE,3
POS-STOCK-REFILL-SM-TEATWL-AW25-2,TEATWL-MD-KISSCOOK,4
POS-STOCK-REFILL-SM-TEATWL-AW25-2,TEATWL-MD-MEDMAR,3
POS-STOCK-REFILL-SM-TEATWL-AW25-2,TEATWL-MD-PNKGRAP,4
POS-STOCK-REFILL-SM-TEATWL-AW25-2,TEATWL-MD-SAUCY,5
POS-STOCK-REFILL-SM-TEATWL-AW25-2,TEATWL-MD-VRYPEEL,4
POS-STOCK-REFILL-SM-TOWLB,TOWLB-CAB-LG-BLUE-R,2
POS-STOCK-REFILL-SM-TOWLB,TOWLB-CAB-LG-LTBLU-R,1
POS-STOCK-REFILL-SM-TOWLB,TOWLB-CAB-LG-NAVY-R,2
POS-STOCK-REFILL-SM-TOWLB,TOWLB-CAB-LG-PINK-R,1
POS-STOCK-REFILL-SM-TOWLB,TOWLB-CAB-XL-BLUE-R,2
POS-STOCK-REFILL-SM-TOWLB,TOWLB-CAB-XL-LTBLU-R,1
POS-STOCK-REFILL-SM-TOWLB,TOWLB-CAB-XL-NAVY-R,2
POS-STOCK-REFILL-SM-TOWLB,TOWLB-CAB-XL-PINK-R,1
POS-STOCK-REFILL-SM-TOWLB,TOWLB-DES-LG-MARINDRM,1
POS-STOCK-REFILL-SM-TOWLB,TOWLB-DES-LG-TERATROP,1
POS-STOCK-REFILL-SM-TOWLB,TOWLB-DES-XL-MARINDRM,1
POS-STOCK-REFILL-SM-TOWLB,TOWLB-DES-XL-TERATROP,1
POS-STOCK-REFILL-SM-TOWLB,TOWLB-SGW-LG-GETWAV,1
POS-STOCK-REFILL-SM-TOWLB,TOWLB-SGW-XL-GETWAV,2
POS-STOCK-REFILL-SM-TOWLB,TOWLB-SUM-LG-ENDRVR,2
POS-STOCK-REFILL-SM-TOWLB,TOWLB-SUM-LG-SANDSEA,1
POS-STOCK-REFILL-SM-TOWLB,TOWLB-SUM-LG-UNICN-R,2
POS-STOCK-REFILL-SM-TOWLB,TOWLB-SUM-XL-ENDRVR,2
POS-STOCK-REFILL-SM-TOWLB,TOWLB-SUM-XL-SANDSEA,2
POS-STOCK-REFILL-SM-TOWLB,TOWLB-SUM-XL-UNICN-R,2
POS-STOCK-REFILL-SM-TOWLB-KID,TOWLB-CAB-LG-LTPNK-R,2
POS-STOCK-REFILL-SM-TOWLB-KID,TOWLB-CAB-LG-NAVY-R,2
POS-STOCK-REFILL-SM-TOWLB-KID,TOWLB-CAB-MD-LTPNK,2
POS-STOCK-REFILL-SM-TOWLB-KID,TOWLB-CAB-MD-NAVY,2
POS-STOCK-REFILL-SM-TOWLB-KID,TOWLB-KID-LG-CAMO,2
POS-STOCK-REFILL-SM-TOWLB-KID,TOWLB-KID-LG-CROC,1
POS-STOCK-REFILL-SM-TOWLB-KID,TOWLB-KID-LG-FLAM,1
POS-STOCK-REFILL-SM-TOWLB-KID,TOWLB-KID-LG-POWER,2
POS-STOCK-REFILL-SM-TOWLB-KID,TOWLB-KID-MD-CAMO,2
POS-STOCK-REFILL-SM-TOWLB-KID,TOWLB-KID-MD-CROC,1
POS-STOCK-REFILL-SM-TOWLB-KID,TOWLB-KID-MD-FLAM,1
POS-STOCK-REFILL-SM-TOWLB-KID,TOWLB-KID-MD-POWER,2
POS-STOCK-REFILL-SM-TOWLB-KID-SS25,TOWLB-CAB-LG-LTPNK-R,2
POS-STOCK-REFILL-SM-TOWLB-KID-SS25,TOWLB-CAB-LG-NAVY-R,2
POS-STOCK-REFILL-SM-TOWLB-KID-SS25,TOWLB-CAB-MD-LTPNK,2
POS-STOCK-REFILL-SM-TOWLB-KID-SS25,TOWLB-CAB-MD-NAVY,2
POS-STOCK-REFILL-SM-TOWLB-KID-SS25,TOWLB-KID-LG-BUILDBCH,2
POS-STOCK-REFILL-SM-TOWLB-KID-SS25,TOWLB-KID-LG-KARMCHAM,2
POS-STOCK-REFILL-SM-TOWLB-KID-SS25,TOWLB-KID-LG-TURTROP,2
POS-STOCK-REFILL-SM-TOWLB-KID-SS25,TOWLB-KID-MD-BUILDBCH,2
POS-STOCK-REFILL-SM-TOWLB-KID-SS25,TOWLB-KID-MD-KARMCHAM,2
POS-STOCK-REFILL-SM-TOWLB-KID-SS25,TOWLB-KID-MD-TURTROP,2
POS-STOCK-REFILL-SM-TOWLB-KID-SS26,TOWLB-CAB-LG-LTPNK-R,2
POS-STOCK-REFILL-SM-TOWLB-KID-SS26,TOWLB-CAB-LG-NAVY-R,2
POS-STOCK-REFILL-SM-TOWLB-KID-SS26,TOWLB-CAB-MD-LTPNK,2
POS-STOCK-REFILL-SM-TOWLB-KID-SS26,TOWLB-CAB-MD-NAVY,2
POS-STOCK-REFILL-SM-TOWLB-KID-SS26,TOWLB-KID-LG-CHECKOUT,2
POS-STOCK-REFILL-SM-TOWLB-KID-SS26,TOWLB-KID-LG-GVCLUB,2
POS-STOCK-REFILL-SM-TOWLB-KID-SS26,TOWLB-KID-LG-INTOWILD,2
POS-STOCK-REFILL-SM-TOWLB-KID-SS26,TOWLB-KID-MD-CHECKOUT,2
POS-STOCK-REFILL-SM-TOWLB-KID-SS26,TOWLB-KID-MD-GVCLUB,2
POS-STOCK-REFILL-SM-TOWLB-KID-SS26,TOWLB-KID-MD-INTOWILD,2
POS-STOCK-REFILL-SM-TOWLB-SS25,TOWLB-CAB-LG-BLUE-R,2
POS-STOCK-REFILL-SM-TOWLB-SS25,TOWLB-CAB-LG-LTBLU-R,1
POS-STOCK-REFILL-SM-TOWLB-SS25,TOWLB-CAB-LG-NAVY-R,2
POS-STOCK-REFILL-SM-TOWLB-SS25,TOWLB-CAB-LG-PINK-R,1
POS-STOCK-REFILL-SM-TOWLB-SS25,TOWLB-CAB-XL-BLUE-R,2
POS-STOCK-REFILL-SM-TOWLB-SS25,TOWLB-CAB-XL-LTBLU-R,1
POS-STOCK-REFILL-SM-TOWLB-SS25,TOWLB-CAB-XL-NAVY-R,2
POS-STOCK-REFILL-SM-TOWLB-SS25,TOWLB-CAB-XL-PINK-R,1
POS-STOCK-REFILL-SM-TOWLB-SS25,TOWLB-DES-LG-CHECKMT,1
POS-STOCK-REFILL-SM-TOWLB-SS25,TOWLB-DES-LG-TROPTRT,1
POS-STOCK-REFILL-SM-TOWLB-SS25,TOWLB-DES-LG-VITSEA,1
POS-STOCK-REFILL-SM-TOWLB-SS25,TOWLB-DES-XL-CHECKMT,2
POS-STOCK-REFILL-SM-TOWLB-SS25,TOWLB-DES-XL-TROPTRT,1
POS-STOCK-REFILL-SM-TOWLB-SS25,TOWLB-DES-XL-VITSEA,1
POS-STOCK-REFILL-SM-TOWLB-SS25,TOWLB-SUM-LG-COLAGN,2
POS-STOCK-REFILL-SM-TOWLB-SS25,TOWLB-SUM-LG-CSTCANDY,2
POS-STOCK-REFILL-SM-TOWLB-SS25,TOWLB-SUM-LG-MIAMI,1
POS-STOCK-REFILL-SM-TOWLB-SS25,TOWLB-SUM-XL-COLAGN,2
POS-STOCK-REFILL-SM-TOWLB-SS25,TOWLB-SUM-XL-CSTCANDY,2
POS-STOCK-REFILL-SM-TOWLB-SS25,TOWLB-SUM-XL-MIAMI,2
POS-STOCK-REFILL-SM-TOWLB-SS25-US,TOWLB-CAB-LG-BLUE-R,2
POS-STOCK-REFILL-SM-TOWLB-SS25-US,TOWLB-CAB-LG-LTBLU-R,1
POS-STOCK-REFILL-SM-TOWLB-SS25-US,TOWLB-CAB-LG-NAVY-R,2
POS-STOCK-REFILL-SM-TOWLB-SS25-US,TOWLB-CAB-LG-PINK-R,1
POS-STOCK-REFILL-SM-TOWLB-SS25-US,TOWLB-CAB-XL-BLUE-R,2
POS-STOCK-REFILL-SM-TOWLB-SS25-US,TOWLB-CAB-XL-LTBLU-R,1
POS-STOCK-REFILL-SM-TOWLB-SS25-US,TOWLB-CAB-XL-NAVY-R,2
POS-STOCK-REFILL-SM-TOWLB-SS25-US,TOWLB-CAB-XL-PINK-R,1
POS-STOCK-REFILL-SM-TOWLB-SS25-US,TOWLB-DES-LG-ALOHGLW,1
POS-STOCK-REFILL-SM-TOWLB-SS25-US,TOWLB-DES-LG-CHECKMT,1
POS-STOCK-REFILL-SM-TOWLB-SS25-US,TOWLB-DES-LG-TROPTRT,1
POS-STOCK-REFILL-SM-TOWLB-SS25-US,TOWLB-DES-LG-VITSEA,1
POS-STOCK-REFILL-SM-TOWLB-SS25-US,TOWLB-DES-XL-ALOHGLW,1
POS-STOCK-REFILL-SM-TOWLB-SS25-US,TOWLB-DES-XL-CHECKMT,1
POS-STOCK-REFILL-SM-TOWLB-SS25-US,TOWLB-DES-XL-TROPTRT,1
POS-STOCK-REFILL-SM-TOWLB-SS25-US,TOWLB-DES-XL-VITSEA,1
POS-STOCK-REFILL-SM-TOWLB-SS25-US,TOWLB-SUM-LG-COLAGN,1
POS-STOCK-REFILL-SM-TOWLB-SS25-US,TOWLB-SUM-LG-CSTCANDY,2
POS-STOCK-REFILL-SM-TOWLB-SS25-US,TOWLB-SUM-LG-MIAMI,1
POS-STOCK-REFILL-SM-TOWLB-SS25-US,TOWLB-SUM-XL-COLAGN,2
POS-STOCK-REFILL-SM-TOWLB-SS25-US,TOWLB-SUM-XL-CSTCANDY,2
POS-STOCK-REFILL-SM-TOWLB-SS25-US,TOWLB-SUM-XL-MIAMI,2
POS-STOCK-REFILL-SM-TOWLB-SS26,TOWLB-CAB-LG-BLUE-R,1
POS-STOCK-REFILL-SM-TOWLB-SS26,TOWLB-CAB-LG-NAVY-R,2
POS-STOCK-REFILL-SM-TOWLB-SS26,TOWLB-CAB-LG-ORANG-R,1
POS-STOCK-REFILL-SM-TOWLB-SS26,TOWLB-CAB-LG-PINK-R,2
POS-STOCK-REFILL-SM-TOWLB-SS26,TOWLB-CAB-XL-BLUE-R,1
POS-STOCK-REFILL-SM-TOWLB-SS26,TOWLB-CAB-XL-NAVY-R,2
POS-STOCK-REFILL-SM-TOWLB-SS26,TOWLB-CAB-XL-ORANG-R,1
POS-STOCK-REFILL-SM-TOWLB-SS26,TOWLB-CAB-XL-PINK-R,2
POS-STOCK-REFILL-SM-TOWLB-SS26,TOWLB-DES-LG-OCETRES,1
POS-STOCK-REFILL-SM-TOWLB-SS26,TOWLB-DES-LG-PNKPARA,1
POS-STOCK-REFILL-SM-TOWLB-SS26,TOWLB-DES-LG-SWTESC,1
POS-STOCK-REFILL-SM-TOWLB-SS26,TOWLB-DES-LG-TANTIDE,1
POS-STOCK-REFILL-SM-TOWLB-SS26,TOWLB-DES-XL-OCETRES,1
POS-STOCK-REFILL-SM-TOWLB-SS26,TOWLB-DES-XL-PNKPARA,1
POS-STOCK-REFILL-SM-TOWLB-SS26,TOWLB-DES-XL-SWTESC,1
POS-STOCK-REFILL-SM-TOWLB-SS26,TOWLB-DES-XL-TANTIDE,1
POS-STOCK-REFILL-SM-TOWLB-SS26,TOWLB-SUM-LG-COLAGN,1
POS-STOCK-REFILL-SM-TOWLB-SS26,TOWLB-SUM-LG-MIAMI,1
POS-STOCK-REFILL-SM-TOWLB-SS26,TOWLB-SUM-LG-OCEAN,1
POS-STOCK-REFILL-SM-TOWLB-SS26,TOWLB-SUM-LG-TUTFRU,1
POS-STOCK-REFILL-SM-TOWLB-SS26,TOWLB-SUM-XL-COLAGN,2
POS-STOCK-REFILL-SM-TOWLB-SS26,TOWLB-SUM-XL-MIAMI,2
POS-STOCK-REFILL-SM-TOWLB-SS26,TOWLB-SUM-XL-OCEAN,2
POS-STOCK-REFILL-SM-TOWLB-SS26,TOWLB-SUM-XL-TUTFRU,2
POS-STOCK-REFILL-SM-TOWLH-AW25,TOWLH-CLB-LG-CHRYBMB,2
POS-STOCK-REFILL-SM-TOWLH-AW25,TOWLH-CLB-LG-PEPPNCH,2
POS-STOCK-REFILL-SM-TOWLH-AW25,TOWLH-CLB-SM-CHRYBMB,1
POS-STOCK-REFILL-SM-TOWLH-AW25,TOWLH-CLB-SM-PEPPNCH,1
POS-STOCK-REFILL-SM-TOWLH-AW25,TOWLH-CLB-XL-CHRYBMB,3
POS-STOCK-REFILL-SM-TOWLH-AW25,TOWLH-CLB-XL-PEPPNCH,3
POS-STOCK-REFILL-SM-TOWLH-AW25,TOWLH-DES-LG-TIGPALM,2
POS-STOCK-REFILL-SM-TOWLH-AW25,TOWLH-DES-SM-TIGPALM,1
POS-STOCK-REFILL-SM-TOWLH-AW25,TOWLH-DES-XL-TIGPALM,3
TEATWL-MD-2SET-FRUITY,TEATWL-MD-CCOOL,1
TEATWL-MD-2SET-FRUITY,TEATWL-MD-PNKGRAP,1
TEATWL-MD-2SET-FRUVEG,TEATWL-MD-GYOW,1
TEATWL-MD-2SET-FRUVEG,TEATWL-MD-PEEL,1
TEATWL-MD-2SET-RNROO,TEATWL-MD-PRAD,1
TEATWL-MD-2SET-RNROO,TEATWL-MD-ROOTING,1
TEATWL-MD-2SETC,TEATWL-MD-MOJMNT,1
TEATWL-MD-2SETC,TEATWL-MD-PNKLEM,1
TEATWL-MD-3SET-ARTDIN,TEATWL-MD-CHECKPLS,1
TEATWL-MD-3SET-ARTDIN,TEATWL-MD-RGRTTI,1
TEATWL-MD-3SET-ARTDIN,TEATWL-MD-SQCLEAN,1
TEATWL-MD-3SET-BAKDIL,TEATWL-MD-BAKEME,1
TEATWL-MD-3SET-BAKDIL,TEATWL-MD-BIGDILL,1
TEATWL-MD-3SET-BAKDIL,TEATWL-MD-MTCHCRSH,1
TEATWL-MD-3SET-BERRYGD,TEATWL-MD-BERRYGD,1
TEATWL-MD-3SET-BIGDILL,TEATWL-MD-BIGDILL,3
TEATWL-MD-3SET-FINDIN,TEATWL-MD-CTCHDAY,1
TEATWL-MD-3SET-FINDIN,TEATWL-MD-DINPRTY,1
TEATWL-MD-3SET-FINDIN,TEATWL-MD-SHRIMP,1
TEATWL-MD-3SET-GRNSAUC,TEATWL-MD-BIGDILL,1
TEATWL-MD-3SET-GRNSAUC,TEATWL-MD-MTCHCRSH,1
TEATWL-MD-3SET-GRNSAUC,TEATWL-MD-XTRSAUC,1
TEATWL-MD-3SET-HOTSTF,TEATWL-MD-HOTSTF,1
TEATWL-MD-3SET-KITCREW,TEATWL-MD-HEADCHEF,1
TEATWL-MD-3SET-KITCREW,TEATWL-MD-PEAPOD,1
TEATWL-MD-3SET-KITCREW,TEATWL-MD-SOUSCHEF,1
TEATWL-MD-3SET-KTCHDISC,TEATWL-MD-KTCHDISC,1
TEATWL-MD-3SET-MOJMNT,TEATWL-MD-MOJMNT,1
TEATWL-MD-3SET-MTCHCRSH,TEATWL-MD-MTCHCRSH,3
TEATWL-MD-3SET-OLVYOU,TEATWL-MD-OLVYOU,3
TEATWL-MD-3SET-PANTRYPCK,TEATWL-MD-BIGDILL,1
TEATWL-MD-3SET-PANTRYPCK,TEATWL-MD-COFCLB,1
TEATWL-MD-3SET-PANTRYPCK,TEATWL-MD-OLVYOU,1
TEATWL-MD-3SET-PCKDAY,TEATWL-MD-PEEL,1
TEATWL-MD-3SET-PCKDAY,TEATWL-MD-PRAD,1
TEATWL-MD-3SET-PCKDAY,TEATWL-MD-WTSHELL,1
TEATWL-MD-3SET-PNKLEM,TEATWL-MD-PNKLEM,1
TEATWL-MD-3SET-SETTAB,TEATWL-MD-OLVYOU,1
TEATWL-MD-3SET-SETTAB,TEATWL-MD-SHARE,1
TEATWL-MD-3SET-SETTAB,TEATWL-MD-WTSHELL,1
TEATWL-MD-3SET-SPILTEA,TEATWL-MD-SPILTEA,1
TEATWL-MD-3SET-STRAWFZ,TEATWL-MD-STRAWFZ,1
TEATWL-MD-3SET-STRWPOP,TEATWL-MD-STRWPOP,3
TEATWL-MD-3SET-SWTSAUC,TEATWL-MD-BIGDILL,1
TEATWL-MD-3SET-SWTSAUC,TEATWL-MD-STRWPOP,1
TEATWL-MD-3SET-SWTSAUC,TEATWL-MD-XTRSAUC,1
TEATWL-MD-3SET-TART,TEATWL-MD-APPLTRT,1
TEATWL-MD-3SET-WASHDRY,TEATWL-MD-WASHDRY,1
TEATWL-MD-3SET-WTSHELL,TEATWL-MD-WTSHELL,3
TEATWL-MD-3SET-XTRSAUC,TEATWL-MD-XTRSAUC,3
TEATWL-MD-4SETB,TEATWL-MD-MOJMNT,1
TEATWL-MD-4SETB,TEATWL-MD-PNKLEM,1
TEATWL-MD-5SET-CULDEL,TEATWL-MD-CTCHDAY,1
TEATWL-MD-5SET-CULDEL,TEATWL-MD-DINPRTY,1
TEATWL-MD-5SET-CULDEL,TEATWL-MD-GRTFROM,1
TEATWL-MD-5SET-CULDEL,TEATWL-MD-KTCHDISC,1
TEATWL-MD-5SET-CULDEL,TEATWL-MD-SHRIMP,1
TEATWL-MD-5SET-HOST,TEATWL-MD-CTCHDAY,1
TEATWL-MD-5SET-HOST,TEATWL-MD-DINPRTY,1
TEATWL-MD-5SET-HOST,TEATWL-MD-GLDHOUR,1
TEATWL-MD-5SET-HOST,TEATWL-MD-GRTFROM,1
TEATWL-MD-5SET-HOST,TEATWL-MD-KTCHDISC,1
TEATWL-MD-5SET-KITCH,TEATWL-MD-BAKEME,1
TEATWL-MD-5SET-KITCH,TEATWL-MD-BIGDILL,1
TEATWL-MD-5SET-KITCH,TEATWL-MD-MTCHCRSH,1
TEATWL-MD-5SET-KITCH,TEATWL-MD-STRWPOP,1
TEATWL-MD-5SET-KITCH,TEATWL-MD-XTRSAUC,1
TEATWL-MD-5SET-LOVBIT,TEATWL-MD-PEAPOD,1
TEATWL-MD-5SET-LOVBIT,TEATWL-MD-RGRTTI,1
TEATWL-MD-5SET-LOVBIT,TEATWL-MD-SQCLEAN,1
TEATWL-MD-5SET-LOVBIT,TEATWL-MD-TRPPNCH,1
TEATWL-MD-5SET-LOVBIT,TEATWL-MD-WINEDINE,1
TEATWL-MD-5SET-ONTHEM,TEATWL-MD-CHECKPLS,1
TEATWL-MD-5SET-ONTHEM,TEATWL-MD-HEADCHEF,1
TEATWL-MD-5SET-ONTHEM,TEATWL-MD-RGRTTI,1
TEATWL-MD-5SET-ONTHEM,TEATWL-MD-SOUSCHEF,1
TEATWL-MD-5SET-ONTHEM,TEATWL-MD-SQCLEAN,1
TEATWL-MD-5SET-PICKY,TEATWL-MD-APPLTRT,1
TEATWL-MD-5SET-PICKY,TEATWL-MD-GLDHOUR,1
TEATWL-MD-5SET-PICKY,TEATWL-MD-GRTFROM,1
TEATWL-MD-5SET-PICKY,TEATWL-MD-KTCHDISC,1
TEATWL-MD-5SET-PICKY,TEATWL-MD-STRAWFZ,1
TEATWL-MD-6SET-AFTPTY,TEATWL-MD-APPLTRT,1
TEATWL-MD-6SET-AFTPTY,TEATWL-MD-KTCHDISC,1
TEATWL-MD-6SET-AFTPTY,TEATWL-MD-STRAWFZ,1
TEATWL-MD-6SET-FRTCTL,TEATWL-MD-APPLTRT,1
TEATWL-MD-6SET-FRTCTL,TEATWL-MD-STRAWFZ,1
TEATWL-MD-6SET-GRAZSET,TEATWL-MD-TRPPNCH,1
TEATWL-MD-6SET-GRAZSET,TEATWL-MD-WINEDINE,1
TEATWL-MD-6SET-GRWSHR,TEATWL-MD-GYOW,1
TEATWL-MD-6SET-GRWSHR,TEATWL-MD-PEEL,1
TEATWL-MD-6SET-GRWSHR,TEATWL-MD-PRAD,1
TEATWL-MD-6SET-GRWSHR,TEATWL-MD-ROOTING,1
TEATWL-MD-6SET-GRWSHR,TEATWL-MD-SHARE,1
TEATWL-MD-6SET-GRWSHR,TEATWL-MD-WTSHELL,1
TEATWL-MD-6SET-KITCHFAV,TEATWL-MD-OLVYOU,2
TEATWL-MD-6SET-KITCHFAV,TEATWL-MD-SHARE,2
TEATWL-MD-6SET-KITCHFAV,TEATWL-MD-WTSHELL,2
TEATWL-MD-6SET-PCKMX,TEATWL-MD-BAKEME,1
TEATWL-MD-6SET-PCKMX,TEATWL-MD-BIGDILL,1
TEATWL-MD-6SET-PCKMX,TEATWL-MD-MTCHCRSH,1
TEATWL-MD-6SET-PCKMX,TEATWL-MD-ROOTING,1
TEATWL-MD-6SET-PCKMX,TEATWL-MD-STRWPOP,1
TEATWL-MD-6SET-PCKMX,TEATWL-MD-XTRSAUC,1
TEATWL-MD-6SET-SPGHTNI,TEATWL-MD-CHECKPLS,1
TEATWL-MD-6SET-SPGHTNI,TEATWL-MD-RGRTTI,1
TEATWL-MD-6SET-SPGHTNI,TEATWL-MD-SQCLEAN,1
TEATWL-MD-6SET-STRWMTCH,TEATWL-MD-MTCHCRSH,3
TEATWL-MD-6SET-STRWMTCH,TEATWL-MD-STRWPOP,3
TEATWL-MD-6SET-SUNKITCH,TEATWL-MD-COFCLB,1
TEATWL-MD-6SET-SUNKITCH,TEATWL-MD-GYOW,1
TEATWL-MD-6SET-SUNKITCH,TEATWL-MD-OLVYOU,1
TEATWL-MD-6SET-SUNKITCH,TEATWL-MD-PKTSUN,1
TEATWL-MD-6SET-SUNKITCH,TEATWL-MD-SHARE,1
TEATWL-MD-6SET-SUNKITCH,TEATWL-MD-WTSHELL,1
TOWLB-CAB-LG-4SET-BLUE,TOWLB-CAB-LG-BLACK-R,1
TOWLB-CAB-LG-4SET-BLUE,TOWLB-CAB-LG-BLUE-R,1
TOWLB-CAB-LG-4SET-BLUE,TOWLB-CAB-LG-LTBLU-R,1
TOWLB-CAB-LG-4SET-BLUE,TOWLB-CAB-LG-NAVY-R,1
TOWLB-CAB-LG-4SET-ORANGE,TOWLB-CAB-LG-LTBGE-R,1
TOWLB-CAB-LG-4SET-ORANGE,TOWLB-CAB-LG-ORANG-R,1
TOWLB-CAB-LG-4SET-ORANGE,TOWLB-CAB-LG-RED-R,1
TOWLB-CAB-LG-4SET-ORANGE,TOWLB-CAB-LG-YELL-R,1
TOWLB-CAB-LG-4SET-PINK,TOWLB-CAB-LG-LTBGE-R,1
TOWLB-CAB-LG-4SET-PINK,TOWLB-CAB-LG-LTPNK-R,1
TOWLB-CAB-LG-4SET-PINK,TOWLB-CAB-LG-LTPPL-R,1
TOWLB-CAB-LG-4SET-PINK,TOWLB-CAB-LG-PINK-R,1
TOWLB-CAB-LG-4SETA-R,TOWLB-CAB-LG-BLUE-R,1
TOWLB-CAB-LG-4SETA-R,TOWLB-CAB-LG-GREEN-R,1
TOWLB-CAB-LG-4SETA-R,TOWLB-CAB-LG-RED-R,1
TOWLB-CAB-LG-4SETA-R,TOWLB-CAB-LG-YELL-R,1
TOWLB-CAB-LG-4SETE-R,TOWLB-CAB-LG-BLACK-R,1
TOWLB-CAB-LG-4SETE-R,TOWLB-CAB-LG-KHAKI-R,1
TOWLB-CAB-LG-4SETE-R,TOWLB-CAB-LG-LTGRY-R,1
TOWLB-CAB-LG-4SETE-R,TOWLB-CAB-LG-NAVY-R,1
TOWLB-CAB-LG-4SETF-R,TOWLB-CAB-LG-BLACK-R,1
TOWLB-CAB-LG-4SETF-R,TOWLB-CAB-LG-LTBGE-R,1
TOWLB-CAB-LG-4SETF-R,TOWLB-CAB-LG-LTGRY-R,1
TOWLB-CAB-LG-4SETF-R,TOWLB-CAB-LG-NAVY-R,1
TOWLB-CAB-LG-4SETG,TOWLB-CAB-LG-BLUE-R,1
TOWLB-CAB-LG-4SETG,TOWLB-CAB-LG-GREEN-R,1
TOWLB-CAB-LG-4SETG,TOWLB-CAB-LG-NAVY-R,1
TOWLB-CAB-LG-4SETG,TOWLB-CAB-LG-PINK-R,1
TOWLB-CAB-LG-4SETH,TOWLB-CAB-LG-BLUE-R,1
TOWLB-CAB-LG-4SETH,TOWLB-CAB-LG-NAVY-R,1
TOWLB-CAB-LG-4SETH,TOWLB-CAB-LG-ORANG-R,1
TOWLB-CAB-LG-4SETH,TOWLB-CAB-LG-RED-R,1
TOWLB-CAB-LG-4SETK,TOWLB-CAB-LG-BLUE-R,1
TOWLB-CAB-LG-4SETK,TOWLB-CAB-LG-LTPNK-R,1
TOWLB-CAB-LG-4SETK,TOWLB-CAB-LG-NAVY-R,1
TOWLB-CAB-LG-4SETK,TOWLB-CAB-LG-PINK-R,1
TOWLB-CAB-LG-4SETL,TOWLB-CAB-LG-BLUE-R,1
TOWLB-CAB-LG-4SETL,TOWLB-CAB-LG-GREEN-R,1
TOWLB-CAB-LG-4SETL,TOWLB-CAB-LG-KHAKI-R,1
TOWLB-CAB-LG-4SETL,TOWLB-CAB-LG-NAVY-R,1
TOWLB-CAB-LG-4SETM,TOWLB-CAB-LG-LTBLU-R,1
TOWLB-CAB-LG-4SETM,TOWLB-CAB-LG-LTPPL-R,1
TOWLB-CAB-LG-4SETM,TOWLB-CAB-LG-ORANG-R,1
TOWLB-CAB-LG-4SETM,TOWLB-CAB-LG-PINK-R,1
TOWLB-CAB-LG-4SETN,TOWLB-CAB-LG-NAVY-R,1
TOWLB-CAB-LG-4SETN,TOWLB-CAB-LG-PINK-R,1
TOWLB-CAB-LG-4SETO,TOWLB-CAB-LG-NAVY-R,1
TOWLB-CAB-LG-6SET-BLUE,TOWLB-CAB-LG-BLACK-R,1
TOWLB-CAB-LG-6SET-BLUE,TOWLB-CAB-LG-BLUE-R,1
TOWLB-CAB-LG-6SET-BLUE,TOWLB-CAB-LG-GREEN-R,1
TOWLB-CAB-LG-6SET-BLUE,TOWLB-CAB-LG-KHAKI-R,1
TOWLB-CAB-LG-6SET-BLUE,TOWLB-CAB-LG-LTBLU-R,1
TOWLB-CAB-LG-6SET-BLUE,TOWLB-CAB-LG-NAVY-R,1
TOWLB-CAB-LG-6SET-PINK,TOWLB-CAB-LG-LTPNK-R,1
TOWLB-CAB-LG-6SET-PINK,TOWLB-CAB-LG-LTPPL-R,1
TOWLB-CAB-LG-6SET-PINK,TOWLB-CAB-LG-ORANG-R,1
TOWLB-CAB-LG-6SET-PINK,TOWLB-CAB-LG-PINK-R,1
TOWLB-CAB-LG-6SET-PINK,TOWLB-CAB-LG-RED-R,1
TOWLB-CAB-LG-6SET-PINK,TOWLB-CAB-LG-YELL-R,1
TOWLB-CAB-LG-6SET-R,TOWLB-CAB-LG-BLUE-R,1
TOWLB-CAB-LG-6SET-R,TOWLB-CAB-LG-GREEN-R,1
TOWLB-CAB-LG-6SET-R,TOWLB-CAB-LG-ORANG-R,1
TOWLB-CAB-LG-6SET-R,TOWLB-CAB-LG-PINK-R,1
TOWLB-CAB-LG-6SET-R,TOWLB-CAB-LG-RED-R,1
TOWLB-CAB-LG-6SET-R,TOWLB-CAB-LG-YELL-R,1
TOWLB-CAB-LG-6SETI,TOWLB-CAB-LG-LTBGE-R,1
TOWLB-CAB-LG-6SETI,TOWLB-CAB-LG-LTBLU-R,1
TOWLB-CAB-LG-6SETI,TOWLB-CAB-LG-LTGRY-R,1
TOWLB-CAB-LG-6SETI,TOWLB-CAB-LG-LTPNK-R,1
TOWLB-CAB-LG-6SETI,TOWLB-CAB-LG-LTPPL-R,1
TOWLB-CAB-LG-6SETI,TOWLB-CAB-LG-NAVY-R,1
TOWLB-CAB-LG-6SETJ,TOWLB-CAB-LG-BLUE-R,1
TOWLB-CAB-LG-6SETJ,TOWLB-CAB-LG-NAVY-R,1
TOWLB-CAB-LG-6SETJ,TOWLB-CAB-LG-PINK-R,1
TOWLB-CAB-LG-6SETJ,TOWLB-CAB-LG-YELL-R,1
TOWLB-CAB-LG-6SETJ,TOWLB-SUM-LG-RAINB-R,1
TOWLB-CAB-LG-6SETJ,TOWLB-SUM-LG-UNICN-R,1
TOWLB-CAB-LG-6SETK,TOWLB-CAB-LG-BLUE-R,1
TOWLB-CAB-LG-6SETK,TOWLB-CAB-LG-LTBLU-R,1
TOWLB-CAB-LG-6SETK,TOWLB-CAB-LG-LTPNK-R,1
TOWLB-CAB-LG-6SETK,TOWLB-CAB-LG-NAVY-R,1
TOWLB-CAB-LG-6SETK,TOWLB-CAB-LG-PINK-R,1
TOWLB-CAB-LG-6SETK,TOWLB-CAB-LG-RED-R,1
TOWLB-CAB-LG-6SETL,TOWLB-CAB-LG-BLUE-R,1
TOWLB-CAB-LG-6SETL,TOWLB-CAB-LG-NAVY-R,1
TOWLB-CAB-LG-6SETL,TOWLB-CAB-LG-ORANG-R,1
TOWLB-CAB-LG-6SETL,TOWLB-CAB-LG-PINK-R,1
TOWLB-CAB-LG-6SETL,TOWLB-CAB-LG-RED-R,1
TOWLB-CAB-LG-6SETL,TOWLB-CAB-LG-YELL-R,1
TOWLB-CAB-LG-6SETM,TOWLB-CAB-LG-NAVY-R,1
TOWLB-CAB-LG-6SETM,TOWLB-CAB-LG-PINK-R,1
TOWLB-CAB-XL-4SET-BLUE,TOWLB-CAB-XL-BLACK-R,1
TOWLB-CAB-XL-4SET-BLUE,TOWLB-CAB-XL-BLUE-R,1
TOWLB-CAB-XL-4SET-BLUE,TOWLB-CAB-XL-LTBLU-R,1
TOWLB-CAB-XL-4SET-BLUE,TOWLB-CAB-XL-NAVY-R,1
TOWLB-CAB-XL-4SET-ORANGE,TOWLB-CAB-XL-LTBGE-R,1
TOWLB-CAB-XL-4SET-ORANGE,TOWLB-CAB-XL-ORANG-R,1
TOWLB-CAB-XL-4SET-ORANGE,TOWLB-CAB-XL-RED-R,1
TOWLB-CAB-XL-4SET-ORANGE,TOWLB-CAB-XL-YELL-R,1
TOWLB-CAB-XL-4SET-PINK,TOWLB-CAB-XL-LTBGE-R,1
TOWLB-CAB-XL-4SET-PINK,TOWLB-CAB-XL-LTPNK-R,1
TOWLB-CAB-XL-4SET-PINK,TOWLB-CAB-XL-LTPPL-R,1
TOWLB-CAB-XL-4SET-PINK,TOWLB-CAB-XL-PINK-R,1
TOWLB-CAB-XL-4SETA-R,TOWLB-CAB-XL-BLUE-R,1
TOWLB-CAB-XL-4SETA-R,TOWLB-CAB-XL-GREEN-R,1
TOWLB-CAB-XL-4SETA-R,TOWLB-CAB-XL-RED-R,1
TOWLB-CAB-XL-4SETA-R,TOWLB-CAB-XL-YELL-R,1
TOWLB-CAB-XL-4SETE-R,TOWLB-CAB-XL-BLACK-R,1
TOWLB-CAB-XL-4SETE-R,TOWLB-CAB-XL-KHAKI-R,1
TOWLB-CAB-XL-4SETE-R,TOWLB-CAB-XL-LTGRY-R,1
TOWLB-CAB-XL-4SETE-R,TOWLB-CAB-XL-NAVY-R,1
TOWLB-CAB-XL-4SETF-R,TOWLB-CAB-XL-BLACK-R,1
TOWLB-CAB-XL-4SETF-R,TOWLB-CAB-XL-LTBGE-R,1
TOWLB-CAB-XL-4SETF-R,TOWLB-CAB-XL-LTGRY-R,1
TOWLB-CAB-XL-4SETF-R,TOWLB-CAB-XL-NAVY-R,1
TOWLB-CAB-XL-4SETG,TOWLB-CAB-XL-BLUE-R,1
TOWLB-CAB-XL-4SETG,TOWLB-CAB-XL-GREEN-R,1
TOWLB-CAB-XL-4SETG,TOWLB-CAB-XL-NAVY-R,1
TOWLB-CAB-XL-4SETG,TOWLB-CAB-XL-PINK-R,1
TOWLB-CAB-XL-4SETH,TOWLB-CAB-XL-BLUE-R,1
TOWLB-CAB-XL-4SETH,TOWLB-CAB-XL-NAVY-R,1
TOWLB-CAB-XL-4SETH,TOWLB-CAB-XL-ORANG-R,1
TOWLB-CAB-XL-4SETH,TOWLB-CAB-XL-RED-R,1
TOWLB-CAB-XL-4SETK,TOWLB-CAB-XL-BLUE-R,1
TOWLB-CAB-XL-4SETK,TOWLB-CAB-XL-LTPNK-R,1
TOWLB-CAB-XL-4SETK,TOWLB-CAB-XL-NAVY-R,1
TOWLB-CAB-XL-4SETK,TOWLB-CAB-XL-PINK-R,1
TOWLB-CAB-XL-4SETL,TOWLB-CAB-XL-BLUE-R,1
TOWLB-CAB-XL-4SETL,TOWLB-CAB-XL-GREEN-R,1
TOWLB-CAB-XL-4SETL,TOWLB-CAB-XL-KHAKI-R,1
TOWLB-CAB-XL-4SETL,TOWLB-CAB-XL-NAVY-R,1
TOWLB-CAB-XL-4SETM,TOWLB-CAB-XL-LTBLU-R,1
TOWLB-CAB-XL-4SETM,TOWLB-CAB-XL-LTPPL-R,1
TOWLB-CAB-XL-4SETM,TOWLB-CAB-XL-ORANG-R,1
TOWLB-CAB-XL-4SETM,TOWLB-CAB-XL-PINK-R,1
TOWLB-CAB-XL-4SETN,TOWLB-CAB-XL-NAVY-R,1
TOWLB-CAB-XL-4SETN,TOWLB-CAB-XL-PINK-R,1
TOWLB-CAB-XL-4SETO,TOWLB-CAB-XL-NAVY-R,1
TOWLB-CAB-XL-6SET-BLUE,TOWLB-CAB-XL-BLACK-R,1
TOWLB-CAB-XL-6SET-BLUE,TOWLB-CAB-XL-BLUE-R,1
TOWLB-CAB-XL-6SET-BLUE,TOWLB-CAB-XL-GREEN-R,1
TOWLB-CAB-XL-6SET-BLUE,TOWLB-CAB-XL-KHAKI-R,1
TOWLB-CAB-XL-6SET-BLUE,TOWLB-CAB-XL-LTBLU-R,1
TOWLB-CAB-XL-6SET-BLUE,TOWLB-CAB-XL-NAVY-R,1
TOWLB-CAB-XL-6SET-PINK,TOWLB-CAB-XL-LTPNK-R,1
TOWLB-CAB-XL-6SET-PINK,TOWLB-CAB-XL-LTPPL-R,1
TOWLB-CAB-XL-6SET-PINK,TOWLB-CAB-XL-ORANG-R,1
TOWLB-CAB-XL-6SET-PINK,TOWLB-CAB-XL-PINK-R,1
TOWLB-CAB-XL-6SET-PINK,TOWLB-CAB-XL-RED-R,1
TOWLB-CAB-XL-6SET-PINK,TOWLB-CAB-XL-YELL-R,1
TOWLB-CAB-XL-6SET-R,TOWLB-CAB-XL-BLUE-R,1
TOWLB-CAB-XL-6SET-R,TOWLB-CAB-XL-GREEN-R,1
TOWLB-CAB-XL-6SET-R,TOWLB-CAB-XL-ORANG-R,1
TOWLB-CAB-XL-6SET-R,TOWLB-CAB-XL-PINK-R,1
TOWLB-CAB-XL-6SET-R,TOWLB-CAB-XL-RED-R,1
TOWLB-CAB-XL-6SET-R,TOWLB-CAB-XL-YELL-R,1
TOWLB-CAB-XL-6SETI,TOWLB-CAB-XL-LTBGE-R,1
TOWLB-CAB-XL-6SETI,TOWLB-CAB-XL-LTBLU-R,1
TOWLB-CAB-XL-6SETI,TOWLB-CAB-XL-LTGRY-R,1
TOWLB-CAB-XL-6SETI,TOWLB-CAB-XL-LTPNK-R,1
TOWLB-CAB-XL-6SETI,TOWLB-CAB-XL-LTPPL-R,1
TOWLB-CAB-XL-6SETI,TOWLB-CAB-XL-NAVY-R,1
TOWLB-CAB-XL-6SETJ,TOWLB-CAB-XL-BLUE-R,1
TOWLB-CAB-XL-6SETJ,TOWLB-CAB-XL-NAVY-R,1
TOWLB-CAB-XL-6SETJ,TOWLB-CAB-XL-PINK-R,1
TOWLB-CAB-XL-6SETJ,TOWLB-CAB-XL-YELL-R,1
TOWLB-CAB-XL-6SETJ,TOWLB-SUM-XL-RAINB-R,1
TOWLB-CAB-XL-6SETJ,TOWLB-SUM-XL-UNICN-R,1
TOWLB-CAB-XL-6SETK,TOWLB-CAB-XL-BLUE-R,1
TOWLB-CAB-XL-6SETK,TOWLB-CAB-XL-LTBLU-R,1
TOWLB-CAB-XL-6SETK,TOWLB-CAB-XL-LTPNK-R,1
TOWLB-CAB-XL-6SETK,TOWLB-CAB-XL-NAVY-R,1
TOWLB-CAB-XL-6SETK,TOWLB-CAB-XL-PINK-R,1
TOWLB-CAB-XL-6SETK,TOWLB-CAB-XL-RED-R,1
TOWLB-CAB-XL-6SETL,TOWLB-CAB-XL-BLUE-R,1
TOWLB-CAB-XL-6SETL,TOWLB-CAB-XL-NAVY-R,1
TOWLB-CAB-XL-6SETL,TOWLB-CAB-XL-ORANG-R,1
TOWLB-CAB-XL-6SETL,TOWLB-CAB-XL-PINK-R,1
TOWLB-CAB-XL-6SETL,TOWLB-CAB-XL-RED-R,1
TOWLB-CAB-XL-6SETL,TOWLB-CAB-XL-YELL-R,1
TOWLB-CAB-XL-6SETM,TOWLB-CAB-XL-NAVY-R,1
TOWLB-CAB-XL-6SETM,TOWLB-CAB-XL-PINK-R,1
TOWLB-DES-LG-4SET-BCHBRHT,TOWLB-DES-LG-BLPAR,1
TOWLB-DES-LG-4SET-BCHBRHT,TOWLB-DES-LG-BLUSKY,1
TOWLB-DES-LG-4SET-BCHBRHT,TOWLB-DES-LG-CLBSDA,1
TOWLB-DES-LG-4SET-BCHBRHT,TOWLB-DES-LG-SPCYLME,1
TOWLB-DES-LG-4SET-CLBHSE,TOWLB-DES-LG-BLUSKY,1
TOWLB-DES-LG-4SET-CLBHSE,TOWLB-DES-LG-MELLOW,1
TOWLB-DES-LG-4SET-CLBHSE,TOWLB-DES-LG-PSTPIER,1
TOWLB-DES-LG-4SET-CLBHSE,TOWLB-DES-LG-RSPROAD,1
TOWLB-DES-LG-4SET-CSTDRF,TOWLB-DES-LG-DRFT,1
TOWLB-DES-LG-4SET-CSTDRF,TOWLB-DES-LG-HBRTRS,1
TOWLB-DES-LG-4SET-CSTDRF,TOWLB-DES-LG-HRBLINE,1
TOWLB-DES-LG-4SET-CSTDRF,TOWLB-DES-LG-PALAG,1
TOWLB-DES-LG-4SET-ENDSUMR,TOWLB-SUM-LG-COLAGN,1
TOWLB-DES-LG-4SET-ENDSUMR,TOWLB-SUM-LG-MIAMI,1
TOWLB-DES-LG-4SET-ENDSUMR,TOWLB-SUM-LG-OCEAN,1
TOWLB-DES-LG-4SET-ENDSUMR,TOWLB-SUM-LG-TUTFRU,1
TOWLB-DES-LG-4SET-GLDHR,TOWLB-DES-LG-BLUSHBY,1
TOWLB-DES-LG-4SET-GLDHR,TOWLB-DES-LG-PCHBCH,1
TOWLB-DES-LG-4SET-GLDHR,TOWLB-DES-LG-SUNDAZE,1
TOWLB-DES-LG-4SET-GLDHR,TOWLB-DES-LG-SUNSAF,1
TOWLB-DES-LG-4SET-HAVANA,TOWLB-DES-LG-TROPTRT,1
TOWLB-DES-LG-4SET-HAVANA,TOWLB-DOB-LG-WILDTHG,1
TOWLB-DES-LG-4SET-HAVANA,TOWLB-SUM-LG-COLAGN,1
TOWLB-DES-LG-4SET-HAVANA,TOWLB-SUM-LG-MIAMI,1
TOWLB-DES-LG-4SET-MEDMOMT,TOWLB-DES-LG-GRECSHR,1
TOWLB-DES-LG-4SET-MEDMOMT,TOWLB-DES-LG-OCETRES,1
TOWLB-DES-LG-4SET-MEDMOMT,TOWLB-DES-LG-TANTIDE,1
TOWLB-DES-LG-4SET-MEDMOMT,TOWLB-SUM-LG-OCEAN,1
TOWLB-DES-LG-4SET-POSPARA,TOWLB-DES-LG-SWTESC,1
TOWLB-DES-LG-4SET-POSPARA,TOWLB-DES-LG-WTRSUG,1
TOWLB-DES-LG-4SET-POSPARA,TOWLB-DES-LG-WYWH,1
TOWLB-DES-LG-4SET-POSPARA,TOWLB-SUM-LG-TUTFRU,1
TOWLB-DES-LG-4SET-PRTYPNK,TOWLB-DES-LG-GTTLINES,1
TOWLB-DES-LG-4SET-PRTYPNK,TOWLB-DES-LG-PPVIBES,1
TOWLB-DES-LG-4SET-PRTYPNK,TOWLB-SUM-LG-CSTCANDY,1
TOWLB-DES-LG-4SET-PRTYPNK,TOWLB-SUM-LG-MIAMI,1
TOWLB-DES-LG-4SET-PSTPARA,TOWLB-CAB-LG-LTBLU-R,1
TOWLB-DES-LG-4SET-PSTPARA,TOWLB-CAB-LG-PINK-R,1
TOWLB-DES-LG-4SET-PSTPARA,TOWLB-DES-LG-BLUSHBY,1
TOWLB-DES-LG-4SET-PSTPARA,TOWLB-DES-LG-SEASOIR,1
TOWLB-DES-LG-4SET-SUNBLVD,TOWLB-DES-LG-BLUSPRIT,1
TOWLB-DES-LG-4SET-SUNBLVD,TOWLB-DES-LG-LEMWAV,1
TOWLB-DES-LG-4SET-SUNBLVD,TOWLB-SUM-LG-COLAGN,1
TOWLB-DES-LG-4SET-SUNBLVD,TOWLB-SUM-LG-MIAMI,1
TOWLB-DES-LG-4SET-SUNTROP,TOWLB-DES-LG-HOTTROP,1
TOWLB-DES-LG-4SET-SUNTROP,TOWLB-DES-LG-IBZAGLW,1
TOWLB-DES-LG-4SET-SUNTROP,TOWLB-DES-LG-PNKPARA,1
TOWLB-DES-LG-4SET-SUNTROP,TOWLB-DES-LG-TANTIDE,1
TOWLB-DES-LG-4SET-TANGGRN,TOWLB-DES-LG-CHECKMT,1
TOWLB-DES-LG-4SET-TANGGRN,TOWLB-DES-LG-GROOVCH,1
TOWLB-DES-LG-4SET-TANGGRN,TOWLB-SUM-LG-COLAGN,1
TOWLB-DES-LG-4SET-TANGGRN,TOWLB-SUM-LG-MIAMI,1
TOWLB-DES-LG-4SET-TRPDRF,TOWLB-DES-LG-DRFT,1
TOWLB-DES-LG-4SET-TRPDRF,TOWLB-DES-LG-PCHBCH,1
TOWLB-DES-LG-4SET-TRPDRF,TOWLB-SUM-LG-COLAGN,1
TOWLB-DES-LG-4SET-TRPDRF,TOWLB-SUM-LG-MIAMI,1
TOWLB-DES-LG-4SET-TRPJNG,TOWLB-CAB-LG-GREEN-R,1
TOWLB-DES-LG-4SET-TRPJNG,TOWLB-CAB-LG-PINK-R,1
TOWLB-DES-LG-4SET-TRPJNG,TOWLB-DES-LG-JNGLBLM,1
TOWLB-DES-LG-4SET-TRPJNG,TOWLB-SUM-LG-TUTFRU,1
TOWLB-DES-LG-6SET-BOBSHRS,TOWLB-CAB-LG-PINK-R,1
TOWLB-DES-LG-6SET-BOBSHRS,TOWLB-DES-LG-BLUSHBY,1
TOWLB-DES-LG-6SET-BOBSHRS,TOWLB-DES-LG-HRBLINE,1
TOWLB-DES-LG-6SET-BOBSHRS,TOWLB-DES-LG-PALAG,1
TOWLB-DES-LG-6SET-BOBSHRS,TOWLB-DES-LG-SUNDAZE,1
TOWLB-DES-LG-6SET-BOBSHRS,TOWLB-SUM-LG-OCEAN,1
TOWLB-DES-LG-6SET-GRTPARA,TOWLB-CAB-LG-BLUE-R,1
TOWLB-DES-LG-6SET-GRTPARA,TOWLB-CAB-LG-PINK-R,1
TOWLB-DES-LG-6SET-GRTPARA,TOWLB-DES-LG-GRTFRM,1
TOWLB-DES-LG-6SET-GRTPARA,TOWLB-DES-LG-JNGLBLM,1
TOWLB-DES-LG-6SET-GRTPARA,TOWLB-SUM-LG-COLAGN,1
TOWLB-DES-LG-6SET-GRTPARA,TOWLB-SUM-LG-TUTFRU,1
TOWLB-DES-LG-6SET-OCDRF,TOWLB-CAB-LG-NAVY-R,1
TOWLB-DES-LG-6SET-OCDRF,TOWLB-DES-LG-DRFT,1
TOWLB-DES-LG-6SET-OCDRF,TOWLB-DES-LG-HBRTRS,1
TOWLB-DES-LG-6SET-OCDRF,TOWLB-DES-LG-HRBLINE,1
TOWLB-DES-LG-6SET-OCDRF,TOWLB-DES-LG-PALAG,1
TOWLB-DES-LG-6SET-OCDRF,TOWLB-SUM-LG-OCEAN,1
TOWLB-DES-LG-6SET-PALPARA,TOWLB-DES-LG-HOTTROP,1
TOWLB-DES-LG-6SET-PALPARA,TOWLB-DES-LG-IBZAGLW,1
TOWLB-DES-LG-6SET-PALPARA,TOWLB-DES-LG-PNKPARA,1
TOWLB-DES-LG-6SET-PALPARA,TOWLB-DES-LG-SWTESC,1
TOWLB-DES-LG-6SET-PALPARA,TOWLB-DES-LG-TANTIDE,1
TOWLB-DES-LG-6SET-PALPARA,TOWLB-DES-LG-WYWH,1
TOWLB-DES-LG-6SET-POSTPALM,TOWLB-DES-LG-BLUSHBY,1
TOWLB-DES-LG-6SET-POSTPALM,TOWLB-DES-LG-GRTFRM,1
TOWLB-DES-LG-6SET-POSTPALM,TOWLB-DES-LG-HBRTRS,1
TOWLB-DES-LG-6SET-POSTPALM,TOWLB-DES-LG-JNGLBLM,1
TOWLB-DES-LG-6SET-POSTPALM,TOWLB-DES-LG-PALAG,1
TOWLB-DES-LG-6SET-POSTPALM,TOWLB-DES-LG-SEASOIR,1
TOWLB-DES-LG-6SET-SUMSUGA,TOWLB-DES-LG-BLUSPRIT,1
TOWLB-DES-LG-6SET-SUMSUGA,TOWLB-DES-LG-CHECKMT,1
TOWLB-DES-LG-6SET-SUMSUGA,TOWLB-DES-LG-GROOVCH,1
TOWLB-DES-LG-6SET-SUMSUGA,TOWLB-DES-LG-LEMWAV,1
TOWLB-DES-LG-6SET-SUMSUGA,TOWLB-SUM-LG-COLAGN,1
TOWLB-DES-LG-6SET-SUMSUGA,TOWLB-SUM-LG-MIAMI,1
TOWLB-DES-LG-6SET-SUNSORB,TOWLB-CAB-LG-PINK-R,1
TOWLB-DES-LG-6SET-SUNSORB,TOWLB-DES-LG-BLUSHBY,1
TOWLB-DES-LG-6SET-SUNSORB,TOWLB-DES-LG-PCHBCH,1
TOWLB-DES-LG-6SET-SUNSORB,TOWLB-DES-LG-SUNDAZE,1
TOWLB-DES-LG-6SET-SUNSORB,TOWLB-DES-LG-SUNSAF,1
TOWLB-DES-LG-6SET-SUNSORB,TOWLB-SUM-LG-MIAMI,1
TOWLB-DES-XG-4SET-PSTPARA,TOWLB-CAB-XL-LTBLU-R,1
TOWLB-DES-XG-4SET-PSTPARA,TOWLB-CAB-XL-PINK-R,1
TOWLB-DES-XG-4SET-PSTPARA,TOWLB-DES-XL-BLUSHBY,1
TOWLB-DES-XG-4SET-PSTPARA,TOWLB-DES-XL-SEASOIR,1
TOWLB-DES-XL-4SET-BCHBRHT,TOWLB-DES-XL-BLPAR,1
TOWLB-DES-XL-4SET-BCHBRHT,TOWLB-DES-XL-BLUSKY,1
TOWLB-DES-XL-4SET-BCHBRHT,TOWLB-DES-XL-CLBSDA,1
TOWLB-DES-XL-4SET-BCHBRHT,TOWLB-DES-XL-SPCYLME,1
TOWLB-DES-XL-4SET-CLBHSE,TOWLB-DES-XL-BLUSKY,1
TOWLB-DES-XL-4SET-CLBHSE,TOWLB-DES-XL-MELLOW,1
TOWLB-DES-XL-4SET-CLBHSE,TOWLB-DES-XL-PSTPIER,1
TOWLB-DES-XL-4SET-CLBHSE,TOWLB-DES-XL-RSPROAD,1
TOWLB-DES-XL-4SET-CSTDRF,TOWLB-DES-XL-DRFT,1
TOWLB-DES-XL-4SET-CSTDRF,TOWLB-DES-XL-HBRTRS,1
TOWLB-DES-XL-4SET-CSTDRF,TOWLB-DES-XL-HRBLINE,1
TOWLB-DES-XL-4SET-CSTDRF,TOWLB-DES-XL-PALAG,1
TOWLB-DES-XL-4SET-ENDSUMR,TOWLB-SUM-XL-COLAGN,1
TOWLB-DES-XL-4SET-ENDSUMR,TOWLB-SUM-XL-MIAMI,1
TOWLB-DES-XL-4SET-ENDSUMR,TOWLB-SUM-XL-OCEAN,1
TOWLB-DES-XL-4SET-ENDSUMR,TOWLB-SUM-XL-TUTFRU,1
TOWLB-DES-XL-4SET-GLDHR,TOWLB-DES-XL-BLUSHBY,1
TOWLB-DES-XL-4SET-GLDHR,TOWLB-DES-XL-PCHBCH,1
TOWLB-DES-XL-4SET-GLDHR,TOWLB-DES-XL-SUNDAZE,1
TOWLB-DES-XL-4SET-GLDHR,TOWLB-DES-XL-SUNSAF,1
TOWLB-DES-XL-4SET-GRTPARA,TOWLB-CAB-XL-BLUE-R,1
TOWLB-DES-XL-4SET-GRTPARA,TOWLB-CAB-XL-PINK-R,1
TOWLB-DES-XL-4SET-GRTPARA,TOWLB-DES-XL-GRTFRM,1
TOWLB-DES-XL-4SET-GRTPARA,TOWLB-DES-XL-JNGLBLM,1
TOWLB-DES-XL-4SET-GRTPARA,TOWLB-SUM-XL-COLAGN,1
TOWLB-DES-XL-4SET-GRTPARA,TOWLB-SUM-XL-TUTFRU,1
TOWLB-DES-XL-4SET-HAVANA,TOWLB-DES-XL-TROPTRT,1
TOWLB-DES-XL-4SET-HAVANA,TOWLB-DOB-XL-WILDTHG,1
TOWLB-DES-XL-4SET-HAVANA,TOWLB-SUM-XL-COLAGN,1
TOWLB-DES-XL-4SET-HAVANA,TOWLB-SUM-XL-MIAMI,1
TOWLB-DES-XL-4SET-MEDMOMT,TOWLB-DES-XL-GRECSHR,1
TOWLB-DES-XL-4SET-MEDMOMT,TOWLB-DES-XL-OCETRES,1
TOWLB-DES-XL-4SET-MEDMOMT,TOWLB-DES-XL-TANTIDE,1
TOWLB-DES-XL-4SET-MEDMOMT,TOWLB-SUM-XL-OCEAN,1
TOWLB-DES-XL-4SET-POSPARA,TOWLB-DES-XL-SWTESC,1
TOWLB-DES-XL-4SET-POSPARA,TOWLB-DES-XL-WTRSUG,1
TOWLB-DES-XL-4SET-POSPARA,TOWLB-DES-XL-WYWH,1
TOWLB-DES-XL-4SET-POSPARA,TOWLB-SUM-XL-TUTFRU,1
TOWLB-DES-XL-4SET-PRTYPNK,TOWLB-DES-XL-GTTLINES,1
TOWLB-DES-XL-4SET-PRTYPNK,TOWLB-DES-XL-PPVIBES,1
TOWLB-DES-XL-4SET-PRTYPNK,TOWLB-SUM-XL-CSTCANDY,1
TOWLB-DES-XL-4SET-PRTYPNK,TOWLB-SUM-XL-MIAMI,1
TOWLB-DES-XL-4SET-PSTPARA,TOWLB-CAB-XL-LTBLU-R,1
TOWLB-DES-XL-4SET-PSTPARA,TOWLB-CAB-XL-PINK-R,1
TOWLB-DES-XL-4SET-PSTPARA,TOWLB-DES-XL-BLUSHBY,1
TOWLB-DES-XL-4SET-PSTPARA,TOWLB-DES-XL-SEASOIR,1
TOWLB-DES-XL-4SET-SUNBLVD,TOWLB-DES-XL-BLUSPRIT,1
TOWLB-DES-XL-4SET-SUNBLVD,TOWLB-DES-XL-LEMWAV,1
TOWLB-DES-XL-4SET-SUNBLVD,TOWLB-SUM-XL-COLAGN,1
TOWLB-DES-XL-4SET-SUNBLVD,TOWLB-SUM-XL-MIAMI,1
TOWLB-DES-XL-4SET-SUNTROP,TOWLB-DES-XL-HOTTROP,1
TOWLB-DES-XL-4SET-SUNTROP,TOWLB-DES-XL-IBZAGLW,1
TOWLB-DES-XL-4SET-SUNTROP,TOWLB-DES-XL-PNKPARA,1
TOWLB-DES-XL-4SET-SUNTROP,TOWLB-DES-XL-TANTIDE,1
TOWLB-DES-XL-4SET-TANGGRN,TOWLB-DES-XL-CHECKMT,1
TOWLB-DES-XL-4SET-TANGGRN,TOWLB-DES-XL-GROOVCH,1
TOWLB-DES-XL-4SET-TANGGRN,TOWLB-SUM-XL-COLAGN,1
TOWLB-DES-XL-4SET-TANGGRN,TOWLB-SUM-XL-MIAMI,1
TOWLB-DES-XL-4SET-TRPDRF,TOWLB-DES-XL-DRFT,1
TOWLB-DES-XL-4SET-TRPDRF,TOWLB-DES-XL-PCHBCH,1
TOWLB-DES-XL-4SET-TRPDRF,TOWLB-SUM-XL-COLAGN,1
TOWLB-DES-XL-4SET-TRPDRF,TOWLB-SUM-XL-MIAMI,1
TOWLB-DES-XL-4SET-TRPJNG,TOWLB-CAB-XL-GREEN-R,1
TOWLB-DES-XL-4SET-TRPJNG,TOWLB-CAB-XL-PINK-R,1
TOWLB-DES-XL-4SET-TRPJNG,TOWLB-DES-XL-JNGLBLM,1
TOWLB-DES-XL-4SET-TRPJNG,TOWLB-SUM-XL-TUTFRU,1
TOWLB-DES-XL-6SET-BOBSHRS,TOWLB-CAB-XL-PINK-R,1
TOWLB-DES-XL-6SET-BOBSHRS,TOWLB-DES-XL-BLUSHBY,1
TOWLB-DES-XL-6SET-BOBSHRS,TOWLB-DES-XL-HRBLINE,1
TOWLB-DES-XL-6SET-BOBSHRS,TOWLB-DES-XL-PALAG,1
TOWLB-DES-XL-6SET-BOBSHRS,TOWLB-DES-XL-SUNDAZE,1
TOWLB-DES-XL-6SET-BOBSHRS,TOWLB-SUM-XL-OCEAN,1
TOWLB-DES-XL-6SET-OCDRF,TOWLB-CAB-XL-NAVY-R,1
TOWLB-DES-XL-6SET-OCDRF,TOWLB-DES-XL-DRFT,1
TOWLB-DES-XL-6SET-OCDRF,TOWLB-DES-XL-HBRTRS,1
TOWLB-DES-XL-6SET-OCDRF,TOWLB-DES-XL-HRBLINE,1
TOWLB-DES-XL-6SET-OCDRF,TOWLB-DES-XL-PALAG,1
TOWLB-DES-XL-6SET-OCDRF,TOWLB-SUM-XL-OCEAN,1
TOWLB-DES-XL-6SET-PALPARA,TOWLB-DES-XL-HOTTROP,1
TOWLB-DES-XL-6SET-PALPARA,TOWLB-DES-XL-IBZAGLW,1
TOWLB-DES-XL-6SET-PALPARA,TOWLB-DES-XL-PNKPARA,1
TOWLB-DES-XL-6SET-PALPARA,TOWLB-DES-XL-SWTESC,1
TOWLB-DES-XL-6SET-PALPARA,TOWLB-DES-XL-TANTIDE,1
TOWLB-DES-XL-6SET-PALPARA,TOWLB-DES-XL-WYWH,1
TOWLB-DES-XL-6SET-POSTPALM,TOWLB-DES-XL-BLUSHBY,1
TOWLB-DES-XL-6SET-POSTPALM,TOWLB-DES-XL-GRTFRM,1
TOWLB-DES-XL-6SET-POSTPALM,TOWLB-DES-XL-HBRTRS,1
TOWLB-DES-XL-6SET-POSTPALM,TOWLB-DES-XL-JNGLBLM,1
TOWLB-DES-XL-6SET-POSTPALM,TOWLB-DES-XL-PALAG,1
TOWLB-DES-XL-6SET-POSTPALM,TOWLB-DES-XL-SEASOIR,1
TOWLB-DES-XL-6SET-SUMSUGA,TOWLB-DES-XL-BLUSPRIT,1
TOWLB-DES-XL-6SET-SUMSUGA,TOWLB-DES-XL-CHECKMT,1
TOWLB-DES-XL-6SET-SUMSUGA,TOWLB-DES-XL-GROOVCH,1
TOWLB-DES-XL-6SET-SUMSUGA,TOWLB-DES-XL-LEMWAV,1
TOWLB-DES-XL-6SET-SUMSUGA,TOWLB-SUM-XL-COLAGN,1
TOWLB-DES-XL-6SET-SUMSUGA,TOWLB-SUM-XL-MIAMI,1
TOWLB-DES-XL-6SET-SUNSORB,TOWLB-CAB-XL-PINK-R,1
TOWLB-DES-XL-6SET-SUNSORB,TOWLB-DES-XL-BLUSHBY,1
TOWLB-DES-XL-6SET-SUNSORB,TOWLB-DES-XL-PCHBCH,1
TOWLB-DES-XL-6SET-SUNSORB,TOWLB-DES-XL-SUNDAZE,1
TOWLB-DES-XL-6SET-SUNSORB,TOWLB-DES-XL-SUNSAF,1
TOWLB-DES-XL-6SET-SUNSORB,TOWLB-SUM-XL-MIAMI,1
TOWLB-DES-XL-6SET-TROPICAN,TOWLB-DES-XL-BLUSPRIT,1
TOWLB-DES-XL-6SET-TROPICAN,TOWLB-DES-XL-LEMWAV,1
TOWLB-DES-XL-6SET-TROPICAN,TOWLB-DES-XL-TROPTRT,1
TOWLB-DES-XL-6SET-TROPICAN,TOWLB-DOB-XL-WILDTHG,1
TOWLB-DES-XL-6SET-TROPICAN,TOWLB-SUM-XL-COLAGN,1
TOWLB-DES-XL-6SET-TROPICAN,TOWLB-SUM-XL-MIAMI,1
TOWLB-KID-LG-4SET-CALMCRZY,TOWLB-CAB-LG-LTBLU-R,1
TOWLB-KID-LG-4SET-CALMCRZY,TOWLB-CAB-LG-NAVY-R,1
TOWLB-KID-LG-4SET-CALMCRZY,TOWLB-KID-LG-POWPOS,1
TOWLB-KID-LG-4SET-CALMCRZY,TOWLB-KID-LG-SANDSTRT,1
TOWLB-KID-LG-4SET-CHAOS,TOWLB-KID-LG-KARMCHAM,1
TOWLB-KID-LG-4SET-CHAOS,TOWLB-KID-LG-POWPOS,1
TOWLB-KID-LG-4SET-CHAOS,TOWLB-KID-LG-SANDSTRT,1
TOWLB-KID-LG-4SET-CHAOS,TOWLB-KID-LG-TURTROP,1
TOWLB-KID-LG-4SET-COOLKID,TOWLB-CAB-LG-LTBLU-R,1
TOWLB-KID-LG-4SET-COOLKID,TOWLB-CAB-LG-NAVY-R,1
TOWLB-KID-LG-4SET-COOLKID,TOWLB-KID-LG-BUILDBCH,1
TOWLB-KID-LG-4SET-COOLKID,TOWLB-KID-LG-SANDSTRT,1
TOWLB-KID-LG-4SET-MTCHMD,TOWLB-CAB-LG-LTBLU-R,1
TOWLB-KID-LG-4SET-MTCHMD,TOWLB-CAB-LG-NAVY-R,1
TOWLB-KID-LG-4SET-MTCHMD,TOWLB-KID-LG-KARMCHAM,1
TOWLB-KID-LG-4SET-MTCHMD,TOWLB-KID-LG-POWPOS,1
TOWLB-KID-LG-4SET-TECHCLR,TOWLB-CAB-LG-LTPNK-R,1
TOWLB-KID-LG-4SET-TECHCLR,TOWLB-KID-LG-POWPOS,1
TOWLB-KID-LG-4SET-TECHCLR,TOWLB-KID-LG-TURTROP,1
TOWLB-KID-LG-4SET-TECHCLR,TOWLB-SUM-LG-UNICN-R,1
TOWLB-KID-LG-4SETD,TOWLB-CAB-LG-LTBLU-R,1
TOWLB-KID-LG-4SETD,TOWLB-CAB-LG-LTGRY-R,1
TOWLB-KID-LG-4SETD,TOWLB-CAB-LG-LTPNK-R,1
TOWLB-KID-LG-4SETD,TOWLB-CAB-LG-NAVY-R,1
TOWLB-KID-LG-4SETH,TOWLB-CAB-LG-LTBLU-R,1
TOWLB-KID-LG-4SETH,TOWLB-CAB-LG-LTPNK-R,1
TOWLB-KID-LG-4SETH,TOWLB-CAB-LG-NAVY-R,1
TOWLB-KID-LG-4SETH,TOWLB-SUM-LG-UNICN-R,1
TOWLB-KID-LG-6SET-EXPYOU,TOWLB-CAB-LG-LTBLU-R,1
TOWLB-KID-LG-6SET-EXPYOU,TOWLB-CAB-LG-NAVY-R,1
TOWLB-KID-LG-6SET-EXPYOU,TOWLB-KID-LG-BUILDBCH,1
TOWLB-KID-LG-6SET-EXPYOU,TOWLB-KID-LG-KARMCHAM,1
TOWLB-KID-LG-6SET-EXPYOU,TOWLB-KID-LG-POWPOS,1
TOWLB-KID-LG-6SET-EXPYOU,TOWLB-KID-LG-SANDSTRT,1
TOWLB-KID-LG-6SET-JOYDISC,TOWLB-CAB-LG-LTBLU-R,1
TOWLB-KID-LG-6SET-JOYDISC,TOWLB-CAB-LG-LTPNK-R,1
TOWLB-KID-LG-6SET-JOYDISC,TOWLB-KID-LG-POWPOS,1
TOWLB-KID-LG-6SET-JOYDISC,TOWLB-KID-LG-SANDSTRT,1
TOWLB-KID-LG-6SET-JOYDISC,TOWLB-KID-LG-TURTROP,1
TOWLB-KID-LG-6SET-JOYDISC,TOWLB-SUM-LG-UNICN-R,1
TOWLB-KID-MD-4SET-CALMCRZY,TOWLB-CAB-MD-LTBLU,1
TOWLB-KID-MD-4SET-CALMCRZY,TOWLB-CAB-MD-NAVY,1
TOWLB-KID-MD-4SET-CALMCRZY,TOWLB-KID-MD-POWPOS,1
TOWLB-KID-MD-4SET-CALMCRZY,TOWLB-KID-MD-SANDSTRT,1
TOWLB-KID-MD-4SET-CHAOS,TOWLB-KID-MD-KARMCHAM,1
TOWLB-KID-MD-4SET-CHAOS,TOWLB-KID-MD-POWPOS,1
TOWLB-KID-MD-4SET-CHAOS,TOWLB-KID-MD-SANDSTRT,1
TOWLB-KID-MD-4SET-CHAOS,TOWLB-KID-MD-TURTROP,1
TOWLB-KID-MD-4SET-COOLKID,TOWLB-CAB-MD-LTBLU,1
TOWLB-KID-MD-4SET-COOLKID,TOWLB-CAB-MD-NAVY,1
TOWLB-KID-MD-4SET-COOLKID,TOWLB-KID-MD-BUILDBCH,1
TOWLB-KID-MD-4SET-COOLKID,TOWLB-KID-MD-SANDSTRT,1
TOWLB-KID-MD-4SET-MTCHMD,TOWLB-CAB-MD-LTBLU,1
TOWLB-KID-MD-4SET-MTCHMD,TOWLB-CAB-MD-NAVY,1
TOWLB-KID-MD-4SET-MTCHMD,TOWLB-KID-MD-KARMCHAM,1
TOWLB-KID-MD-4SET-MTCHMD,TOWLB-KID-MD-POWPOS,1
TOWLB-KID-MD-4SET-TECHCLR,TOWLB-CAB-MD-LTPNK,1
TOWLB-KID-MD-4SET-TECHCLR,TOWLB-KID-MD-POWPOS,1
TOWLB-KID-MD-4SET-TECHCLR,TOWLB-KID-MD-TURTROP,1
TOWLB-KID-MD-4SET-TECHCLR,TOWLB-SUM-MD-UNICN,1
TOWLB-KID-MD-4SETH,TOWLB-CAB-MD-LTBLU,1
TOWLB-KID-MD-4SETH,TOWLB-CAB-MD-LTPNK,1
TOWLB-KID-MD-4SETH,TOWLB-CAB-MD-NAVY,1
TOWLB-KID-MD-4SETH,TOWLB-SUM-MD-UNICN,1
TOWLB-KID-MD-6SET-EXPYOU,TOWLB-CAB-MD-LTBLU,1
TOWLB-KID-MD-6SET-EXPYOU,TOWLB-CAB-MD-NAVY,1
TOWLB-KID-MD-6SET-EXPYOU,TOWLB-KID-MD-BUILDBCH,1
TOWLB-KID-MD-6SET-EXPYOU,TOWLB-KID-MD-KARMCHAM,1
TOWLB-KID-MD-6SET-EXPYOU,TOWLB-KID-MD-POWPOS,1
TOWLB-KID-MD-6SET-EXPYOU,TOWLB-KID-MD-SANDSTRT,1
TOWLB-KID-MD-6SET-JOYDISC,TOWLB-CAB-MD-LTBLU,1
TOWLB-KID-MD-6SET-JOYDISC,TOWLB-CAB-MD-LTPNK,1
TOWLB-KID-MD-6SET-JOYDISC,TOWLB-KID-MD-POWPOS,1
TOWLB-KID-MD-6SET-JOYDISC,TOWLB-KID-MD-SANDSTRT,1
TOWLB-KID-MD-6SET-JOYDISC,TOWLB-KID-MD-TURTROP,1
TOWLB-KID-MD-6SET-JOYDISC,TOWLB-SUM-MD-UNICN,1
TOWLB-KID-MD-6SET-SPLASH,TOWLB-CAB-MD-LTBLU,1
TOWLB-KID-MD-6SET-SPLASH,TOWLB-CAB-MD-LTPNK,1
TOWLB-KID-MD-6SET-SPLASH,TOWLB-KID-MD-KARMCHAM,1
TOWLB-KID-MD-6SET-SPLASH,TOWLB-KID-MD-SANDSTRT,1
TOWLB-KID-MD-6SET-SPLASH,TOWLB-KID-MD-TURTROP,1
TOWLB-KID-MD-6SET-SPLASH,TOWLB-SUM-MD-UNICN,1
TOWLB-SUM-LG-6SET-DSCPRT,TOWLB-SUM-LG-COLAGN,1
TOWLB-SUM-LG-6SET-DSCPRT,TOWLB-SUM-LG-CSTCANDY,1
TOWLB-SUM-LG-6SET-DSCPRT,TOWLB-SUM-LG-DKDIS,1
TOWLB-SUM-LG-6SET-DSCPRT,TOWLB-SUM-LG-MIAMI,1
TOWLB-SUM-LG-6SET-DSCPRT,TOWLB-SUM-LG-OCEAN,1
TOWLB-SUM-LG-6SET-DSCPRT,TOWLB-SUM-LG-TUTFRU,1
TOWLB-SUM-LG-6SET-RAINSHRS,TOWLB-SUM-LG-COLAGN,1
TOWLB-SUM-LG-6SET-RAINSHRS,TOWLB-SUM-LG-CSTCANDY,1
TOWLB-SUM-LG-6SET-RAINSHRS,TOWLB-SUM-LG-MIAMI,1
TOWLB-SUM-LG-6SET-RAINSHRS,TOWLB-SUM-LG-RAINB-R,1
TOWLB-SUM-LG-6SET-RAINSHRS,TOWLB-SUM-LG-SANDSEA,1
TOWLB-SUM-LG-6SET-RAINSHRS,TOWLB-SUM-LG-UNICN-R,1
TOWLB-SUM-XL-6SET-DSCPRT,TOWLB-SUM-XL-COLAGN,1
TOWLB-SUM-XL-6SET-DSCPRT,TOWLB-SUM-XL-CSTCANDY,1
TOWLB-SUM-XL-6SET-DSCPRT,TOWLB-SUM-XL-DKDIS,1
TOWLB-SUM-XL-6SET-DSCPRT,TOWLB-SUM-XL-MIAMI,1
TOWLB-SUM-XL-6SET-DSCPRT,TOWLB-SUM-XL-OCEAN,1
TOWLB-SUM-XL-6SET-DSCPRT,TOWLB-SUM-XL-TUTFRU,1
TOWLB-SUM-XL-6SET-RAINSHRS,TOWLB-SUM-XL-COLAGN,1
TOWLB-SUM-XL-6SET-RAINSHRS,TOWLB-SUM-XL-CSTCANDY,1
TOWLB-SUM-XL-6SET-RAINSHRS,TOWLB-SUM-XL-MIAMI,1
TOWLB-SUM-XL-6SET-RAINSHRS,TOWLB-SUM-XL-RAINB-R,1
TOWLB-SUM-XL-6SET-RAINSHRS,TOWLB-SUM-XL-SANDSEA,1
TOWLB-SUM-XL-6SET-RAINSHRS,TOWLB-SUM-XL-UNICN-R,1
TOWLF-ESS-LG-4SET-R,TOWLF-ESS-LG-BLUE-R,1
TOWLF-ESS-LG-4SET-R,TOWLF-ESS-LG-GREEN-R,1
TOWLF-ESS-LG-4SET-R,TOWLF-ESS-LG-GREY-R,1
TOWLF-ESS-LG-4SET-R,TOWLF-ESS-LG-PINK-R,1
TOWLF-ESS-LG-6SET,TOWLF-ESS-LG-BLUE-R,1
TOWLF-ESS-LG-6SET,TOWLF-ESS-LG-DKBLU,1
TOWLF-ESS-LG-6SET,TOWLF-ESS-LG-GREEN-R,1
TOWLF-ESS-LG-6SET,TOWLF-ESS-LG-GREY-R,1
TOWLF-ESS-LG-6SET,TOWLF-ESS-LG-LTPPL,1
TOWLF-ESS-LG-6SET,TOWLF-ESS-LG-PINK-R,1
TOWLF-ESS-XL-4SET-R,TOWLF-ESS-XL-BLUE-R,1
TOWLF-ESS-XL-4SET-R,TOWLF-ESS-XL-GREEN-R,1
TOWLF-ESS-XL-4SET-R,TOWLF-ESS-XL-GREY-R,1
TOWLF-ESS-XL-4SET-R,TOWLF-ESS-XL-PINK-R,1
TOWLF-ESS-XL-6SET,TOWLF-ESS-XL-BLUE-R,1
TOWLF-ESS-XL-6SET,TOWLF-ESS-XL-DKBLU,1
TOWLF-ESS-XL-6SET,TOWLF-ESS-XL-GREEN-R,1
TOWLF-ESS-XL-6SET,TOWLF-ESS-XL-GREY-R,1
TOWLF-ESS-XL-6SET,TOWLF-ESS-XL-LTPPL,1
TOWLF-ESS-XL-6SET,TOWLF-ESS-XL-PINK-R,1
TOWLH-CBH-XL-4SET,TOWLH-CBH-XL-CREAM,1
TOWLH-CBH-XL-4SET,TOWLH-CBH-XL-FOAM,1
TOWLH-CBH-XL-4SET,TOWLH-CBH-XL-NAVY,1
TOWLH-CBH-XL-4SET,TOWLH-CBH-XL-PINK,1
TOWLH-CLB-3SET-CHRYBMB,TOWLH-CLB-LG-CHRYBMB,1
TOWLH-CLB-3SET-CHRYBMB,TOWLH-CLB-SM-CHRYBMB,1
TOWLH-CLB-3SET-CHRYBMB,TOWLH-CLB-XL-CHRYBMB,1
TOWLH-CLB-3SET-MIDFIZ,TOWLH-CLB-LG-MIDNFIZ,1
TOWLH-CLB-3SET-MIDFIZ,TOWLH-CLB-SM-MIDNFIZ,1
TOWLH-CLB-3SET-MIDFIZ,TOWLH-CLB-XL-MIDNFIZ,1
TOWLH-CLB-3SET-PEPPNCH,TOWLH-CLB-LG-PEPPNCH,1
TOWLH-CLB-3SET-PEPPNCH,TOWLH-CLB-SM-PEPPNCH,1
TOWLH-CLB-3SET-PEPPNCH,TOWLH-CLB-XL-PEPPNCH,1
TOWLH-CLB-6SET-CHRYBMB,TOWLH-CLB-LG-CHRYBMB,1
TOWLH-CLB-6SET-CHRYBMB,TOWLH-CLB-SM-CHRYBMB,1
TOWLH-CLB-6SET-CHRYBMB,TOWLH-CLB-XL-CHRYBMB,1
TOWLH-CLB-6SET-MIDFIZ,TOWLH-CLB-LG-MIDNFIZ,2
TOWLH-CLB-6SET-MIDFIZ,TOWLH-CLB-SM-MIDNFIZ,2
TOWLH-CLB-6SET-MIDFIZ,TOWLH-CLB-XL-MIDNFIZ,2
TOWLH-CLB-6SET-PNCHPAIR,TOWLH-CLB-LG-CHRYBMB,1
TOWLH-CLB-6SET-PNCHPAIR,TOWLH-CLB-LG-PEPPNCH,1
TOWLH-CLB-6SET-PNCHPAIR,TOWLH-CLB-SM-CHRYBMB,1
TOWLH-CLB-6SET-PNCHPAIR,TOWLH-CLB-SM-PEPPNCH,1
TOWLH-CLB-6SET-PNCHPAIR,TOWLH-CLB-XL-CHRYBMB,1
TOWLH-CLB-6SET-PNCHPAIR,TOWLH-CLB-XL-PEPPNCH,1
TOWLH-CLB-LG-4SET-FIZPAIR,TOWLH-CLB-LG-CHRYBMB,2
TOWLH-CLB-LG-4SET-FIZPAIR,TOWLH-CLB-LG-MIDNFIZ,2
TOWLH-CLB-LG-4SET-PNCHPAIR,TOWLH-CLB-LG-CHRYBMB,1
TOWLH-CLB-LG-4SET-PNCHPAIR,TOWLH-CLB-LG-PEPPNCH,1
TOWLH-CLB-XL-4SET-FIZPAIR,TOWLH-CLB-XL-CHRYBMB,2
TOWLH-CLB-XL-4SET-FIZPAIR,TOWLH-CLB-XL-MIDNFIZ,2
TOWLH-CLB-XL-4SET-PNCHPAIR,TOWLH-CLB-XL-CHRYBMB,1
TOWLH-CLB-XL-4SET-PNCHPAIR,TOWLH-CLB-XL-PEPPNCH,1
TOWLH-DES-3SET-BOHMDRM,TOWLH-DES-LG-BOHMDRM,1
TOWLH-DES-3SET-BOHMDRM,TOWLH-DES-SM-BOHMDRM,1
TOWLH-DES-3SET-BOHMDRM,TOWLH-DES-XL-BOHMDRM,1
TOWLH-DES-3SET-TIGPALM,TOWLH-DES-LG-TIGPALM,1
TOWLH-DES-3SET-TIGPALM,TOWLH-DES-SM-TIGPALM,1
TOWLH-DES-3SET-TIGPALM,TOWLH-DES-XL-TIGPALM,1
TOWLH-DES-6SET-TIGPALM,TOWLH-DES-LG-TIGPALM,1
TOWLH-DES-6SET-TIGPALM,TOWLH-DES-SM-TIGPALM,1
TOWLH-DES-6SET-TIGPALM,TOWLH-DES-XL-TIGPALM,1
