SKU,category,subcategory
,,
ACTIVE-LAR-BLUE,Towel - Beach,Towel - Beach CORE
ACTIVE-LAR-GREEN,Towel - Beach,Towel - Beach CORE
ACTIVE-LAR-GREY,Towel - Beach,Towel - Beach CORE
ACTIVE-LAR-ORANGE,Towel - Beach,Towel - Beach CORE
ACTIVE-LAR-PINK,Towel - Beach,Towel - Beach CORE
ACTIVE-LAR-RED,Towel - Beach,Towel - Beach CORE
ACTIVE-SML-4SET,Towel - Beach,Towel - Beach CORE
ACTIVE-SML-5SET,Towel - Beach,Towel - Beach CORE
ACTIVE-SML-BLUE,Towel - Beach,Towel - Beach CORE
ACTIVE-SML-GREEN,Towel - Beach,Towel - Beach CORE
ACTIVE-SML-GREY,Towel - Beach,Towel - Beach CORE
ACTIVE-SML-ORANGE,Towel - Beach,Towel - Beach CORE
ACTIVE-SML-PINK,Towel - Beach,Towel - Beach CORE
ACTIVE-SML-RED,Towel - Beach,Towel - Beach CORE
ACTIVE-XLG-4SET,Towel - Beach,Towel - Beach CORE
ACTIVE-XLG-5SET,Towel - Beach,Towel - Beach CORE
ACTIVE-XLG-BLUE,Towel - Beach,Towel - Beach CORE
ACTIVE-XLG-GREEN,Towel - Beach,Towel - Beach CORE
ACTIVE-XLG-GREY,Towel - Beach,Towel - Beach CORE
ACTIVE-XLG-ORANGE,Towel - Beach,Towel - Beach CORE
ACTIVE-XLG-PINK,Towel - Beach,Towel - Beach CORE
ACTIVE-XLG-RED,Towel - Beach,Towel - Beach CORE
AMZ-BAGF,Bag - Foldable,Bag - Foldable
AMZ-DOGTWL,,
AMZ-PICNIC,Picnic Blanket,Picnic Blanket
AMZ-ROBE,,
BA…TEATWL-MD-GRTFROM,,
BABIATOR-MD-LTPCH,,
BABIATOR-MD-LTPNK,,
BABIATOR-MD-NAVY,,
BABIATOR-MD-SQUIG,,
BABIATOR-SM-LTPCH,,
BABIATOR-SM-LTPNK,,
BABIATOR-SM-NAVY,,
BABIATOR-SM-SQUIG,,
BAGBCH-MD-MNTID,Bag - Beach,Bag - Beach
BAGBCH-MD-NAVY,Bag - Beach,Bag - Beach
BAGBCH-MD-OLIVE,Bag - Beach,Bag - Beach
BAGBCH-MD-PSTPIER,Bag - Beach,Bag - Beach
BAGBCH-MD-RSPROAD,Bag - Beach,Bag - Beach
BAGBCH-MD-SUNKISS,Bag - Beach,Bag - Beach
BAGCOOL-MD-APPLTRT,Bag - Cooling,Bag - Cooling
BAGCOOL-MD-COLCLUB,Bag - Cooling,Bag - Cooling
BAGCOOL-MD-DKDIS,Bag - Cooling,Bag - Cooling
BAGCOOL-MD-MOJSPZ,Bag - Cooling,Bag - Cooling
BAGCOOL-MD-NAVY,Bag - Cooling,Bag - Cooling
BAGDRY-MD-BLUSKY,Bag - Dry MD,Bag - Dry MD
BAGDRY-MD-IBZAGLW,Bag - Dry MD,Bag - Dry MD
BAGDRY-MD-MIAMI,Bag - Dry MD,Bag - Dry MD
BAGDRY-MD-NAVY,Bag - Dry MD,Bag - Dry MD
BAGDRY-MD-PSTPIER,Bag - Dry MD,Bag - Dry MD
BAGDRY-MD-WAVYBBY,Bag - Dry MD,Bag - Dry MD
BAGDRY-XS-BLKPAR,Bag - Dry XS,Bag - Dry XS
BAGDRY-XS-BLUSKY,Bag - Dry XS,Bag - Dry XS
BAGDRY-XS-HOTTROP,Bag - Dry XS,Bag - Dry XS
BAGDRY-XS-MELLOW,Bag - Dry XS,Bag - Dry XS
BAGDRY-XS-MIAMI,Bag - Dry XS,Bag - Dry XS
BAGDRY-XS-NAVY,Bag - Dry XS,Bag - Dry XS
BAGDRY-XS-PSTPIER,Bag - Dry XS,Bag - Dry XS
BAGDRY-XS-RSPROAD,Bag - Dry XS,Bag - Dry XS
BAGDRY-XS-WAVYBBY,Bag - Dry XS,Bag - Dry XS
BAGDRY-XS-WYWH,Bag - Dry XS,Bag - Dry XS
BAGF-CAB-MD-LTPNK,Bag - Foldable,Bag - Foldable
BAGF-CAB-MD-NAVY,Bag - Foldable,Bag - Foldable
BAGF-CAB-MD-POSPIN,Bag - Foldable,Bag - Foldable
BAGF-DES-MD-ALF,Bag - Foldable,Bag - Foldable
BAGF-DES-MD-BANARAM,Bag - Foldable,Bag - Foldable
BAGF-DES-MD-CHECKMT,Bag - Foldable,Bag - Foldable
BAGF-DES-MD-GROOVCH,Bag - Foldable,Bag - Foldable
BAGF-DES-MD-GYOW,Bag - Foldable,Bag - Foldable
BAGF-DES-MD-IBZAGLW,Bag - Foldable,Bag - Foldable
BAGF-DES-MD-JNGLBLM,Bag - Foldable,Bag - Foldable
BAGF-DES-MD-PALAG,Bag - Foldable,Bag - Foldable
BAGF-DES-MD-PKTSUN,Bag - Foldable,Bag - Foldable
BAGF-DES-MD-SPRCLUB,Bag - Foldable,Bag - Foldable
BAGF-DES-MD-STRIPLIFE,Bag - Foldable,Bag - Foldable
BAGF-DES-MD-TOTE,Bag - Foldable,Bag - Foldable
BAGF-DES-MD-WAVYBBY,Bag - Foldable,Bag - Foldable
BAGF-DES-MD-WTRSUG,Bag - Foldable,Bag - Foldable
BAGF-DES-MD-WYWH,Bag - Foldable,Bag - Foldable
BAGF-KID-MD-SQUIG,Bag - Foldable,Bag - Foldable
BAGF-MD-4PAK-GETWAV,Bag - Foldable,Bag - Foldable
BAGF-MD-4PAK-LTPNK,Bag - Foldable,Bag - Foldable
BAGF-MD-4PAK-NAVY,Bag - Foldable,Bag - Foldable
BAGF-MD-4PAK-UNICN,Bag - Foldable,Bag - Foldable
BAGF-MD-4SETA,Bag - Foldable,Bag - Foldable
BAGF-MD-5SETA,Bag - Foldable,Bag - Foldable
BAGF-MD-MARINDRM,Bag - Foldable,Bag - Foldable
BAGF-MD-TERATROP,Bag - Foldable,Bag - Foldable
BAGF-SGW-MD-GETWAV,Bag - Foldable,Bag - Foldable
BAGF-SUM-MD-COLAGN,Bag - Foldable,Bag - Foldable
BAGF-SUM-MD-CSTCANDY,Bag - Foldable,Bag - Foldable
BAGF-SUM-MD-MIAMI,Bag - Foldable,Bag - Foldable
BAGF-SUM-MD-OCEAN,Bag - Foldable,Bag - Foldable
BAGF-SUM-MD-TUTFRU,Bag - Foldable,Bag - Foldable
BAGF-SUM-MD-UNICN,Bag - Foldable,Bag - Foldable
BAGTOI-MD-BOHMDRM,Bag - Toiletry,Bag - Toiletry
BAGTOI-MD-CACTMNTN,Bag - Toiletry,Bag - Toiletry
BAGTOI-MD-CHRYBMB,Bag - Toiletry,Bag - Toiletry
BAGTOI-MD-NAVY,Bag - Toiletry,Bag - Toiletry
BAGTOI-MD-PEPPNCH,Bag - Toiletry,Bag - Toiletry
BAGTOI-MD-PINK,Bag - Toiletry,Bag - Toiletry
BAGTOI-MD-SEASOIR,Bag - Toiletry,Bag - Toiletry
BALLAST-CAB-NAVY,Beach Pillow,Beach Pillow
BALLAST-DES-GRECSH,Beach Pillow,Beach Pillow
BALLAST-SUM-BLUSKY,Beach Pillow,Beach Pillow
BALLAST-SUM-CSTCANDY,Beach Pillow,Beach Pillow
BALLAST-SUM-MELLOW,Beach Pillow,Beach Pillow
BALLAST-SUM-MIAMI,Beach Pillow,Beach Pillow
BALLAST-SUM-PSTPIER,Beach Pillow,Beach Pillow
BALLAST-SUM-RSPROAD,Beach Pillow,Beach Pillow
BOTTL-CAB-LTBLU,,
BOTTL-CAB-LTGRE,,
BOTTL-CAB-LTPNK,,
BOTTL-CAB-NAVY,,
BOTTL-CAB-XLSET-LTBLU,,
BOTTL-CAB-XLSET-LTGRE,,
BOTTL-CAB-XLSET-LTPNK,,
BOTTL-CAB-XLSET-NAVY,,
BOTTL-SUM-UNICN,,
BOTTL-SUM-XLSET-UNICN,,
BUNDLE-ATHL-BLUE1,Towel - Beach,Towel - Beach CORE
BUNDLE-ATHL-GREY1,Towel - Beach,Towel - Beach CORE
BUNDLE-ATHL-PINK1,Towel - Beach,Towel - Beach CORE
BUNDLE-BABIATOR-MD-LTPCH-TOWLB-SUM-MD-UNICN,,
BUNDLE-BABIATOR-MD-LTPNK-TOWLB-CAB-MD-LTPNK,,
BUNDLE-BABIATOR-MD-NAVY-TOWLB-CAB-MD-NAVY,,
BUNDLE-BABIATOR-MD-SQUIG-TOWLB-KID-MD-SQUIG,,
BUNDLE-BABIATOR-SM-LTPCH-TOWLB-SUM-MD-UNICN,,
BUNDLE-BABIATOR-SM-LTPNK-TOWLB-CAB-MD-LTPNK,,
BUNDLE-BABIATOR-SM-NAVY-TOWLB-CAB-MD-NAVY,,
BUNDLE-BABIATOR-SM-SQUIG-TOWLB-KID-MD-SQUIG,,
BUNDLE-BAGF-TOWLB-CAB-LTPNK,,
BUNDLE-BAGF-TOWLB-CAB-NAVY,,
BUNDLE-BAGF-TOWLB-DES-LIFELEM,,
BUNDLE-BAGF-TOWLB-DES-MARINDRM,,
BUNDLE-BAGF-TOWLB-DES-TERATROP,,
BUNDLE-BAGF-TOWLB-KID-SQUIG,,
BUNDLE-BAGF-TOWLB-SGW-GETWAV,,
BUNDLE-BAGF-TOWLB-SUM-UNICN,,
BUNDLE-BATH-TIGPALM,,
BUNDLE-BEACH-KIT-PICNIC-CAB-LG-LTBGE-SETA,,
BUNDLE-BEACH-KIT-PICNIC-CAB-LG-LTBGE-SETB,,
BUNDLE-BEACH-KIT-PICNIC-CAB-LG-LTBGE-SETC,,
BUNDLE-BEACH-KIT-PICNIC-CAB-LG-LTBGE-SETD,,
BUNDLE-BEACH-KIT-PICNIC-CAB-LG-NAVY-SETA,,
BUNDLE-BEACH-KIT-PICNIC-CAB-LG-NAVY-SETB,,
BUNDLE-BEACH-KIT-PICNIC-CAB-LG-NAVY-SETC,,
BUNDLE-BEACH-KIT-PICNIC-CAB-LG-NAVY-SETD,,
BUNDLE-BEACH-KIT-PICNIC-CAB-LG-NAVY-SETE,,
BUNDLE-BEACH-KIT-PICNIC-CAB-LG-NAVY-SETF,,
BUNDLE-BEACH-KIT-PICNIC-CAB-LG-NAVY-SETG,,
BUNDLE-BEACH-KIT-PICNIC-CAB-LG-NAVY-SETH,,
BUNDLE-BEACH-KIT-PICNIC-CAB-XL-LTBGE-SETA,,
BUNDLE-BEACH-KIT-PICNIC-CAB-XL-LTBGE-SETB,,
BUNDLE-BEACH-KIT-PICNIC-CAB-XL-LTBGE-SETC,,
BUNDLE-BEACH-KIT-PICNIC-CAB-XL-LTBGE-SETD,,
BUNDLE-BEACH-KIT-PICNIC-CAB-XL-NAVY-SETA,,
BUNDLE-BEACH-KIT-PICNIC-CAB-XL-NAVY-SETB,,
BUNDLE-BEACH-KIT-PICNIC-CAB-XL-NAVY-SETC,,
BUNDLE-BEACH-KIT-PICNIC-CAB-XL-NAVY-SETD,,
BUNDLE-BEACH-KIT-PICNIC-CAB-XL-NAVY-SETE,,
BUNDLE-BEACH-KIT-PICNIC-CAB-XL-NAVY-SETF,,
BUNDLE-BEACH-KIT-PICNIC-CAB-XL-NAVY-SETG,,
BUNDLE-BEACH-KIT-PICNIC-CAB-XL-NAVY-SETH,,
BUNDLE-BEACH-KIT-PICNIC-GIN-LG-BLUE-SETA,,
BUNDLE-BEACH-KIT-PICNIC-GIN-LG-BLUE-SETB,,
BUNDLE-BEACH-KIT-PICNIC-GIN-LG-BLUE-SETC,,
BUNDLE-BEACH-KIT-PICNIC-GIN-LG-BLUE-SETD,,
BUNDLE-BEACH-KIT-PICNIC-GIN-LG-BLUE-SETE,,
BUNDLE-BEACH-KIT-PICNIC-GIN-LG-PINK-SETA,,
BUNDLE-BEACH-KIT-PICNIC-GIN-LG-PINK-SETB,,
BUNDLE-BEACH-KIT-PICNIC-GIN-LG-PINK-SETC,,
BUNDLE-BEACH-KIT-PICNIC-GIN-LG-PINK-SETD,,
BUNDLE-BEACH-KIT-PICNIC-GIN-LG-PINK-SETE,,
BUNDLE-BEACH-KIT-PICNIC-GIN-LG-PINK-SETF,,
BUNDLE-BEACH-KIT-PICNIC-GIN-XL-BLUE-SETA,,
BUNDLE-BEACH-KIT-PICNIC-GIN-XL-BLUE-SETB,,
BUNDLE-BEACH-KIT-PICNIC-GIN-XL-BLUE-SETC,,
BUNDLE-BEACH-KIT-PICNIC-GIN-XL-BLUE-SETD,,
BUNDLE-BEACH-KIT-PICNIC-GIN-XL-BLUE-SETE,,
BUNDLE-BEACH-KIT-PICNIC-GIN-XL-PINK-SETA,,
BUNDLE-BEACH-KIT-PICNIC-GIN-XL-PINK-SETB,,
BUNDLE-BEACH-KIT-PICNIC-GIN-XL-PINK-SETC,,
BUNDLE-BEACH-KIT-PICNIC-GIN-XL-PINK-SETD,,
BUNDLE-BEACH-KIT-PICNIC-GIN-XL-PINK-SETE,,
BUNDLE-BEACH-KIT-PICNIC-GIN-XL-PINK-SETF,,
BUNDLE-BEACH-KIT-PICNIC-SGW-LG-GETWAV-SETA,,
BUNDLE-BEACH-KIT-PICNIC-SGW-LG-GETWAV-SETB,,
BUNDLE-BEACH-KIT-PICNIC-SGW-LG-GETWAV-SETC,,
BUNDLE-BEACH-KIT-PICNIC-SGW-LG-GETWAV-SETD,,
BUNDLE-BEACH-KIT-PICNIC-SGW-XL-GETWAV-SETA,,
BUNDLE-BEACH-KIT-PICNIC-SGW-XL-GETWAV-SETB,,
BUNDLE-BEACH-KIT-PICNIC-SGW-XL-GETWAV-SETC,,
BUNDLE-BEACH-KIT-PICNIC-SGW-XL-GETWAV-SETD,,
BUNDLE-BEACH-KIT-TOWLB-CAB-X2-LTPNK-LG-SETA,,
BUNDLE-BEACH-KIT-TOWLB-CAB-X2-LTPNK-LG-SETB,,
BUNDLE-BEACH-KIT-TOWLB-CAB-X2-LTPNK-LG-SETC,,
BUNDLE-BEACH-KIT-TOWLB-CAB-X2-LTPNK-LG-SETD,,
BUNDLE-BEACH-KIT-TOWLB-CAB-X2-LTPNK-LG-SETE,,
BUNDLE-BEACH-KIT-TOWLB-CAB-X2-LTPNK-XL-SETA,,
BUNDLE-BEACH-KIT-TOWLB-CAB-X2-LTPNK-XL-SETB,,
BUNDLE-BEACH-KIT-TOWLB-CAB-X2-LTPNK-XL-SETC,,
BUNDLE-BEACH-KIT-TOWLB-CAB-X2-LTPNK-XL-SETD,,
BUNDLE-BEACH-KIT-TOWLB-CAB-X2-LTPNK-XL-SETE,,
BUNDLE-BEACH-KIT-TOWLB-CAB-X2-NAVY-LG-SETA,,
BUNDLE-BEACH-KIT-TOWLB-CAB-X2-NAVY-LG-SETB,,
BUNDLE-BEACH-KIT-TOWLB-CAB-X2-NAVY-LG-SETC,,
BUNDLE-BEACH-KIT-TOWLB-CAB-X2-NAVY-LG-SETD,,
BUNDLE-BEACH-KIT-TOWLB-CAB-X2-NAVY-LG-SETE,,
BUNDLE-BEACH-KIT-TOWLB-CAB-X2-NAVY-LG-SETF,,
BUNDLE-BEACH-KIT-TOWLB-CAB-X2-NAVY-LG-SETG,,
BUNDLE-BEACH-KIT-TOWLB-CAB-X2-NAVY-XL-SETA,,
BUNDLE-BEACH-KIT-TOWLB-CAB-X2-NAVY-XL-SETB,,
BUNDLE-BEACH-KIT-TOWLB-CAB-X2-NAVY-XL-SETC,,
BUNDLE-BEACH-KIT-TOWLB-CAB-X2-NAVY-XL-SETD,,
BUNDLE-BEACH-KIT-TOWLB-CAB-X2-NAVY-XL-SETE,,
BUNDLE-BEACH-KIT-TOWLB-CAB-X2-NAVY-XL-SETF,,
BUNDLE-BEACH-KIT-TOWLB-CAB-X2-NAVY-XL-SETG,,
BUNDLE-BEACH-KIT-TOWLB-SUM-X2-UNICN-LG-SETA,,
BUNDLE-BEACH-KIT-TOWLB-SUM-X2-UNICN-LG-SETB,,
BUNDLE-BEACH-KIT-TOWLB-SUM-X2-UNICN-LG-SETC,,
BUNDLE-BEACH-KIT-TOWLB-SUM-X2-UNICN-LG-SETD,,
BUNDLE-BEACH-KIT-TOWLB-SUM-X2-UNICN-LG-SETE,,
BUNDLE-BEACH-KIT-TOWLB-SUM-X2-UNICN-XL-SETA,,
BUNDLE-BEACH-KIT-TOWLB-SUM-X2-UNICN-XL-SETB,,
BUNDLE-BEACH-KIT-TOWLB-SUM-X2-UNICN-XL-SETC,,
BUNDLE-BEACH-KIT-TOWLB-SUM-X2-UNICN-XL-SETD,,
BUNDLE-BEACH-KIT-TOWLB-SUM-X2-UNICN-XL-SETE,,
BUNDLE-BEACH-OCNWAVS,,
BUNDLE-BEACH-SETA,Towel - Beach,Towel - Beach CORE
BUNDLE-BEACH-SETB,Towel - Beach,Towel - Beach CORE
BUNDLE-BEACH-SETC,Towel - Beach,Towel - Beach CORE
BUNDLE-BEAUTY-CHRYBMB,,
BUNDLE-BEAUTY-GIFT-MAKUP-HAIRW-CLA-LTBLU,,
BUNDLE-BEAUTY-GIFT-MAKUP-HAIRW-CLA-LTGRN,,
BUNDLE-BEAUTY-GIFT-MAKUP-HAIRW-CLA-LTPNK,,
BUNDLE-CAMP-BLUE1,Towel - Beach,Towel - Beach CORE
BUNDLE-CAMP-GREEN1,Towel - Beach,Towel - Beach CORE
BUNDLE-CAMP-SETA,Towel - Beach,Towel - Beach CORE
BUNDLE-COLLAB-CUBES-TOWLB-LG-LTPPL,Towel - Beach,Towel - Beach CORE
BUNDLE-FAMILY-LG-BLUEBRIGH,,
BUNDLE-FAMILY-LG-CLCHAOS,,
BUNDLE-FAMILY-TOWLB-CAB-LG-SETA,Towel - Beach,Towel - Beach CORE
BUNDLE-FAMILY-TOWLB-CAB-LG-SETB,Towel - Beach,Towel - Beach CORE
BUNDLE-FAMILY-TOWLB-CAB-XL-SETA,Towel - Beach,Towel - Beach CORE
BUNDLE-FAMILY-TOWLB-CAB-XL-SETB,Towel - Beach,Towel - Beach CORE
BUNDLE-FAMILY-TOWLB-SUM-LG-UNICN,Towel - Beach,Towel - Beach CORE
BUNDLE-FAMILY-TOWLB-SUM-XL-UNICN,Towel - Beach,Towel - Beach CORE
BUNDLE-FITNESS-LG-CABCLIMB,,
BUNDLE-FITNESS-LG-MRNMTHN,,
BUNDLE-FITNESS-LG-MTNMOVE,,
BUNDLE-FITNESS-LG-PKPERF,,
BUNDLE-HAIRW-MAKUP-CAB-LTPNK,,
BUNDLE-HAIRW-MAKUP-HOM-LTBLU,,
BUNDLE-HAIRW-MAKUP-HOM-LTGRN,,
BUNDLE-HAIRW-MAKUP-HOM-LTPNK,,
BUNDLE-HAIRW-MAKUP-HOM-NAVY,,
BUNDLE-HAIRW-MAKUP-HOM-TERRA,,
BUNDLE-HAIRW-TOWLB-ANI-COW,,
BUNDLE-HAIRW-TOWLB-ANI-DALMA,,
BUNDLE-HAIRW-TOWLB-ANI-LEOPD,,
BUNDLE-HAIRW-TOWLB-ANI-SNAKE,,
BUNDLE-HAIRW-TOWLB-ANI-TIGER,,
BUNDLE-HAIRW-TOWLB-BOT-BANA,,
BUNDLE-HAIRW-TOWLB-BOT-HIBI,,
BUNDLE-HAIRW-TOWLB-BOT-ORCH,,
BUNDLE-HAIRW-TOWLB-BOT-PALM,,
BUNDLE-HAIRW-TOWLB-BOT-PARA,,
BUNDLE-HAIRW-TOWLB-CAB-LTBGE,,
BUNDLE-HAIRW-TOWLB-CAB-LTBLU,,
BUNDLE-HAIRW-TOWLB-CAB-LTGRE,,
BUNDLE-HAIRW-TOWLB-CAB-LTGRY,,
BUNDLE-HAIRW-TOWLB-CAB-LTPCH,,
BUNDLE-HAIRW-TOWLB-CAB-LTPNK,,
BUNDLE-HAIRW-TOWLB-CAB-LTPPL,,
BUNDLE-HAIRW-TOWLB-CAB-NAVY,,
BUNDLE-HAIRW-TOWLB-FLO-BLOOM,,
BUNDLE-HAIRW-TOWLB-FLO-DAISY,,
BUNDLE-HAIRW-TOWLB-FLO-PALM,,
BUNDLE-HAIRW-TOWLB-FLO-SUNFL,,
BUNDLE-HAIRW-TOWLB-SUM-RAINB,,
BUNDLE-HAIRW-TOWLB-SUM-UNICN,,
BUNDLE-HAIRW-TOWLH-HID-BLACK,,
BUNDLE-HAIRW-TOWLH-HID-BLUE,,
BUNDLE-HAIRW-TOWLH-HID-GREEN,,
BUNDLE-HAIRW-TOWLH-HID-PINK,,
BUNDLE-HAIRW-TOWLH-HOM-LTBLU,,
BUNDLE-HAIRW-TOWLH-HOM-LTGRN,,
BUNDLE-HAIRW-TOWLH-HOM-LTPNK,,
BUNDLE-HAIRW-TOWLH-HOM-NAVY,,
BUNDLE-HAIRW-TOWLH-HOM-TERRA,,
BUNDLE-HAIRW-TOWLH-HOM-WHITE,,
BUNDLE-HAIRW-TOWLH-RET-CONG,,
BUNDLE-HAIRW-TOWLH-RET-MONT,,
BUNDLE-HAIRW-TOWLH-RET-SANT,,
BUNDLE-HAIRW-TOWLH-RET-SAPO,,
BUNDLE-HAIRW-TOWLH-RET-SINH,,
BUNDLE-JETSET-LG-COSMO,,
BUNDLE-JETSET-LG-FREQFLY,,
BUNDLE-MAKUP-HOM-LTBLU-TOWLB-CAB-XL-LTBLU,,
BUNDLE-MAKUP-HOM-LTGRN-TOWLB-CAB-XL-LTGRE,,
BUNDLE-MAKUP-HOM-LTPNK-TOWLB-CAB-XL-LTPNK,,
BUNDLE-MAKUP-HOM-NAVY-TOWLB-CAB-XL-NAVY,,
BUNDLE-MAKUP-HOM-TERRA-TOWLB-CAB-XL-ORANGE,,
BUNDLE-PAIRS-LG-CHKMATE,,
BUNDLE-PAIRS-LG-LTPNK,,
BUNDLE-PAIRS-LG-MIAMI,,
BUNDLE-PAIRS-LG-NAVY,,
BUNDLE-PICNIC-BOT-PALM-TOWLB-BOT-A-LG,,
BUNDLE-PICNIC-BOT-PALM-TOWLB-BOT-B-XL,,
BUNDLE-PICNIC-BOT-PALM-TOWLB-CAB-C-LG,,
BUNDLE-PICNIC-BOT-PALM-TOWLB-CAB-C-XL,,
BUNDLE-PICNIC-CAB-LTBGE-TOWLB-CAB-A-LG,,
BUNDLE-PICNIC-CAB-LTBGE-TOWLB-CAB-A-XL,,
BUNDLE-PICNIC-CAB-LTBGE-TOWLB-CAB-B-LG,,
BUNDLE-PICNIC-CAB-LTBGE-TOWLB-CAB-B-XL,,
BUNDLE-PICNIC-CAB-NAVY-TOWLB-CAB-A-LG,,
BUNDLE-PICNIC-CAB-NAVY-TOWLB-CAB-A-XL,,
BUNDLE-PICNIC-CAB-NAVY-TOWLB-CAB-B-LG,,
BUNDLE-PICNIC-CAB-NAVY-TOWLB-CAB-B-XL,,
BUNDLE-PICNIC-FAMILY-LGXL-GETWAV-SETA,,
BUNDLE-PICNIC-FAMILY-LGXL-GETWAV-SETB,,
BUNDLE-PICNIC-FAMILY-LGXL-GETWAV-SETC,,
BUNDLE-PICNIC-FAMILY-LGXL-GETWAV-SETD,,
BUNDLE-PICNIC-FAMILY-LGXL-GIN-PINK-SETA,,
BUNDLE-PICNIC-FAMILY-LGXL-GIN-PINK-SETB,,
BUNDLE-PICNIC-FAMILY-LGXL-GIN-PINK-SETC,,
BUNDLE-PICNIC-FAMILY-LGXL-GIN-PINK-SETD,,
BUNDLE-PICNIC-FAMILY-LGXL-GIN-PINK-SETE,,
BUNDLE-PICNIC-FAMILY-LGXL-NAVY-SETA,,
BUNDLE-PICNIC-FAMILY-LGXL-NAVY-SETB,,
BUNDLE-PICNIC-FAMILY-LGXL-NAVY-SETC,,
BUNDLE-PICNIC-FAMILY-LGXL-NAVY-SETD,,
BUNDLE-PICNIC-FAMILY-LGXL-NAVY-SETE,,
BUNDLE-PICNIC-FAMILY-LGXL-NAVY-SETF,,
BUNDLE-PICNIC-FAMILY-LGXL-NAVY-SETG,,
BUNDLE-PICNIC-FAMILY-MDLG-GETWAV-SETA,,
BUNDLE-PICNIC-FAMILY-MDLG-GETWAV-SETB,,
BUNDLE-PICNIC-FAMILY-MDLG-GETWAV-SETC,,
BUNDLE-PICNIC-FAMILY-MDLG-GETWAV-SETD,,
BUNDLE-PICNIC-FAMILY-MDLG-GIN-PINK-SETB,,
BUNDLE-PICNIC-FAMILY-MDLG-GIN-PINK-SETC,,
BUNDLE-PICNIC-FAMILY-MDLG-GIN-PINK-SETD,,
BUNDLE-PICNIC-FAMILY-MDLG-GIN-PINK-SETE,,
BUNDLE-PICNIC-FAMILY-MDLG-NAVY-SETA,,
BUNDLE-PICNIC-FAMILY-MDLG-NAVY-SETB,,
BUNDLE-PICNIC-FAMILY-MDLG-NAVY-SETC,,
BUNDLE-PICNIC-FAMILY-MDLG-NAVY-SETD,,
BUNDLE-PICNIC-FAMILY-MDLG-NAVY-SETE,,
BUNDLE-PICNIC-FAMILY-MDLG-NAVY-SETF,,
BUNDLE-PICNIC-FAMILY-MDLG-NAVY-SETG,,
BUNDLE-PICNIC-GIN-BLUE-TOWLB-CAB-A-LG,,
BUNDLE-PICNIC-GIN-BLUE-TOWLB-CAB-A-XL,,
BUNDLE-PICNIC-GIN-BLUE-TOWLB-CAB-B-LG,,
BUNDLE-PICNIC-GIN-BLUE-TOWLB-CAB-B-XL,,
BUNDLE-PICNIC-GIN-PINK-TOWLB-CAB-A-LG,,
BUNDLE-PICNIC-GIN-PINK-TOWLB-CAB-A-XL,,
BUNDLE-PICNIC-GIN-PINK-TOWLB-CAB-B-LG,,
BUNDLE-PICNIC-GIN-PINK-TOWLB-CAB-B-XL,,
BUNDLE-PICNIC-LG-FORECAST,,
BUNDLE-PICNIC-LG-LTPNK,,
BUNDLE-PICNIC-LG-NAVY,,
BUNDLE-PICNIC-LG-STRHYPE,,
BUNDLE-PICNIC-LG-SWTTTH,,
BUNDLE-PICNIC-LG-UNICN,,
BUNDLE-PICNIC-SGW-TOWLB-SGW-A-LG,,
BUNDLE-PICNIC-SGW-TOWLB-SGW-A-XL,,
BUNDLE-PICNIC-SGW-TOWLB-SUM-B-LG,,
BUNDLE-PICNIC-SGW-TOWLB-SUM-B-XL,,
BUNDLE-ROBE-HAIRW-CLA-NAVY,,
BUNDLE-ROBE-HAIRW-CLA-WHITE,,
BUNDLE-ROBE-HAIRW-RET-MONT,,
BUNDLE-ROBE-HAIRW-RET-SINH,,
BUNDLE-ROBE-HAIRW-TOWLH-LG-CLA-NAVY,,
BUNDLE-ROBE-HAIRW-TOWLH-LG-CLA-WHITE,,
BUNDLE-ROBE-HAIRW-TOWLH-LG-RET-MONT,,
BUNDLE-ROBE-HAIRW-TOWLH-LG-RET-SINH,,
BUNDLE-SELF-LTBLU1,Towel - Beach,Towel - Beach CORE
BUNDLE-SELF-NAVY1,Towel - Beach,Towel - Beach CORE
BUNDLE-SELF-TERRA1,Towel - Beach,Towel - Beach CORE
BUNDLE-STRP-SETA,Towel - Beach,Towel - Beach CORE
BUNDLE-STRP-SETB,Towel - Beach,Towel - Beach CORE
BUNDLE-STRP-SETC,Towel - Beach,Towel - Beach CORE
BUNDLE-STRP-SETD,Towel - Beach,Towel - Beach CORE
BUNDLE-SURFER-LG-LTPNK,,
BUNDLE-SURFER-LG-NAVY,,
BUNDLE-SWIM-SETA,Towel - Beach,Towel - Beach CORE
BUNDLE-SWIM-SETB,Towel - Beach,Towel - Beach CORE
BUNDLE-SWIM-SETC,Towel - Beach,Towel - Beach CORE
BUNDLE-TOWLB-CAB-LTPNK-X2-SETA,,
BUNDLE-TOWLB-CAB-LTPNK-X2-SETB,,
BUNDLE-TOWLB-CAB-LTPNK-X2-SETC,,
BUNDLE-TOWLB-CAB-LTPNK-X2-SETD,,
BUNDLE-TOWLB-CAB-LTPNK-X2-SETE,,
BUNDLE-TOWLB-CAB-NAVY-X2-SETA,,
BUNDLE-TOWLB-CAB-NAVY-X2-SETB,,
BUNDLE-TOWLB-CAB-NAVY-X2-SETC,,
BUNDLE-TOWLB-CAB-NAVY-X2-SETD,,
BUNDLE-TOWLB-CAB-NAVY-X2-SETE,,
BUNDLE-TOWLB-CAB-NAVY-X2-SETF,,
BUNDLE-TOWLB-CAB-NAVY-X2-SETG,,
BUNDLE-TOWLB-SUM-UNICN-X2-SETA,,
BUNDLE-TOWLB-SUM-UNICN-X2-SETB,,
BUNDLE-TOWLB-SUM-UNICN-X2-SETC,,
BUNDLE-TOWLB-SUM-UNICN-X2-SETD,,
BUNDLE-TOWLB-SUM-UNICN-X2-SETE,,
BUNDLE-TOWLH-MAKUP-HAIRW-HOM-LTBLU,,
BUNDLE-TOWLH-MAKUP-HAIRW-HOM-LTGRN,,
BUNDLE-TOWLH-MAKUP-HAIRW-HOM-LTPNK,,
BUNDLE-TOWLH-MAKUP-HAIRW-HOM-NAVY,,
BUNDLE-TOWLH-MAKUP-HAIRW-HOM-TERRA,,
BUNDLE-TRAVEL-CHRYBMB,,
BUNDLE-TRAVEL4-CAB-LG-BLACK-SETA,,
BUNDLE-TRAVEL4-CAB-LG-BLUE-SETA,,
BUNDLE-TRAVEL4-CAB-LG-BLUE-SETB,,
BUNDLE-TRAVEL4-CAB-LG-BLUE-SETC,,
BUNDLE-TRAVEL4-CAB-LG-GREEN-SETA,,
BUNDLE-TRAVEL4-CAB-LG-LTBGE-SETA,,
BUNDLE-TRAVEL4-CAB-LG-LTBGE-SETB,,
BUNDLE-TRAVEL4-CAB-LG-LTBLU-SETA,,
BUNDLE-TRAVEL4-CAB-LG-LTBLU-SETB,,
BUNDLE-TRAVEL4-CAB-LG-LTGRY-SETA,,
BUNDLE-TRAVEL4-CAB-LG-LTGRY-SETB,,
BUNDLE-TRAVEL4-CAB-LG-LTPNK-SETA,,
BUNDLE-TRAVEL4-CAB-LG-LTPNK-SETB,,
BUNDLE-TRAVEL4-CAB-LG-LTPNK-SETC,,
BUNDLE-TRAVEL4-CAB-LG-LTPPL-SETA,,
BUNDLE-TRAVEL4-CAB-LG-LTPPL-SETB,,
BUNDLE-TRAVEL4-CAB-LG-NAVY-SETA,,
BUNDLE-TRAVEL4-CAB-LG-NAVY-SETB,,
BUNDLE-TRAVEL4-CAB-LG-NAVY-SETC,,
BUNDLE-TRAVEL4-CAB-LG-NAVY-SETD,,
BUNDLE-TRAVEL4-CAB-LG-ORANG-SETA,,
BUNDLE-TRAVEL4-CAB-LG-PINK-SETA,,
BUNDLE-TRAVEL4-CAB-LG-PINK-SETB,,
BUNDLE-TRAVEL4-CAB-LG-RED-SETA,,
BUNDLE-TRAVEL4-CAB-LG-RED-SETB,,
BUNDLE-TRAVEL4-CAB-LG-YELLOW-SETA,,
BUNDLE-TRAVEL4-CAB-LG-YELLOW-SETB,,
BUNDLE-TRAVEL4-CAB-XL-BLACK-SETA,,
BUNDLE-TRAVEL4-CAB-XL-BLUE-SETA,,
BUNDLE-TRAVEL4-CAB-XL-BLUE-SETB,,
BUNDLE-TRAVEL4-CAB-XL-BLUE-SETC,,
BUNDLE-TRAVEL4-CAB-XL-GREEN-SETA,,
BUNDLE-TRAVEL4-CAB-XL-LTBGE-SETA,,
BUNDLE-TRAVEL4-CAB-XL-LTBGE-SETB,,
BUNDLE-TRAVEL4-CAB-XL-LTBLU-SETA,,
BUNDLE-TRAVEL4-CAB-XL-LTBLU-SETB,,
BUNDLE-TRAVEL4-CAB-XL-LTGRY-SETA,,
BUNDLE-TRAVEL4-CAB-XL-LTGRY-SETB,,
BUNDLE-TRAVEL4-CAB-XL-LTPNK-SETA,,
BUNDLE-TRAVEL4-CAB-XL-LTPNK-SETB,,
BUNDLE-TRAVEL4-CAB-XL-LTPNK-SETC,,
BUNDLE-TRAVEL4-CAB-XL-LTPPL-SETA,,
BUNDLE-TRAVEL4-CAB-XL-LTPPL-SETB,,
BUNDLE-TRAVEL4-CAB-XL-NAVY-SETA,,
BUNDLE-TRAVEL4-CAB-XL-NAVY-SETB,,
BUNDLE-TRAVEL4-CAB-XL-NAVY-SETC,,
BUNDLE-TRAVEL4-CAB-XL-NAVY-SETD,,
BUNDLE-TRAVEL4-CAB-XL-ORANG-SETA,,
BUNDLE-TRAVEL4-CAB-XL-PINK-SETA,,
BUNDLE-TRAVEL4-CAB-XL-PINK-SETB,,
BUNDLE-TRAVEL4-CAB-XL-RED-SETA,,
BUNDLE-TRAVEL4-CAB-XL-RED-SETB,,
BUNDLE-TRAVEL4-CAB-XL-YELLOW-SETA,,
BUNDLE-TRAVEL4-CAB-XL-YELLOW-SETB,,
BUNDLE-TRAVEL4-SUM-LG-DSKDWN-SETA,,
BUNDLE-TRAVEL4-SUM-LG-ENDRVR-SETA,,
BUNDLE-TRAVEL4-SUM-LG-PCHSUN-SETA,,
BUNDLE-TRAVEL4-SUM-LG-RAINB-SETA,,
BUNDLE-TRAVEL4-SUM-LG-RAINB-SETB,,
BUNDLE-TRAVEL4-SUM-LG-SANDSEA-SETA,,
BUNDLE-TRAVEL4-SUM-LG-SANDSEA-SETB,,
BUNDLE-TRAVEL4-SUM-LG-UNICN-SETA,,
BUNDLE-TRAVEL4-SUM-LG-UNICN-SETB,,
BUNDLE-TRAVEL4-SUM-XL-DSKDWN-SETA,,
BUNDLE-TRAVEL4-SUM-XL-ENDRVR-SETA,,
BUNDLE-TRAVEL4-SUM-XL-PCHSUN-SETA,,
BUNDLE-TRAVEL4-SUM-XL-RAINB-SETA,,
BUNDLE-TRAVEL4-SUM-XL-RAINB-SETB,,
BUNDLE-TRAVEL4-SUM-XL-SANDSEA-SETA,,
BUNDLE-TRAVEL4-SUM-XL-SANDSEA-SETB,,
BUNDLE-TRAVEL4-SUM-XL-UNICN-SETA,,
BUNDLE-TRAVEL4-SUM-XL-UNICN-SETB,,
BUNDLE-VACY-SETA,Towel - Beach,Towel - Beach CORE
BUNDLE-VACY-SETB,Towel - Beach,Towel - Beach CORE
BUNDLE-VACY-SETC,Towel - Beach,Towel - Beach CORE
BUNDLE-WATER-LG-CANOE,,
BUNDLE-WATER-LG-CHKWAVE,,
BUNDLE-WATER-LG-ONBOARD,,
BUNDLE-WATER-LG-SPLASH,,
CABANA-LAR-4SETA,Towel - Beach,Towel - Beach CORE
CABANA-LAR-4SETB,Towel - Beach,Towel - Beach CORE
CABANA-LAR-4SETC,Towel - Beach,Towel - Beach CORE
CABANA-LAR-6SET,Towel - Beach,Towel - Beach CORE
CABANA-LAR-BLACK,Towel - Beach,Towel - Beach CORE
CABANA-LAR-BLUE,Towel - Beach,Towel - Beach CORE
CABANA-LAR-BLUENAVY,Towel - Beach,Towel - Beach CORE
CABANA-LAR-GREEN,Towel - Beach,Towel - Beach CORE
CABANA-LAR-LIGHT-4SET,Towel - Beach,Towel - Beach CORE
CABANA-LAR-LIGHT-BEIGE,Towel - Beach,Towel - Beach CORE
CABANA-LAR-LIGHT-BLUE,Towel - Beach,Towel - Beach CORE
CABANA-LAR-LIGHT-GREEN,Towel - Beach,Towel - Beach CORE
CABANA-LAR-LIGHT-GREY,Towel - Beach,Towel - Beach CORE
CABANA-LAR-LIGHT-RED,Towel - Beach,Towel - Beach CORE
CABANA-LAR-ORANGE,Towel - Beach,Towel - Beach CORE
CABANA-LAR-PINK,Towel - Beach,Towel - Beach CORE
CABANA-LAR-PURPLE,Towel - Beach,Towel - Beach CORE
CABANA-LAR-RED,Towel - Beach,Towel - Beach CORE
CABANA-LAR-YELLOW,Towel - Beach,Towel - Beach CORE
CABANA-SML-BLUE,Towel - Beach,Towel - Beach CORE
CABANA-SML-GREEN,Towel - Beach,Towel - Beach CORE
CABANA-SML-LIGHT-GREY,Towel - Beach,Towel - Beach CORE
CABANA-SML-PINK,Towel - Beach,Towel - Beach CORE
CABANA-XLG-4SETA,Towel - Beach,Towel - Beach CORE
CABANA-XLG-4SETB,Towel - Beach,Towel - Beach CORE
CABANA-XLG-4SETC,Towel - Beach,Towel - Beach CORE
CABANA-XLG-6SET,Towel - Beach,Towel - Beach CORE
CABANA-XLG-BLACK,Towel - Beach,Towel - Beach CORE
CABANA-XLG-BLUE,Towel - Beach,Towel - Beach CORE
CABANA-XLG-BLUENAVY,Towel - Beach,Towel - Beach CORE
CABANA-XLG-GREEN,Towel - Beach,Towel - Beach CORE
CABANA-XLG-LIGHT-4SET,Towel - Beach,Towel - Beach CORE
CABANA-XLG-LIGHT-BEIGE,Towel - Beach,Towel - Beach CORE
CABANA-XLG-LIGHT-BLUE,Towel - Beach,Towel - Beach CORE
CABANA-XLG-LIGHT-GREEN,Towel - Beach,Towel - Beach CORE
CABANA-XLG-LIGHT-GREY,Towel - Beach,Towel - Beach CORE
CABANA-XLG-LIGHT-RED,Towel - Beach,Towel - Beach CORE
CABANA-XLG-ORANGE,Towel - Beach,Towel - Beach CORE
CABANA-XLG-PINK,Towel - Beach,Towel - Beach CORE
CABANA-XLG-PURPLE,Towel - Beach,Towel - Beach CORE
CABANA-XLG-RED,Towel - Beach,Towel - Beach CORE
CABANA-XLG-YELLOW,Towel - Beach,Towel - Beach CORE
CLASSIC-LAR-6SET,Towel - Beach,Towel - Beach CORE
CLASSIC-LAR-BLUE,Towel - Beach,Towel - Beach CORE
CLASSIC-LAR-GREEN,Towel - Beach,Towel - Beach CORE
CLASSIC-LAR-ORANGE,Towel - Beach,Towel - Beach CORE
CLASSIC-LAR-PINK,Towel - Beach,Towel - Beach CORE
CLASSIC-LAR-PURPLE,Towel - Beach,Towel - Beach CORE
CLASSIC-LAR-RED,Towel - Beach,Towel - Beach CORE
CLASSIC-SML-6SET,Towel - Beach,Towel - Beach CORE
CLASSIC-SML-BLUE,Towel - Beach,Towel - Beach CORE
CLASSIC-SML-GREEN,Towel - Beach,Towel - Beach CORE
CLASSIC-SML-ORANGE,Towel - Beach,Towel - Beach CORE
CLASSIC-SML-PINK,Towel - Beach,Towel - Beach CORE
CLASSIC-SML-PURPLE,Towel - Beach,Towel - Beach CORE
CLASSIC-SML-RED,Towel - Beach,Towel - Beach CORE
CLASSIC-XLG-6SET,Towel - Beach,Towel - Beach CORE
CLASSIC-XLG-BLUE,Towel - Beach,Towel - Beach CORE
CLASSIC-XLG-GREEN,Towel - Beach,Towel - Beach CORE
CLASSIC-XLG-ORANGE,Towel - Beach,Towel - Beach CORE
CLASSIC-XLG-PINK,Towel - Beach,Towel - Beach CORE
CLASSIC-XLG-PURPLE,Towel - Beach,Towel - Beach CORE
CLASSIC-XLG-RED,Towel - Beach,Towel - Beach CORE
COOL-CAB-2PAK-BLACK-R,Cooling,Cooling
COOL-CAB-2PAK-BLUE-R,Cooling,Cooling
COOL-CAB-2PAK-GREEN-R,Cooling,Cooling
COOL-CAB-2PAK-LTGRY-R,Cooling,Cooling
COOL-CAB-2PAK-PINK-R,Cooling,Cooling
COOL-CAB-2PAK-PURPL-R,Cooling,Cooling
COOL-CAB-2PAK-RED-R,Cooling,Cooling
COOL-CAB-2SETA,Cooling,Cooling
COOL-CAB-2SETB,Cooling,Cooling
COOL-CAB-2SETC,Cooling,Cooling
COOL-CAB-4SET,Cooling,Cooling
COOL-CAB-4SETA-R,Cooling,Cooling
COOL-CAB-4SETB-R,Cooling,Cooling
COOL-CAB-BLACK-R,Cooling,Cooling
COOL-CAB-BLUE-R,Cooling,Cooling
COOL-CAB-GREEN-R,Cooling,Cooling
COOL-CAB-LTBLU-R,Cooling,Cooling
COOL-CAB-LTGRY-R,Cooling,Cooling
COOL-CAB-LTPCH-R,Cooling,Cooling
COOL-CAB-LTPNK-R,Cooling,Cooling
COOL-CAB-LTPPL-R,Cooling,Cooling
COOL-CAB-NAVY-R,Cooling,Cooling
COOL-CAB-PINK-R,Cooling,Cooling
COOL-CAB-PURPL-R,Cooling,Cooling
COOL-CAB-RED-R,Cooling,Cooling
COOL-DES-GLDGRN,Cooling,Cooling
COOL-DES-HYDBLU,Cooling,Cooling
COOL-DES-MIDNMOV,Cooling,Cooling
COOL-DES-PLSPNK,Cooling,Cooling
COOL-DES-SUNSRUN,Cooling,Cooling
COOL-FST-2PAK-BLU-R,Cooling,Cooling
COOL-FST-2PAK-BRT-R,Cooling,Cooling
COOL-FST-2PAK-GRN-R,Cooling,Cooling
COOL-FST-2PAK-GRY-R,Cooling,Cooling
COOL-FST-2PAK-PNK-R,Cooling,Cooling
COOL-FST-5SET-R,Cooling,Cooling
COOL-FST-BLU-R,Cooling,Cooling
COOL-FST-BRT-R,Cooling,Cooling
COOL-FST-GRN-R,Cooling,Cooling
COOL-FST-GRY-R,Cooling,Cooling
COOL-FST-PNK-R,Cooling,Cooling
COOL-MAR-4SET,Cooling,Cooling
COOL-MAR-BLACK,Cooling,Cooling
COOL-MAR-BLUE,Cooling,Cooling
COOL-MAR-NAVY,Cooling,Cooling
COOL-MAR-PINK,Cooling,Cooling
COOLING-STRIPE-4SETA,Cooling,Cooling
COOLING-STRIPE-4SETB,Cooling,Cooling
COOLING-STRIPE-7SET,Cooling,Cooling
COOLING-STRIPE-BLACK,Cooling,Cooling
COOLING-STRIPE-BLUE,Cooling,Cooling
COOLING-STRIPE-GREEN,Cooling,Cooling
COOLING-STRIPE-LIGHT-GREY,Cooling,Cooling
COOLING-STRIPE-PINK,Cooling,Cooling
COOLING-STRIPE-PURPLE,Cooling,Cooling
COOLING-STRIPE-RED,Cooling,Cooling
COOLING-STRIPE-YELLOW,Cooling,Cooling
COOLINGSET-2-STRIPE-BLACK,Cooling,Cooling
COOLINGSET-2-STRIPE-PURPLE,Cooling,Cooling
COOLINGSET-2-STRIPE-RED,Cooling,Cooling
COOLINGSET-2-STRIPE-YELLOW,Cooling,Cooling
CROSSDOCK-1,Towel - Beach,Towel - Beach CORE
CROSSDOCK-2,Towel - Beach,Towel - Beach CORE
CROSSDOCK-3,Towel - Beach,Towel - Beach CORE
CROSSDOCK-4,Towel - Beach,Towel - Beach CORE
CROSSDOCK-5,Towel - Beach,Towel - Beach CORE
CROSSDOCK-6,Towel - Beach,Towel - Beach CORE
CROSSDOCK-7,Towel - Beach,Towel - Beach CORE
CROSSDOCK-8,Towel - Beach,Towel - Beach CORE
CROSSDOCK-9,Towel - Beach,Towel - Beach CORE
CROSSDOCK-10,Towel - Beach,Towel - Beach CORE
CROSSDOCK-11,Towel - Beach,Towel - Beach CORE
CROSSDOCK-12,Towel - Beach,Towel - Beach CORE
CROSSDOCK-13,Towel - Beach,Towel - Beach CORE
CROSSDOCK-14,Towel - Beach,Towel - Beach CORE
CROSSDOCK-15,Towel - Beach,Towel - Beach CORE
CROSSDOCK-16,Towel - Beach,Towel - Beach CORE
CROSSDOCK-17,Towel - Beach,Towel - Beach CORE
CROSSDOCK-18,Towel - Beach,Towel - Beach CORE
CROSSDOCK-19,Towel - Beach,Towel - Beach CORE
CROSSDOCK-20,Towel - Beach,Towel - Beach CORE
CUSTOM-LOGO,,
CUSTOM-LOGO-EASY,,
CUSTOM-LOGO-MEDIUM,,
CUSTOM-ORDER,,
DB-OT-TOWLB-CAB-LG-LTBLU,Towel - Beach,Towel - Beach CORE
DB-RICK-TOWLB-CAB-LG-BLUE,Towel - Beach,Towel - Beach CORE
DB-WL-BAGBCH,Bag - Beach,Bag - Beach
DB-WL-BAGCOOL,Bag - Cooling,Bag - Cooling
DB-WL-BAGDRY-MD,Bag - Dry MD,Bag - Dry MD
DB-WL-BAGDRY-XS,Bag - Dry XS,Bag - Dry XS
DB-WL-BAGF,Bag - Foldable,Bag - Foldable
DB-WL-BAGTOI,Bag - Toiletry,Bag - Toiletry
DB-WL-COOL,Cooling,Cooling
DB-WL-DOGTWL-LG,,
DB-WL-DOGTWL-MD,,
DB-WL-HAIRW-HOM,Hair Wrap,Hair Wrap CORE
DB-WL-HAIRW-SUE,Hair Wrap,Hair Wrap CORE
DB-WL-HEADW,,
DB-WL-MAKUP,Makeup Remover,Makeup Remover
DB-WL-PICNIC-LG,Picnic Blanket,Picnic Blanket
DB-WL-PICNIC-XL,Picnic Blanket,Picnic Blanket
DB-WL-PONCHA-LG,Poncho - Adults,Poncho - Adults CORE
DB-WL-PONCHA-MD,Poncho - Adults,Poncho - Adults CORE
DB-WL-PONCHK-MD,Poncho - Kids,Poncho - Kids CORE
DB-WL-PONCHK-SM,Poncho - Kids,Poncho - Kids CORE
DB-WL-ROBE,,
DB-WL-TEATWL,Tea Towel,Tea Towel
DB-WL-TOWLB-LG,Towel - Beach,Towel - Beach CORE
DB-WL-TOWLB-MD,Towel - Beach,Towel - Beach CORE
DB-WL-TOWLB-X2,Towel - Beach,Towel - Beach CORE
DB-WL-TOWLB-XL,Towel - Beach,Towel - Beach CORE
DB-WL-TOWLH-LG,Towel - Home,Towel - Home
DB-WL-TOWLH-SM,Towel - Home,Towel - Home
DB-WL-TOWLH-XL,Towel - Home,Towel - Home
DE-SUMMER-LAR-BLUERED,Towel - Beach,Towel - Beach CORE
DE-SUMMER-LAR-GREENORANGE,Towel - Beach,Towel - Beach CORE
DILLARDS-STAND-POSTER,,
DILLARDS-STAND-SINGLE,,
DILLARDS-STAND-TIER1,,
DILLARDS-STAND-TIER2,,
DILLARDS-STAND-TIER3,,
DILLARDS-STAND-TIER4,,
DOBIT-LAR-TREE,Towel - Beach,Towel - Beach CORE
DOBIT-LAR-WHALE,Towel - Beach,Towel - Beach CORE
DOBIT-XLG-TREE,Towel - Beach,Towel - Beach CORE
DOBIT-XLG-WHALE,Towel - Beach,Towel - Beach CORE
DOGTWL-CAB-LG-CORAL,,
DOGTWL-CAB-LG-RAINB,,
DOGTWL-CAB-MD-CORAL,,
DOGTWL-CAB-MD-RAINB,,
DOGTWL-DES-LG-BONES,,
DOGTWL-DES-LG-CHKMTT,,
DOGTWL-DES-LG-DNBCLUB,,
DOGTWL-DES-LG-DOGDIN,,
DOGTWL-DES-LG-FACES,,
DOGTWL-DES-LG-GOLONG,,
DOGTWL-DES-LG-PAWS,,
DOGTWL-DES-LG-PNKPAWS,,
DOGTWL-DES-LG-UNDWLK,,
DOGTWL-DES-MD-BONES,,
DOGTWL-DES-MD-CHKMTT,,
DOGTWL-DES-MD-DNBCLUB,,
DOGTWL-DES-MD-DOGDIN,,
DOGTWL-DES-MD-FACES,,
DOGTWL-DES-MD-GOLONG,,
DOGTWL-DES-MD-PAWS,,
DOGTWL-DES-MD-PNKPAWS,,
DOGTWL-DES-MD-UNDWLK,,
DOGTWL-LG-4SET-BLUES,,
DOGTWL-LG-4SET-BRKPLD,,
DOGTWL-LG-4SET-DOGDIS,,
DOGTWL-LG-4SET-FRSWLK,,
DOGTWL-LG-4SET-FULLPCK,,
DOGTWL-LG-4SET-MISMTCH,,
DOGTWL-LG-4SET-PAWFECT,,
DOGTWL-LG-5SET,,
DOGTWL-LG-BARKBLU,,
DOGTWL-LG-K9CAMO,,
DOGTWL-LG-PAWPPL,,
DOGTWL-LG-PUPLAID,,
DOGTWL-LG-RHUBARK,,
DOGTWL-LG-SUNSPL,,
DOGTWL-LG-WALK,,
DOGTWL-LG-WHERWOOF,,
DOGTWL-LG-WOOFWILD,,
DOGTWL-MD-4SET-BLUES,,
DOGTWL-MD-4SET-BRKPLD,,
DOGTWL-MD-4SET-DOGDIS,,
DOGTWL-MD-4SET-FRSWLK,,
DOGTWL-MD-4SET-FULLPCK,,
DOGTWL-MD-4SET-MISMTCH,,
DOGTWL-MD-4SET-PAWFECT,,
DOGTWL-MD-5SET,,
DOGTWL-MD-BARKBLU,,
DOGTWL-MD-K9CAMO,,
DOGTWL-MD-PAWPPL,,
DOGTWL-MD-PUPLAID,,
DOGTWL-MD-RHUBARK,,
DOGTWL-MD-SUNSPL,,
DOGTWL-MD-WALK,,
DOGTWL-MD-WHERWOOF,,
DOGTWL-MD-WOOFWILD,,
EYEMASK-DES-BOHMDRM,Eye Mask,Eye Mask
EYEMASK-DES-CACTMNTN,Eye Mask,Eye Mask
EYEMASK-DES-CHKOUT,Eye Mask,Eye Mask
EYEMASK-DES-CHRYBMB,Eye Mask,Eye Mask
EYEMASK-DES-FLIGHTS,Eye Mask,Eye Mask
EYEMASK-DES-NOTTDY,Eye Mask,Eye Mask
EYEMASK-DES-OOO,Eye Mask,Eye Mask
EYEMASK-DES-SEASOIR,Eye Mask,Eye Mask
EYEMASK-DES-WTRSPRZ,Eye Mask,Eye Mask
FESTIVAL-LAR-4SET,Towel - Beach,Towel - Beach CORE
FESTIVAL-LAR-CARNIVAL,Towel - Beach,Towel - Beach CORE
FESTIVAL-LAR-SOLSTICE,Towel - Beach,Towel - Beach CORE
FESTIVAL-LAR-SONGKRAN,Towel - Beach,Towel - Beach CORE
FESTIVAL-LAR-TOMATINA,Towel - Beach,Towel - Beach CORE
FESTIVAL-XLG-4SET,Towel - Beach,Towel - Beach CORE
FESTIVAL-XLG-CARNIVAL,Towel - Beach,Towel - Beach CORE
FESTIVAL-XLG-SOLSTICE,Towel - Beach,Towel - Beach CORE
FESTIVAL-XLG-SONGKRAN,Towel - Beach,Towel - Beach CORE
FESTIVAL-XLG-TOMATINA,Towel - Beach,Towel - Beach CORE
FM-FB-RW1,,
FM-SBAV2,,
FM-SBHK2,,
FM-SBSC2,,
FOAMIE-FACEB-MAKUP-PINK,Hair Wrap,Hair Wrap CORE
FOAMIE-GIFT-BOX-PINK,Hair Wrap,Hair Wrap CORE
FOAMIE-SOAP-HAIRW-BLUE,Hair Wrap,Hair Wrap CORE
FOAMIE-SOAP-HAIRW-GREEN,Hair Wrap,Hair Wrap CORE
FOAMIE-SOAP-HAIRW-PINK,Hair Wrap,Hair Wrap CORE
FORECAST-BAGF,Bag - Foldable,Bag - Foldable
FORECAST-DOGTWL,,
FORECAST-HAIRW,Hair Wrap,Hair Wrap CORE
FORECAST-HEADW,,
FORECAST-MAKUP,Makeup Remover,Makeup Remover
FORECAST-PICNIC,Picnic Blanket,Picnic Blanket
FORECAST-PONCHA,Poncho - Adults,Poncho - Adults CORE
FORECAST-PONCHK,Poncho - Kids,Poncho - Kids CORE
FORECAST-ROBE,,
FORECAST-TEATWL,Tea Towel,Tea Towel
FORECAST-TOWLB,Towel - Beach,Towel - Beach CORE
FORECAST-TOWLB-KIDS,Towel - Beach,Towel - Beach CORE
FORECAST-TOWLH,Towel - Home,Towel - Home
FRUITY-LAR-3SET,Towel - Beach,Towel - Beach CORE
FRUITY-LAR-COCO,Towel - Beach,Towel - Beach CORE
FRUITY-LAR-MELON,Towel - Beach,Towel - Beach CORE
FRUITY-LAR-PINE,Towel - Beach,Towel - Beach CORE
FRUITY-XLG-3SET,Towel - Beach,Towel - Beach CORE
FRUITY-XLG-COCO,Towel - Beach,Towel - Beach CORE
FRUITY-XLG-MELON,Towel - Beach,Towel - Beach CORE
FRUITY-XLG-PINE,Towel - Beach,Towel - Beach CORE
GIFT-10,,
GIFT-10-BABY,,
GIFT-10-BIRTHDAY,,
GIFT-10-CHRISTMAS,,
GIFT-10-DOG,,
GIFT-10-HONEYMOON,,
GIFT-10-KIDS,,
GIFT-10-STANDARD,,
GIFT-10-STUDENT,,
GIFT-10-TRAVEL,,
GIFT-20,,
GIFT-30,,
GIFT-50,,
GIFT-80,,
GIFT-100,,
GIFT-150,,
GIFT-BOX-BEAUTY-BOHMDRM,Gift Box,Gift Box
GIFT-BOX-BEAUTY-CAB-LTPNK,Gift Box,Gift Box
GIFT-BOX-BEAUTY-CHRYBMB,Gift Box,Gift Box
GIFT-BOX-BEAUTY-LTBLU,,
GIFT-BOX-BEAUTY-LTGRN,,
GIFT-BOX-BEAUTY-LTPNK,,
GIFT-BOX-BEAUTY-SEASOIR,Gift Box,Gift Box
GIFT-BOX-BEAUTY-SERENE,Gift Box,Gift Box
GIFT-BOX-BEAUTY-SUM-UNICN,Gift Box,Gift Box
GIFT-BOX-BEAUTY-TIGPALM,Gift Box,Gift Box
GIFT-BOX-BEAUTY-WTRSPRZ,Gift Box,Gift Box
GIFT-BOX-HAIR-FRUU,Gift Box,Gift Box
GIFT-BOX-HOME-BOHMDRM,Gift Box Home,Gift Box Home
GIFT-BOX-HOME-BOHMDRM-SET,Gift Box Home,Gift Box Home
GIFT-BOX-HOME-CACTMNTN,Gift Box Home,Gift Box Home
GIFT-BOX-HOME-CACTMNTN-SET,Gift Box Home,Gift Box Home
GIFT-BOX-HOME-CHRYBMB,Gift Box Home,Gift Box Home
GIFT-BOX-HOME-CHRYBMB-SET,Gift Box Home,Gift Box Home
GIFT-BOX-HOME-SEASOIR,Gift Box Home,Gift Box Home
GIFT-BOX-HOME-SEASOIR-SET,Gift Box Home,Gift Box Home
GIFTWRAP-BOX,,
GIFTWRAP-BOX-LG,,
GIFTWRAP-BOX-LG-MELLOW,,
GIFTWRAP-BOX-MD,,
GIFTWRAP-BOX-MD-RSPROAD,,
GIFTWRAP-BOX-SM,,
GIFTWRAP-BOX-SM-BLUSKY,,
GIFTWRAP-BOX-SM-MELLOW,,
GIFTWRAP-BOX-SM-RSPROAD,,
GIFTWRAP-CARD,,
GIFTWRAP-RIBBON,,
HAIRW-4SET-BARBIE,Hair Wrap,Hair Wrap CORE
HAIRW-4SET-CHIC,Hair Wrap,Hair Wrap CORE
HAIRW-4SET-PAMPER,Hair Wrap,Hair Wrap CORE
HAIRW-4SET-PCHSTAR,Hair Wrap,Hair Wrap CORE
HAIRW-4SET-SUNSET,Hair Wrap,Hair Wrap CORE
HAIRW-ANI-2PAK-COW,Hair Wrap,Hair Wrap CORE
HAIRW-ANI-2PAK-DALMA,Hair Wrap,Hair Wrap CORE
HAIRW-ANI-2PAK-LEOPD,Hair Wrap,Hair Wrap CORE
HAIRW-ANI-2PAK-SNAKE,Hair Wrap,Hair Wrap CORE
HAIRW-ANI-2PAK-TIGER,Hair Wrap,Hair Wrap CORE
HAIRW-ANI-5SET,Hair Wrap,Hair Wrap CORE
HAIRW-ANI-COW,Hair Wrap,Hair Wrap SEASONAL
HAIRW-ANI-DALMA,Hair Wrap,Hair Wrap SEASONAL
HAIRW-ANI-LEOPD,Hair Wrap,Hair Wrap SEASONAL
HAIRW-ANI-SNAKE,Hair Wrap,Hair Wrap SEASONAL
HAIRW-ANI-TIGER,Hair Wrap,Hair Wrap SEASONAL
HAIRW-BOT-2PAK-BANA-R,Hair Wrap,Hair Wrap CORE
HAIRW-BOT-2PAK-HIBI-R,Hair Wrap,Hair Wrap CORE
HAIRW-BOT-2PAK-ORCH-R,Hair Wrap,Hair Wrap CORE
HAIRW-BOT-2PAK-PALM-R,Hair Wrap,Hair Wrap CORE
HAIRW-BOT-2PAK-PARA-R,Hair Wrap,Hair Wrap CORE
HAIRW-BOT-3SETA,Hair Wrap,Hair Wrap CORE
HAIRW-BOT-5SET-R,Hair Wrap,Hair Wrap CORE
HAIRW-BOT-BANA-R,Hair Wrap,Hair Wrap SEASONAL
HAIRW-BOT-HIBI-R,Hair Wrap,Hair Wrap CORE
HAIRW-BOT-ORCH-R,Hair Wrap,Hair Wrap SEASONAL
HAIRW-BOT-PALM-R,Hair Wrap,Hair Wrap SEASONAL
HAIRW-BOT-PARA-R,Hair Wrap,Hair Wrap SEASONAL
HAIRW-CAB-2PAK-LTBGE-R,Hair Wrap,Hair Wrap CORE
HAIRW-CAB-2PAK-LTBLU-R,Hair Wrap,Hair Wrap CORE
HAIRW-CAB-2PAK-LTGRE-R,Hair Wrap,Hair Wrap CORE
HAIRW-CAB-2PAK-LTGRY-R,Hair Wrap,Hair Wrap CORE
HAIRW-CAB-2PAK-LTPCH-R,Hair Wrap,Hair Wrap CORE
HAIRW-CAB-2PAK-LTPINK-R,Hair Wrap,Hair Wrap CORE
HAIRW-CAB-2PAK-LTPNK-R,Hair Wrap,Hair Wrap CORE
HAIRW-CAB-2PAK-LTPPL-R,Hair Wrap,Hair Wrap CORE
HAIRW-CAB-3SETA,Hair Wrap,Hair Wrap CORE
HAIRW-CAB-4SET-NAVY,Hair Wrap,Hair Wrap SEASONAL
HAIRW-CAB-4SET-PINK,Hair Wrap,Hair Wrap SEASONAL
HAIRW-CAB-4SETA-R,Hair Wrap,Hair Wrap CORE
HAIRW-CAB-4SETB-R,Hair Wrap,Hair Wrap CORE
HAIRW-CAB-4SETC-R,Hair Wrap,Hair Wrap CORE
HAIRW-CAB-4SETD,Hair Wrap,Hair Wrap SEASONAL
HAIRW-CAB-4SETE,Hair Wrap,Hair Wrap SEASONAL
HAIRW-CAB-4SETF,Hair Wrap,Hair Wrap SEASONAL
HAIRW-CAB-4SETG,Hair Wrap,Hair Wrap SEASONAL
HAIRW-CAB-4SETH,Hair Wrap,Hair Wrap SEASONAL
HAIRW-CAB-CLA-2PAK-BEIGE,Hair Wrap,Hair Wrap CORE
HAIRW-CAB-CLA-2PAK-GREY,Hair Wrap,Hair Wrap CORE
HAIRW-CAB-CLA-2PAK-PINK,Hair Wrap,Hair Wrap CORE
HAIRW-CAB-LTBGE-R,Hair Wrap,Hair Wrap SEASONAL
HAIRW-CAB-LTBLU-NB,Hair Wrap,Hair Wrap CORE
HAIRW-CAB-LTBLU-R,Hair Wrap,Hair Wrap CORE
HAIRW-CAB-LTGRE-R,Hair Wrap,Hair Wrap SEASONAL
HAIRW-CAB-LTGRY-NB,Hair Wrap,Hair Wrap SEASONAL
HAIRW-CAB-LTGRY-R,Hair Wrap,Hair Wrap CORE
HAIRW-CAB-LTPCH-R,Hair Wrap,Hair Wrap SEASONAL
HAIRW-CAB-LTPINK-R,Hair Wrap,Hair Wrap CORE
HAIRW-CAB-LTPNK-NB,Hair Wrap,Hair Wrap CORE
HAIRW-CAB-LTPNK-R,Hair Wrap,Hair Wrap CORE
HAIRW-CAB-LTPPL-NB,Hair Wrap,Hair Wrap CORE
HAIRW-CAB-LTPPL-R,Hair Wrap,Hair Wrap CORE
HAIRW-CAB-NAVY,Hair Wrap,Hair Wrap CORE
HAIRW-CAB-NAVY-NB,Hair Wrap,Hair Wrap CORE
HAIRW-CAB-POSPIN,Hair Wrap,Hair Wrap CORE
HAIRW-CAB-PURPL-R,Hair Wrap,Hair Wrap CORE
HAIRW-CBH-4SET,Hair Wrap,Hair Wrap SEASONAL
HAIRW-CBH-NAVY,Hair Wrap,Hair Wrap CORE
HAIRW-CBH-NAVY-NB,Hair Wrap,Hair Wrap CORE
HAIRW-CBH-PINK,Hair Wrap,Hair Wrap CORE
HAIRW-CBH-PINK-NB,Hair Wrap,Hair Wrap CORE
HAIRW-CLA-2PAK-BLACK-R,Hair Wrap,Hair Wrap CORE
HAIRW-CLA-2PAK-DKBLU-R,Hair Wrap,Hair Wrap CORE
HAIRW-CLA-2PAK-DKGRN-R,Hair Wrap,Hair Wrap CORE
HAIRW-CLA-2PAK-DKRED-R,Hair Wrap,Hair Wrap CORE
HAIRW-CLA-2PAK-LTBGE-R,Hair Wrap,Hair Wrap CORE
HAIRW-CLA-2PAK-LTBLU-R,Hair Wrap,Hair Wrap CORE
HAIRW-CLA-2PAK-LTGRE-R,Hair Wrap,Hair Wrap CORE
HAIRW-CLA-2PAK-LTGRY-R,Hair Wrap,Hair Wrap CORE
HAIRW-CLA-2PAK-LTPNK-R,Hair Wrap,Hair Wrap CORE
HAIRW-CLA-3SETA,Hair Wrap,Hair Wrap CORE
HAIRW-CLA-4SETA-R,Hair Wrap,Hair Wrap CORE
HAIRW-CLA-4SETB-R,Hair Wrap,Hair Wrap CORE
HAIRW-CLA-4SETC-R,Hair Wrap,Hair Wrap CORE
HAIRW-CLA-4SETD,Hair Wrap,Hair Wrap SEASONAL
HAIRW-CLA-4SETE,Hair Wrap,Hair Wrap SEASONAL
HAIRW-CLA-4SETF,Hair Wrap,Hair Wrap SEASONAL
HAIRW-CLA-BLACK-R,Hair Wrap,Hair Wrap SEASONAL
HAIRW-CLA-DKBLU-R,Hair Wrap,Hair Wrap SEASONAL
HAIRW-CLA-DKGRN-R,Hair Wrap,Hair Wrap SEASONAL
HAIRW-CLA-DKRED-R,Hair Wrap,Hair Wrap SEASONAL
HAIRW-CLA-LTBGE-R,Hair Wrap,Hair Wrap SEASONAL
HAIRW-CLA-LTBLU-R,Hair Wrap,Hair Wrap CORE
HAIRW-CLA-LTGRE-R,Hair Wrap,Hair Wrap SEASONAL
HAIRW-CLA-LTGRY-R,Hair Wrap,Hair Wrap SEASONAL
HAIRW-CLA-LTPNK-R,Hair Wrap,Hair Wrap CORE
HAIRW-CLA-LTPPL-R,Hair Wrap,Hair Wrap CORE
HAIRW-CLA-NAVY,Hair Wrap,Hair Wrap CORE
HAIRW-CLA-NAVY-NB,Hair Wrap,Hair Wrap CORE
HAIRW-CLA-WHITE,Hair Wrap,Hair Wrap CORE
HAIRW-CLA-WHITE-NB,Hair Wrap,Hair Wrap CORE
HAIRW-FLO-4SET,Hair Wrap,Hair Wrap CORE
HAIRW-FLO-BLOOM,Hair Wrap,Hair Wrap SEASONAL
HAIRW-FLO-DAISY,Hair Wrap,Hair Wrap SEASONAL
HAIRW-FLO-PALM,Hair Wrap,Hair Wrap SEASONAL
HAIRW-FLO-SUNFL,Hair Wrap,Hair Wrap SEASONAL
HAIRW-GEO-4SET,Hair Wrap,Hair Wrap CORE
HAIRW-GEO-PARAD,Hair Wrap,Hair Wrap SEASONAL
HAIRW-GEO-PINK,Hair Wrap,Hair Wrap SEASONAL
HAIRW-HID-4SET,Hair Wrap,Hair Wrap SEASONAL
HAIRW-HID-BLACK,Hair Wrap,Hair Wrap SEASONAL
HAIRW-HID-BLUE,Hair Wrap,Hair Wrap SEASONAL
HAIRW-HID-GREEN,Hair Wrap,Hair Wrap SEASONAL
HAIRW-HID-PINK,Hair Wrap,Hair Wrap SEASONAL
HAIRW-HOM-2PAK-LTBLU,Hair Wrap,Hair Wrap CORE
HAIRW-HOM-2PAK-LTGRN,Hair Wrap,Hair Wrap CORE
HAIRW-HOM-2PAK-LTPNK,Hair Wrap,Hair Wrap CORE
HAIRW-HOM-2PAK-NAVY,Hair Wrap,Hair Wrap CORE
HAIRW-HOM-2PAK-TERRA,Hair Wrap,Hair Wrap CORE
HAIRW-HOM-2PAK-WHITE,Hair Wrap,Hair Wrap CORE
HAIRW-HOM-3SETA,Hair Wrap,Hair Wrap CORE
HAIRW-HOM-4SETA,Hair Wrap,Hair Wrap CORE
HAIRW-HOM-4SETB,Hair Wrap,Hair Wrap CORE
HAIRW-HOM-4SETC,Hair Wrap,Hair Wrap CORE
HAIRW-HOM-4SETD,Hair Wrap,Hair Wrap CORE
HAIRW-HOM-GREY,Hair Wrap,Hair Wrap CORE
HAIRW-HOM-LTBLU,Hair Wrap,Hair Wrap SEASONAL
HAIRW-HOM-LTGRN,Hair Wrap,Hair Wrap SEASONAL
HAIRW-HOM-LTPNK,Hair Wrap,Hair Wrap SEASONAL
HAIRW-HOM-NAVY,Hair Wrap,Hair Wrap SEASONAL
HAIRW-HOM-TERRA,Hair Wrap,Hair Wrap SEASONAL
HAIRW-HOM-WHITE,Hair Wrap,Hair Wrap SEASONAL
HAIRW-RET-2PAK-CONG,Hair Wrap,Hair Wrap CORE
HAIRW-RET-2PAK-MONT,Hair Wrap,Hair Wrap CORE
HAIRW-RET-2PAK-SANT,Hair Wrap,Hair Wrap CORE
HAIRW-RET-2PAK-SAPO,Hair Wrap,Hair Wrap CORE
HAIRW-RET-2PAK-SINH,Hair Wrap,Hair Wrap CORE
HAIRW-RET-5SET,Hair Wrap,Hair Wrap CORE
HAIRW-RET-CONG,Hair Wrap,Hair Wrap SEASONAL
HAIRW-RET-MONT,Hair Wrap,Hair Wrap SEASONAL
HAIRW-RET-SANT,Hair Wrap,Hair Wrap SEASONAL
HAIRW-RET-SAPO,Hair Wrap,Hair Wrap SEASONAL
HAIRW-RET-SINH,Hair Wrap,Hair Wrap SEASONAL
HAIRW-SUE-BBGWLK,Hair Wrap,Hair Wrap SEASONAL
HAIRW-SUE-BLUSHBY,Hair Wrap,Hair Wrap SEASONAL
HAIRW-SUE-CACTMNTN,Hair Wrap,Hair Wrap CORE
HAIRW-SUE-CHKMATE,Hair Wrap,Hair Wrap SEASONAL
HAIRW-SUE-GPCH,Hair Wrap,Hair Wrap SEASONAL
HAIRW-SUE-HBRLINE,Hair Wrap,Hair Wrap SEASONAL
HAIRW-SUE-HOTTROP,Hair Wrap,Hair Wrap SEASONAL
HAIRW-SUE-IBZAGLW,Hair Wrap,Hair Wrap SEASONAL
HAIRW-SUE-JNGLBLM,Hair Wrap,Hair Wrap SEASONAL
HAIRW-SUE-MIAMI,Hair Wrap,Hair Wrap SEASONAL
HAIRW-SUE-MIDMONO,Hair Wrap,Hair Wrap SEASONAL
HAIRW-SUE-OCETRES,Hair Wrap,Hair Wrap SEASONAL
HAIRW-SUE-PALAG,Hair Wrap,Hair Wrap SEASONAL
HAIRW-SUE-PALMPCH,Hair Wrap,Hair Wrap SEASONAL
HAIRW-SUE-PNKPARA,Hair Wrap,Hair Wrap SEASONAL
HAIRW-SUE-PSTPIER,Hair Wrap,Hair Wrap SEASONAL
HAIRW-SUE-RAINFLOOR,Hair Wrap,Hair Wrap SEASONAL
HAIRW-SUE-SEAFOAM,Hair Wrap,Hair Wrap SEASONAL
HAIRW-SUE-SQZDAY,Hair Wrap,Hair Wrap SEASONAL
HAIRW-SUE-SUNDAZE,Hair Wrap,Hair Wrap SEASONAL
HAIRW-SUE-SUNSAF,Hair Wrap,Hair Wrap SEASONAL
HAIRW-SUE-SURFCHK,Hair Wrap,Hair Wrap SEASONAL
HAIRW-SUE-TUTFRU,Hair Wrap,Hair Wrap SEASONAL
HAIRW-SUE-WYWH,Hair Wrap,Hair Wrap SEASONAL
HAIRW-SUM-RAINB,Hair Wrap,Hair Wrap SEASONAL
HAIRW-SUM-RAINB-NB,Hair Wrap,Hair Wrap CORE
HAIRW-SUM-UNICN,Hair Wrap,Hair Wrap CORE
HAIRW-SUM-UNICN-NB,Hair Wrap,Hair Wrap CORE
HAIRW-WAF-BOHMDRM,Hair Wrap,Hair Wrap SEASONAL
HAIRW-WAF-CHRYBMB,Hair Wrap,Hair Wrap SEASONAL
HAIRW-WAF-DRMCTCH,Hair Wrap,Hair Wrap SEASONAL
HAIRW-WAF-SEASOIR,Hair Wrap,Hair Wrap SEASONAL
HAIRW-WAF-SERENE,Hair Wrap,Hair Wrap SEASONAL
HAIRW-WAF-TIGPALM,Hair Wrap,Hair Wrap SEASONAL
HAIRW-WAF-WTRSPRZ,Hair Wrap,Hair Wrap SEASONAL
HAIRWRAP-2SET-CAB-BLUE,Hair Wrap,Hair Wrap CORE
HAIRWRAP-2SET-CAB-GREEN,Hair Wrap,Hair Wrap CORE
HAIRWRAP-2SET-CAB-LIT-BEIGE,Hair Wrap,Hair Wrap CORE
HAIRWRAP-2SET-CAB-LIT-BLUE,Hair Wrap,Hair Wrap CORE
HAIRWRAP-2SET-CAB-LIT-GREEN,Hair Wrap,Hair Wrap CORE
HAIRWRAP-2SET-CAB-LIT-GREY,Hair Wrap,Hair Wrap CORE
HAIRWRAP-2SET-CAB-LIT-PINK,Hair Wrap,Hair Wrap CORE
HAIRWRAP-2SET-CAB-PURPLE,Hair Wrap,Hair Wrap CORE
HAIRWRAP-2SET-CAB-RED,Hair Wrap,Hair Wrap CORE
HAIRWRAP-2SET-CAB-YELLOW,Hair Wrap,Hair Wrap CORE
HAIRWRAP-CLA-2SET-LBEIGE,Hair Wrap,Hair Wrap CORE
HAIRWRAP-CLA-2SET-LBLUE,Hair Wrap,Hair Wrap CORE
HAIRWRAP-CLA-2SET-LGREEN,Hair Wrap,Hair Wrap CORE
HAIRWRAP-CLA-2SET-LPINK,Hair Wrap,Hair Wrap CORE
HAIRWRAP-CLA-4SET,Hair Wrap,Hair Wrap CORE
HAIRWRAP-CLA-LBEIGE,Hair Wrap,Hair Wrap CORE
HAIRWRAP-CLA-LBLUE,Hair Wrap,Hair Wrap CORE
HAIRWRAP-CLA-LGREEN,Hair Wrap,Hair Wrap SEASONAL
HAIRWRAP-CLA-LPINK,Hair Wrap,Hair Wrap CORE
HAIRWRAP-STRIPE-4SET,Hair Wrap,Hair Wrap CORE
HAIRWRAP-STRIPE-BLUE,Hair Wrap,Hair Wrap SEASONAL
HAIRWRAP-STRIPE-GREEN,Hair Wrap,Hair Wrap CORE
HAIRWRAP-STRIPE-LIGHT-4SET,Hair Wrap,Hair Wrap CORE
HAIRWRAP-STRIPE-LIGHT-BLUE,Hair Wrap,Hair Wrap CORE
HAIRWRAP-STRIPE-LIGHT-GREEN,Hair Wrap,Hair Wrap CORE
HAIRWRAP-STRIPE-LIGHT-GREY,Hair Wrap,Hair Wrap CORE
HAIRWRAP-STRIPE-LIGHT-PINK,Hair Wrap,Hair Wrap CORE
HAIRWRAP-STRIPE-LIT-BEIGE,Hair Wrap,Hair Wrap SEASONAL
HAIRWRAP-STRIPE-LIT-PURPLE,Hair Wrap,Hair Wrap CORE
HAIRWRAP-STRIPE-RED,Hair Wrap,Hair Wrap SEASONAL
HAIRWRAP-STRIPE-YELLOW,Hair Wrap,Hair Wrap SEASONAL
HANGER-5PAK,,
HEADW-CBH-NAVY,,
HEADW-CLA-NAVY,,
HEADW-CLA-WHITE,,
HEADW-GEO-PINK,,
HOODT-ANI-HD-4SET,,
HOODT-ANI-HD-FROG,,
HOODT-ANI-HD-GIRAF,,
HOODT-ANI-HD-KOALA,,
HOODT-ANI-HD-PIG,,
HOODT-ANI-PK-FROG,,
HOODT-ANI-PK-GIRAF,,
HOODT-ANI-PK-KOALA,,
HOODT-ANI-PK-PIG,,
HOODT-ANI-SM-FROG,,
HOODT-ANI-SM-GIRAF,,
HOODT-ANI-SM-KOALA,,
HOODT-ANI-SM-PIG,,
HOODT-CLA-PK-LTBLU,,
HOODT-CLA-PK-LTPNK,,
HOODT-CLA-PK-NAVY,,
HOODT-CLA-PK-WHITE,,
HOODT-CLA-SM-LTBLU,,
HOODT-CLA-SM-LTPNK,,
HOODT-CLA-SM-NAVY,,
HOODT-CLA-SM-WHITE,,
LANYARD-SUM-BLUSKY,Lanyard,Lanyard
LANYARD-SUM-MELLOW,Lanyard,Lanyard
LANYARD-SUM-PSTPIER,Lanyard,Lanyard
LANYARD-SUM-RSPROAD,Lanyard,Lanyard
MAKUP-3SET-GLOW,Towel - Home,Towel - Home
MAKUP-3SET-MIND,Towel - Home,Towel - Home
MAKUP-4SET-FLAW,Towel - Home,Towel - Home
MAKUP-4SET-NAVY,Towel - Home,Towel - Home
MAKUP-4SET-PINK,Towel - Home,Towel - Home
MAKUP-CBH-3MIX,Makeup Remover,Makeup Remover
MAKUP-CLA-NAVY,Makeup Remover,Makeup Remover
MAKUP-CLA-NAVY-NB,Makeup Remover,Makeup Remover
MAKUP-GEO-3MIX,Makeup Remover,Makeup Remover
MAKUP-HOM-3PAK-FBA,Makeup Remover,Makeup Remover
MAKUP-HOM-3PAK-LTBLU,Makeup Remover,Makeup Remover
MAKUP-HOM-3PAK-LTGRN,Makeup Remover,Makeup Remover
MAKUP-HOM-3PAK-LTPNK,Makeup Remover,Makeup Remover
MAKUP-HOM-3PAK-NAVY,Makeup Remover,Makeup Remover
MAKUP-HOM-3PAK-TERRA,Makeup Remover,Makeup Remover
MAKUP-HOM-3SET-LTBLU,Makeup Remover,Makeup Remover
MAKUP-HOM-3SET-LTGRN,Makeup Remover,Makeup Remover
MAKUP-HOM-3SET-LTPNK,Makeup Remover,Makeup Remover
MAKUP-HOM-3SET-NAVY,Makeup Remover,Makeup Remover
MAKUP-HOM-3SET-TERRA,Makeup Remover,Makeup Remover
MAKUP-HOM-3SETA,Makeup Remover,Makeup Remover
MAKUP-HOM-3SETB,Makeup Remover,Makeup Remover
MAKUP-HOM-3SETC,Makeup Remover,Makeup Remover
MAKUP-HOM-3SETD,Makeup Remover,Makeup Remover
MAKUP-HOM-5SET,Makeup Remover,Makeup Remover
MAKUP-HOM-6PAK-FBA,Makeup Remover,Makeup Remover
MAKUP-HOM-9PAK-FBA,Makeup Remover,Makeup Remover
MAKUP-RET-MONT,Makeup Remover,Makeup Remover
MAKUP-STD-LTPNK,Makeup Remover,Makeup Remover
MAKUP-STD-LTPNK-NB,Makeup Remover,Makeup Remover
MAKUP-STD-NAVY,Makeup Remover,Makeup Remover
MAKUP-STD-NAVY-NB,Makeup Remover,Makeup Remover
MANUAL-ENTRY,,
MASK-CLA-LAR-BLACK,,
MASK-CLA-LAR-BLUE,,
MASK-CLA-LAR-GREEN,,
MASK-CLA-LAR-LTBEIGE,,
MASK-CLA-LAR-LTBLUE,,
MASK-CLA-LAR-LTGREEN,,
MASK-CLA-LAR-LTPINK,,
MASK-CLA-LAR-ORANGE,,
MASK-CLA-LAR-PINK,,
MASK-CLA-LAR-PURPLE,,
MASK-CLA-LAR-RED,,
MASK-CLA-LAR-WHITE,,
MASK-CLA-MED-BLACK,,
MASK-CLA-MED-BLUE,,
MASK-CLA-MED-GREEN,,
MASK-CLA-MED-LTBEIGE,,
MASK-CLA-MED-LTBLUE,,
MASK-CLA-MED-LTGREEN,,
MASK-CLA-MED-LTPINK,,
MASK-CLA-MED-ORANGE,,
MASK-CLA-MED-PINK,,
MASK-CLA-MED-PURPLE,,
MASK-CLA-MED-RED,,
MASK-CLA-MED-WHITE,,
MASK-ECO-LAR-BLUE,,
MASK-ECO-LAR-GREEN,,
MASK-ECO-LAR-GREY,,
MASK-ECO-LAR-ORANGE,,
MASK-ECO-LAR-RED,,
PERSONALISE_1_3,,
PERSONALISE_1_3_S,,
PERSONALISE_4_12,,
PERSONALISE_4_12_S,,
PICNIC-BOT-LG-PALM,Picnic Blanket,Picnic Blanket
PICNIC-BOT-XL-PALM,Picnic Blanket,Picnic Blanket
PICNIC-CAB-LG-AMALG,Picnic Blanket,Picnic Blanket
PICNIC-CAB-LG-LTBGE,Picnic Blanket,Picnic Blanket
PICNIC-CAB-LG-LTBLU,Picnic Blanket,Picnic Blanket
PICNIC-CAB-LG-NAVY,Picnic Blanket,Picnic Blanket
PICNIC-CAB-LG-YELL,Picnic Blanket,Picnic Blanket
PICNIC-CAB-XL-AMALG,Picnic Blanket,Picnic Blanket
PICNIC-CAB-XL-LTBGE,Picnic Blanket,Picnic Blanket
PICNIC-CAB-XL-LTBLU,Picnic Blanket,Picnic Blanket
PICNIC-CAB-XL-NAVY,Picnic Blanket,Picnic Blanket
PICNIC-CAB-XL-YELL,Picnic Blanket,Picnic Blanket
PICNIC-DES-LG-ALF,Picnic Blanket,Picnic Blanket
PICNIC-DES-LG-APPLTRT,Picnic Blanket,Picnic Blanket
PICNIC-DES-LG-BANARAM,Picnic Blanket,Picnic Blanket
PICNIC-DES-LG-BIGDILL,Picnic Blanket,Picnic Blanket
PICNIC-DES-LG-BRGTSIDE,Picnic Blanket,Picnic Blanket
PICNIC-DES-LG-CANDSTR,Picnic Blanket,Picnic Blanket
PICNIC-DES-LG-DKDIS,Picnic Blanket,Picnic Blanket
PICNIC-DES-LG-GRCSHR,Picnic Blanket,Picnic Blanket
PICNIC-DES-LG-MARGMAD,Picnic Blanket,Picnic Blanket
PICNIC-DES-LG-MTCHCRS,Picnic Blanket,Picnic Blanket
PICNIC-DES-LG-PKTSUN,Picnic Blanket,Picnic Blanket
PICNIC-DES-LG-SORBET,Picnic Blanket,Picnic Blanket
PICNIC-DES-LG-SPRCLUB,Picnic Blanket,Picnic Blanket
PICNIC-DES-LG-STRIPLIFE,Picnic Blanket,Picnic Blanket
PICNIC-DES-LG-SUNSUP,Picnic Blanket,Picnic Blanket
PICNIC-DES-LG-TERATROP,Picnic Blanket,Picnic Blanket
PICNIC-DES-LG-XSAUCY,Picnic Blanket,Picnic Blanket
PICNIC-DES-XL-ALF,Picnic Blanket,Picnic Blanket
PICNIC-DES-XL-APPLTRT,Picnic Blanket,Picnic Blanket
PICNIC-DES-XL-BANARAM,Picnic Blanket,Picnic Blanket
PICNIC-DES-XL-BIGDILL,Picnic Blanket,Picnic Blanket
PICNIC-DES-XL-BRGTSIDE,Picnic Blanket,Picnic Blanket
PICNIC-DES-XL-CANDSTR,Picnic Blanket,Picnic Blanket
PICNIC-DES-XL-DKDIS,Picnic Blanket,Picnic Blanket
PICNIC-DES-XL-GRCSHR,Picnic Blanket,Picnic Blanket
PICNIC-DES-XL-MARGMAD,Picnic Blanket,Picnic Blanket
PICNIC-DES-XL-MTCHCRS,Picnic Blanket,Picnic Blanket
PICNIC-DES-XL-PKTSUN,Picnic Blanket,Picnic Blanket
PICNIC-DES-XL-SORBET,Picnic Blanket,Picnic Blanket
PICNIC-DES-XL-SPRCLUB,Picnic Blanket,Picnic Blanket
PICNIC-DES-XL-STRIPLIFE,Picnic Blanket,Picnic Blanket
PICNIC-DES-XL-SUNSUP,Picnic Blanket,Picnic Blanket
PICNIC-DES-XL-TERATROP,Picnic Blanket,Picnic Blanket
PICNIC-DES-XL-XSAUCY,Picnic Blanket,Picnic Blanket
PICNIC-GIN-LG-BLUE,Picnic Blanket,Picnic Blanket
PICNIC-GIN-LG-PINK,Picnic Blanket,Picnic Blanket
PICNIC-GIN-XL-BLUE,Picnic Blanket,Picnic Blanket
PICNIC-GIN-XL-PINK,Picnic Blanket,Picnic Blanket
PICNIC-SGW-LG-GETWAV,Picnic Blanket,Picnic Blanket
PICNIC-SGW-XL-GETWAV,Picnic Blanket,Picnic Blanket
PICNIC-SUM-LG-SANDSEA,Picnic Blanket,Picnic Blanket
PICNIC-SUM-LG-UNICN,Picnic Blanket,Picnic Blanket
PICNIC-SUM-XL-SANDSEA,Picnic Blanket,Picnic Blanket
PICNIC-SUM-XL-UNICN,Picnic Blanket,Picnic Blanket
PONCHA-CAB-LG-BLUE-NS,Poncho - Adults,Poncho - Adults CORE
PONCHA-CAB-LG-BLUE-R,Poncho - Adults,Poncho - Adults CORE
PONCHA-CAB-LG-GREEN-R,Poncho - Adults,Poncho - Adults CORE
PONCHA-CAB-LG-GREY-R,Poncho - Adults,Poncho - Adults CORE
PONCHA-CAB-LG-LTPNK,Poncho - Adults,Poncho - Adults CORE
PONCHA-CAB-LG-LTPNK-NS,Poncho - Adults,Poncho - Adults CORE
PONCHA-CAB-LG-NAVY,Poncho - Adults,Poncho - Adults CORE
PONCHA-CAB-LG-NAVY-NS,Poncho - Adults,Poncho - Adults CORE
PONCHA-CAB-LG-PALP,Poncho - Adults,Poncho - Adults CORE
PONCHA-CAB-LG-PINK-R,Poncho - Adults,Poncho - Adults CORE
PONCHA-CAB-LG-RED-R,Poncho - Adults,Poncho - Adults CORE
PONCHA-CAB-LG-YELL-R,Poncho - Adults,Poncho - Adults CORE
PONCHA-CAB-MD-BLUE-NS,Poncho - Adults,Poncho - Adults CORE
PONCHA-CAB-MD-BLUE-R,Poncho - Adults,Poncho - Adults CORE
PONCHA-CAB-MD-GREEN-R,Poncho - Adults,Poncho - Adults CORE
PONCHA-CAB-MD-GREY-R,Poncho - Adults,Poncho - Adults CORE
PONCHA-CAB-MD-LTPNK,Poncho - Adults,Poncho - Adults CORE
PONCHA-CAB-MD-LTPNK-NS,Poncho - Adults,Poncho - Adults CORE
PONCHA-CAB-MD-NAVY,Poncho - Adults,Poncho - Adults CORE
PONCHA-CAB-MD-NAVY-NS,Poncho - Adults,Poncho - Adults CORE
PONCHA-CAB-MD-PALP,Poncho - Adults,Poncho - Adults CORE
PONCHA-CAB-MD-PINK-R,Poncho - Adults,Poncho - Adults CORE
PONCHA-CAB-MD-RED-R,Poncho - Adults,Poncho - Adults CORE
PONCHA-CAB-MD-YELL-R,Poncho - Adults,Poncho - Adults CORE
PONCHA-CAB-SM-BLUE-R,Poncho - Adults,Poncho - Adults CORE
PONCHA-CAB-SM-GREEN-R,Poncho - Adults,Poncho - Adults CORE
PONCHA-CAB-SM-GREY-R,Poncho - Adults,Poncho - Adults CORE
PONCHA-CAB-SM-LTPNK,Poncho - Adults,Poncho - Adults CORE
PONCHA-CAB-SM-NAVY,Poncho - Adults,Poncho - Adults CORE
PONCHA-CAB-SM-PINK-R,Poncho - Adults,Poncho - Adults CORE
PONCHA-CAB-SM-RED-R,Poncho - Adults,Poncho - Adults CORE
PONCHA-CAB-SM-YELL-R,Poncho - Adults,Poncho - Adults CORE
PONCHA-CAB-XL-LTPNK,Poncho - Adults,Poncho - Adults CORE
PONCHA-CAB-XL-NAVY,Poncho - Adults,Poncho - Adults CORE
PONCHA-CLA-LG-BLACK,Poncho - Adults,Poncho - Adults CORE
PONCHA-CLA-LG-DKGRN,Poncho - Adults,Poncho - Adults CORE
PONCHA-CLA-LG-NAVY,Poncho - Adults,Poncho - Adults CORE
PONCHA-CLA-LG-NAVY-NS,Poncho - Adults,Poncho - Adults CORE
PONCHA-CLA-MD-BLACK,Poncho - Adults,Poncho - Adults CORE
PONCHA-CLA-MD-DKGRN,Poncho - Adults,Poncho - Adults CORE
PONCHA-CLA-MD-NAVY,Poncho - Adults,Poncho - Adults CORE
PONCHA-CLA-MD-NAVY-NS,Poncho - Adults,Poncho - Adults CORE
PONCHA-CLA-SM-BLACK,Poncho - Adults,Poncho - Adults CORE
PONCHA-CLA-SM-DKGRN,Poncho - Adults,Poncho - Adults CORE
PONCHA-CLA-SM-NAVY,Poncho - Adults,Poncho - Adults CORE
PONCHA-DES-LG-CHECKMT,Poncho - Adults,Poncho - Adults SEASONAL
PONCHA-DES-LG-DRFT,Poncho - Adults,Poncho - Adults SEASONAL
PONCHA-DES-LG-FRUTLPS,Poncho - Adults,Poncho - Adults SEASONAL
PONCHA-DES-LG-GROOVCH,Poncho - Adults,Poncho - Adults SEASONAL
PONCHA-DES-LG-IBZAGLW,Poncho - Adults,Poncho - Adults SEASONAL
PONCHA-DES-LG-PALMBCH,Poncho - Adults,Poncho - Adults SEASONAL
PONCHA-DES-LG-PCHBCH,Poncho - Adults,Poncho - Adults SEASONAL
PONCHA-DES-LG-TERATROP,Poncho - Adults,Poncho - Adults SEASONAL
PONCHA-DES-LG-WAVYBBY,Poncho - Adults,Poncho - Adults SEASONAL
PONCHA-DES-LG-WTRSUG,Poncho - Adults,Poncho - Adults SEASONAL
PONCHA-DES-MD-CHECKMT,Poncho - Adults,Poncho - Adults SEASONAL
PONCHA-DES-MD-DRFT,Poncho - Adults,Poncho - Adults SEASONAL
PONCHA-DES-MD-FRUTLPS,Poncho - Adults,Poncho - Adults SEASONAL
PONCHA-DES-MD-GROOVCH,Poncho - Adults,Poncho - Adults SEASONAL
PONCHA-DES-MD-IBZAGLW,Poncho - Adults,Poncho - Adults SEASONAL
PONCHA-DES-MD-PALMBCH,Poncho - Adults,Poncho - Adults SEASONAL
PONCHA-DES-MD-PCHBCH,Poncho - Adults,Poncho - Adults SEASONAL
PONCHA-DES-MD-TERATROP,Poncho - Adults,Poncho - Adults SEASONAL
PONCHA-DES-MD-WAVYBBY,Poncho - Adults,Poncho - Adults SEASONAL
PONCHA-DES-MD-WTRSUG,Poncho - Adults,Poncho - Adults SEASONAL
PONCHA-FST-LG-BRT-R,Poncho - Adults,Poncho - Adults CORE
PONCHA-FST-LG-GRN-R,Poncho - Adults,Poncho - Adults CORE
PONCHA-FST-LG-GRY-R,Poncho - Adults,Poncho - Adults CORE
PONCHA-FST-LG-NVY-R,Poncho - Adults,Poncho - Adults CORE
PONCHA-FST-LG-PNK-R,Poncho - Adults,Poncho - Adults CORE
PONCHA-FST-MD-BRT-R,Poncho - Adults,Poncho - Adults CORE
PONCHA-FST-MD-GRN-R,Poncho - Adults,Poncho - Adults CORE
PONCHA-FST-MD-GRY-R,Poncho - Adults,Poncho - Adults CORE
PONCHA-FST-MD-NVY-R,Poncho - Adults,Poncho - Adults CORE
PONCHA-FST-MD-PNK-R,Poncho - Adults,Poncho - Adults CORE
PONCHA-FST-SM-BRT-R,Poncho - Adults,Poncho - Adults CORE
PONCHA-FST-SM-GRN-R,Poncho - Adults,Poncho - Adults CORE
PONCHA-FST-SM-GRY-R,Poncho - Adults,Poncho - Adults CORE
PONCHA-FST-SM-NVY-R,Poncho - Adults,Poncho - Adults CORE
PONCHA-FST-SM-PNK-R,Poncho - Adults,Poncho - Adults CORE
PONCHA-MAR-LG-BLUE,Poncho - Adults,Poncho - Adults CORE
PONCHA-MAR-LG-PINK,Poncho - Adults,Poncho - Adults CORE
PONCHA-MAR-MD-BLUE,Poncho - Adults,Poncho - Adults CORE
PONCHA-MAR-MD-PINK,Poncho - Adults,Poncho - Adults CORE
PONCHA-MAR-SM-BLUE,Poncho - Adults,Poncho - Adults CORE
PONCHA-MAR-SM-PINK,Poncho - Adults,Poncho - Adults CORE
PONCHA-SGW-LG-GETWAV,Poncho - Adults,Poncho - Adults SEASONAL
PONCHA-SGW-LG-RISSUN,Poncho - Adults,Poncho - Adults CORE
PONCHA-SGW-MD-GETWAV,Poncho - Adults,Poncho - Adults SEASONAL
PONCHA-SGW-MD-RISSUN,Poncho - Adults,Poncho - Adults CORE
PONCHA-SGW-SM-GETWAV,Poncho - Adults,Poncho - Adults CORE
PONCHA-SGW-SM-RISSUN,Poncho - Adults,Poncho - Adults CORE
PONCHA-SUM-LG-CSTCANDY,Poncho - Adults,Poncho - Adults SEASONAL
PONCHA-SUM-LG-LAZRIV,Poncho - Adults,Poncho - Adults SEASONAL
PONCHA-SUM-LG-PCHSUN,Poncho - Adults,Poncho - Adults SEASONAL
PONCHA-SUM-LG-UNICN,Poncho - Adults,Poncho - Adults CORE
PONCHA-SUM-LG-UNICN-NS,Poncho - Adults,Poncho - Adults CORE
PONCHA-SUM-MD-CSTCANDY,Poncho - Adults,Poncho - Adults SEASONAL
PONCHA-SUM-MD-LAZRIV,Poncho - Adults,Poncho - Adults CORE
PONCHA-SUM-MD-PCHSUN,Poncho - Adults,Poncho - Adults SEASONAL
PONCHA-SUM-MD-UNICN,Poncho - Adults,Poncho - Adults CORE
PONCHA-SUM-MD-UNICN-NS,Poncho - Adults,Poncho - Adults CORE
PONCHA-SUM-SM-UNICN,Poncho - Adults,Poncho - Adults CORE
PONCHA-SUM-XL-UNICN,Poncho - Adults,Poncho - Adults CORE
PONCHK-CAB-MD-BLUE-NS,Poncho - Kids,Poncho - Kids CORE
PONCHK-CAB-MD-BLUE-R,Poncho - Kids,Poncho - Kids CORE
PONCHK-CAB-MD-GREEN-R,Poncho - Kids,Poncho - Kids CORE
PONCHK-CAB-MD-GREY-R,Poncho - Kids,Poncho - Kids CORE
PONCHK-CAB-MD-LTPNK,Poncho - Kids,Poncho - Kids CORE
PONCHK-CAB-MD-LTPNK-NS,Poncho - Kids,Poncho - Kids CORE
PONCHK-CAB-MD-NAVY,Poncho - Kids,Poncho - Kids CORE
PONCHK-CAB-MD-NAVY-NS,Poncho - Kids,Poncho - Kids CORE
PONCHK-CAB-MD-PALP,Poncho - Kids,Poncho - Kids CORE
PONCHK-CAB-MD-PINK-R,Poncho - Kids,Poncho - Kids CORE
PONCHK-CAB-MD-RED-R,Poncho - Kids,Poncho - Kids CORE
PONCHK-CAB-MD-YELL,,
PONCHK-CAB-MD-YELL-R,Poncho - Kids,Poncho - Kids CORE
PONCHK-CAB-SM-BLUE-NS,Poncho - Kids,Poncho - Kids CORE
PONCHK-CAB-SM-BLUE-R,Poncho - Kids,Poncho - Kids CORE
PONCHK-CAB-SM-GREEN-R,Poncho - Kids,Poncho - Kids CORE
PONCHK-CAB-SM-GREY-R,Poncho - Kids,Poncho - Kids CORE
PONCHK-CAB-SM-LTPNK,Poncho - Kids,Poncho - Kids CORE
PONCHK-CAB-SM-LTPNK-NS,Poncho - Kids,Poncho - Kids CORE
PONCHK-CAB-SM-NAVY,Poncho - Kids,Poncho - Kids CORE
PONCHK-CAB-SM-NAVY-NS,Poncho - Kids,Poncho - Kids CORE
PONCHK-CAB-SM-PALP,Poncho - Kids,Poncho - Kids CORE
PONCHK-CAB-SM-PINK-R,Poncho - Kids,Poncho - Kids CORE
PONCHK-CAB-SM-RED-R,Poncho - Kids,Poncho - Kids CORE
PONCHK-CAB-SM-YELL,,
PONCHK-CAB-SM-YELL-R,Poncho - Kids,Poncho - Kids CORE
PONCHK-CAB-XS-BLUE-R,Poncho - Kids,Poncho - Kids CORE
PONCHK-CAB-XS-GREEN-R,Poncho - Kids,Poncho - Kids CORE
PONCHK-CAB-XS-GREY-R,Poncho - Kids,Poncho - Kids CORE
PONCHK-CAB-XS-LTPNK,Poncho - Kids,Poncho - Kids CORE
PONCHK-CAB-XS-NAVY,Poncho - Kids,Poncho - Kids CORE
PONCHK-CAB-XS-PINK-R,Poncho - Kids,Poncho - Kids CORE
PONCHK-CAB-XS-RED-R,Poncho - Kids,Poncho - Kids CORE
PONCHK-CAB-XS-YELL-R,Poncho - Kids,Poncho - Kids CORE
PONCHK-DES-MD-CLBSDA,Poncho - Kids,Poncho - Kids SEASONAL
PONCHK-DES-MD-SPCYLME,Poncho - Kids,Poncho - Kids SEASONAL
PONCHK-DES-SM-CLBSDA,Poncho - Kids,Poncho - Kids SEASONAL
PONCHK-DES-SM-SPCYLME,Poncho - Kids,Poncho - Kids SEASONAL
PONCHK-JUN-MD-FLAMG-R,Poncho - Kids,Poncho - Kids CORE
PONCHK-JUN-MD-MONKY-R,Poncho - Kids,Poncho - Kids CORE
PONCHK-JUN-MD-TIGER-R,Poncho - Kids,Poncho - Kids CORE
PONCHK-JUN-MD-TOUCN-R,Poncho - Kids,Poncho - Kids CORE
PONCHK-JUN-SM-FLAMG-R,Poncho - Kids,Poncho - Kids CORE
PONCHK-JUN-SM-MONKY-R,Poncho - Kids,Poncho - Kids CORE
PONCHK-JUN-SM-TIGER-R,Poncho - Kids,Poncho - Kids CORE
PONCHK-JUN-SM-TOUCN-R,Poncho - Kids,Poncho - Kids CORE
PONCHK-JUN-XS-FLAMG-R,Poncho - Kids,Poncho - Kids CORE
PONCHK-JUN-XS-MONKY-R,Poncho - Kids,Poncho - Kids CORE
PONCHK-JUN-XS-TIGER-R,Poncho - Kids,Poncho - Kids CORE
PONCHK-JUN-XS-TOUCN-R,Poncho - Kids,Poncho - Kids CORE
PONCHK-KID-MD-BUBDRM,Poncho - Kids,Poncho - Kids SEASONAL
PONCHK-KID-MD-CAMO,Poncho - Kids,Poncho - Kids SEASONAL
PONCHK-KID-MD-CAMO-NS,Poncho - Kids,Poncho - Kids SEASONAL
PONCHK-KID-MD-CAMOCUBE,Poncho - Kids,Poncho - Kids SEASONAL
PONCHK-KID-MD-CHECKOUT,Poncho - Kids,Poncho - Kids SEASONAL
PONCHK-KID-MD-CROC,Poncho - Kids,Poncho - Kids SEASONAL
PONCHK-KID-MD-DOODMOOD,Poncho - Kids,Poncho - Kids SEASONAL
PONCHK-KID-MD-FIVEDAY,Poncho - Kids,Poncho - Kids SEASONAL
PONCHK-KID-MD-FLAM,Poncho - Kids,Poncho - Kids SEASONAL
PONCHK-KID-MD-GVCLUB,Poncho - Kids,Poncho - Kids SEASONAL
PONCHK-KID-MD-INTOWILD,Poncho - Kids,Poncho - Kids SEASONAL
PONCHK-KID-MD-JELLY,Poncho - Kids,Poncho - Kids SEASONAL
PONCHK-KID-MD-KARMCHAM,Poncho - Kids,Poncho - Kids SEASONAL
PONCHK-KID-MD-LEOP,Poncho - Kids,Poncho - Kids CORE
PONCHK-KID-MD-POWER,Poncho - Kids,Poncho - Kids SEASONAL
PONCHK-KID-MD-POWER-NS,Poncho - Kids,Poncho - Kids SEASONAL
PONCHK-KID-MD-RAINB,Poncho - Kids,Poncho - Kids CORE
PONCHK-KID-MD-SKATER,Poncho - Kids,Poncho - Kids SEASONAL
PONCHK-KID-MD-SQUIG,Poncho - Kids,Poncho - Kids CORE
PONCHK-KID-MD-TURTROP,Poncho - Kids,Poncho - Kids SEASONAL
PONCHK-KID-SM-BUBDRM,Poncho - Kids,Poncho - Kids SEASONAL
PONCHK-KID-SM-CAMO,Poncho - Kids,Poncho - Kids SEASONAL
PONCHK-KID-SM-CAMO-NS,Poncho - Kids,Poncho - Kids SEASONAL
PONCHK-KID-SM-CAMOCUBE,Poncho - Kids,Poncho - Kids SEASONAL
PONCHK-KID-SM-CHECKOUT,Poncho - Kids,Poncho - Kids SEASONAL
PONCHK-KID-SM-CROC,Poncho - Kids,Poncho - Kids SEASONAL
PONCHK-KID-SM-DOODMOOD,Poncho - Kids,Poncho - Kids SEASONAL
PONCHK-KID-SM-FIVEDAY,Poncho - Kids,Poncho - Kids SEASONAL
PONCHK-KID-SM-FLAM,Poncho - Kids,Poncho - Kids SEASONAL
PONCHK-KID-SM-GVCLUB,Poncho - Kids,Poncho - Kids SEASONAL
PONCHK-KID-SM-INTOWILD,Poncho - Kids,Poncho - Kids SEASONAL
PONCHK-KID-SM-JELLY,Poncho - Kids,Poncho - Kids SEASONAL
PONCHK-KID-SM-KARMCHAM,Poncho - Kids,Poncho - Kids SEASONAL
PONCHK-KID-SM-LEOP,Poncho - Kids,Poncho - Kids CORE
PONCHK-KID-SM-POWER,Poncho - Kids,Poncho - Kids SEASONAL
PONCHK-KID-SM-POWER-NS,Poncho - Kids,Poncho - Kids SEASONAL
PONCHK-KID-SM-RAINB,Poncho - Kids,Poncho - Kids CORE
PONCHK-KID-SM-SKATER,Poncho - Kids,Poncho - Kids SEASONAL
PONCHK-KID-SM-SQUIG,Poncho - Kids,Poncho - Kids CORE
PONCHK-KID-SM-TURTROP,Poncho - Kids,Poncho - Kids SEASONAL
PONCHK-KID-XS-CAMO,Poncho - Kids,Poncho - Kids CORE
PONCHK-KID-XS-LEOP,Poncho - Kids,Poncho - Kids CORE
PONCHK-KID-XS-POWER,Poncho - Kids,Poncho - Kids CORE
PONCHK-KID-XS-RAINB,Poncho - Kids,Poncho - Kids CORE
PONCHK-KID-XS-SQUIG,Poncho - Kids,Poncho - Kids CORE
PONCHK-SUM-MD-CSTCANDY,Poncho - Kids,Poncho - Kids SEASONAL
PONCHK-SUM-MD-UNICN,Poncho - Kids,Poncho - Kids SEASONAL
PONCHK-SUM-MD-UNICN-NS,Poncho - Kids,Poncho - Kids CORE
PONCHK-SUM-SM-CSTCANDY,Poncho - Kids,Poncho - Kids SEASONAL
PONCHK-SUM-SM-UNICN,Poncho - Kids,Poncho - Kids SEASONAL
PONCHK-SUM-SM-UNICN-NS,Poncho - Kids,Poncho - Kids CORE
PONCHK-SUM-XS-UNICN,Poncho - Kids,Poncho - Kids CORE
PONCHO-SML-PURPLE-HEART-02,,
PONCHOADULT-LAR-BLUE,Poncho - Adults,Poncho - Adults CORE
PONCHOADULT-LAR-GREEN,Poncho - Adults,Poncho - Adults CORE
PONCHOADULT-LAR-GREY,Poncho - Adults,Poncho - Adults CORE
PONCHOADULT-LAR-PINK,Poncho - Adults,Poncho - Adults CORE
PONCHOADULT-LAR-RED,Poncho - Adults,Poncho - Adults CORE
PONCHOADULT-LAR-YELLOW,Poncho - Adults,Poncho - Adults CORE
PONCHOADULT-MED-BLUE,Poncho - Adults,Poncho - Adults CORE
PONCHOADULT-MED-GREEN,Poncho - Adults,Poncho - Adults CORE
PONCHOADULT-MED-GREY,Poncho - Adults,Poncho - Adults CORE
PONCHOADULT-MED-PINK,Poncho - Adults,Poncho - Adults CORE
PONCHOADULT-MED-RED,Poncho - Adults,Poncho - Adults CORE
PONCHOADULT-MED-YELLOW,Poncho - Adults,Poncho - Adults CORE
PONCHOADULT-SML-BLUE,Poncho - Adults,Poncho - Adults CORE
PONCHOADULT-SML-GREEN,Poncho - Adults,Poncho - Adults CORE
PONCHOADULT-SML-GREY,Poncho - Adults,Poncho - Adults CORE
PONCHOADULT-SML-PINK,Poncho - Adults,Poncho - Adults CORE
PONCHOADULT-SML-RED,Poncho - Adults,Poncho - Adults CORE
PONCHOADULT-SML-YELLOW,Poncho - Adults,Poncho - Adults CORE
PONCHOKIDS-MED-BLUE,Poncho - Kids,Poncho - Kids CORE
PONCHOKIDS-MED-GREEN,Poncho - Kids,Poncho - Kids CORE
PONCHOKIDS-MED-GREY,Poncho - Kids,Poncho - Kids CORE
PONCHOKIDS-MED-PINK,Poncho - Kids,Poncho - Kids CORE
PONCHOKIDS-MED-RED,Poncho - Kids,Poncho - Kids CORE
PONCHOKIDS-MED-YELLOW,Poncho - Kids,Poncho - Kids CORE
PONCHOKIDS-SML-BLUE,Poncho - Kids,Poncho - Kids CORE
PONCHOKIDS-SML-GREEN,Poncho - Kids,Poncho - Kids CORE
PONCHOKIDS-SML-GREY,Poncho - Kids,Poncho - Kids CORE
PONCHOKIDS-SML-PINK,Poncho - Kids,Poncho - Kids CORE
PONCHOKIDS-SML-PURPLE,Poncho - Kids,Poncho - Kids CORE
PONCHOKIDS-SML-RED,Poncho - Kids,Poncho - Kids CORE
PONCHOKIDS-SML-YELLOW,Poncho - Kids,Poncho - Kids CORE
PONCHOKIDS-XSM-BLUE,Poncho - Kids,Poncho - Kids CORE
PONCHOKIDS-XSM-GREEN,Poncho - Kids,Poncho - Kids CORE
PONCHOKIDS-XSM-GREY,Poncho - Kids,Poncho - Kids CORE
PONCHOKIDS-XSM-PINK,Poncho - Kids,Poncho - Kids CORE
PONCHOKIDS-XSM-RED,Poncho - Kids,Poncho - Kids CORE
PONCHOKIDS-XSM-YELLOW,Poncho - Kids,Poncho - Kids CORE
POS-DIS-LG-FULL-TOWLB-EN-24,,
POS-DIS-LG-FULL-TOWLB-STOCKED-EN-24,,
POS-DIS-LG-FULL-TOWLB-STOCKED-SS25,,
POS-DIS-LG-FULL-TOWLB-STOCKED-SS25-US,,
POS-DIS-LG-FULL-TOWLB-STOCKED-SS26,,
POS-DIS-PREM-1SIDE-24,,
POS-DIS-PREM-1SIDE-STOCKED-24,,
POS-DIS-PREM-1SIDE-STOCKED-SS25,,
POS-DIS-PREM-2SIDE-24,,
POS-DIS-PREM-2SIDE-KIT,,
POS-DIS-PREM-2SIDE-STOCKED-24,,
POS-DIS-PREM-2SIDE-STOCKED-SS25,,
POS-DIS-PREM-3X-PRONGS,,
POS-DIS-PREM-EXRS,,
POS-DIS-PREM-PEG-BOARD,,
POS-DIS-PREM-WIRE-BASKET,,
POS-DIS-PREM-WOOD-BASKET,,
POS-DIS-SM-DOGTWL-EN-24,,
POS-DIS-SM-DOGTWL-STOCKED-AW24,,
POS-DIS-SM-DOGTWL-STOCKED-AW25,,
POS-DIS-SM-DOGTWL-STOCKED-EN-24,,
POS-DIS-SM-FULL-BAGF-EN-24,,
POS-DIS-SM-FULL-BAGF-STOCKED-EN-24﻿,,
POS-DIS-SM-FULL-BAGF-STOCKED-SS25,,
POS-DIS-SM-FULL-BAGF-STOCKED-SS26,,
POS-DIS-SM-FULL-COOL-EN-24,,
POS-DIS-SM-FULL-COOL-STOCKED-EN-24,,
POS-DIS-SM-FULL-COOL-STOCKED-SS25,,
POS-DIS-SM-FULL-HAIRW-EN-24,,
POS-DIS-SM-FULL-HAIRW-STOCKED-AW24,,
POS-DIS-SM-FULL-HAIRW-STOCKED-AW25,,
POS-DIS-SM-FULL-HAIRW-STOCKED-EN-24,,
POS-DIS-SM-FULL-MAKUP-EN-24,,
POS-DIS-SM-FULL-MAKUP-STOCKED-EN-24,,
POS-DIS-SM-FULL-PICNIC-EN-24,,
POS-DIS-SM-FULL-PICNIC-STOCKED-EN-24,,
POS-DIS-SM-FULL-PICNIC-STOCKED-SS25,,
POS-DIS-SM-FULL-PICNIC-STOCKED-SS26,,
POS-DIS-SM-FULL-PONCHA-EN-24,,
POS-DIS-SM-FULL-PONCHA-STOCKED-EN-24,,
POS-DIS-SM-FULL-PONCHA-STOCKED-SS25,,
POS-DIS-SM-FULL-PONCHA-STOCKED-SS26,,
POS-DIS-SM-FULL-PONCHK-EN-24,,
POS-DIS-SM-FULL-PONCHK-STOCKED-EN-24,,
POS-DIS-SM-FULL-PONCHK-STOCKED-SS25,,
POS-DIS-SM-FULL-PONCHK-STOCKED-SS26,,
POS-DIS-SM-FULL-TOWLB-EN-24,,
POS-DIS-SM-FULL-TOWLB-KID-EN-24,,
POS-DIS-SM-FULL-TOWLB-KID-STOCKED-EN-24,,
POS-DIS-SM-FULL-TOWLB-KID-STOCKED-SS25,,
POS-DIS-SM-FULL-TOWLB-KID-STOCKED-SS26,,
POS-DIS-SM-FULL-TOWLB-STOCKED-EN-24,,
POS-DIS-SM-FULL-TOWLB-STOCKED-SS25,,
POS-DIS-SM-FULL-TOWLB-STOCKED-SS25-US,,
POS-DIS-SM-FULL-TOWLB-STOCKED-SS26,,
POS-DIS-SM-HEAD-BAGF-EN-24,,
POS-DIS-SM-HEAD-COOL-EN-24,,
POS-DIS-SM-HEAD-PICNIC-EN-24,,
POS-DIS-SM-HEAD-PONCHA-EN-24,,
POS-DIS-SM-HEAD-PONCHK-EN-24,,
POS-DIS-SM-HEAD-TOWLB-KID-EN-24,,
POS-DIS-SM-HEAD-TOWLB-KID-EN24,,
POS-DIS-SM-UNO-SS26,,
POS-DISPLAY-LG-FR-22,,
POS-DISPLAY-LG-R,,
POS-DISPLAY-SM-FR-22,,
POS-DISPLAY-SM-R,,
POS-SM-TOWLB-24,,
POS-STOCK-REFILL-LG-TOWLB,,
POS-STOCK-REFILL-LG-TOWLB-SS25,,
POS-STOCK-REFILL-LG-TOWLB-SS25-US,,
POS-STOCK-REFILL-LG-TOWLB-SS26,,
POS-STOCK-REFILL-PREM-1SIDE,,
POS-STOCK-REFILL-PREM-1SIDE-SS25,,
POS-STOCK-REFILL-PREM-2SIDE,,
POS-STOCK-REFILL-PREM-2SIDE-SS25,,
POS-STOCK-REFILL-SM-BAGF,,
POS-STOCK-REFILL-SM-BAGF-SS25,,
POS-STOCK-REFILL-SM-BAGF-SS26,,
POS-STOCK-REFILL-SM-COOL,,
POS-STOCK-REFILL-SM-COOL-SS25,,
POS-STOCK-REFILL-SM-DOGTWL,,
POS-STOCK-REFILL-SM-DOGTWL-AW24,,
POS-STOCK-REFILL-SM-DOGTWL-AW25,,
POS-STOCK-REFILL-SM-HAIRW,,
POS-STOCK-REFILL-SM-HAIRW-AW24,,
POS-STOCK-REFILL-SM-HAIRW-AW25,,
POS-STOCK-REFILL-SM-MAKUP,,
POS-STOCK-REFILL-SM-PICNIC,,
POS-STOCK-REFILL-SM-PICNIC-SS25,,
POS-STOCK-REFILL-SM-PICNIC-SS26,,
POS-STOCK-REFILL-SM-PONCHA,,
POS-STOCK-REFILL-SM-PONCHA-SS25,,
POS-STOCK-REFILL-SM-PONCHA-SS26,,
POS-STOCK-REFILL-SM-PONCHK,,
POS-STOCK-REFILL-SM-PONCHK-SS25,,
POS-STOCK-REFILL-SM-PONCHK-SS26,,
POS-STOCK-REFILL-SM-TEATWL,,
POS-STOCK-REFILL-SM-TEATWL-AW24,,
POS-STOCK-REFILL-SM-TEATWL-AW25,,
POS-STOCK-REFILL-SM-TEATWL-AW25-2,,
POS-STOCK-REFILL-SM-TOWLB,,
POS-STOCK-REFILL-SM-TOWLB-KID,,
POS-STOCK-REFILL-SM-TOWLB-KID-SS25,,
POS-STOCK-REFILL-SM-TOWLB-KID-SS26,,
POS-STOCK-REFILL-SM-TOWLB-SS25,,
POS-STOCK-REFILL-SM-TOWLB-SS25-US,,
POS-STOCK-REFILL-SM-TOWLB-SS26,,
POS-STOCK-REFILL-SM-TOWLH-AW25,,
POSTCARD-OLIVERS-1,,
PP-TEATWL-MD-2SET-FRUVEG,Tea Towel,Tea Towel
PP-TEATWL-MD-2SET-RNROO,Tea Towel,Tea Towel
PP-TEATWL-MD-3SET-FINDIN,Tea Towel,Tea Towel
PP-TEATWL-MD-3SET-KTCHDISC,Tea Towel,Tea Towel
PP-TEATWL-MD-3SET-SETTAB,Tea Towel,Tea Towel
PP-TEATWL-MD-3SET-SPRKSHNE,Tea Towel,Tea Towel
PP-TEATWL-MD-3SET-STRAWFZ,Tea Towel,Tea Towel
PP-TEATWL-MD-3SET-TAPTIM,Tea Towel,Tea Towel
PP-TEATWL-MD-3SET-TART,Tea Towel,Tea Towel
PP-TEATWL-MD-5SET-CULDEL,Tea Towel,Tea Towel
PP-TEATWL-MD-5SET-HOST,Tea Towel,Tea Towel
PP-TEATWL-MD-5SET-PICKY,Tea Towel,Tea Towel
PP-TEATWL-MD-6SET-AFTPTY,Tea Towel,Tea Towel
PP-TEATWL-MD-6SET-FRTCTL,Tea Towel,Tea Towel
PP-TOWLB-CAB-LG-4SET-BLUE,Towel - Beach,Towel - Beach CORE
PP-TOWLB-CAB-LG-4SET-ORANGE,Towel - Beach,Towel - Beach CORE
PP-TOWLB-CAB-LG-4SET-PINK,Towel - Beach,Towel - Beach CORE
PP-TOWLB-CAB-LG-4SETA-R,Towel - Beach,Towel - Beach CORE
PP-TOWLB-CAB-LG-4SETE-R,Towel - Beach,Towel - Beach CORE
PP-TOWLB-CAB-LG-4SETF-R,Towel - Beach,Towel - Beach CORE
PP-TOWLB-CAB-LG-4SETG,Towel - Beach,Towel - Beach CORE
PP-TOWLB-CAB-LG-4SETH,Towel - Beach,Towel - Beach CORE
PP-TOWLB-CAB-LG-4SETK,Towel - Beach,Towel - Beach CORE
PP-TOWLB-CAB-LG-4SETL,Towel - Beach,Towel - Beach CORE
PP-TOWLB-CAB-LG-4SETM,Towel - Beach,Towel - Beach CORE
PP-TOWLB-CAB-LG-4SETN,Towel - Beach,Towel - Beach CORE
PP-TOWLB-CAB-LG-4SETO,Towel - Beach,Towel - Beach CORE
PP-TOWLB-CAB-LG-6SET-BLUE,Towel - Beach,Towel - Beach CORE
PP-TOWLB-CAB-LG-6SET-PINK,Towel - Beach,Towel - Beach CORE
PP-TOWLB-CAB-LG-6SET-R,Towel - Beach,Towel - Beach CORE
PP-TOWLB-CAB-LG-6SETI,Towel - Beach,Towel - Beach CORE
PP-TOWLB-CAB-LG-6SETJ,Towel - Beach,Towel - Beach CORE
PP-TOWLB-CAB-LG-6SETK,Towel - Beach,Towel - Beach CORE
PP-TOWLB-CAB-LG-6SETL,Towel - Beach,Towel - Beach CORE
PP-TOWLB-CAB-LG-6SETM,Towel - Beach,Towel - Beach CORE
PP-TOWLB-CAB-XL-4SET-BLUE,Towel - Beach,Towel - Beach CORE
PP-TOWLB-CAB-XL-4SET-ORANGE,Towel - Beach,Towel - Beach CORE
PP-TOWLB-CAB-XL-4SET-PINK,Towel - Beach,Towel - Beach CORE
PP-TOWLB-CAB-XL-4SETA-R,Towel - Beach,Towel - Beach CORE
PP-TOWLB-CAB-XL-4SETE-R,Towel - Beach,Towel - Beach CORE
PP-TOWLB-CAB-XL-4SETF-R,Towel - Beach,Towel - Beach CORE
PP-TOWLB-CAB-XL-4SETG,Towel - Beach,Towel - Beach CORE
PP-TOWLB-CAB-XL-4SETH,Towel - Beach,Towel - Beach CORE
PP-TOWLB-CAB-XL-4SETK,Towel - Beach,Towel - Beach CORE
PP-TOWLB-CAB-XL-4SETL,Towel - Beach,Towel - Beach CORE
PP-TOWLB-CAB-XL-4SETM,Towel - Beach,Towel - Beach CORE
PP-TOWLB-CAB-XL-4SETN,Towel - Beach,Towel - Beach CORE
PP-TOWLB-CAB-XL-4SETO,Towel - Beach,Towel - Beach CORE
PP-TOWLB-CAB-XL-6SET-BLUE,Towel - Beach,Towel - Beach CORE
PP-TOWLB-CAB-XL-6SET-PINK,Towel - Beach,Towel - Beach CORE
PP-TOWLB-CAB-XL-6SET-R,Towel - Beach,Towel - Beach CORE
PP-TOWLB-CAB-XL-6SETI,Towel - Beach,Towel - Beach CORE
PP-TOWLB-CAB-XL-6SETJ,Towel - Beach,Towel - Beach CORE
PP-TOWLB-CAB-XL-6SETK,Towel - Beach,Towel - Beach CORE
PP-TOWLB-CAB-XL-6SETL,Towel - Beach,Towel - Beach CORE
PP-TOWLB-CAB-XL-6SETM,Towel - Beach,Towel - Beach CORE
PP-TOWLB-DES-LG-4SETA,Towel - Beach,Towel - Beach CORE
PP-TOWLB-DES-LG-4SETE,Towel - Beach,Towel - Beach CORE
PP-TOWLB-DES-LG-6SETA,Towel - Beach,Towel - Beach CORE
PP-TOWLB-DES-XL-4SETA,Towel - Beach,Towel - Beach CORE
PP-TOWLB-DES-XL-4SETE,Towel - Beach,Towel - Beach CORE
PP-TOWLB-DES-XL-6SETA,Towel - Beach,Towel - Beach CORE
PP-TOWLB-SUM-LG-6SETA,Towel - Beach,Towel - Beach CORE
PP-TOWLB-SUM-XL-6SETA,Towel - Beach,Towel - Beach CORE
PP01BS-C,,
PREORDER-001,,
PREORDER-002,,
PREORDER-003,,
PREORDER-004,,
PREORDER-005,,
PREORDER-006,,
PREORDER-007,,
PREORDER-008,,
PREORDER-009,,
PREORDER-010,,
PREORDER-011,,
PREORDER-012,,
PREORDER-013,,
PREORDER-014,,
PREORDER-015,,
PREORDER-016,,
PREORDER-017,,
PREORDER-018,,
PREORDER-019,,
PREORDER-020,,
PREORDER-021,,
PREORDER-022,,
PREORDER-023,,
PREORDER-024,,
PREORDER-059,,
PREORDER-063,,
PREORDER-076,,
PREORDER-091,,
PREORDER-092,,
PREORDER-093,,
PREORDER-094,,
PREORDER-098,,
PREORDER-101,,
PREORDER-105,,
PREORDER-116,,
PREORDER-118,,
PREORDER-127,,
PREORDER-136,,
ROBE-CBH-MD-NAVY,,
ROBE-CLA-MD-NAVY,,
ROBE-CLA-MD-WHITE,,
ROBE-GEO-MD-PINK,,
ROBE-RET-MD-MONT,,
ROBE-RET-MD-SINH,,
ROUND-CROSS-ORANGE,Towel - Beach,Towel - Beach CORE
ROUND-CROSS-RED,Towel - Beach,Towel - Beach CORE
ROUND-MAZE-GREEN,Towel - Beach,Towel - Beach CORE
ROUND-MAZE-PINK,Towel - Beach,Towel - Beach CORE
ROUND-MAZE-YELLOW,Towel - Beach,Towel - Beach CORE
ROUND-STRIPE-BLUE,Towel - Beach,Towel - Beach CORE
ROUND-STRIPE-GREEN,Towel - Beach,Towel - Beach CORE
ROUND-STRIPE-GREY,Towel - Beach,Towel - Beach CORE
ROUND-STRIPE-PINK,Towel - Beach,Towel - Beach CORE
ROUND-STRIPE-RAINBOW,Towel - Beach,Towel - Beach CORE
ROUND-STRIPE-RED,Towel - Beach,Towel - Beach CORE
S18-ACTIVE-SML-GREY,,
S18-CLASSIC-SML-ORANGE,,
SAMPLE-SET1,,
SAMPLE-SET2,,
SAMPLE-SET3,,
SANDBAG-LTPNK,,
SHIP-ON-ACCOUNT-FEDEX,,
SHIP-ON-ACCOUNT-UPS,,
SHIPBAG-LAR,,
SHIPBAG-MED,,
SHIPBAG-XLG,,
SHIPPING,,
SHORTS-BOT-LG-BANA,,
SHORTS-BOT-LG-PALM,,
SHORTS-BOT-LG-PARA,,
SHORTS-BOT-MD-BANA,,
SHORTS-BOT-MD-PALM,,
SHORTS-BOT-MD-PARA,,
SHORTS-BOT-SM-BANA,,
SHORTS-BOT-SM-PALM,,
SHORTS-BOT-SM-PARA,,
SHORTS-BOT-XL-BANA,,
SHORTS-BOT-XL-PALM,,
SHORTS-BOT-XL-PARA,,
SHORTS-CAB-LG-BLUE,,
SHORTS-CAB-LG-RAIN,,
SHORTS-CAB-LG-RED,,
SHORTS-CAB-MD-BLUE,,
SHORTS-CAB-MD-RAIN,,
SHORTS-CAB-MD-RED,,
SHORTS-CAB-SM-BLUE,,
SHORTS-CAB-SM-RAIN,,
SHORTS-CAB-SM-RED,,
SHORTS-CAB-XL-BLUE,,
SHORTS-CAB-XL-RAIN,,
SHORTS-CAB-XL-RED,,
SHORTS-PIN-LG-BLACK,,
SHORTS-PIN-LG-BRIT,,
SHORTS-PIN-LG-KHAKI,,
SHORTS-PIN-LG-LTBLU,,
SHORTS-PIN-LG-NAVY,,
SHORTS-PIN-LG-ORNG,,
SHORTS-PIN-MD-BLACK,,
SHORTS-PIN-MD-BRIT,,
SHORTS-PIN-MD-KHAKI,,
SHORTS-PIN-MD-LTBLU,,
SHORTS-PIN-MD-NAVY,,
SHORTS-PIN-MD-ORNG,,
SHORTS-PIN-SM-BLACK,,
SHORTS-PIN-SM-BRIT,,
SHORTS-PIN-SM-KHAKI,,
SHORTS-PIN-SM-LTBLU,,
SHORTS-PIN-SM-NAVY,,
SHORTS-PIN-SM-ORNG,,
SHORTS-PIN-XL-BLACK,,
SHORTS-PIN-XL-BRIT,,
SHORTS-PIN-XL-KHAKI,,
SHORTS-PIN-XL-LTBLU,,
SHORTS-PIN-XL-NAVY,,
SHORTS-PIN-XL-ORNG,,
SHORTSSTRIPE-LAR-BLUE,,
SHORTSSTRIPE-LAR-BLUENAVY,,
SHORTSSTRIPE-LAR-GREEN,,
SHORTSSTRIPE-LAR-ORANGE,,
SHORTSSTRIPE-LAR-PINK,,
SHORTSSTRIPE-LAR-RAINBOW,,
SHORTSSTRIPE-LAR-RED,,
SHORTSSTRIPE-LAR-YELLOW,,
SHORTSSTRIPE-MED-BLUE,,
SHORTSSTRIPE-MED-BLUENAVY,,
SHORTSSTRIPE-MED-GREEN,,
SHORTSSTRIPE-MED-ORANGE,,
SHORTSSTRIPE-MED-PINK,,
SHORTSSTRIPE-MED-RAINBOW,,
SHORTSSTRIPE-MED-RED,,
SHORTSSTRIPE-MED-YELLOW,,
SHORTSSTRIPE-SML-BLUE,,
SHORTSSTRIPE-SML-BLUENAVY,,
SHORTSSTRIPE-SML-GREEN,,
SHORTSSTRIPE-SML-ORANGE,,
SHORTSSTRIPE-SML-PINK,,
SHORTSSTRIPE-SML-RAINBOW,,
SHORTSSTRIPE-SML-RED,,
SHORTSSTRIPE-SML-YELLOW,,
SHORTSSTRIPE-XLG-BLUE,,
SHORTSSTRIPE-XLG-BLUENAVY,,
SHORTSSTRIPE-XLG-GREEN,,
SHORTSSTRIPE-XLG-ORANGE,,
SHORTSSTRIPE-XLG-PINK,,
SHORTSSTRIPE-XLG-RAINBOW,,
SHORTSSTRIPE-XLG-RED,,
SHORTSSTRIPE-XLG-YELLOW,,
SPAREPOUCH-LAR,,
SPAREPOUCH-XLG,,
SUMMER-LAR-4SETA,Towel - Beach,Towel - Beach CORE
SUMMER-LAR-5SET,Towel - Beach,Towel - Beach CORE
SUMMER-LAR-BLUERED,Towel - Beach,Towel - Beach CORE
SUMMER-LAR-BLUEYELLOW,Towel - Beach,Towel - Beach CORE
SUMMER-LAR-GREENORANGE,Towel - Beach,Towel - Beach CORE
SUMMER-LAR-GREENYELLOW,Towel - Beach,Towel - Beach CORE
SUMMER-LAR-LIGHT-BLUEGREEN,Towel - Beach,Towel - Beach CORE
SUMMER-LAR-LIGHT-RAINBOW,Towel - Beach,Towel - Beach CORE
SUMMER-LAR-LT-GREENPURPLE,Towel - Beach,Towel - Beach CORE
SUMMER-LAR-LT-PINKORANGE,Towel - Beach,Towel - Beach CORE
SUMMER-LAR-PINKPURPLE,Towel - Beach,Towel - Beach CORE
SUMMER-LAR-RAINBOW,Towel - Beach,Towel - Beach CORE
SUMMER-XLG-4SETB,Towel - Beach,Towel - Beach CORE
SUMMER-XLG-5SET,Towel - Beach,Towel - Beach CORE
SUMMER-XLG-BLUERED,Towel - Beach,Towel - Beach CORE
SUMMER-XLG-BLUEYELLOW,Towel - Beach,Towel - Beach CORE
SUMMER-XLG-GREENORANGE,Towel - Beach,Towel - Beach CORE
SUMMER-XLG-GREENYELLOW,Towel - Beach,Towel - Beach CORE
SUMMER-XLG-LIGHT-BLUEGREEN,Towel - Beach,Towel - Beach CORE
SUMMER-XLG-LIGHT-RAINBOW,Towel - Beach,Towel - Beach CORE
SUMMER-XLG-LT-GREENPURPLE,Towel - Beach,Towel - Beach CORE
SUMMER-XLG-LT-PINKORANGE,Towel - Beach,Towel - Beach CORE
SUMMER-XLG-PINKPURPLE,Towel - Beach,Towel - Beach CORE
SUMMER-XLG-RAINBOW,Towel - Beach,Towel - Beach CORE
SWAY-LAR-4SET,Towel - Beach,Towel - Beach CORE
SWAY-LAR-ARCTIC,Towel - Beach,Towel - Beach CORE
SWAY-LAR-ATLANTIC,Towel - Beach,Towel - Beach CORE
SWAY-LAR-INDIAN,Towel - Beach,Towel - Beach CORE
SWAY-LAR-PACIFIC,Towel - Beach,Towel - Beach CORE
SWAY-XLG-4SET,Towel - Beach,Towel - Beach CORE
SWAY-XLG-ARCTIC,Towel - Beach,Towel - Beach CORE
SWAY-XLG-ATLANTIC,Towel - Beach,Towel - Beach CORE
SWAY-XLG-INDIAN,Towel - Beach,Towel - Beach CORE
SWAY-XLG-PACIFIC,Towel - Beach,Towel - Beach CORE
TANGT-HAIRW-BLACK,Hair Wrap,Hair Wrap CORE
TANGT-HAIRW-LTGRN,Hair Wrap,Hair Wrap CORE
TANGT-HAIRW-LTPNK,Hair Wrap,Hair Wrap CORE
TANGT-HAIRW-LTPPL,Hair Wrap,Hair Wrap CORE
TEATWL-MD-2SET-CHEFKISS,Tea Towel,Tea Towel
TEATWL-MD-2SET-COOLMAR,Tea Towel,Tea Towel
TEATWL-MD-2SET-FRUITY,Tea Towel,Tea Towel
TEATWL-MD-2SETA,Tea Towel,Tea Towel
TEATWL-MD-2SETB,Tea Towel,Tea Towel
TEATWL-MD-2SETC,Tea Towel,Tea Towel
TEATWL-MD-3SET-ARTDIN,Tea Towel,Tea Towel
TEATWL-MD-3SET-BERRYGD,Tea Towel,Tea Towel
TEATWL-MD-3SET-BLISS,Tea Towel,Tea Towel
TEATWL-MD-3SET-BLUJAM,Tea Towel,Tea Towel
TEATWL-MD-3SET-BLUJAM,Tea Towel,Tea Towel
TEATWL-MD-3SET-FINDIN,Tea Towel,Tea Towel
TEATWL-MD-3SET-HOTSAUC,Tea Towel,Tea Towel
TEATWL-MD-3SET-HOTSTF,Tea Towel,Tea Towel
TEATWL-MD-3SET-KITCREW,Tea Towel,Tea Towel
TEATWL-MD-3SET-KTCHDISC,Tea Towel,Tea Towel
TEATWL-MD-3SET-MANIA,Tea Towel,Tea Towel
TEATWL-MD-3SET-MOJMNT,Tea Towel,Tea Towel
TEATWL-MD-3SET-PATCHP,Tea Towel,Tea Towel
TEATWL-MD-3SET-PNKLEM,Tea Towel,Tea Towel
TEATWL-MD-3SET-SALSA,Tea Towel,Tea Towel
TEATWL-MD-3SET-SPICPEEL,Tea Towel,Tea Towel
TEATWL-MD-3SET-SPILTEA,Tea Towel,Tea Towel
TEATWL-MD-3SET-SPRPEEL,Tea Towel,Tea Towel
TEATWL-MD-3SET-STRAWFZ,Tea Towel,Tea Towel
TEATWL-MD-3SET-TART,Tea Towel,Tea Towel
TEATWL-MD-3SET-TRIOTOM,Tea Towel,Tea Towel
TEATWL-MD-3SET-WASHDRY,Tea Towel,Tea Towel
TEATWL-MD-3SET-ZEST,Tea Towel,Tea Towel
TEATWL-MD-3SET-ZESTCHK,Tea Towel,Tea Towel
TEATWL-MD-3SETA,Tea Towel,Tea Towel
TEATWL-MD-3SETB,Tea Towel,Tea Towel
TEATWL-MD-3SETC,Tea Towel,Tea Towel
TEATWL-MD-4SETA,Tea Towel,Tea Towel
TEATWL-MD-4SETB,Tea Towel,Tea Towel
TEATWL-MD-5SET-CULDEL,Tea Towel,Tea Towel
TEATWL-MD-5SET-DNRPTY,Tea Towel,Tea Towel
TEATWL-MD-5SET-HOST,Tea Towel,Tea Towel
TEATWL-MD-5SET-LOVBIT,Tea Towel,Tea Towel
TEATWL-MD-5SET-ONTHEM,Tea Towel,Tea Towel
TEATWL-MD-5SET-PICKY,Tea Towel,Tea Towel
TEATWL-MD-5SETA,Tea Towel,Tea Towel
TEATWL-MD-6SET-AFTPTY,Tea Towel,Tea Towel
TEATWL-MD-6SET-FRTCTL,Tea Towel,Tea Towel
TEATWL-MD-6SET-GRAZSET,Tea Towel,Tea Towel
TEATWL-MD-6SET-SPGHTNI,Tea Towel,Tea Towel
TEATWL-MD-APPLTRT,Tea Towel,Tea Towel
TEATWL-MD-BAKEME,Tea Towel,Tea Towel
TEATWL-MD-BERRYGD,Tea Towel,Tea Towel
TEATWL-MD-BIGDILL,Tea Towel,Tea Towel
TEATWL-MD-BLISS,Tea Towel,Tea Towel
TEATWL-MD-BLUJAM,Tea Towel,Tea Towel
TEATWL-MD-CCOOL,Tea Towel,Tea Towel
TEATWL-MD-CHECKPLS,Tea Towel,Tea Towel
TEATWL-MD-COFCLB,Tea Towel,Tea Towel
TEATWL-MD-CTCHDAY,Tea Towel,Tea Towel
TEATWL-MD-DINPRTY,Tea Towel,Tea Towel
TEATWL-MD-FEELVINE,Tea Towel,Tea Towel
TEATWL-MD-FRTSLD,Tea Towel,Tea Towel
TEATWL-MD-GLDHOUR,Tea Towel,Tea Towel
TEATWL-MD-GRTFROM,Tea Towel,Tea Towel
TEATWL-MD-GYOW,Tea Towel,Tea Towel
TEATWL-MD-HEADCHEF,Tea Towel,Tea Towel
TEATWL-MD-HOTSTF,Tea Towel,Tea Towel
TEATWL-MD-KISSCOOK,Tea Towel,Tea Towel
TEATWL-MD-KTCHDISC,Tea Towel,Tea Towel
TEATWL-MD-MEDMAR,Tea Towel,Tea Towel
TEATWL-MD-MOJMNT,Tea Towel,Tea Towel
TEATWL-MD-MTCHCRSH,Tea Towel,Tea Towel
TEATWL-MD-OLVYOU,Tea Towel,Tea Towel
TEATWL-MD-PATCHP,Tea Towel,Tea Towel
TEATWL-MD-PEAPOD,Tea Towel,Tea Towel
TEATWL-MD-PEEL,Tea Towel,Tea Towel
TEATWL-MD-PINPAR,Tea Towel,Tea Towel
TEATWL-MD-PKTSUN,Tea Towel,Tea Towel
TEATWL-MD-PNKGRAP,Tea Towel,Tea Towel
TEATWL-MD-PNKLEM,Tea Towel,Tea Towel
TEATWL-MD-PRAD,Tea Towel,Tea Towel
TEATWL-MD-RGRTTI,Tea Towel,Tea Towel
TEATWL-MD-ROOTING,Tea Towel,Tea Towel
TEATWL-MD-SARD,Tea Towel,Tea Towel
TEATWL-MD-SAUCY,Tea Towel,Tea Towel
TEATWL-MD-SEASAR,Tea Towel,Tea Towel
TEATWL-MD-SHARE,Tea Towel,Tea Towel
TEATWL-MD-SHRIMP,Tea Towel,Tea Towel
TEATWL-MD-SOUSCHEF,Tea Towel,Tea Towel
TEATWL-MD-SPILTEA,Tea Towel,Tea Towel
TEATWL-MD-SQCLEAN,Tea Towel,Tea Towel
TEATWL-MD-STRAWFZ,Tea Towel,Tea Towel
TEATWL-MD-STRWPOP,Tea Towel,Tea Towel
TEATWL-MD-TRPPNCH,Tea Towel,Tea Towel
TEATWL-MD-VRYPEEL,Tea Towel,Tea Towel
TEATWL-MD-WASHDRY,Tea Towel,Tea Towel
TEATWL-MD-WINEDINE,Tea Towel,Tea Towel
TEATWL-MD-WTSHELL,Tea Towel,Tea Towel
TEATWL-MD-XTRSAUC,Tea Towel,Tea Towel
TEATWL-MD-ZEST,Tea Towel,Tea Towel
threshold-first,,
threshold-second,,
TOWLB-ANI-LG-5SET,Towel - Beach,Towel - Beach CORE
TOWLB-ANI-LG-COW,Towel - Beach,Towel - Beach CORE
TOWLB-ANI-LG-DALMA,Towel - Beach,Towel - Beach CORE
TOWLB-ANI-LG-LEOPD,Towel - Beach,Towel - Beach CORE
TOWLB-ANI-LG-SNAKE,Towel - Beach,Towel - Beach CORE
TOWLB-ANI-LG-TIGER,Towel - Beach,Towel - Beach CORE
TOWLB-ANI-XL-5SET,Towel - Beach,Towel - Beach CORE
TOWLB-ANI-XL-COW,Towel - Beach,Towel - Beach CORE
TOWLB-ANI-XL-DALMA,Towel - Beach,Towel - Beach CORE
TOWLB-ANI-XL-LEOPD,Towel - Beach,Towel - Beach CORE
TOWLB-ANI-XL-SNAKE,Towel - Beach,Towel - Beach CORE
TOWLB-ANI-XL-TIGER,Towel - Beach,Towel - Beach CORE
TOWLB-BOH-LG-3SET-R,Towel - Beach,Towel - Beach CORE
TOWLB-BOH-LG-FRESP-R,Towel - Beach,Towel - Beach CORE
TOWLB-BOH-LG-LOSTN-R,Towel - Beach,Towel - Beach CORE
TOWLB-BOH-LG-RECKX-R,Towel - Beach,Towel - Beach CORE
TOWLB-BOH-XL-3SET-R,Towel - Beach,Towel - Beach CORE
TOWLB-BOH-XL-FRESP-R,Towel - Beach,Towel - Beach CORE
TOWLB-BOH-XL-LOSTN-R,Towel - Beach,Towel - Beach CORE
TOWLB-BOH-XL-RECKX-R,Towel - Beach,Towel - Beach CORE
TOWLB-BOT-LG-5SET,Towel - Beach,Towel - Beach CORE
TOWLB-BOT-LG-BANA,Towel - Beach,Towel - Beach CORE
TOWLB-BOT-LG-HIBI,Towel - Beach,Towel - Beach CORE
TOWLB-BOT-LG-ORCH,Towel - Beach,Towel - Beach CORE
TOWLB-BOT-LG-PALM,Towel - Beach,Towel - Beach CORE
TOWLB-BOT-LG-PARA,Towel - Beach,Towel - Beach CORE
TOWLB-BOT-XL-5SET,Towel - Beach,Towel - Beach CORE
TOWLB-BOT-XL-BANA,Towel - Beach,Towel - Beach CORE
TOWLB-BOT-XL-HIBI,Towel - Beach,Towel - Beach CORE
TOWLB-BOT-XL-ORCH,Towel - Beach,Towel - Beach CORE
TOWLB-BOT-XL-PALM,Towel - Beach,Towel - Beach CORE
TOWLB-BOT-XL-PARA,Towel - Beach,Towel - Beach CORE
TOWLB-BTBOX-LG-BOAT,Towel - Beach,Towel - Beach CORE
TOWLB-BTBOX-LG-CAMERA,Towel - Beach,Towel - Beach CORE
TOWLB-BTBOX-LG-CROC,Towel - Beach,Towel - Beach CORE
TOWLB-BTBOX-LG-FISH,Towel - Beach,Towel - Beach CORE
TOWLB-BTBOX-LG-STRAWBERRY,Towel - Beach,Towel - Beach CORE
TOWLB-BTBOX-LG-TURTLE,Towel - Beach,Towel - Beach CORE
TOWLB-CAB-LG-4SET-BLUE,Towel - Beach,Towel - Beach CORE
TOWLB-CAB-LG-4SET-ORANGE,Towel - Beach,Towel - Beach CORE
TOWLB-CAB-LG-4SET-PINK,Towel - Beach,Towel - Beach CORE
TOWLB-CAB-LG-4SETA-R,Towel - Beach,Towel - Beach CORE
TOWLB-CAB-LG-4SETB-R,Towel - Beach,Towel - Beach CORE
TOWLB-CAB-LG-4SETC-R,Towel - Beach,Towel - Beach CORE
TOWLB-CAB-LG-4SETD-R,Towel - Beach,Towel - Beach CORE
TOWLB-CAB-LG-4SETE-R,Towel - Beach,Towel - Beach CORE
TOWLB-CAB-LG-4SETF-R,Towel - Beach,Towel - Beach CORE
TOWLB-CAB-LG-4SETG,Towel - Beach,Towel - Beach CORE
TOWLB-CAB-LG-4SETH,Towel - Beach,Towel - Beach CORE
TOWLB-CAB-LG-4SETK,Towel - Beach,Towel - Beach CORE
TOWLB-CAB-LG-4SETL,Towel - Beach,Towel - Beach CORE
TOWLB-CAB-LG-4SETM,Towel - Beach,Towel - Beach CORE
TOWLB-CAB-LG-4SETN,Towel - Beach,Towel - Beach CORE
TOWLB-CAB-LG-4SETO,Towel - Beach,Towel - Beach CORE
TOWLB-CAB-LG-6SET-BLUE,Towel - Beach,Towel - Beach CORE
TOWLB-CAB-LG-6SET-PINK,Towel - Beach,Towel - Beach CORE
TOWLB-CAB-LG-6SET-R,Towel - Beach,Towel - Beach CORE
TOWLB-CAB-LG-6SETI,Towel - Beach,Towel - Beach CORE
TOWLB-CAB-LG-6SETJ,Towel - Beach,Towel - Beach CORE
TOWLB-CAB-LG-6SETK,Towel - Beach,Towel - Beach CORE
TOWLB-CAB-LG-6SETL,Towel - Beach,Towel - Beach CORE
TOWLB-CAB-LG-6SETM,Towel - Beach,Towel - Beach CORE
TOWLB-CAB-LG-10SET-BDAY,Towel - Beach,Towel - Beach CORE
TOWLB-CAB-LG-AMALG-R,Towel - Beach,Towel - Beach CORE
TOWLB-CAB-LG-BLACK-R,Towel - Beach,Towel - Beach CORE
TOWLB-CAB-LG-BLUE-R,Towel - Beach,Towel - Beach CORE
TOWLB-CAB-LG-BLUE-SS24,Towel - Beach,Towel - Beach CORE
TOWLB-CAB-LG-BROWN,Towel - Beach,Towel - Beach CORE
TOWLB-CAB-LG-GREEN-R,Towel - Beach,Towel - Beach CORE
TOWLB-CAB-LG-KHAKI-R,Towel - Beach,Towel - Beach CORE
TOWLB-CAB-LG-LTBGE-R,Towel - Beach,Towel - Beach CORE
TOWLB-CAB-LG-LTBLU-R,Towel - Beach,Towel - Beach CORE
TOWLB-CAB-LG-LTGRE-R,Towel - Beach,Towel - Beach CORE
TOWLB-CAB-LG-LTGRY-R,Towel - Beach,Towel - Beach CORE
TOWLB-CAB-LG-LTPCH-R,Towel - Beach,Towel - Beach CORE
TOWLB-CAB-LG-LTPNK-R,Towel - Beach,Towel - Beach CORE
TOWLB-CAB-LG-LTPNK-SS24,Towel - Beach,Towel - Beach CORE
TOWLB-CAB-LG-LTPPL-R,Towel - Beach,Towel - Beach CORE
TOWLB-CAB-LG-LTRED-R,Towel - Beach,Towel - Beach CORE
TOWLB-CAB-LG-NAVY-R,Towel - Beach,Towel - Beach CORE
TOWLB-CAB-LG-NAVY-SS24,Towel - Beach,Towel - Beach CORE
TOWLB-CAB-LG-ORANG-R,Towel - Beach,Towel - Beach CORE
TOWLB-CAB-LG-PALP-R,Towel - Beach,Towel - Beach CORE
TOWLB-CAB-LG-PINK-R,Towel - Beach,Towel - Beach CORE
TOWLB-CAB-LG-POSPIN,Towel - Beach,Towel - Beach CORE
TOWLB-CAB-LG-PURPL-R,Towel - Beach,Towel - Beach CORE
TOWLB-CAB-LG-RED-R,Towel - Beach,Towel - Beach CORE
TOWLB-CAB-LG-RIO-R,Towel - Beach,Towel - Beach CORE
TOWLB-CAB-LG-TEAL-R,Towel - Beach,Towel - Beach CORE
TOWLB-CAB-LG-TURQ-R,Towel - Beach,Towel - Beach CORE
TOWLB-CAB-LG-YELL-R,Towel - Beach,Towel - Beach CORE
TOWLB-CAB-MD-AMALG,Towel - Beach,Towel - Beach CORE
TOWLB-CAB-MD-BLUE,Towel - Beach,Towel - Beach CORE
TOWLB-CAB-MD-LTBLU,Towel - Beach,Towel - Beach CORE
TOWLB-CAB-MD-LTGRY,Towel - Beach,Towel - Beach CORE
TOWLB-CAB-MD-LTPNK,Towel - Beach,Towel - Beach CORE
TOWLB-CAB-MD-LTPNK-SS24,Towel - Beach,Towel - Beach CORE
TOWLB-CAB-MD-NAVY,Towel - Beach,Towel - Beach CORE
TOWLB-CAB-MD-NAVY-SS24,Towel - Beach,Towel - Beach CORE
TOWLB-CAB-MD-PALP,Towel - Beach,Towel - Beach CORE
TOWLB-CAB-MD-YELL,Towel - Beach,Towel - Beach CORE
TOWLB-CAB-X2-LTPNK,Towel - Beach,Towel - Beach CORE
TOWLB-CAB-X2-NAVY,Towel - Beach,Towel - Beach CORE
TOWLB-CAB-XL-4SET-BLUE,Towel - Beach,Towel - Beach CORE
TOWLB-CAB-XL-4SET-ORANGE,Towel - Beach,Towel - Beach CORE
TOWLB-CAB-XL-4SET-PINK,Towel - Beach,Towel - Beach CORE
TOWLB-CAB-XL-4SETA-R,Towel - Beach,Towel - Beach CORE
TOWLB-CAB-XL-4SETB-R,Towel - Beach,Towel - Beach CORE
TOWLB-CAB-XL-4SETC-R,Towel - Beach,Towel - Beach CORE
TOWLB-CAB-XL-4SETD-R,Towel - Beach,Towel - Beach CORE
TOWLB-CAB-XL-4SETE-R,Towel - Beach,Towel - Beach CORE
TOWLB-CAB-XL-4SETF-R,Towel - Beach,Towel - Beach CORE
TOWLB-CAB-XL-4SETG,Towel - Beach,Towel - Beach CORE
TOWLB-CAB-XL-4SETH,Towel - Beach,Towel - Beach CORE
TOWLB-CAB-XL-4SETK,Towel - Beach,Towel - Beach CORE
TOWLB-CAB-XL-4SETL,Towel - Beach,Towel - Beach CORE
TOWLB-CAB-XL-4SETM,Towel - Beach,Towel - Beach CORE
TOWLB-CAB-XL-4SETN,Towel - Beach,Towel - Beach CORE
TOWLB-CAB-XL-4SETO,Towel - Beach,Towel - Beach CORE
TOWLB-CAB-XL-6SET-BLUE,Towel - Beach,Towel - Beach CORE
TOWLB-CAB-XL-6SET-PINK,Towel - Beach,Towel - Beach CORE
TOWLB-CAB-XL-6SET-R,Towel - Beach,Towel - Beach CORE
TOWLB-CAB-XL-6SETI,Towel - Beach,Towel - Beach CORE
TOWLB-CAB-XL-6SETJ,Towel - Beach,Towel - Beach CORE
TOWLB-CAB-XL-6SETK,Towel - Beach,Towel - Beach CORE
TOWLB-CAB-XL-6SETL,Towel - Beach,Towel - Beach CORE
TOWLB-CAB-XL-6SETM,Towel - Beach,Towel - Beach CORE
TOWLB-CAB-XL-AMALG-R,Towel - Beach,Towel - Beach CORE
TOWLB-CAB-XL-BLACK-R,Towel - Beach,Towel - Beach CORE
TOWLB-CAB-XL-BLUE-R,Towel - Beach,Towel - Beach CORE
TOWLB-CAB-XL-BLUE-SS24,Towel - Beach,Towel - Beach CORE
TOWLB-CAB-XL-BROWN,Towel - Beach,Towel - Beach CORE
TOWLB-CAB-XL-GREEN-R,Towel - Beach,Towel - Beach CORE
TOWLB-CAB-XL-KHAKI-R,Towel - Beach,Towel - Beach CORE
TOWLB-CAB-XL-LTBGE-R,Towel - Beach,Towel - Beach CORE
TOWLB-CAB-XL-LTBLU-R,Towel - Beach,Towel - Beach CORE
TOWLB-CAB-XL-LTGRE-R,Towel - Beach,Towel - Beach CORE
TOWLB-CAB-XL-LTGRY-R,Towel - Beach,Towel - Beach CORE
TOWLB-CAB-XL-LTPCH-R,Towel - Beach,Towel - Beach CORE
TOWLB-CAB-XL-LTPNK-R,Towel - Beach,Towel - Beach CORE
TOWLB-CAB-XL-LTPNK-SS24,Towel - Beach,Towel - Beach CORE
TOWLB-CAB-XL-LTPPL-R,Towel - Beach,Towel - Beach CORE
TOWLB-CAB-XL-LTRED-R,Towel - Beach,Towel - Beach CORE
TOWLB-CAB-XL-NAVY-R,Towel - Beach,Towel - Beach CORE
TOWLB-CAB-XL-NAVY-SS24,Towel - Beach,Towel - Beach CORE
TOWLB-CAB-XL-ORANG-R,Towel - Beach,Towel - Beach CORE
TOWLB-CAB-XL-PALP-R,Towel - Beach,Towel - Beach CORE
TOWLB-CAB-XL-PINK-R,Towel - Beach,Towel - Beach CORE
TOWLB-CAB-XL-POSPIN,Towel - Beach,Towel - Beach CORE
TOWLB-CAB-XL-PURPL-R,Towel - Beach,Towel - Beach CORE
TOWLB-CAB-XL-RED-R,Towel - Beach,Towel - Beach CORE
TOWLB-CAB-XL-RIO-R,Towel - Beach,Towel - Beach CORE
TOWLB-CAB-XL-TEAL-R,Towel - Beach,Towel - Beach CORE
TOWLB-CAB-XL-TURQ-R,Towel - Beach,Towel - Beach CORE
TOWLB-CAB-XL-YELL-R,Towel - Beach,Towel - Beach CORE
TOWLB-CEL-LG-5SET,Towel - Beach,Towel - Beach CORE
TOWLB-CEL-LG-CONF,Towel - Beach,Towel - Beach CORE
TOWLB-CEL-LG-CUPS,Towel - Beach,Towel - Beach CORE
TOWLB-CEL-LG-DISB,Towel - Beach,Towel - Beach CORE
TOWLB-CEL-LG-HUND,Towel - Beach,Towel - Beach CORE
TOWLB-CEL-LG-JIGJ,Towel - Beach,Towel - Beach CORE
TOWLB-CEL-XL-5SET,Towel - Beach,Towel - Beach CORE
TOWLB-CEL-XL-CONF,Towel - Beach,Towel - Beach CORE
TOWLB-CEL-XL-CUPS,Towel - Beach,Towel - Beach CORE
TOWLB-CEL-XL-DISB,Towel - Beach,Towel - Beach CORE
TOWLB-CEL-XL-HUND,Towel - Beach,Towel - Beach CORE
TOWLB-CEL-XL-JIGJ,Towel - Beach,Towel - Beach CORE
TOWLB-COLLAB-LG-SOCCER,Towel - Beach,Towel - Beach SEASONAL
TOWLB-COLLAB-LG-UNO,Towel - Beach,Towel - Beach SEASONAL
TOWLB-COLLAB-XL-SOCCER,Towel - Beach,Towel - Beach SEASONAL
TOWLB-COLLAB-XL-UNO,Towel - Beach,Towel - Beach SEASONAL
TOWLB-DES-LG-4SET-CHCKSEA,Towel - Beach,Towel - Beach SEASONAL
TOWLB-DES-LG-4SET-CLBHSE,Towel - Beach,Towel - Beach SEASONAL
TOWLB-DES-LG-4SET-ENDSUMR,Towel - Beach,Towel - Beach SEASONAL
TOWLB-DES-LG-4SET-HAVANA,Towel - Beach,Towel - Beach SEASONAL
TOWLB-DES-LG-4SET-MEDMOMT,Towel - Beach,Towel - Beach SEASONAL
TOWLB-DES-LG-4SET-POSPARA,Towel - Beach,Towel - Beach SEASONAL
TOWLB-DES-LG-4SET-PRTYPNK,Towel - Beach,Towel - Beach SEASONAL
TOWLB-DES-LG-4SET-SUNBLVD,Towel - Beach,Towel - Beach SEASONAL
TOWLB-DES-LG-4SET-SUNTROP,Towel - Beach,Towel - Beach SEASONAL
TOWLB-DES-LG-4SET-TANGGRN,Towel - Beach,Towel - Beach SEASONAL
TOWLB-DES-LG-6SET-PALPARA,Towel - Beach,Towel - Beach SEASONAL
TOWLB-DES-LG-6SET-PRTYPREP,Towel - Beach,Towel - Beach SEASONAL
TOWLB-DES-LG-6SET-SUMSUGA,Towel - Beach,Towel - Beach SEASONAL
TOWLB-DES-LG-6SET-TROPICAN,Towel - Beach,Towel - Beach SEASONAL
TOWLB-DES-LG-6SET-WILDVIBE,Towel - Beach,Towel - Beach SEASONAL
TOWLB-DES-LG-ALOHGLW,Towel - Beach,Towel - Beach SEASONAL
TOWLB-DES-LG-BLPAR,Towel - Beach,Towel - Beach SEASONAL
TOWLB-DES-LG-BLUE-4SET,Towel - Beach,Towel - Beach SEASONAL
TOWLB-DES-LG-BLUE-6SET,Towel - Beach,Towel - Beach SEASONAL
TOWLB-DES-LG-BLUSHBY,Towel - Beach,Towel - Beach SEASONAL
TOWLB-DES-LG-BLUSKY,Towel - Beach,Towel - Beach SEASONAL
TOWLB-DES-LG-BLUSPRIT,Towel - Beach,Towel - Beach SEASONAL
TOWLB-DES-LG-CACTMNTN,Towel - Beach,Towel - Beach SEASONAL
TOWLB-DES-LG-CHECKMT,Towel - Beach,Towel - Beach SEASONAL
TOWLB-DES-LG-CLBSDA,Towel - Beach,Towel - Beach SEASONAL
TOWLB-DES-LG-DRFT,Towel - Beach,Towel - Beach SEASONAL
TOWLB-DES-LG-FRUTLPS,Towel - Beach,Towel - Beach SEASONAL
TOWLB-DES-LG-GRECSHR,Towel - Beach,Towel - Beach SEASONAL
TOWLB-DES-LG-GROOVCH,Towel - Beach,Towel - Beach SEASONAL
TOWLB-DES-LG-GRTFRM,Towel - Beach,Towel - Beach SEASONAL
TOWLB-DES-LG-GTTLINES,Towel - Beach,Towel - Beach SEASONAL
TOWLB-DES-LG-HBRTRS,Towel - Beach,Towel - Beach SEASONAL
TOWLB-DES-LG-HOTTROP,Towel - Beach,Towel - Beach SEASONAL
TOWLB-DES-LG-HRBLINE,Towel - Beach,Towel - Beach SEASONAL
TOWLB-DES-LG-IBZAGLW,Towel - Beach,Towel - Beach SEASONAL
TOWLB-DES-LG-JNGLBLM,Towel - Beach,Towel - Beach SEASONAL
TOWLB-DES-LG-KARMA,Towel - Beach,Towel - Beach SEASONAL
TOWLB-DES-LG-LEMWAV,Towel - Beach,Towel - Beach SEASONAL
TOWLB-DES-LG-LIFELEM,Towel - Beach,Towel - Beach CORE
TOWLB-DES-LG-LOVEIS,Towel - Beach,Towel - Beach SEASONAL
TOWLB-DES-LG-MARINDRM,Towel - Beach,Towel - Beach SEASONAL
TOWLB-DES-LG-MELLOW,Towel - Beach,Towel - Beach SEASONAL
TOWLB-DES-LG-OCETRES,Towel - Beach,Towel - Beach SEASONAL
TOWLB-DES-LG-PALAG,Towel - Beach,Towel - Beach SEASONAL
TOWLB-DES-LG-PALMBCH,Towel - Beach,Towel - Beach SEASONAL
TOWLB-DES-LG-PCHBCH,Towel - Beach,Towel - Beach SEASONAL
TOWLB-DES-LG-PNKPARA,Towel - Beach,Towel - Beach SEASONAL
TOWLB-DES-LG-PPVIBES,Towel - Beach,Towel - Beach SEASONAL
TOWLB-DES-LG-PSTPIER,Towel - Beach,Towel - Beach SEASONAL
TOWLB-DES-LG-RSPROAD,Towel - Beach,Towel - Beach SEASONAL
TOWLB-DES-LG-SEAFOAM,Towel - Beach,Towel - Beach SEASONAL
TOWLB-DES-LG-SEASOIR,Towel - Beach,Towel - Beach SEASONAL
TOWLB-DES-LG-SERENE,Towel - Beach,Towel - Beach SEASONAL
TOWLB-DES-LG-SPCYLME,Towel - Beach,Towel - Beach SEASONAL
TOWLB-DES-LG-SUGPALM,Towel - Beach,Towel - Beach SEASONAL
TOWLB-DES-LG-SUNDAZE,Towel - Beach,Towel - Beach SEASONAL
TOWLB-DES-LG-SUNSAF,Towel - Beach,Towel - Beach SEASONAL
TOWLB-DES-LG-SUNSPL,Towel - Beach,Towel - Beach SEASONAL
TOWLB-DES-LG-SWTESC,Towel - Beach,Towel - Beach SEASONAL
TOWLB-DES-LG-TANTIDE,Towel - Beach,Towel - Beach SEASONAL
TOWLB-DES-LG-TERATROP,Towel - Beach,Towel - Beach CORE
TOWLB-DES-LG-TROPTRT,Towel - Beach,Towel - Beach SEASONAL
TOWLB-DES-LG-VITSEA,Towel - Beach,Towel - Beach SEASONAL
TOWLB-DES-LG-WTRSUG,Towel - Beach,Towel - Beach SEASONAL
TOWLB-DES-LG-WYWH,Towel - Beach,Towel - Beach SEASONAL
TOWLB-DES-XL-4SET-CHCKSEA,Towel - Beach,Towel - Beach SEASONAL
TOWLB-DES-XL-4SET-CLBHSE,Towel - Beach,Towel - Beach SEASONAL
TOWLB-DES-XL-4SET-ENDSUMR,Towel - Beach,Towel - Beach SEASONAL
TOWLB-DES-XL-4SET-HAVANA,Towel - Beach,Towel - Beach SEASONAL
TOWLB-DES-XL-4SET-MEDMOMT,Towel - Beach,Towel - Beach SEASONAL
TOWLB-DES-XL-4SET-POSPARA,Towel - Beach,Towel - Beach SEASONAL
TOWLB-DES-XL-4SET-PRTYPNK,Towel - Beach,Towel - Beach SEASONAL
TOWLB-DES-XL-4SET-SUNBLVD,Towel - Beach,Towel - Beach SEASONAL
TOWLB-DES-XL-4SET-SUNTROP,Towel - Beach,Towel - Beach SEASONAL
TOWLB-DES-XL-4SET-TANGGRN,Towel - Beach,Towel - Beach SEASONAL
TOWLB-DES-XL-6SET-PALPARA,Towel - Beach,Towel - Beach SEASONAL
TOWLB-DES-XL-6SET-PRTYPREP,Towel - Beach,Towel - Beach SEASONAL
TOWLB-DES-XL-6SET-SUMSUGA,Towel - Beach,Towel - Beach SEASONAL
TOWLB-DES-XL-6SET-TROPICAN,Towel - Beach,Towel - Beach SEASONAL
TOWLB-DES-XL-6SET-WILDVIBE,Towel - Beach,Towel - Beach SEASONAL
TOWLB-DES-XL-ALOHGLW,Towel - Beach,Towel - Beach SEASONAL
TOWLB-DES-XL-BLPAR,Towel - Beach,Towel - Beach SEASONAL
TOWLB-DES-XL-BLUE-4SET,Towel - Beach,Towel - Beach SEASONAL
TOWLB-DES-XL-BLUE-6SET,Towel - Beach,Towel - Beach SEASONAL
TOWLB-DES-XL-BLUSHBY,Towel - Beach,Towel - Beach SEASONAL
TOWLB-DES-XL-BLUSKY,Towel - Beach,Towel - Beach SEASONAL
TOWLB-DES-XL-BLUSPRIT,Towel - Beach,Towel - Beach SEASONAL
TOWLB-DES-XL-CACTMNTN,Towel - Beach,Towel - Beach SEASONAL
TOWLB-DES-XL-CHECKMT,Towel - Beach,Towel - Beach SEASONAL
TOWLB-DES-XL-CLBSDA,Towel - Beach,Towel - Beach SEASONAL
TOWLB-DES-XL-DRFT,Towel - Beach,Towel - Beach SEASONAL
TOWLB-DES-XL-FRUTLPS,Towel - Beach,Towel - Beach SEASONAL
TOWLB-DES-XL-GRECSHR,Towel - Beach,Towel - Beach SEASONAL
TOWLB-DES-XL-GROOVCH,Towel - Beach,Towel - Beach SEASONAL
TOWLB-DES-XL-GRTFRM,Towel - Beach,Towel - Beach SEASONAL
TOWLB-DES-XL-GTTLINES,Towel - Beach,Towel - Beach SEASONAL
TOWLB-DES-XL-HBRTRS,Towel - Beach,Towel - Beach SEASONAL
TOWLB-DES-XL-HOTTROP,Towel - Beach,Towel - Beach SEASONAL
TOWLB-DES-XL-HRBLINE,Towel - Beach,Towel - Beach SEASONAL
TOWLB-DES-XL-IBZAGLW,Towel - Beach,Towel - Beach SEASONAL
TOWLB-DES-XL-JNGLBLM,Towel - Beach,Towel - Beach SEASONAL
TOWLB-DES-XL-KARMA,Towel - Beach,Towel - Beach SEASONAL
TOWLB-DES-XL-LEMWAV,Towel - Beach,Towel - Beach SEASONAL
TOWLB-DES-XL-LIFELEM,Towel - Beach,Towel - Beach SEASONAL
TOWLB-DES-XL-LOVEIS,Towel - Beach,Towel - Beach SEASONAL
TOWLB-DES-XL-MARINDRM,Towel - Beach,Towel - Beach SEASONAL
TOWLB-DES-XL-MELLOW,Towel - Beach,Towel - Beach SEASONAL
TOWLB-DES-XL-OCETRES,Towel - Beach,Towel - Beach SEASONAL
TOWLB-DES-XL-PALAG,Towel - Beach,Towel - Beach SEASONAL
TOWLB-DES-XL-PALMBCH,Towel - Beach,Towel - Beach SEASONAL
TOWLB-DES-XL-PCHBCH,Towel - Beach,Towel - Beach SEASONAL
TOWLB-DES-XL-PNKPARA,Towel - Beach,Towel - Beach SEASONAL
TOWLB-DES-XL-PPVIBES,Towel - Beach,Towel - Beach SEASONAL
TOWLB-DES-XL-PSTPIER,Towel - Beach,Towel - Beach SEASONAL
TOWLB-DES-XL-RSPROAD,Towel - Beach,Towel - Beach SEASONAL
TOWLB-DES-XL-SEAFOAM,Towel - Beach,Towel - Beach SEASONAL
TOWLB-DES-XL-SEASOIR,Towel - Beach,Towel - Beach SEASONAL
TOWLB-DES-XL-SERENE,Towel - Beach,Towel - Beach SEASONAL
TOWLB-DES-XL-SPCYLME,Towel - Beach,Towel - Beach SEASONAL
TOWLB-DES-XL-SUGPALM,Towel - Beach,Towel - Beach SEASONAL
TOWLB-DES-XL-SUNDAZE,Towel - Beach,Towel - Beach SEASONAL
TOWLB-DES-XL-SUNSAF,Towel - Beach,Towel - Beach SEASONAL
TOWLB-DES-XL-SUNSPL,Towel - Beach,Towel - Beach SEASONAL
TOWLB-DES-XL-SWTESC,Towel - Beach,Towel - Beach SEASONAL
TOWLB-DES-XL-TANTIDE,Towel - Beach,Towel - Beach SEASONAL
TOWLB-DES-XL-TERATROP,Towel - Beach,Towel - Beach CORE
TOWLB-DES-XL-TROPTRT,Towel - Beach,Towel - Beach SEASONAL
TOWLB-DES-XL-VITSEA,Towel - Beach,Towel - Beach SEASONAL
TOWLB-DES-XL-WTRSUG,Towel - Beach,Towel - Beach SEASONAL
TOWLB-DES-XL-WYWH,Towel - Beach,Towel - Beach SEASONAL
TOWLB-DOB-LG-CALM,Towel - Beach,Towel - Beach SEASONAL
TOWLB-DOB-LG-CARNIV,Towel - Beach,Towel - Beach CORE
TOWLB-DOB-LG-DISCOV,Towel - Beach,Towel - Beach CORE
TOWLB-DOB-LG-LEOPD,Towel - Beach,Towel - Beach CORE
TOWLB-DOB-LG-PANDA,Towel - Beach,Towel - Beach CORE
TOWLB-DOB-LG-RFA,Towel - Beach,Towel - Beach CORE
TOWLB-DOB-LG-SMILE,Towel - Beach,Towel - Beach CORE
TOWLB-DOB-LG-STONEWALL,Towel - Beach,Towel - Beach SEASONAL
TOWLB-DOB-LG-WILDTHG,Towel - Beach,Towel - Beach SEASONAL
TOWLB-DOB-MD-SMILE,Towel - Beach,Towel - Beach CORE
TOWLB-DOB-XL-CALM,Towel - Beach,Towel - Beach SEASONAL
TOWLB-DOB-XL-CARNIV,Towel - Beach,Towel - Beach CORE
TOWLB-DOB-XL-DISCOV,Towel - Beach,Towel - Beach CORE
TOWLB-DOB-XL-LEOPD,Towel - Beach,Towel - Beach CORE
TOWLB-DOB-XL-PANDA,Towel - Beach,Towel - Beach CORE
TOWLB-DOB-XL-RFA,Towel - Beach,Towel - Beach CORE
TOWLB-DOB-XL-SMILE,Towel - Beach,Towel - Beach CORE
TOWLB-DOB-XL-STONEWALL,Towel - Beach,Towel - Beach SEASONAL
TOWLB-DOB-XL-WILDTHG,Towel - Beach,Towel - Beach SEASONAL
TOWLB-FLO-LG-4SET,Towel - Beach,Towel - Beach CORE
TOWLB-FLO-LG-BLOOM,Towel - Beach,Towel - Beach CORE
TOWLB-FLO-LG-DAISY,Towel - Beach,Towel - Beach CORE
TOWLB-FLO-LG-PALM,Towel - Beach,Towel - Beach CORE
TOWLB-FLO-LG-SUNFL,Towel - Beach,Towel - Beach CORE
TOWLB-FLO-XL-4SET,Towel - Beach,Towel - Beach CORE
TOWLB-FLO-XL-BLOOM,Towel - Beach,Towel - Beach CORE
TOWLB-FLO-XL-DAISY,Towel - Beach,Towel - Beach CORE
TOWLB-FLO-XL-PALM,Towel - Beach,Towel - Beach CORE
TOWLB-FLO-XL-SUNFL,Towel - Beach,Towel - Beach CORE
TOWLB-JUN-LG-5SET-R,,
TOWLB-JUN-LG-ELEPH-R,Towel - Beach,Towel - Beach CORE
TOWLB-JUN-LG-FLAMG-R,Towel - Beach,Towel - Beach CORE
TOWLB-JUN-LG-MONKY-R,Towel - Beach,Towel - Beach CORE
TOWLB-JUN-LG-TIGER-R,Towel - Beach,Towel - Beach CORE
TOWLB-JUN-LG-TOUCN-R,Towel - Beach,Towel - Beach CORE
TOWLB-JUN-XL-5SET-R,Towel - Beach,Towel - Beach CORE
TOWLB-JUN-XL-ELEPH-R,Towel - Beach,Towel - Beach CORE
TOWLB-JUN-XL-FLAMG-R,Towel - Beach,Towel - Beach CORE
TOWLB-JUN-XL-MONKY-R,Towel - Beach,Towel - Beach CORE
TOWLB-JUN-XL-TIGER-R,Towel - Beach,Towel - Beach CORE
TOWLB-JUN-XL-TOUCN-R,Towel - Beach,Towel - Beach CORE
TOWLB-KID-LG-4SET,Towel - Beach,Towel - Beach CORE
TOWLB-KID-LG-4SET-CALMCRZY,Towel - Beach,Towel - Beach SEASONAL
TOWLB-KID-LG-4SET-CHAOS,Towel - Beach,Towel - Beach SEASONAL
TOWLB-KID-LG-4SET-COOLKID,Towel - Beach,Towel - Beach SEASONAL
TOWLB-KID-LG-4SET-MTCHMD,Towel - Beach,Towel - Beach SEASONAL
TOWLB-KID-LG-4SET-TECHCLR,Towel - Beach,Towel - Beach SEASONAL
TOWLB-KID-LG-4SETA,Towel - Beach,Towel - Beach CORE
TOWLB-KID-LG-4SETB,Towel - Beach,Towel - Beach CORE
TOWLB-KID-LG-4SETC,Towel - Beach,Towel - Beach CORE
TOWLB-KID-LG-4SETD,Towel - Beach,Towel - Beach CORE
TOWLB-KID-LG-4SETE,Towel - Beach,Towel - Beach CORE
TOWLB-KID-LG-4SETF,Towel - Beach,Towel - Beach CORE
TOWLB-KID-LG-4SETG,Towel - Beach,Towel - Beach CORE
TOWLB-KID-LG-4SETH,Towel - Beach,Towel - Beach CORE
TOWLB-KID-LG-4SETI,Towel - Beach,Towel - Beach SEASONAL
TOWLB-KID-LG-4SETJ,Towel - Beach,Towel - Beach SEASONAL
TOWLB-KID-LG-4SETK,Towel - Beach,Towel - Beach CORE
TOWLB-KID-LG-6SET-EXPYOU,Towel - Beach,Towel - Beach SEASONAL
TOWLB-KID-LG-6SET-JOYDISC,Towel - Beach,Towel - Beach SEASONAL
TOWLB-KID-LG-6SET-SPLASH,Towel - Beach,Towel - Beach SEASONAL
TOWLB-KID-LG-BEACH,Towel - Beach,Towel - Beach CORE
TOWLB-KID-LG-BIKE,Towel - Beach,Towel - Beach CORE
TOWLB-KID-LG-BOAT,Towel - Beach,Towel - Beach CORE
TOWLB-KID-LG-BUILDBCH,Towel - Beach,Towel - Beach SEASONAL
TOWLB-KID-LG-CAMO,Towel - Beach,Towel - Beach CORE
TOWLB-KID-LG-CHECKOUT,Towel - Beach,Towel - Beach SEASONAL
TOWLB-KID-LG-CROC,Towel - Beach,Towel - Beach CORE
TOWLB-KID-LG-CROC-FBA,Towel - Beach,Towel - Beach CORE
TOWLB-KID-LG-DOODMOOD,Towel - Beach,Towel - Beach SEASONAL
TOWLB-KID-LG-FIVEDAY,Towel - Beach,Towel - Beach SEASONAL
TOWLB-KID-LG-FLAM,Towel - Beach,Towel - Beach CORE
TOWLB-KID-LG-FLAM-FBA,Towel - Beach,Towel - Beach CORE
TOWLB-KID-LG-GVCLUB,Towel - Beach,Towel - Beach SEASONAL
TOWLB-KID-LG-INTOWILD,Towel - Beach,Towel - Beach SEASONAL
TOWLB-KID-LG-JELLY,Towel - Beach,Towel - Beach SEASONAL
TOWLB-KID-LG-KARMCHAM,Towel - Beach,Towel - Beach SEASONAL
TOWLB-KID-LG-LEOP,Towel - Beach,Towel - Beach CORE
TOWLB-KID-LG-PEACH,Towel - Beach,Towel - Beach CORE
TOWLB-KID-LG-POWER,Towel - Beach,Towel - Beach CORE
TOWLB-KID-LG-POWPOS,Towel - Beach,Towel - Beach SEASONAL
TOWLB-KID-LG-RAINB,Towel - Beach,Towel - Beach CORE
TOWLB-KID-LG-REEF,Towel - Beach,Towel - Beach CORE
TOWLB-KID-LG-SANDSTRT,Towel - Beach,Towel - Beach SEASONAL
TOWLB-KID-LG-SKATER,Towel - Beach,Towel - Beach SEASONAL
TOWLB-KID-LG-SQUIG,Towel - Beach,Towel - Beach CORE
TOWLB-KID-LG-SUNS,Towel - Beach,Towel - Beach CORE
TOWLB-KID-LG-TURTROP,Towel - Beach,Towel - Beach SEASONAL
TOWLB-KID-LG-TUTTI,Towel - Beach,Towel - Beach CORE
TOWLB-KID-MD-4SET-CALMCRZY,Towel - Beach,Towel - Beach SEASONAL
TOWLB-KID-MD-4SET-CHAOS,Towel - Beach,Towel - Beach SEASONAL
TOWLB-KID-MD-4SET-COOLKID,Towel - Beach,Towel - Beach SEASONAL
TOWLB-KID-MD-4SET-MTCHMD,Towel - Beach,Towel - Beach SEASONAL
TOWLB-KID-MD-4SET-TECHCLR,Towel - Beach,Towel - Beach SEASONAL
TOWLB-KID-MD-4SETA,Towel - Beach,Towel - Beach CORE
TOWLB-KID-MD-4SETB,Towel - Beach,Towel - Beach CORE
TOWLB-KID-MD-4SETC,Towel - Beach,Towel - Beach CORE
TOWLB-KID-MD-4SETD,Towel - Beach,Towel - Beach CORE
TOWLB-KID-MD-4SETE,Towel - Beach,Towel - Beach CORE
TOWLB-KID-MD-4SETF,Towel - Beach,Towel - Beach CORE
TOWLB-KID-MD-4SETG,Towel - Beach,Towel - Beach CORE
TOWLB-KID-MD-4SETH,Towel - Beach,Towel - Beach CORE
TOWLB-KID-MD-4SETI,Towel - Beach,Towel - Beach SEASONAL
TOWLB-KID-MD-4SETJ,Towel - Beach,Towel - Beach SEASONAL
TOWLB-KID-MD-4SETK,Towel - Beach,Towel - Beach SEASONAL
TOWLB-KID-MD-6SET-EXPYOU,Towel - Beach,Towel - Beach SEASONAL
TOWLB-KID-MD-6SET-JOYDISC,Towel - Beach,Towel - Beach SEASONAL
TOWLB-KID-MD-6SET-SPLASH,Towel - Beach,Towel - Beach SEASONAL
TOWLB-KID-MD-BEACH,Towel - Beach,Towel - Beach CORE
TOWLB-KID-MD-BIKE,Towel - Beach,Towel - Beach CORE
TOWLB-KID-MD-BOAT,Towel - Beach,Towel - Beach CORE
TOWLB-KID-MD-BUILDBCH,Towel - Beach,Towel - Beach SEASONAL
TOWLB-KID-MD-CAMO,Towel - Beach,Towel - Beach CORE
TOWLB-KID-MD-CHECKOUT,Towel - Beach,Towel - Beach SEASONAL
TOWLB-KID-MD-CROC,Towel - Beach,Towel - Beach CORE
TOWLB-KID-MD-DOODMOOD,Towel - Beach,Towel - Beach SEASONAL
TOWLB-KID-MD-FIVEDAY,Towel - Beach,Towel - Beach SEASONAL
TOWLB-KID-MD-FLAM,Towel - Beach,Towel - Beach CORE
TOWLB-KID-MD-GVCLUB,Towel - Beach,Towel - Beach SEASONAL
TOWLB-KID-MD-INTOWILD,Towel - Beach,Towel - Beach SEASONAL
TOWLB-KID-MD-JELLY,Towel - Beach,Towel - Beach SEASONAL
TOWLB-KID-MD-KARMCHAM,Towel - Beach,Towel - Beach SEASONAL
TOWLB-KID-MD-LEOP,Towel - Beach,Towel - Beach CORE
TOWLB-KID-MD-PEACH,Towel - Beach,Towel - Beach CORE
TOWLB-KID-MD-POWER,Towel - Beach,Towel - Beach CORE
TOWLB-KID-MD-POWPOS,Towel - Beach,Towel - Beach SEASONAL
TOWLB-KID-MD-RAINB,Towel - Beach,Towel - Beach CORE
TOWLB-KID-MD-REEF,Towel - Beach,Towel - Beach CORE
TOWLB-KID-MD-SANDSTRT,Towel - Beach,Towel - Beach SEASONAL
TOWLB-KID-MD-SKATER,Towel - Beach,Towel - Beach SEASONAL
TOWLB-KID-MD-SQUIG,Towel - Beach,Towel - Beach CORE
TOWLB-KID-MD-SUNS,Towel - Beach,Towel - Beach CORE
TOWLB-KID-MD-TURTROP,Towel - Beach,Towel - Beach SEASONAL
TOWLB-KID-MD-TUTTI,Towel - Beach,Towel - Beach CORE
TOWLB-MBL-LG-3SET,Towel - Beach,Towel - Beach CORE
TOWLB-MBL-LG-LIFE,Towel - Beach,Towel - Beach CORE
TOWLB-MBL-LG-MUSE,Towel - Beach,Towel - Beach CORE
TOWLB-MBL-LG-NOTH,Towel - Beach,Towel - Beach CORE
TOWLB-MBL-XL-3SET,Towel - Beach,Towel - Beach CORE
TOWLB-MBL-XL-LIFE,Towel - Beach,Towel - Beach CORE
TOWLB-MBL-XL-MUSE,Towel - Beach,Towel - Beach CORE
TOWLB-MBL-XL-NOTH,Towel - Beach,Towel - Beach CORE
TOWLB-RND-4SET,Towel - Beach,Towel - Beach CORE
TOWLB-RND-BLUE-R,Towel - Beach,Towel - Beach CORE
TOWLB-RND-GREEN-R,Towel - Beach,Towel - Beach CORE
TOWLB-RND-GREY-R,Towel - Beach,Towel - Beach CORE
TOWLB-RND-LTPNK,Towel - Beach,Towel - Beach CORE
TOWLB-RND-NAVY,Towel - Beach,Towel - Beach CORE
TOWLB-RND-PINK-R,Towel - Beach,Towel - Beach CORE
TOWLB-RND-RAINB-R,Towel - Beach,Towel - Beach CORE
TOWLB-RND-RED-R,Towel - Beach,Towel - Beach CORE
TOWLB-RND-UNICN,Towel - Beach,Towel - Beach CORE
TOWLB-SGW-LG-4SET,Towel - Beach,Towel - Beach CORE
TOWLB-SGW-LG-CHEVR,Towel - Beach,Towel - Beach CORE
TOWLB-SGW-LG-GETWAV,Towel - Beach,Towel - Beach SEASONAL
TOWLB-SGW-LG-GROOVY,Towel - Beach,Towel - Beach CORE
TOWLB-SGW-LG-RISSUN,Towel - Beach,Towel - Beach CORE
TOWLB-SGW-XL-4SET,Towel - Beach,Towel - Beach CORE
TOWLB-SGW-XL-CHEVR,Towel - Beach,Towel - Beach CORE
TOWLB-SGW-XL-GETWAV,Towel - Beach,Towel - Beach SEASONAL
TOWLB-SGW-XL-GROOVY,Towel - Beach,Towel - Beach CORE
TOWLB-SGW-XL-RISSUN,Towel - Beach,Towel - Beach CORE
TOWLB-SUM-LG-4SET,Towel - Beach,Towel - Beach CORE
TOWLB-SUM-LG-4SETA-R,Towel - Beach,Towel - Beach CORE
TOWLB-SUM-LG-4SETB-R,Towel - Beach,Towel - Beach CORE
TOWLB-SUM-LG-5SET,Towel - Beach,Towel - Beach CORE
TOWLB-SUM-LG-6SET,Towel - Beach,Towel - Beach CORE
TOWLB-SUM-LG-6SET-RAINSHRS,Towel - Beach,Towel - Beach SEASONAL SUM
TOWLB-SUM-LG-COLAGN,Towel - Beach,Towel - Beach SEASONAL SUM
TOWLB-SUM-LG-CSTCANDY,Towel - Beach,Towel - Beach SEASONAL SUM
TOWLB-SUM-LG-DKDIS,Towel - Beach,Towel - Beach SEASONAL SUM
TOWLB-SUM-LG-DSKDWN,Towel - Beach,Towel - Beach SEASONAL SUM
TOWLB-SUM-LG-ENDLS-R,Towel - Beach,Towel - Beach SEASONAL SUM
TOWLB-SUM-LG-ENDRVR,Towel - Beach,Towel - Beach SEASONAL SUM
TOWLB-SUM-LG-LAVDR-R,Towel - Beach,Towel - Beach SEASONAL SUM
TOWLB-SUM-LG-MIAMI,Towel - Beach,Towel - Beach SEASONAL SUM
TOWLB-SUM-LG-OCEAN,Towel - Beach,Towel - Beach SEASONAL SUM
TOWLB-SUM-LG-PCHSUN,Towel - Beach,Towel - Beach SEASONAL SUM
TOWLB-SUM-LG-PEACH-R,Towel - Beach,Towel - Beach SEASONAL SUM
TOWLB-SUM-LG-POOL-R,Towel - Beach,Towel - Beach SEASONAL SUM
TOWLB-SUM-LG-RAINB-R,Towel - Beach,Towel - Beach CORE
TOWLB-SUM-LG-SANDSEA,Towel - Beach,Towel - Beach SEASONAL SUM
TOWLB-SUM-LG-SUNST-R,Towel - Beach,Towel - Beach SEASONAL SUM
TOWLB-SUM-LG-TUTFRU,Towel - Beach,Towel - Beach SEASONAL SUM
TOWLB-SUM-LG-UNICN-R,Towel - Beach,Towel - Beach CORE
TOWLB-SUM-MD-UNICN,Towel - Beach,Towel - Beach CORE
TOWLB-SUM-X2-UNICN,Towel - Beach,Towel - Beach CORE
TOWLB-SUM-XL-4SET,Towel - Beach,Towel - Beach CORE
TOWLB-SUM-XL-4SETA-R,Towel - Beach,Towel - Beach CORE
TOWLB-SUM-XL-4SETB-R,Towel - Beach,Towel - Beach CORE
TOWLB-SUM-XL-5SET,Towel - Beach,Towel - Beach CORE
TOWLB-SUM-XL-6SET,Towel - Beach,Towel - Beach CORE
TOWLB-SUM-XL-6SET-RAINSHRS,Towel - Beach,Towel - Beach SEASONAL SUM
TOWLB-SUM-XL-COLAGN,Towel - Beach,Towel - Beach SEASONAL SUM
TOWLB-SUM-XL-CSTCANDY,Towel - Beach,Towel - Beach SEASONAL SUM
TOWLB-SUM-XL-DKDIS,Towel - Beach,Towel - Beach SEASONAL SUM
TOWLB-SUM-XL-DSKDWN,Towel - Beach,Towel - Beach SEASONAL SUM
TOWLB-SUM-XL-ENDLS-R,Towel - Beach,Towel - Beach SEASONAL SUM
TOWLB-SUM-XL-ENDRVR,Towel - Beach,Towel - Beach SEASONAL SUM
TOWLB-SUM-XL-LAVDR-R,Towel - Beach,Towel - Beach SEASONAL SUM
TOWLB-SUM-XL-MIAMI,Towel - Beach,Towel - Beach SEASONAL SUM
TOWLB-SUM-XL-OCEAN,Towel - Beach,Towel - Beach SEASONAL SUM
TOWLB-SUM-XL-PCHSUN,Towel - Beach,Towel - Beach SEASONAL SUM
TOWLB-SUM-XL-PEACH-R,Towel - Beach,Towel - Beach SEASONAL SUM
TOWLB-SUM-XL-POOL-R,Towel - Beach,Towel - Beach SEASONAL SUM
TOWLB-SUM-XL-RAINB-R,Towel - Beach,Towel - Beach CORE
TOWLB-SUM-XL-SANDSEA,Towel - Beach,Towel - Beach SEASONAL SUM
TOWLB-SUM-XL-SUNST-R,Towel - Beach,Towel - Beach SEASONAL SUM
TOWLB-SUM-XL-TUTFRU,Towel - Beach,Towel - Beach SEASONAL SUM
TOWLB-SUM-XL-UNICN-R,Towel - Beach,Towel - Beach CORE
TOWLB-TED-LG-3SET,Towel - Beach,Towel - Beach CORE
TOWLB-TED-LG-BLUE,Towel - Beach,Towel - Beach CORE
TOWLB-TED-LG-GREEN,Towel - Beach,Towel - Beach CORE
TOWLB-TED-LG-PINK,Towel - Beach,Towel - Beach CORE
TOWLB-TED-XL-3SET,Towel - Beach,Towel - Beach CORE
TOWLB-TED-XL-BLUE,Towel - Beach,Towel - Beach CORE
TOWLB-TED-XL-GREEN,Towel - Beach,Towel - Beach CORE
TOWLB-TED-XL-PINK,Towel - Beach,Towel - Beach CORE
TOWLB-TYD-LG-4SET,Towel - Beach,Towel - Beach CORE
TOWLB-TYD-LG-BLUE,Towel - Beach,Towel - Beach CORE
TOWLB-TYD-LG-GREEN,Towel - Beach,Towel - Beach CORE
TOWLB-TYD-LG-NAVY,Towel - Beach,Towel - Beach CORE
TOWLB-TYD-LG-PINK,Towel - Beach,Towel - Beach CORE
TOWLB-TYD-XL-4SET,Towel - Beach,Towel - Beach CORE
TOWLB-TYD-XL-BLUE,Towel - Beach,Towel - Beach CORE
TOWLB-TYD-XL-GREEN,Towel - Beach,Towel - Beach CORE
TOWLB-TYD-XL-NAVY,Towel - Beach,Towel - Beach CORE
TOWLB-TYD-XL-PINK,Towel - Beach,Towel - Beach CORE
TOWLF-CLA-LG-5SET-R,Towel - Beach,Towel - Beach CORE
TOWLF-CLA-LG-BLUE-R,Towel - Beach,Towel - Beach CORE
TOWLF-CLA-LG-GREEN-R,Towel - Beach,Towel - Beach CORE
TOWLF-CLA-LG-PINK-R,Towel - Beach,Towel - Beach CORE
TOWLF-CLA-LG-PURPL-R,Towel - Beach,Towel - Beach CORE
TOWLF-CLA-LG-RED-R,Towel - Beach,Towel - Beach CORE
TOWLF-CLA-SM-5SET-R,Towel - Beach,Towel - Beach CORE
TOWLF-CLA-SM-BLUE-R,Towel - Beach,Towel - Beach CORE
TOWLF-CLA-SM-GREEN-R,Towel - Beach,Towel - Beach CORE
TOWLF-CLA-SM-PINK-R,Towel - Beach,Towel - Beach CORE
TOWLF-CLA-SM-PURPL-R,Towel - Beach,Towel - Beach CORE
TOWLF-CLA-SM-RED-R,Towel - Beach,Towel - Beach CORE
TOWLF-CLA-XL-5SET-R,Towel - Beach,Towel - Beach CORE
TOWLF-CLA-XL-BLUE-R,Towel - Beach,Towel - Beach CORE
TOWLF-CLA-XL-GREEN-R,Towel - Beach,Towel - Beach CORE
TOWLF-CLA-XL-PINK-R,Towel - Beach,Towel - Beach CORE
TOWLF-CLA-XL-PURPL-R,Towel - Beach,Towel - Beach CORE
TOWLF-CLA-XL-RED-R,Towel - Beach,Towel - Beach CORE
TOWLF-ESS-LG-4SET-R,Towel - Beach,Towel - Beach CORE
TOWLF-ESS-LG-6SET,Towel - Beach,Towel - Beach CORE
TOWLF-ESS-LG-BLUE-R,Towel - Beach,Towel - Beach CORE
TOWLF-ESS-LG-DKBLU,Towel - Beach,Towel - Beach CORE
TOWLF-ESS-LG-GREEN-R,Towel - Beach,Towel - Beach CORE
TOWLF-ESS-LG-GREY-R,Towel - Beach,Towel - Beach CORE
TOWLF-ESS-LG-HBLU,Towel - Beach,Towel - Beach CORE
TOWLF-ESS-LG-HIBPNK,Towel - Beach,Towel - Beach CORE
TOWLF-ESS-LG-LKAQUA,Towel - Beach,Towel - Beach CORE
TOWLF-ESS-LG-LTPPL,Towel - Beach,Towel - Beach CORE
TOWLF-ESS-LG-PINK-R,Towel - Beach,Towel - Beach CORE
TOWLF-ESS-LG-PLIM,Towel - Beach,Towel - Beach CORE
TOWLF-ESS-LG-VLYVIO,Towel - Beach,Towel - Beach CORE
TOWLF-ESS-SM-4SET-R,Towel - Beach,Towel - Beach CORE
TOWLF-ESS-SM-6SET,Towel - Beach,Towel - Beach CORE
TOWLF-ESS-SM-BLUE-R,Towel - Beach,Towel - Beach CORE
TOWLF-ESS-SM-DKBLU,Towel - Beach,Towel - Beach CORE
TOWLF-ESS-SM-GREEN-R,Towel - Beach,Towel - Beach CORE
TOWLF-ESS-SM-GREY-R,Towel - Beach,Towel - Beach CORE
TOWLF-ESS-SM-LTPPL,Towel - Beach,Towel - Beach CORE
TOWLF-ESS-SM-PINK-R,Towel - Beach,Towel - Beach CORE
TOWLF-ESS-XL-4SET-R,Towel - Beach,Towel - Beach CORE
TOWLF-ESS-XL-6SET,Towel - Beach,Towel - Beach CORE
TOWLF-ESS-XL-BLUE-R,Towel - Beach,Towel - Beach CORE
TOWLF-ESS-XL-DKBLU,Towel - Beach,Towel - Beach CORE
TOWLF-ESS-XL-GREEN-R,Towel - Beach,Towel - Beach CORE
TOWLF-ESS-XL-GREY-R,Towel - Beach,Towel - Beach CORE
TOWLF-ESS-XL-HBLU,Towel - Beach,Towel - Beach CORE
TOWLF-ESS-XL-HIBPNK,Towel - Beach,Towel - Beach CORE
TOWLF-ESS-XL-LKAQUA,Towel - Beach,Towel - Beach CORE
TOWLF-ESS-XL-LTPPL,Towel - Beach,Towel - Beach CORE
TOWLF-ESS-XL-PINK-R,Towel - Beach,Towel - Beach CORE
TOWLF-ESS-XL-PLIM,Towel - Beach,Towel - Beach CORE
TOWLF-ESS-XL-VLYVIO,Towel - Beach,Towel - Beach CORE
TOWLH-CBH-3SET-CREAM,Towel - Home,Towel - Home
TOWLH-CBH-3SET-FOAM,Towel - Home,Towel - Home
TOWLH-CBH-3SET-NAVY,Towel - Home,Towel - Home
TOWLH-CBH-3SET-PINK,Towel - Home,Towel - Home
TOWLH-CBH-6SET-CREAM,Towel - Home,Towel - Home
TOWLH-CBH-6SET-FOAM,Towel - Home,Towel - Home
TOWLH-CBH-6SET-NAVY,Towel - Home,Towel - Home
TOWLH-CBH-6SET-PINK,Towel - Home,Towel - Home
TOWLH-CBH-6SET-SHWPWR,Towel - Home,Towel - Home
TOWLH-CBH-LG-4SET,Towel - Home,Towel - Home
TOWLH-CBH-LG-CREAM,Towel - Home,Towel - Home
TOWLH-CBH-LG-FOAM,Towel - Home,Towel - Home
TOWLH-CBH-LG-NAVY,Towel - Home,Towel - Home
TOWLH-CBH-LG-PINK,Towel - Home,Towel - Home
TOWLH-CBH-SM-4SET,Towel - Home,Towel - Home
TOWLH-CBH-SM-CREAM,Towel - Home,Towel - Home
TOWLH-CBH-SM-FOAM,Towel - Home,Towel - Home
TOWLH-CBH-SM-NAVY,Towel - Home,Towel - Home
TOWLH-CBH-SM-PINK,Towel - Home,Towel - Home
TOWLH-CBH-XL-4SET,Towel - Home,Towel - Home
TOWLH-CBH-XL-CREAM,Towel - Home,Towel - Home
TOWLH-CBH-XL-FOAM,Towel - Home,Towel - Home
TOWLH-CBH-XL-NAVY,Towel - Home,Towel - Home
TOWLH-CBH-XL-PINK,Towel - Home,Towel - Home
TOWLH-CLA-3SET-NAVY,Towel - Home,Towel - Home
TOWLH-CLA-3SET-WHITE,Towel - Home,Towel - Home
TOWLH-CLA-LG-NAVY,Towel - Home,Towel - Home
TOWLH-CLA-LG-WHITE,Towel - Home,Towel - Home
TOWLH-CLA-SM-NAVY,Towel - Home,Towel - Home
TOWLH-CLA-SM-WHITE,Towel - Home,Towel - Home
TOWLH-CLA-XL-NAVY,Towel - Home,Towel - Home
TOWLH-CLA-XL-WHITE,Towel - Home,Towel - Home
TOWLH-CLB-3SET-CHRYBMB,Towel - Home,Towel - Home
TOWLH-CLB-3SET-PEPPNCH,Towel - Home,Towel - Home
TOWLH-CLB-6SET-CHRYBMB,Towel - Home,Towel - Home
TOWLH-CLB-6SET-PNCHPAIR,Towel - Home,Towel - Home
TOWLH-CLB-LG-4SET-PNCHPAIR,Towel - Home,Towel - Home
TOWLH-CLB-LG-CHRYBMB,Towel - Home,Towel - Home
TOWLH-CLB-LG-MIDNFIZ,Towel - Home,Towel - Home
TOWLH-CLB-LG-PEPPNCH,Towel - Home,Towel - Home
TOWLH-CLB-LG-WTRSPRZ,Towel - Home,Towel - Home
TOWLH-CLB-SM-CHRYBMB,Towel - Home,Towel - Home
TOWLH-CLB-SM-MIDNFIZ,Towel - Home,Towel - Home
TOWLH-CLB-SM-PEPPNCH,Towel - Home,Towel - Home
TOWLH-CLB-SM-WTRSPRZ,Towel - Home,Towel - Home
TOWLH-CLB-XL-4SET-PNCHPAIR,Towel - Home,Towel - Home
TOWLH-CLB-XL-CHRYBMB,Towel - Home,Towel - Home
TOWLH-CLB-XL-MIDNFIZ,Towel - Home,Towel - Home
TOWLH-CLB-XL-PEPPNCH,Towel - Home,Towel - Home
TOWLH-CLB-XL-WTRSPRZ,Towel - Home,Towel - Home
TOWLH-DES-3SET-TIGPALM,Towel - Home,Towel - Home
TOWLH-DES-6SET-TIGPALM,Towel - Home,Towel - Home
TOWLH-DES-LG-BOHMDRM,Towel - Home,Towel - Home
TOWLH-DES-LG-TIGPALM,Towel - Home,Towel - Home
TOWLH-DES-SM-BOHMDRM,Towel - Home,Towel - Home
TOWLH-DES-SM-TIGPALM,Towel - Home,Towel - Home
TOWLH-DES-XL-BOHMDRM,Towel - Home,Towel - Home
TOWLH-DES-XL-TIGPALM,Towel - Home,Towel - Home
TOWLH-GEO-3SET-NAVY,Towel - Home,Towel - Home
TOWLH-GEO-3SET-PARAD,Towel - Home,Towel - Home
TOWLH-GEO-3SET-PINK,Towel - Home,Towel - Home
TOWLH-GEO-3SET-SAGE,Towel - Home,Towel - Home
TOWLH-GEO-LG-4SET,Towel - Home,Towel - Home
TOWLH-GEO-LG-NAVY,Towel - Home,Towel - Home
TOWLH-GEO-LG-PARAD,Towel - Home,Towel - Home
TOWLH-GEO-LG-PINK,Towel - Home,Towel - Home
TOWLH-GEO-LG-SAGE,Towel - Home,Towel - Home
TOWLH-GEO-SM-4SET,Towel - Home,Towel - Home
TOWLH-GEO-SM-NAVY,Towel - Home,Towel - Home
TOWLH-GEO-SM-PARAD,Towel - Home,Towel - Home
TOWLH-GEO-SM-PINK,Towel - Home,Towel - Home
TOWLH-GEO-SM-SAGE,Towel - Home,Towel - Home
TOWLH-GEO-XL-4SET,Towel - Home,Towel - Home
TOWLH-GEO-XL-NAVY,Towel - Home,Towel - Home
TOWLH-GEO-XL-PARAD,Towel - Home,Towel - Home
TOWLH-GEO-XL-PINK,Towel - Home,Towel - Home
TOWLH-GEO-XL-SAGE,Towel - Home,Towel - Home
TOWLH-HID-3SET-BLACK,Towel - Home,Towel - Home
TOWLH-HID-3SET-BLUE,Towel - Home,Towel - Home
TOWLH-HID-3SET-GREEN,Towel - Home,Towel - Home
TOWLH-HID-3SET-PINK,Towel - Home,Towel - Home
TOWLH-HID-LG-4SET,Towel - Home,Towel - Home
TOWLH-HID-LG-BLACK,Towel - Home,Towel - Home
TOWLH-HID-LG-BLUE,Towel - Home,Towel - Home
TOWLH-HID-LG-GREEN,Towel - Home,Towel - Home
TOWLH-HID-LG-PINK,Towel - Home,Towel - Home
TOWLH-HID-SM-4SET,Towel - Home,Towel - Home
TOWLH-HID-SM-BLACK,Towel - Home,Towel - Home
TOWLH-HID-SM-BLUE,Towel - Home,Towel - Home
TOWLH-HID-SM-GREEN,Towel - Home,Towel - Home
TOWLH-HID-SM-PINK,Towel - Home,Towel - Home
TOWLH-HID-XL-4SET,Towel - Home,Towel - Home
TOWLH-HID-XL-BLACK,Towel - Home,Towel - Home
TOWLH-HID-XL-BLUE,Towel - Home,Towel - Home
TOWLH-HID-XL-GREEN,Towel - Home,Towel - Home
TOWLH-HID-XL-PINK,Towel - Home,Towel - Home
TOWLH-HOM-3SET-LTBLU,Towel - Home,Towel - Home
TOWLH-HOM-3SET-LTGRN,Towel - Home,Towel - Home
TOWLH-HOM-3SET-LTPNK,Towel - Home,Towel - Home
TOWLH-HOM-3SET-NAVY,Towel - Home,Towel - Home
TOWLH-HOM-3SET-TERRA,Towel - Home,Towel - Home
TOWLH-HOM-3SET-WHITE,Towel - Home,Towel - Home
TOWLH-HOM-LG-4SETA,Towel - Home,Towel - Home
TOWLH-HOM-LG-4SETB,Towel - Home,Towel - Home
TOWLH-HOM-LG-LTBLU,Towel - Home,Towel - Home
TOWLH-HOM-LG-LTBLU-R,Towel - Home,Towel - Home
TOWLH-HOM-LG-LTGRN,Towel - Home,Towel - Home
TOWLH-HOM-LG-LTGRN-R,Towel - Home,Towel - Home
TOWLH-HOM-LG-LTPNK,Towel - Home,Towel - Home
TOWLH-HOM-LG-LTPNK-R,Towel - Home,Towel - Home
TOWLH-HOM-LG-NAVY,Towel - Home,Towel - Home
TOWLH-HOM-LG-NAVY-R,Towel - Home,Towel - Home
TOWLH-HOM-LG-TERRA,Towel - Home,Towel - Home
TOWLH-HOM-LG-TERRA-R,Towel - Home,Towel - Home
TOWLH-HOM-LG-WHITE,Towel - Home,Towel - Home
TOWLH-HOM-LG-WHITE-R,Towel - Home,Towel - Home
TOWLH-HOM-SM-LTBLU,Towel - Home,Towel - Home
TOWLH-HOM-SM-LTGRN,Towel - Home,Towel - Home
TOWLH-HOM-SM-LTPNK,Towel - Home,Towel - Home
TOWLH-HOM-SM-NAVY,Towel - Home,Towel - Home
TOWLH-HOM-SM-TERRA,Towel - Home,Towel - Home
TOWLH-HOM-SM-WHITE,Towel - Home,Towel - Home
TOWLH-HOM-XL-4SETA,Towel - Home,Towel - Home
TOWLH-HOM-XL-4SETB,Towel - Home,Towel - Home
TOWLH-HOM-XL-LTBLU,Towel - Home,Towel - Home
TOWLH-HOM-XL-LTBLU-R,Towel - Home,Towel - Home
TOWLH-HOM-XL-LTGRN,Towel - Home,Towel - Home
TOWLH-HOM-XL-LTGRN-R,Towel - Home,Towel - Home
TOWLH-HOM-XL-LTPNK,Towel - Home,Towel - Home
TOWLH-HOM-XL-LTPNK-R,Towel - Home,Towel - Home
TOWLH-HOM-XL-NAVY,Towel - Home,Towel - Home
TOWLH-HOM-XL-NAVY-R,Towel - Home,Towel - Home
TOWLH-HOM-XL-TERRA,Towel - Home,Towel - Home
TOWLH-HOM-XL-TERRA-R,Towel - Home,Towel - Home
TOWLH-HOM-XL-WHITE,Towel - Home,Towel - Home
TOWLH-HOM-XL-WHITE-R,Towel - Home,Towel - Home
TOWLH-NAT-LG-DPBLU-C,,
TOWLH-NAT-LG-HONEY-C,,
TOWLH-NAT-LG-POWBLU-C,,
TOWLH-NAT-LG-SNWHIT-C,,
TOWLH-NAT-LG-WAVNAV-C,,
TOWLH-RET-3SET-CONG,Towel - Home,Towel - Home
TOWLH-RET-3SET-MONT,Towel - Home,Towel - Home
TOWLH-RET-3SET-SANT,Towel - Home,Towel - Home
TOWLH-RET-3SET-SAPO,Towel - Home,Towel - Home
TOWLH-RET-3SET-SINH,Towel - Home,Towel - Home
TOWLH-RET-LG-5SET,Towel - Home,Towel - Home
TOWLH-RET-LG-CONG,Towel - Home,Towel - Home
TOWLH-RET-LG-MONT,Towel - Home,Towel - Home
TOWLH-RET-LG-SANT,Towel - Home,Towel - Home
TOWLH-RET-LG-SAPO,Towel - Home,Towel - Home
TOWLH-RET-LG-SINH,Towel - Home,Towel - Home
TOWLH-RET-SM-5SET,Towel - Home,Towel - Home
TOWLH-RET-SM-CONG,Towel - Home,Towel - Home
TOWLH-RET-SM-MONT,Towel - Home,Towel - Home
TOWLH-RET-SM-SANT,Towel - Home,Towel - Home
TOWLH-RET-SM-SAPO,Towel - Home,Towel - Home
TOWLH-RET-SM-SINH,Towel - Home,Towel - Home
TOWLH-RET-XL-5SET,Towel - Home,Towel - Home
TOWLH-RET-XL-CONG,Towel - Home,Towel - Home
TOWLH-RET-XL-MONT,Towel - Home,Towel - Home
TOWLH-RET-XL-SANT,Towel - Home,Towel - Home
TOWLH-RET-XL-SAPO,Towel - Home,Towel - Home
TOWLH-RET-XL-SINH,Towel - Home,Towel - Home
TRADESHOW-1,,
TRADESHOW-2,,
UK-SHORTSSTRIPE-MED-PINK,,
US-MAKUP-HOM-6PAK-FBA,,
US-MAKUP-HOM-9PAK-FBA,,
WASH-BAG-MED,,
WHITE_LABEL_PRODUCT,,
WHOLESALE-BROCHURE-CA,,
WHOLESALE-BROCHURE-DNB,,
WHOLESALE-BROCHURE-EU,,
WHOLESALE-BROCHURE-FR,,
WHOLESALE-BROCHURE-UK,,
WHOLESALE-BROCHURE-US,,
WHOLESALE-POS-LAR-BOTTLE,,
WHOLESALE-POSDISPLAY-LAR,,
WHOLESALE-POSDISPLAY-LAR-BOTTLE,,
WHOLESALE-POSDISPLAY-SML,,
WHOLESALE-PRICELIST-DNB,,
WHOLESALE-SAMPLE-BOX,,
WHOLESALE-WATERBOTTLE-DNB,,
WS-POS-EASEL-BAG-2023,,
WS-POS-EASEL-BAG-FR-2023,,
WS-POS-EASEL-COOL-2023,,
WS-POS-EASEL-COOL-FR-2023,,
WS-POS-EASEL-DOGTWL-2023,,
WS-POS-EASEL-DOGTWL-FR-2023,,
WS-POS-EASEL-HAIRW-2023,,
WS-POS-EASEL-HAIRW-FR-2023,,
WS-POS-EASEL-HOODT-2023,,
WS-POS-EASEL-HOODT-FR-2023,,
WS-POS-EASEL-MAKUP-2023,,
WS-POS-EASEL-MAKUP-FR-2023,,
WS-POS-EASEL-MAKUP-STD-2023,,
WS-POS-EASEL-PICNIC-2023,,
WS-POS-EASEL-PICNIC-FR-2023,,
WS-POS-EASEL-PONCHA-2023,,
WS-POS-EASEL-PONCHA-FR-2023,,
WS-POS-EASEL-PONCHK-2023,,
WS-POS-EASEL-ROBE-2023,,
WS-POS-EASEL-ROBE-FR-2023,,
WS-POS-EASEL-TOWLB-2023,,
WS-POS-EASEL-TOWLB-FR-2023,,
WS-POS-EASEL-TOWLB-KID-2023,,
WS-POS-EASEL-TOWLH-2023,,
WS-POS-EASEL-TOWLH-FR-2023,,
WS-SAMPLEBOX-SETA,,