sku_channel,sku,channel,units_2024_01,units_2024_02,units_2024_03,units_2024_04,units_2024_05,units_2024_06,units_2024_07,units_2024_08,units_2024_09,units_2024_10,units_2024_11,units_2024_12,units_2025_01,units_2025_02,units_2025_03,units_2025_04,units_2025_05,units_2025_06,units_2025_07,units_2025_08,units_2025_09,units_2025_10,units_2025_11,units_2025_12,units_2026_01,units_2026_02,units_2026_03,units_2026_04,units_2026_05,units_2026_06,units_2026_07,units_2026_08,units_2026_09,units_2026_10,units_2026_11,units_2026_12,revenue_2024_01,revenue_2024_02,revenue_2024_03,revenue_2024_04,revenue_2024_05,revenue_2024_06,revenue_2024_07,revenue_2024_08,revenue_2024_09,revenue_2024_10,revenue_2024_11,revenue_2024_12,revenue_2025_01,revenue_2025_02,revenue_2025_03,revenue_2025_04,revenue_2025_05,revenue_2025_06,revenue_2025_07,revenue_2025_08,revenue_2025_09,revenue_2025_10,revenue_2025_11,revenue_2025_12,revenue_2026_01,revenue_2026_02,revenue_2026_03,revenue_2026_04,revenue_2026_05,revenue_2026_06,revenue_2026_07,revenue_2026_08,revenue_2026_09,revenue_2026_10,revenue_2026_11,revenue_2026_12
BABIATOR-MD-LTPCH - B2B,BABIATOR-MD-LTPCH,B2B,0,0,0,1,0,25,0,0,0,0,0,0,0,0,0,0,0,0,0,0,0,0,0,0,0,0,0,0,0,0,0,0,0,0,0,0,0,0,0,9.45,0,166.28,0,0,0,0,0,0,0,0,0,0,0,0,0,0,0,0,0,0,0,0,0,0,0,0,0,0,0,0,0,0
BABIATOR-MD-LTPCH - DTC,BABIATOR-MD-LTPCH,DTC,6,6,1,5,38,1,0,0,0,0,0,0,0,0,0,0,0,0,0,0,0,0,0,0,0,0,0,0,0,0,0,0,0,0,0,0,82.32,61.76,18,0,330.13,8.61,0,0,0,0,0,0,0,0,0,0,0,0,0,0,0,0,0,0,0,0,0,0,0,0,0,0,0,0,0,0
BABIATOR-MD-LTPNK - B2B,BABIATOR-MD-LTPNK,B2B,0,0,0,2,0,34,0,0,0,0,0,0,0,0,0,0,0,0,0,0,0,0,0,0,0,0,0,0,0,0,0,0,0,0,0,0,0,0,0,18.9,0,226.95,0,0,0,0,0,0,0,0,0,0,0,0,0,0,0,0,0,0,0,0,0,0,0,0,0,0,0,0,0,0
BABIATOR-MD-LTPNK - DTC,BABIATOR-MD-LTPNK,DTC,15,10,2,7,73,1,0,0,0,0,0,0,0,0,0,0,0,0,0,0,0,0,0,0,0,0,0,0,0,0,0,0,0,0,0,0,166.67,105.33,42.9,40,618.09,7.5,0,0,0,0,0,0,0,0,0,0,0,0,0,0,0,0,0,0,0,0,0,0,0,0,0,0,0,0,0,0
BABIATOR-MD-NAVY - B2B,BABIATOR-MD-NAVY,B2B,0,0,0,5,0,16,0,0,0,0,0,0,0,0,0,0,0,0,0,0,0,0,0,0,0,0,0,0,0,0,0,0,0,0,0,0,0,0,0,47.25,0,108.15,0,0,0,0,0,0,0,0,0,0,0,0,0,0,0,0,0,0,0,0,0,0,0,0,0,0,0,0,0,0
BABIATOR-MD-NAVY - DTC,BABIATOR-MD-NAVY,DTC,19,5,2,13,65,5,0,0,0,0,0,0,0,0,0,0,0,0,0,0,0,0,0,0,0,0,0,0,0,0,0,0,0,0,0,0,217.85,65.66,39.63,63.66,546.92,38.4,0,0,0,0,0,0,0,0,0,0,0,0,0,0,0,0,0,0,0,0,0,0,0,0,0,0,0,0,0,0
BABIATOR-MD-SQUIG - B2B,BABIATOR-MD-SQUIG,B2B,0,0,0,0,0,88,0,0,0,0,0,0,0,0,0,0,0,0,0,0,0,0,0,0,0,0,0,0,0,0,0,0,0,0,0,0,0,0,0,0,0,580.8,0,0,0,0,0,0,0,0,0,0,0,0,0,0,0,0,0,0,0,0,0,0,0,0,0,0,0,0,0,0
BABIATOR-MD-SQUIG - DTC,BABIATOR-MD-SQUIG,DTC,10,8,0,10,51,6,0,0,0,0,0,0,0,0,0,0,0,0,0,0,0,0,0,0,0,0,0,0,0,0,0,0,0,0,0,0,99.42,99.03,0,0,450.93,50.17,0,0,0,0,0,0,0,0,0,0,0,0,0,0,0,0,0,0,0,0,0,0,0,0,0,0,0,0,0,0
BABIATOR-SM-LTPCH - B2B,BABIATOR-SM-LTPCH,B2B,0,0,0,0,0,22,0,0,0,0,0,0,0,0,0,0,0,0,0,0,0,0,0,0,0,0,0,0,0,0,0,0,0,0,0,0,0,0,0,0,0,146.48,0,0,0,0,0,0,0,0,0,0,0,0,0,0,0,0,0,0,0,0,0,0,0,0,0,0,0,0,0,0
BABIATOR-SM-LTPCH - DTC,BABIATOR-SM-LTPCH,DTC,3,9,1,3,35,8,0,0,0,0,0,0,0,0,0,0,0,0,0,0,0,0,0,0,0,0,0,0,0,0,0,0,0,0,0,0,29.63,98.73,18,0,305.54,63.17,0,0,0,0,0,0,0,0,0,0,0,0,0,0,0,0,0,0,0,0,0,0,0,0,0,0,0,0,0,0
BABIATOR-SM-LTPNK - B2B,BABIATOR-SM-LTPNK,B2B,0,0,0,1,0,115,0,0,0,0,0,0,0,0,0,0,0,0,0,0,0,0,0,0,0,0,0,0,0,0,0,0,0,0,0,0,0,0,0,9.45,0,759,0,0,0,0,0,0,0,0,0,0,0,0,0,0,0,0,0,0,0,0,0,0,0,0,0,0,0,0,0,0
BABIATOR-SM-LTPNK - DTC,BABIATOR-SM-LTPNK,DTC,4,8,1,2,56,2,0,0,0,0,0,0,0,0,0,0,0,0,0,0,0,0,0,0,0,0,0,0,0,0,0,0,0,0,0,0,57.67,85.48,20,20.19,497.95,18.19,0,0,0,0,0,0,0,0,0,0,0,0,0,0,0,0,0,0,0,0,0,0,0,0,0,0,0,0,0,0
BABIATOR-SM-NAVY - B2B,BABIATOR-SM-NAVY,B2B,0,0,0,3,0,83,0,0,0,0,0,0,0,0,0,0,0,0,0,0,0,0,0,0,0,0,0,0,0,0,0,0,0,0,0,0,0,0,0,28.35,0,547.8,0,0,0,0,0,0,0,0,0,0,0,0,0,0,0,0,0,0,0,0,0,0,0,0,0,0,0,0,0,0
BABIATOR-SM-NAVY - DTC,BABIATOR-SM-NAVY,DTC,6,6,0,3,71,6,0,0,0,0,0,0,0,0,0,0,0,0,0,0,0,0,0,0,0,0,0,0,0,0,0,0,0,0,0,0,72.86,59.38,0,0,603.38,50,0,0,0,0,0,0,0,0,0,0,0,0,0,0,0,0,0,0,0,0,0,0,0,0,0,0,0,0,0,0
BABIATOR-SM-SQUIG - B2B,BABIATOR-SM-SQUIG,B2B,0,0,0,0,0,144,0,0,0,0,0,0,0,0,0,0,0,0,0,0,0,0,0,0,0,0,0,0,0,0,0,0,0,0,0,0,0,0,0,0,0,950.4,0,0,0,0,0,0,0,0,0,0,0,0,0,0,0,0,0,0,0,0,0,0,0,0,0,0,0,0,0,0
BABIATOR-SM-SQUIG - DTC,BABIATOR-SM-SQUIG,DTC,6,6,1,3,30,1,0,0,0,0,0,0,0,0,0,0,0,0,0,0,0,0,0,0,0,0,0,0,0,0,0,0,0,0,0,0,66.48,63.07,18,0,264.89,8.89,0,0,0,0,0,0,0,0,0,0,0,0,0,0,0,0,0,0,0,0,0,0,0,0,0,0,0,0,0,0
BAGBCH-MD-NAVY - B2B,BAGBCH-MD-NAVY,B2B,0,0,0,7,7,11,7,0,0,0,0,14,8,0,9,17,13,15,1,0,0,0,0,0,8,1,6,0,0,401,0,0,0,0,0,0,0,0,0,120,140,223.9,100,0,0,0,0,280,126.54,0,177.65,846.24,253.25,300.84,21.93,0,0,0,0,0,149.15,-0.89,108,0,0,8332,0,0,0,0,0,0
BAGBCH-MD-NAVY - DTC,BAGBCH-MD-NAVY,DTC,0,0,0,21,132,138,153,150,55,23,77,81,51,29,64,90,115,87,34,1,23,31,83,90,28,37,63,63,113,135,73,0,0,0,0,0,0,0,0,762.66,4649.41,4956.91,5597.33,5137.65,1940.98,819.42,2609.35,2894.18,1885.67,1149.74,2351.4,3378.23,4175.14,3298.94,1146.34,43.33,878.36,1158.93,2615.34,2974.7,1023.43,1409.87,2386.44,2482.47,4211.92,5261.19,2859.14,0,0,0,0,0
BAGBCH-MD-NAVY - FBA,BAGBCH-MD-NAVY,FBA,0,0,0,0,1,8,13,4,1,0,5,0,2,1,7,5,9,14,0,0,1,1,2,10,9,8,9,15,22,31,13,0,0,0,0,0,0,0,0,0,40.83,310.32,418.64,176.79,43.48,0,206.05,0,85.9,43.43,285.81,200.06,363.59,530.94,0,0,44.25,44.25,83.32,404.09,356.4,332.6,370.1,584.63,882.49,1217.74,512.43,0,0,0,0,0
BAGBCH-MD-OLIVE - B2B,BAGBCH-MD-OLIVE,B2B,0,0,0,0,0,0,0,0,0,0,0,0,0,0,0,12,21,25,1,0,0,0,0,0,0,0,0,0,0,0,0,0,0,0,0,0,0,0,0,0,0,0,0,0,0,0,0,0,0,0,0,236.4,415.52,506.13,21.85,0,0,0,0,0,0,0,0,0,0,0,0,0,0,0,0,0
BAGBCH-MD-OLIVE - DTC,BAGBCH-MD-OLIVE,DTC,0,0,0,0,0,0,0,0,0,0,0,0,0,0,35,90,147,93,63,0,32,35,186,18,2,0,0,0,0,0,0,0,0,0,0,0,0,0,0,0,0,0,0,0,0,0,0,0,0,0,1355.41,3470.6,5332.32,3365.7,2190.82,0,1010.28,1106.35,4488.24,487.49,70,0,0,0,0,0,0,0,0,0,0,0
BAGBCH-MD-OLIVE - FBA,BAGBCH-MD-OLIVE,FBA,0,0,0,0,0,0,0,0,0,0,0,0,0,0,0,0,0,1,3,0,0,8,6,9,12,3,0,0,0,0,0,0,0,0,0,0,0,0,0,0,0,0,0,0,0,0,0,0,0,0,0,0,0,39.99,125.99,0,0,263.3,196.64,293.29,393.28,99.99,0,0,0,0,0,0,0,0,0,0
BAGBCH-MD-PSTPIER - B2B,BAGBCH-MD-PSTPIER,B2B,0,0,0,0,0,0,0,0,0,0,0,0,0,0,0,0,0,0,0,0,0,0,0,0,0,0,2,0,0,1,0,0,0,0,0,0,0,0,0,0,0,0,0,0,0,0,0,0,0,0,0,0,0,0,0,0,0,0,0,0,0,0,41.66,0,0,0,0,0,0,0,0,0
BAGBCH-MD-PSTPIER - DTC,BAGBCH-MD-PSTPIER,DTC,0,0,0,0,0,0,0,0,0,0,0,0,0,0,0,0,0,0,0,0,0,0,0,0,0,7,23,18,33,39,40,0,0,0,0,0,0,0,0,0,0,0,0,0,0,0,0,0,0,0,0,0,0,0,0,0,0,0,0,0,0,287.09,856.08,709.72,1222.93,1566.11,1547.7,0,0,0,0,0
BAGBCH-MD-PSTPIER - FBA,BAGBCH-MD-PSTPIER,FBA,0,0,0,0,0,0,0,0,0,0,0,0,0,0,0,0,0,0,0,0,0,0,0,0,0,0,0,3,10,16,4,0,0,0,0,0,0,0,0,0,0,0,0,0,0,0,0,0,0,0,0,0,0,0,0,0,0,0,0,0,0,0,0,124.3,399.94,566.58,164.56,0,0,0,0,0
BAGBCH-MD-RSPROAD - B2B,BAGBCH-MD-RSPROAD,B2B,0,0,0,0,0,0,0,0,0,0,0,0,0,0,0,0,0,0,0,0,0,0,0,0,0,0,2,0,0,101,0,0,0,0,0,0,0,0,0,0,0,0,0,0,0,0,0,0,0,0,0,0,0,0,0,0,0,0,0,0,0,1041.5,41.66,0,0,2103.83,0,0,0,0,0,0
BAGBCH-MD-RSPROAD - DTC,BAGBCH-MD-RSPROAD,DTC,0,0,0,0,0,0,0,0,0,0,0,0,0,0,0,0,0,0,0,0,0,0,0,0,0,3,31,30,54,73,34,0,0,0,0,0,0,0,0,0,0,0,0,0,0,0,0,0,0,0,0,0,0,0,0,0,0,0,0,0,0,112.51,1002.65,1169.62,1952.45,2552.02,1168.8,0,0,0,0,0
BAGBCH-MD-RSPROAD - FBA,BAGBCH-MD-RSPROAD,FBA,0,0,0,0,0,0,0,0,0,0,0,0,0,0,0,0,0,0,0,0,0,0,0,0,0,0,3,3,12,16,2,0,0,0,0,0,0,0,0,0,0,0,0,0,0,0,0,0,0,0,0,0,0,0,0,0,0,0,0,0,0,0,124.98,124.97,474.92,566.59,81.24,0,0,0,0,0
BAGCOOL-MD-APPLTRT - B2B,BAGCOOL-MD-APPLTRT,B2B,0,0,0,0,0,0,0,0,0,0,0,0,0,0,0,0,0,0,0,0,0,0,0,0,0,0,4,4,8,9,0,0,0,0,0,0,0,0,0,0,0,0,0,0,0,0,0,0,0,0,0,0,0,0,0,0,0,0,0,0,0,0,100,100,200,200,0,0,0,0,0,0
BAGCOOL-MD-APPLTRT - DTC,BAGCOOL-MD-APPLTRT,DTC,0,0,0,0,0,0,0,0,0,0,0,0,0,0,0,0,0,0,0,0,0,0,0,0,0,0,9,33,61,65,52,0,0,0,0,0,0,0,0,0,0,0,0,0,0,0,0,0,0,0,0,0,0,0,0,0,0,0,0,0,0,0,317.5,1524.72,2662.74,2790.6,2296.09,0,0,0,0,0
BAGCOOL-MD-COLCLUB - B2B,BAGCOOL-MD-COLCLUB,B2B,0,0,0,0,0,0,0,0,0,0,0,0,0,0,0,0,0,0,0,0,0,0,0,0,0,0,4,4,0,20,8,0,0,0,0,0,0,0,0,0,0,0,0,0,0,0,0,0,0,0,0,0,0,0,0,0,0,0,0,0,0,750,100,100,0,500,200,0,0,0,0,0
BAGCOOL-MD-COLCLUB - DTC,BAGCOOL-MD-COLCLUB,DTC,0,0,0,0,0,0,0,0,0,0,0,0,0,0,0,0,0,0,0,0,0,0,0,0,0,1,6,25,49,58,29,0,0,0,0,0,0,0,0,0,0,0,0,0,0,0,0,0,0,0,0,0,0,0,0,0,0,0,0,0,0,45,205,1075,1980.66,2455.67,1258.33,0,0,0,0,0
BAGCOOL-MD-NAVY - B2B,BAGCOOL-MD-NAVY,B2B,0,0,0,0,0,0,0,0,0,0,0,0,0,0,0,10,18,1,0,20,0,0,0,0,8,2,38,10,24,68,0,0,0,0,0,0,0,0,0,0,0,0,0,0,0,0,0,0,0,0,0,214,428.39,22.91,0,458.2,0,0,0,0,188.44,1271.85,902.5,237.5,394.46,1700,0,0,0,0,0,0
BAGCOOL-MD-NAVY - DTC,BAGCOOL-MD-NAVY,DTC,0,0,0,0,0,0,0,0,0,0,0,0,0,0,11,90,108,71,115,60,15,7,22,22,7,3,18,50,88,161,82,0,0,0,0,0,0,0,0,0,0,0,0,0,0,0,0,0,0,0,463.54,3776.55,4176.92,2709.65,4671.99,2135.11,563.21,295,872.65,814.65,302.5,132.5,650.39,2200.11,3636.15,7114.42,3589.41,0,0,0,0,0
BAGCOOL-MD-NAVY - FBA,BAGCOOL-MD-NAVY,FBA,0,0,0,0,0,0,0,0,0,0,0,0,0,0,0,0,0,0,3,3,1,0,1,2,0,2,0,4,3,12,0,0,0,0,0,0,0,0,0,0,0,0,0,0,0,0,0,0,0,0,0,0,0,0,136.23,137.49,49.99,0,49.99,99.98,0,99.98,0,174.96,134.97,524.38,0,0,0,0,0,0
BAGDRY-MD-IBZAGLW - B2B,BAGDRY-MD-IBZAGLW,B2B,0,0,0,0,0,0,0,0,0,0,0,0,0,0,0,0,0,0,0,0,0,0,0,0,0,5,4,0,2,6,4,0,0,0,0,0,0,0,0,0,0,0,0,0,0,0,0,0,0,0,0,0,0,0,0,0,0,0,0,0,0,91.66,71.28,0,39.86,97.63,75,0,0,0,0,0
BAGDRY-MD-IBZAGLW - DTC,BAGDRY-MD-IBZAGLW,DTC,0,0,0,0,0,0,0,0,0,0,0,0,0,0,0,0,0,0,0,0,0,0,0,0,0,4,22,23,35,57,33,0,0,0,0,0,0,0,0,0,0,0,0,0,0,0,0,0,0,0,0,0,0,0,0,0,0,0,0,0,0,152.91,806.86,807.93,1131.46,1947.08,1189.11,0,0,0,0,0
BAGDRY-MD-IBZAGLW - FBA,BAGDRY-MD-IBZAGLW,FBA,0,0,0,0,0,0,0,0,0,0,0,0,0,0,0,0,0,0,0,0,0,0,0,0,0,0,0,2,1,3,4,0,0,0,0,0,0,0,0,0,0,0,0,0,0,0,0,0,0,0,0,0,0,0,0,0,0,0,0,0,0,0,0,71.23,37.49,104.98,148.09,0,0,0,0,0
BAGDRY-MD-MIAMI - B2B,BAGDRY-MD-MIAMI,B2B,0,0,0,0,0,0,0,0,0,0,0,0,0,0,0,0,0,0,0,0,0,0,0,0,0,9,43,10,47,0,0,0,0,0,0,0,0,0,0,0,0,0,0,0,0,0,0,0,0,0,0,0,0,0,0,0,0,0,0,0,0,729.16,727.94,187.5,881.25,0,0,0,0,0,0,0
BAGDRY-MD-MIAMI - DTC,BAGDRY-MD-MIAMI,DTC,0,0,0,0,0,0,0,0,0,0,0,0,0,0,0,0,0,0,0,0,0,0,0,0,0,6,120,68,63,0,0,0,0,0,0,0,0,0,0,0,0,0,0,0,0,0,0,0,0,0,0,0,0,0,0,0,0,0,0,0,0,214.79,4301.91,2448.15,2249.58,0,0,0,0,0,0,0
BAGDRY-MD-MIAMI - FBA,BAGDRY-MD-MIAMI,FBA,0,0,0,0,0,0,0,0,0,0,0,0,0,0,0,0,0,0,0,0,0,0,0,0,0,1,4,10,9,1,0,0,0,0,0,0,0,0,0,0,0,0,0,0,0,0,0,0,0,0,0,0,0,0,0,0,0,0,0,0,0,40.83,149.96,352.42,314.93,33.74,0,0,0,0,0,0
BAGDRY-MD-NAVY - B2B,BAGDRY-MD-NAVY,B2B,0,0,0,0,0,0,0,0,0,0,0,0,0,0,0,23,40,9,13,12,0,1,0,0,4,40,38,5,37,19,24,0,0,0,0,0,0,0,0,0,0,0,0,0,0,0,0,0,0,0,0,378.17,671.47,149.94,218.19,199.92,0,0,0,0,71.25,728.36,654.78,93.75,512.26,337.5,450,0,0,0,0,0
BAGDRY-MD-NAVY - DTC,BAGDRY-MD-NAVY,DTC,0,0,0,0,0,0,0,0,0,0,0,0,0,0,0,34,35,70,37,28,10,6,73,40,23,18,55,70,90,86,70,0,0,0,0,0,0,0,0,0,0,0,0,0,0,0,0,0,0,0,0,993.84,949.29,2240.6,1045.39,774.9,316.95,199.61,1795.03,1110.12,671.41,629.41,1946.21,2410.47,2996.13,2966.56,2359.85,0,0,0,0,0
BAGDRY-MD-NAVY - FBA,BAGDRY-MD-NAVY,FBA,0,0,0,0,0,0,0,0,0,0,0,0,0,0,0,0,0,0,0,4,2,0,1,4,2,2,5,10,5,8,1,0,0,0,0,0,0,0,0,0,0,0,0,0,0,0,0,0,0,0,0,0,0,0,0,126.53,70.82,0,37.49,149.96,67.48,74.98,183.71,360.31,183.7,273.68,37.49,0,0,0,0,0
BAGDRY-MD-WAVYBBY - B2B,BAGDRY-MD-WAVYBBY,B2B,0,0,0,0,0,0,0,0,0,0,0,0,0,0,0,0,0,0,0,0,0,0,0,0,0,4,14,12,9,24,43,0,0,0,0,0,0,0,0,0,0,0,0,0,0,0,0,0,0,0,0,0,0,0,0,0,0,0,0,0,0,450,251.34,217.5,168.75,450,731.25,0,0,0,0,0
BAGDRY-MD-WAVYBBY - DTC,BAGDRY-MD-WAVYBBY,DTC,0,0,0,0,0,0,0,0,0,0,0,0,0,0,0,0,0,0,0,0,0,0,0,0,0,5,40,32,44,56,39,0,0,0,0,0,0,0,0,0,0,0,0,0,0,0,0,0,0,0,0,0,0,0,0,0,0,0,0,0,0,166.88,1391.47,1064.19,1495.38,1807.4,1379.48,0,0,0,0,0
BAGDRY-MD-WAVYBBY - FBA,BAGDRY-MD-WAVYBBY,FBA,0,0,0,0,0,0,0,0,0,0,0,0,0,0,0,0,0,0,0,0,0,0,0,0,0,0,1,2,5,5,1,0,0,0,0,0,0,0,0,0,0,0,0,0,0,0,0,0,0,0,0,0,0,0,0,0,0,0,0,0,0,0,37.49,56.24,172.45,181.83,35.62,0,0,0,0,0
BAGDRY-XS-HOTTROP - B2B,BAGDRY-XS-HOTTROP,B2B,0,0,0,0,0,0,0,0,0,0,0,0,0,0,0,0,0,0,0,0,0,0,0,0,0,16,26,20,48,43,27,0,0,0,0,0,0,0,0,0,0,0,0,0,0,0,0,0,0,0,0,0,0,0,0,0,0,0,0,0,0,133.28,219.86,166.6,399.84,349.86,224.91,0,0,0,0,0
BAGDRY-XS-HOTTROP - DTC,BAGDRY-XS-HOTTROP,DTC,0,0,0,0,0,0,0,0,0,0,0,0,0,0,0,0,0,0,0,0,0,0,0,0,0,66,141,170,268,333,205,0,0,0,0,0,0,0,0,0,0,0,0,0,0,0,0,0,0,0,0,0,0,0,0,0,0,0,0,0,0,1172.71,2351.21,2866.2,4494.29,5736.15,3502.69,0,0,0,0,0
BAGDRY-XS-HOTTROP - FBA,BAGDRY-XS-HOTTROP,FBA,0,0,0,0,0,0,0,0,0,0,0,0,0,0,0,0,0,0,0,0,0,0,0,0,0,4,42,50,79,130,7,0,0,0,0,0,0,0,0,0,0,0,0,0,0,0,0,0,0,0,0,0,0,0,0,0,0,0,0,0,0,66.64,704.13,775.89,1266.94,1911.8,124.04,0,0,0,0,0
BAGDRY-XS-MIAMI - B2B,BAGDRY-XS-MIAMI,B2B,0,0,0,0,0,0,0,0,0,0,0,0,0,0,0,0,0,0,0,0,0,0,0,0,0,15,72,76,97,271,0,0,0,0,0,0,0,0,0,0,0,0,0,0,0,0,0,0,0,0,0,0,0,0,0,0,0,0,0,0,0,457.32,589.51,599.09,808.01,2257.43,0,0,0,0,0,0
BAGDRY-XS-MIAMI - DTC,BAGDRY-XS-MIAMI,DTC,0,0,0,0,0,0,0,0,0,0,0,0,0,0,0,0,0,0,0,0,0,0,0,0,0,92,342,201,508,768,121,0,0,0,0,0,0,0,0,0,0,0,0,0,0,0,0,0,0,0,0,0,0,0,0,0,0,0,0,0,0,1621.9,5673.71,3416.29,8614.77,13039.41,2059.49,0,0,0,0,0
BAGDRY-XS-MIAMI - FBA,BAGDRY-XS-MIAMI,FBA,0,0,0,0,0,0,0,0,0,0,0,0,0,0,0,0,0,0,0,0,0,0,0,0,0,12,60,100,145,211,89,0,0,0,0,0,0,0,0,0,0,0,0,0,0,0,0,0,0,0,0,0,0,0,0,0,0,0,0,0,0,205.1,1011.91,1580.05,2321.73,3228.35,1465.35,0,0,0,0,0
BAGDRY-XS-NAVY - B2B,BAGDRY-XS-NAVY,B2B,0,0,0,0,0,0,0,0,0,0,0,0,0,0,8,73,47,53,26,0,4,4,12,0,12,31,76,134,238,227,123,0,0,0,0,0,0,0,0,0,0,0,0,0,0,0,0,0,0,0,61.88,543.8,355.29,422.7,197.84,0,30,34.78,104.27,0,93.92,573.23,621.59,1091.06,1979.86,1882.76,1006.29,0,0,0,0,0
BAGDRY-XS-NAVY - DTC,BAGDRY-XS-NAVY,DTC,0,0,0,0,0,0,0,0,0,0,0,0,0,0,68,618,246,198,140,0,31,62,198,167,99,296,232,195,388,643,331,0,0,0,0,0,0,0,0,0,0,0,0,0,0,0,0,0,0,0,1014.43,9509.5,3436.52,2877.9,2026.9,0,496.72,994.87,2824.63,2551.47,1615.96,5041.28,3940.08,3294.63,6544.63,11025.45,5777.78,0,0,0,0,0
BAGDRY-XS-NAVY - FBA,BAGDRY-XS-NAVY,FBA,0,0,0,0,0,0,0,0,0,0,0,0,0,0,0,0,0,0,25,0,3,6,10,13,22,64,68,85,105,251,66,0,0,0,0,0,0,0,0,0,0,0,0,0,0,0,0,0,0,0,0,0,0,0,461.16,0,57.57,115.14,186.72,246.63,386.35,1065.97,1123,1347.22,1693.92,3734.44,1037.72,0,0,0,0,0
BAGDRY-XS-WAVYBBY - B2B,BAGDRY-XS-WAVYBBY,B2B,0,0,0,0,0,0,0,0,0,0,0,0,0,0,0,0,0,0,0,0,0,0,0,0,0,16,44,44,107,166,115,0,0,0,0,0,0,0,0,0,0,0,0,0,0,0,0,0,0,0,0,0,0,0,0,0,0,0,0,0,0,384.57,364.34,364.53,891.31,1372.79,957.95,0,0,0,0,0
BAGDRY-XS-WAVYBBY - DTC,BAGDRY-XS-WAVYBBY,DTC,0,0,0,0,0,0,0,0,0,0,0,0,0,0,0,0,0,0,0,0,0,0,0,0,0,64,172,166,230,354,199,0,0,0,0,0,0,0,0,0,0,0,0,0,0,0,0,0,0,0,0,0,0,0,0,0,0,0,0,0,0,1123.23,2901.68,2795.15,3648.12,5977.83,3435.26,0,0,0,0,0
BAGDRY-XS-WAVYBBY - FBA,BAGDRY-XS-WAVYBBY,FBA,0,0,0,0,0,0,0,0,0,0,0,0,0,0,0,0,0,0,0,0,0,0,0,0,0,11,25,49,66,96,18,0,0,0,0,0,0,0,0,0,0,0,0,0,0,0,0,0,0,0,0,0,0,0,0,0,0,0,0,0,0,193.38,419.53,791.16,1055.86,1424.43,284.02,0,0,0,0,0
BAGDRY-XS-WYWH - B2B,BAGDRY-XS-WYWH,B2B,0,0,0,0,0,0,0,0,0,0,0,0,0,0,0,0,0,0,0,0,0,0,0,0,0,20,24,8,28,7,11,0,0,0,0,0,0,0,0,0,0,0,0,0,0,0,0,0,0,0,0,0,0,0,0,0,0,0,0,0,0,166.6,196.64,66.68,233.24,58.31,91.63,0,0,0,0,0
BAGDRY-XS-WYWH - DTC,BAGDRY-XS-WYWH,DTC,0,0,0,0,0,0,0,0,0,0,0,0,0,0,0,0,0,0,0,0,0,0,0,0,0,30,124,123,164,239,147,0,0,0,0,0,0,0,0,0,0,0,0,0,0,0,0,0,0,0,0,0,0,0,0,0,0,0,0,0,0,524.15,2112.45,2115.54,2806.47,4114.53,2561.64,0,0,0,0,0
BAGDRY-XS-WYWH - FBA,BAGDRY-XS-WYWH,FBA,0,0,0,0,0,0,0,0,0,0,0,0,0,0,0,0,0,0,0,0,0,0,0,0,0,1,17,36,54,102,20,0,0,0,0,0,0,0,0,0,0,0,0,0,0,0,0,0,0,0,0,0,0,0,0,0,0,0,0,0,0,16.66,283.21,587.78,864.04,1524.53,320.55,0,0,0,0,0
BAGF-CAB-MD-LTPNK - B2B,BAGF-CAB-MD-LTPNK,B2B,2,7,19,31,9,22,73,8,0,15,100,0,30,9,-161,27,15,35,218,0,43,10,0,0,6,6,62,98,0,13,70,0,0,0,0,0,12.67,45.96,107.99,139.99,62.24,147.89,475.16,50.41,0,73.11,625,0,-8.9,1192.2,4104.95,739.72,1809.36,743.48,1361,0,251.6,62.5,0,0,42.05,5129.36,414.75,703.71,0,90,525,0,0,0,0,0
BAGF-CAB-MD-LTPNK - DTC,BAGF-CAB-MD-LTPNK,DTC,80,69,94,135,149,127,191,205,73,23,153,16,92,120,128,137,17,0,69,0,66,62,188,141,63,27,44,42,106,154,89,0,0,0,0,0,873.49,692.76,953.3,1428.22,1692.38,1596.62,2474.96,2535.7,867.62,294.14,1757.38,215.66,1169.42,1276.29,1654.06,1648.72,187.66,0,810.45,0,821.31,836.86,2397.07,1889.68,940.96,364.76,623.47,623.71,1505.18,2225.08,1296.42,0,0,0,0,0
BAGF-CAB-MD-LTPNK - FBA,BAGF-CAB-MD-LTPNK,FBA,13,17,51,47,109,155,229,155,102,6,52,62,9,31,69,116,182,93,34,41,18,20,16,39,14,23,34,31,51,84,64,0,0,0,0,0,163.3,186.07,557.53,506.14,1242.33,1768.32,2397.05,1861.19,1196.19,76.63,568.46,720.68,131.82,391.62,786.73,1269.16,2113,1137.93,424.57,492.75,277.32,264.83,238.68,575.74,203.75,345.67,507.79,447.76,738.24,1189.68,944.4,0,0,0,0,0
BAGF-CAB-MD-NAVY - B2B,BAGF-CAB-MD-NAVY,B2B,5,20,131,73,21,60,96,46,33,135,25,18,37,28,-107,72,101,346,336,17,16,10,4,0,12,54,68,69,26,7,11,0,0,0,0,0,25.99,131.97,672.01,357.16,122.18,346.8,562.31,248.23,166.98,806.08,117.19,113.71,3.88,1317.69,4465.01,1233.28,3556.25,1439.99,1946.87,111.45,109.92,62.5,30,0,82.55,5006.75,443.27,489.96,195,45,81.03,0,0,0,0,0
BAGF-CAB-MD-NAVY - DTC,BAGF-CAB-MD-NAVY,DTC,155,205,244,272,383,419,805,611,255,126,373,55,64,201,224,275,456,502,435,514,159,71,328,248,84,88,90,102,203,265,191,0,0,0,0,0,1701.54,2335.64,2814.22,2958.56,4021.01,5526.02,10268.61,7841.75,3212.24,1594.44,4293.4,620.43,801.33,2051.01,2924.95,3578.6,5246.08,5457.66,5148.66,6403.52,1975.15,921.92,3760.68,3149.22,1252.14,1324.27,1325.6,1525.54,2266.79,3899.24,2869.92,0,0,0,0,0
BAGF-CAB-MD-NAVY - FBA,BAGF-CAB-MD-NAVY,FBA,46,90,160,105,229,375,641,221,196,28,98,181,22,71,133,180,96,70,81,174,145,106,89,105,116,95,146,192,288,313,24,0,0,0,0,0,559.37,1052.7,1755.59,1149.92,2650.64,4244.54,6725.57,2804.82,2327.68,425.14,1090.69,2121.68,299.36,859.27,1535.65,2045.79,1268.66,1036.5,980.44,2036.28,1691.79,1189.12,1019.71,1194.66,1325.24,1119.3,1694.57,2172.53,3358.63,3611,339.79,0,0,0,0,0
BAGF-DES-MD-BANARAM - B2B,BAGF-DES-MD-BANARAM,B2B,0,0,0,0,0,0,0,0,0,0,0,0,10,3,14,8,12,25,10,0,0,0,0,0,0,0,0,0,0,0,0,0,0,0,0,0,0,0,0,0,0,0,0,0,0,0,0,0,40.5,18.75,64.89,50.32,76.21,158.04,62.5,0,0,0,0,0,0,0,0,0,0,0,0,0,0,0,0,0
BAGF-DES-MD-BANARAM - DTC,BAGF-DES-MD-BANARAM,DTC,0,0,0,0,0,0,0,0,0,0,0,0,0,49,65,91,128,167,190,70,2,20,96,100,0,0,0,0,0,0,0,0,0,0,0,0,0,0,0,0,0,0,0,0,0,0,0,0,0,530.66,820.55,1040.72,1497.51,1818.47,2097.3,807.96,24.93,238.93,939.14,783.03,0,0,0,0,0,0,0,0,0,0,0,0
BAGF-DES-MD-BANARAM - FBA,BAGF-DES-MD-BANARAM,FBA,0,0,0,0,0,0,0,0,0,0,0,0,0,15,44,48,88,80,130,92,4,3,6,0,0,0,0,0,0,0,0,0,0,0,0,0,0,0,0,0,0,0,0,0,0,0,0,0,0,187.35,547.41,583.27,1109.31,1017.57,1477.99,1122.61,48,39.7,86.61,0,0,0,0,0,0,0,0,0,0,0,0,0
BAGF-DES-MD-CHECKMT - B2B,BAGF-DES-MD-CHECKMT,B2B,0,0,0,0,0,0,0,0,0,0,0,0,14,4,26,27,16,15,27,16,0,0,0,0,0,0,0,0,0,0,0,0,0,0,0,0,0,0,0,0,0,0,0,0,0,0,0,0,51.85,649.38,100.87,320.57,1354.38,95.96,166.88,97.48,0,0,0,0,0,0,0,0,0,0,0,0,0,0,0,0
BAGF-DES-MD-CHECKMT - DTC,BAGF-DES-MD-CHECKMT,DTC,0,0,0,0,0,0,0,0,0,0,0,0,0,47,36,61,103,151,161,212,108,33,226,62,63,0,0,0,0,0,0,0,0,0,0,0,0,0,0,0,0,0,0,0,0,0,0,0,0,454.52,426.17,725.45,1137.23,1593.58,1829.23,2231.06,1149.3,368.48,2224.24,579.24,586.02,0,0,0,0,0,0,0,0,0,0,0
BAGF-DES-MD-CHECKMT - FBA,BAGF-DES-MD-CHECKMT,FBA,0,0,0,0,0,0,0,0,0,0,0,0,0,7,27,30,101,50,141,66,40,31,28,35,29,24,38,47,44,1,0,0,0,0,0,0,0,0,0,0,0,0,0,0,0,0,0,0,0,87.43,333.31,365.2,1247.16,604.93,1577.41,788.03,482.54,345.38,338.77,407.98,346.61,299.66,473.91,561.81,519.79,12,0,0,0,0,0,0
BAGF-DES-MD-GROOVCH - B2B,BAGF-DES-MD-GROOVCH,B2B,0,0,0,0,0,0,0,0,0,0,0,0,12,4,38,25,13,19,0,22,0,0,0,0,0,0,0,0,0,0,0,0,0,0,0,0,0,0,0,0,0,0,0,0,0,0,0,0,40.33,649.38,165.32,311.97,1022.5,121.05,0,139.5,0,0,0,0,0,0,0,0,0,0,0,0,0,0,0,0
BAGF-DES-MD-GROOVCH - DTC,BAGF-DES-MD-GROOVCH,DTC,0,0,0,0,0,0,0,0,0,0,0,0,0,53,97,116,156,189,165,268,173,39,61,84,20,0,0,0,0,0,0,0,0,0,0,0,0,0,0,0,0,0,0,0,0,0,0,0,0,514.38,1232.66,1426.82,1808.31,2139.54,1968.32,2994.7,1882.44,450.87,708.36,824.73,183.34,0,0,0,0,0,0,0,0,0,0,0
BAGF-DES-MD-GROOVCH - FBA,BAGF-DES-MD-GROOVCH,FBA,0,0,0,0,0,0,0,0,0,0,0,0,0,9,41,68,67,105,75,89,103,73,45,58,1,0,0,0,0,0,0,0,0,0,0,0,0,0,0,0,0,0,0,0,0,0,0,0,0,112.84,509.51,819.38,885.76,1315.43,964.22,1077.29,1250.44,847.11,536.83,714.09,12,0,0,0,0,0,0,0,0,0,0,0
BAGF-DES-MD-IBZAGLW - B2B,BAGF-DES-MD-IBZAGLW,B2B,0,0,0,0,0,0,0,0,0,0,0,0,0,0,0,0,0,0,0,0,0,0,0,0,0,0,13,14,6,535,0,0,0,0,0,0,0,0,0,0,0,0,0,0,0,0,0,0,0,0,0,0,0,0,0,0,0,0,0,0,0,1875,70,106.81,45,4020.26,0,0,0,0,0,0
BAGF-DES-MD-IBZAGLW - DTC,BAGF-DES-MD-IBZAGLW,DTC,0,0,0,0,0,0,0,0,0,0,0,0,0,0,0,0,0,0,0,0,0,0,0,0,0,0,30,55,98,115,82,0,0,0,0,0,0,0,0,0,0,0,0,0,0,0,0,0,0,0,0,0,0,0,0,0,0,0,0,0,0,0,462,826.33,1419.86,1703.89,1257.68,0,0,0,0,0
BAGF-DES-MD-IBZAGLW - FBA,BAGF-DES-MD-IBZAGLW,FBA,0,0,0,0,0,0,0,0,0,0,0,0,0,0,0,0,0,0,0,0,0,0,0,0,0,0,9,22,39,74,9,0,0,0,0,0,0,0,0,0,0,0,0,0,0,0,0,0,0,0,0,0,0,0,0,0,0,0,0,0,0,0,134.09,326.33,561.82,1030.5,130.41,0,0,0,0,0
BAGF-DES-MD-SPRCLUB - B2B,BAGF-DES-MD-SPRCLUB,B2B,0,0,0,0,0,0,0,0,0,0,0,0,0,0,0,0,0,0,0,0,0,0,0,0,0,0,40,68,0,13,0,0,0,0,0,0,0,0,0,0,0,0,0,0,0,0,0,0,0,0,0,0,0,0,0,0,0,0,0,0,0,0,285,486.75,0,90,0,0,0,0,0,0
BAGF-DES-MD-SPRCLUB - DTC,BAGF-DES-MD-SPRCLUB,DTC,0,0,0,0,0,0,0,0,0,0,0,0,0,0,0,0,0,0,0,0,0,0,0,0,0,0,13,46,85,86,49,0,0,0,0,0,0,0,0,0,0,0,0,0,0,0,0,0,0,0,0,0,0,0,0,0,0,0,0,0,0,0,198.66,648.57,1217.49,1211.11,718.29,0,0,0,0,0
BAGF-DES-MD-SPRCLUB - FBA,BAGF-DES-MD-SPRCLUB,FBA,0,0,0,0,0,0,0,0,0,0,0,0,0,0,0,0,0,0,0,0,0,0,0,0,0,0,2,11,19,32,17,0,0,0,0,0,0,0,0,0,0,0,0,0,0,0,0,0,0,0,0,0,0,0,0,0,0,0,0,0,0,0,29.98,162.19,284.47,435.43,249.58,0,0,0,0,0
BAGF-DES-MD-STRIPLIFE - B2B,BAGF-DES-MD-STRIPLIFE,B2B,0,0,0,0,0,0,0,0,0,0,0,0,17,24,-149,58,28,30,45,0,22,0,21,0,0,0,0,0,0,0,0,0,0,0,0,0,0,0,0,0,0,0,0,0,0,0,0,0,63.85,1294.36,2026.81,1533.61,3034.4,140.35,243.8,0,115.2,0,102.9,0,0,0,0,0,0,0,0,0,0,0,0,0
BAGF-DES-MD-STRIPLIFE - DTC,BAGF-DES-MD-STRIPLIFE,DTC,0,0,0,0,0,0,0,0,0,0,0,0,0,136,228,100,127,0,220,554,395,89,62,277,50,0,0,0,0,0,0,0,0,0,0,0,0,0,0,0,0,0,0,0,0,0,0,0,0,1335.08,2914.3,1326.4,1567.62,0,2696.16,6114.83,4422.34,1045.87,716.14,2860.87,497.51,0,0,0,0,0,0,0,0,0,0,0
BAGF-DES-MD-STRIPLIFE - FBA,BAGF-DES-MD-STRIPLIFE,FBA,0,0,0,0,0,0,0,0,0,0,0,0,0,32,86,92,8,0,75,158,111,104,54,40,83,66,1,0,0,0,0,0,0,0,0,0,0,0,0,0,0,0,0,0,0,0,0,0,0,401.35,1057.86,1131.32,114.34,0,935.18,1935.4,1344.71,1172.46,639.39,500.28,1004.42,829.89,12.49,0,0,0,0,0,0,0,0,0
BAGF-DES-MD-WAVYBBY - B2B,BAGF-DES-MD-WAVYBBY,B2B,0,0,0,0,0,0,0,0,0,0,0,0,0,0,0,0,0,0,0,0,0,0,0,0,0,0,49,30,6,16,0,0,0,0,0,0,0,0,0,0,0,0,0,0,0,0,0,0,0,0,0,0,0,0,0,0,0,0,0,0,0,0,334.09,225,45,126.2,0,0,0,0,0,0
BAGF-DES-MD-WAVYBBY - DTC,BAGF-DES-MD-WAVYBBY,DTC,0,0,0,0,0,0,0,0,0,0,0,0,0,0,0,0,0,0,0,0,0,0,0,0,0,0,75,96,160,207,173,0,0,0,0,0,0,0,0,0,0,0,0,0,0,0,0,0,0,0,0,0,0,0,0,0,0,0,0,0,0,0,1126.26,1422.96,2225.8,3131.07,2570.1,0,0,0,0,0
BAGF-DES-MD-WAVYBBY - FBA,BAGF-DES-MD-WAVYBBY,FBA,0,0,0,0,0,0,0,0,0,0,0,0,0,0,0,0,0,0,0,0,0,0,0,0,0,0,15,44,75,88,16,0,0,0,0,0,0,0,0,0,0,0,0,0,0,0,0,0,0,0,0,0,0,0,0,0,0,0,0,0,0,0,235.03,641.1,1077.2,1232.14,239.09,0,0,0,0,0
BAGF-DES-MD-WTRSUG - B2B,BAGF-DES-MD-WTRSUG,B2B,0,0,0,0,0,0,0,0,0,0,0,0,0,0,0,0,0,0,0,0,0,0,0,0,0,0,22,4,6,6,3,0,0,0,0,0,0,0,0,0,0,0,0,0,0,0,0,0,0,0,0,0,0,0,0,0,0,0,0,0,0,0,160,30,45,45,22.5,0,0,0,0,0
BAGF-DES-MD-WTRSUG - DTC,BAGF-DES-MD-WTRSUG,DTC,0,0,0,0,0,0,0,0,0,0,0,0,0,0,0,0,0,0,0,0,0,0,0,0,0,0,22,34,52,61,47,0,0,0,0,0,0,0,0,0,0,0,0,0,0,0,0,0,0,0,0,0,0,0,0,0,0,0,0,0,0,0,324.73,502.54,745.01,865.99,721.18,0,0,0,0,0
BAGF-DES-MD-WTRSUG - FBA,BAGF-DES-MD-WTRSUG,FBA,0,0,0,0,0,0,0,0,0,0,0,0,0,0,0,0,0,0,0,0,0,0,0,0,0,0,6,21,31,48,16,0,0,0,0,0,0,0,0,0,0,0,0,0,0,0,0,0,0,0,0,0,0,0,0,0,0,0,0,0,0,0,85.44,302.68,446.79,673.08,234.28,0,0,0,0,0
BAGF-DES-MD-WYWH - B2B,BAGF-DES-MD-WYWH,B2B,0,0,0,0,0,0,0,0,0,0,0,0,0,0,0,0,0,0,0,0,0,0,0,0,0,0,0,0,6,0,0,0,0,0,0,0,0,0,0,0,0,0,0,0,0,0,0,0,0,0,0,0,0,0,0,0,0,0,0,0,0,0,0,0,45,0,0,0,0,0,0,0
BAGF-DES-MD-WYWH - DTC,BAGF-DES-MD-WYWH,DTC,0,0,0,0,0,0,0,0,0,0,0,0,0,0,0,0,0,0,0,0,0,0,0,0,0,0,47,47,76,103,85,0,0,0,0,0,0,0,0,0,0,0,0,0,0,0,0,0,0,0,0,0,0,0,0,0,0,0,0,0,0,0,655.29,696.74,1086.41,1541.21,1311.28,0,0,0,0,0
BAGF-DES-MD-WYWH - FBA,BAGF-DES-MD-WYWH,FBA,0,0,0,0,0,0,0,0,0,0,0,0,0,0,0,0,0,0,0,0,0,0,0,0,0,0,9,28,40,70,15,0,0,0,0,0,0,0,0,0,0,0,0,0,0,0,0,0,0,0,0,0,0,0,0,0,0,0,0,0,0,0,137.5,399.47,576.94,992.5,216.6,0,0,0,0,0
BAGF-KID-MD-SQUIG - DTC,BAGF-KID-MD-SQUIG,DTC,16,11,33,24,0,0,1,0,0,0,0,0,0,0,0,0,0,0,0,0,0,0,0,0,0,0,0,0,0,0,0,0,0,0,0,0,9.6,84.59,329.09,248.82,0,0,11.25,0,0,0,0,0,0,0,0,0,0,0,0,0,0,0,0,0,0,0,0,0,0,0,0,0,0,0,0,0
BAGF-KID-MD-SQUIG - FBA,BAGF-KID-MD-SQUIG,FBA,1,6,6,1,0,0,0,0,0,0,0,0,0,0,0,0,0,0,0,0,0,0,0,0,0,0,0,0,0,0,0,0,0,0,0,0,15.82,94.92,90.24,13.48,0,0,0,0,0,0,0,0,0,0,0,0,0,0,0,0,0,0,0,0,0,0,0,0,0,0,0,0,0,0,0,0
BAGF-MD-5SETA - DTC,BAGF-MD-5SETA,DTC,11,3,2,1,0,0,1,0,0,0,0,0,0,0,0,0,0,0,0,0,0,0,0,0,0,0,0,0,0,0,0,0,0,0,0,0,600,171,120,72,0,0,-5.63,0,0,0,0,0,0,0,0,0,0,0,0,0,0,0,0,0,0,0,0,0,0,0,0,0,0,0,0,0
BAGF-MD-MARINDRM - B2B,BAGF-MD-MARINDRM,B2B,0,233,313,19,9,408,217,500,0,3,400,1,0,3,9,4,2,29,0,0,0,0,0,0,0,0,0,0,0,0,0,0,0,0,0,0,0,1437.49,1918.42,74.01,59.6,2494.48,1306.39,3000,0,18.59,2287.52,0,0,4023.81,54.67,25,11.24,154.47,0,0,0,0,0,0,0,0,0,0,0,0,0,0,0,0,0,0
BAGF-MD-MARINDRM - DTC,BAGF-MD-MARINDRM,DTC,0,34,91,115,181,112,97,0,63,176,271,770,35,18,167,133,268,165,2,0,2,0,1,0,0,0,0,0,0,0,0,0,0,0,0,0,0,483.8,1247.34,1554.02,2291.5,1364.07,1119.57,0,632.83,1832.92,2765.59,6147.46,239.36,189.64,1807.01,1378.02,2946.53,1787.35,9.36,0,28.46,0,10.44,0,0,0,0,0,0,0,0,0,0,0,0,0
BAGF-MD-MARINDRM - FBA,BAGF-MD-MARINDRM,FBA,0,0,4,17,92,17,8,0,6,40,79,43,2,2,42,79,56,80,2,0,0,2,2,0,0,0,0,0,0,0,0,0,0,0,0,0,0,0,67.29,225.46,1223.27,275.39,130.47,0,84.96,511.2,790.25,455.42,19.98,26.64,414.59,841.91,805.35,1020.98,14.78,0,0,30.66,30.66,0,0,0,0,0,0,0,0,0,0,0,0,0
BAGF-MD-TERATROP - B2B,BAGF-MD-TERATROP,B2B,0,36,12,23,13,12,29,11,0,0,0,0,0,0,7,7,0,2,1,0,0,0,0,0,0,0,0,0,0,0,0,0,0,0,0,0,0,237.5,79.95,85.98,86.94,79.92,185.77,71.67,0,0,0,0,0,0,42.56,39.84,0,13.32,6.66,0,0,0,0,0,0,0,0,0,0,0,0,0,0,0,0,0
BAGF-MD-TERATROP - DTC,BAGF-MD-TERATROP,DTC,0,38,99,116,141,100,213,274,13,14,33,0,5,17,272,299,5,0,0,0,0,0,0,0,0,0,0,0,0,0,0,0,0,0,0,0,0,510.12,1313.18,1547.17,1825.77,1240.8,2638.87,2923.04,132.12,143.13,332.26,0,42.06,185.15,2889.08,3048.39,46.45,0,0,0,0,0,0,0,0,0,0,0,0,0,0,0,0,0,0,0
BAGF-MD-TERATROP - FBA,BAGF-MD-TERATROP,FBA,0,0,6,26,84,88,179,70,8,11,125,14,0,2,209,159,43,0,0,0,0,0,0,0,0,0,0,0,0,0,0,0,0,0,0,0,0,0,99.28,350.69,1107.63,1195.44,2180.15,953.46,90.76,112.22,1202.78,119.87,0,26.64,2089.52,1599.98,430.23,0,0,0,0,0,0,0,0,0,0,0,0,0,0,0,0,0,0,0
BAGF-SGW-MD-GETWAV - B2B,BAGF-SGW-MD-GETWAV,B2B,3,29,25,48,13,43,75,14,3,6,1,2,0,0,0,0,0,0,0,0,0,0,0,0,0,0,0,0,0,0,0,0,0,0,0,0,19.2,193.84,101.17,211.78,86.94,284,489.4,91.77,19.98,38.6,6.17,12.33,0,0,0,0,0,0,0,0,0,0,0,0,0,0,0,0,0,0,0,0,0,0,0,0
BAGF-SGW-MD-GETWAV - DTC,BAGF-SGW-MD-GETWAV,DTC,184,191,272,359,313,285,451,725,408,260,480,343,16,1,0,0,0,38,0,0,0,0,1,0,0,0,0,0,0,0,0,0,0,0,0,0,2274.93,2118.84,2891.93,3900.54,3717.8,3917.3,5782.01,7897.13,4203.04,2747.77,5065.56,3811.01,201.99,13.33,0,0,0,418.26,0,0,0,0,10.44,0,0,0,0,0,0,0,0,0,0,0,0,0
BAGF-SGW-MD-GETWAV - FBA,BAGF-SGW-MD-GETWAV,FBA,86,123,130,36,309,497,561,122,116,50,41,19,1,0,0,0,0,18,0,0,0,0,0,0,0,0,0,0,0,0,0,0,0,0,0,0,1009.59,1381.36,1525.09,443.59,3611.58,5689.15,6233.08,1773.15,1378.23,658.96,544.84,238.48,14.16,0,0,0,0,214.62,0,0,0,0,0,0,0,0,0,0,0,0,0,0,0,0,0,0
BAGF-SUM-MD-COLAGN - B2B,BAGF-SUM-MD-COLAGN,B2B,0,0,0,0,0,0,0,0,0,0,0,0,0,0,0,0,0,0,0,0,0,0,0,0,0,400,438,358,113,479,108,0,0,0,0,0,0,0,0,0,0,0,0,0,0,0,0,0,0,0,0,0,0,0,0,0,0,0,0,0,0,26965.01,2972.5,2251.82,782.03,3592.5,747.78,0,0,0,0,0
BAGF-SUM-MD-COLAGN - DTC,BAGF-SUM-MD-COLAGN,DTC,0,0,0,0,0,0,0,0,0,0,0,0,0,0,0,0,0,0,0,0,0,0,0,0,0,0,97,54,219,202,164,0,0,0,0,0,0,0,0,0,0,0,0,0,0,0,0,0,0,0,0,0,0,0,0,0,0,0,0,0,0,0,1439.98,789.7,3039.64,3007.17,2430.37,0,0,0,0,0
BAGF-SUM-MD-COLAGN - FBA,BAGF-SUM-MD-COLAGN,FBA,0,0,0,0,0,0,0,0,0,0,0,0,0,0,0,0,0,0,0,0,0,0,0,0,1,0,14,31,76,129,49,0,0,0,0,0,0,0,0,0,0,0,0,0,0,0,0,0,0,0,0,0,0,0,0,0,0,0,0,0,13.49,0,247.23,461.74,1106.06,1791.98,718.65,0,0,0,0,0
BAGF-SUM-MD-CSTCANDY - B2B,BAGF-SUM-MD-CSTCANDY,B2B,0,0,0,0,0,0,0,0,0,0,0,0,24,25,112,58,65,58,21,37,18,16,4,0,30,657,42,339,241,613,116,0,0,0,0,0,0,0,0,0,0,0,0,0,0,0,0,0,100.95,1408.43,2135.32,547.69,2260.9,365.78,121.16,183.44,112.5,105,30,0,208.83,34530.26,243.62,1995.02,1668.56,4391.55,806.25,0,0,0,0,0
BAGF-SUM-MD-CSTCANDY - DTC,BAGF-SUM-MD-CSTCANDY,DTC,0,0,0,0,0,0,0,0,0,0,0,0,0,270,334,452,604,237,353,545,209,94,212,44,163,127,226,166,282,524,383,0,0,0,0,0,0,0,0,0,0,0,0,0,0,0,0,0,0,2681.86,4126.9,5295.54,7046.43,2671.12,4132.16,6432.92,2822.13,1294.58,2612.2,607.03,2335.91,1838.28,3355.43,2442.71,4071.03,7808.03,5697.18,0,0,0,0,0
BAGF-SUM-MD-CSTCANDY - FBA,BAGF-SUM-MD-CSTCANDY,FBA,0,0,0,0,0,0,0,0,0,0,0,0,0,13,148,123,292,133,65,268,70,76,28,61,92,182,151,186,274,324,37,0,0,0,0,0,0,0,0,0,0,0,0,0,0,0,0,0,0,185.71,1835.9,1538.35,3661.34,1671.49,832.06,3268.42,1023.21,962.07,419.21,895.7,1188.14,2292.89,2002.58,2422.1,4038.47,4797.61,627.38,0,0,0,0,0
BAGF-SUM-MD-MIAMI - B2B,BAGF-SUM-MD-MIAMI,B2B,0,0,0,0,0,0,0,0,0,0,0,0,0,0,0,0,0,0,0,0,0,0,0,0,0,6,82,62,23,546,573,0,0,0,0,0,0,0,0,0,0,0,0,0,0,0,0,0,0,0,0,0,0,0,0,0,0,0,0,0,0,3093.6,550.82,420.31,170.78,4095,4293,0,0,0,0,0
BAGF-SUM-MD-MIAMI - DTC,BAGF-SUM-MD-MIAMI,DTC,0,0,0,0,0,0,0,0,0,0,0,0,0,0,0,0,0,0,0,0,0,0,0,0,0,0,151,139,218,366,250,0,0,0,0,0,0,0,0,0,0,0,0,0,0,0,0,0,0,0,0,0,0,0,0,0,0,0,0,0,0,0,2209.83,1876.3,3133.49,5288.6,3743.34,0,0,0,0,0
BAGF-SUM-MD-MIAMI - FBA,BAGF-SUM-MD-MIAMI,FBA,0,0,0,0,0,0,0,0,0,0,0,0,0,0,0,0,0,0,0,0,0,0,0,0,1,0,9,90,118,150,13,0,0,0,0,0,0,0,0,0,0,0,0,0,0,0,0,0,0,0,0,0,0,0,0,0,0,0,0,0,13.49,0,151.03,1308.32,1742.7,2205.94,233.25,0,0,0,0,0
BAGF-SUM-MD-UNICN - B2B,BAGF-SUM-MD-UNICN,B2B,7,22,122,134,24,42,34,44,56,117,25,18,34,29,41,57,52,125,26,85,6,4,0,0,6,58,50,90,1,0,0,0,0,0,0,0,45.19,144.2,607.7,751.93,142.87,226.92,218.51,228.64,277.92,707.49,117.19,113.72,17.56,146.19,1168.22,432.91,622.86,377.56,153.19,420.63,39.96,30,0,0,42.05,3350.88,360,645,5.77,0,0,0,0,0,0,0
BAGF-SUM-MD-UNICN - DTC,BAGF-SUM-MD-UNICN,DTC,126,137,148,171,225,166,292,313,146,103,226,256,244,133,168,220,324,387,453,321,92,49,280,147,57,70,61,55,102,128,143,0,0,0,0,0,1380.88,1630.11,1683.16,1902.91,2508.5,2119.93,3816.71,3915.87,1788.25,1283.6,2544.04,3066.54,2924.43,1480.89,2165.82,2764.36,3843.86,4362.59,5303.12,3909.62,1094.97,665.57,3097.03,1792.83,849.88,924.53,949.73,826.47,1461.82,1906.06,2046.63,0,0,0,0,0
BAGF-SUM-MD-UNICN - FBA,BAGF-SUM-MD-UNICN,FBA,55,95,138,106,200,344,494,198,112,103,71,152,109,42,122,184,333,280,392,217,26,20,14,20,18,19,44,57,81,264,19,0,0,0,0,0,651.83,1071.8,1498.65,1143.23,2249.75,3880.69,5065.51,2416.69,1368.84,1231.73,792.47,1760.08,1329.83,519.03,1405.51,2085.36,3891.4,3456.54,4851.25,2638.39,382.24,256.06,208.36,287.8,263.82,284.57,648.48,803.46,1169.45,2943.76,296.63,0,0,0,0,0
BAGTOI-MD-CHRYBMB - B2B,BAGTOI-MD-CHRYBMB,B2B,0,0,0,0,0,0,0,0,0,0,0,0,0,0,0,0,0,0,0,0,25,28,36,0,0,81,7,80,198,106,0,0,0,0,0,0,0,0,0,0,0,0,0,0,0,0,0,0,0,0,0,0,0,0,0,0,207.9,274.22,829.44,0,0,1490.27,60.97,762,1840.41,1103.46,0,0,0,0,0,0
BAGTOI-MD-CHRYBMB - DTC,BAGTOI-MD-CHRYBMB,DTC,0,0,0,0,0,0,0,0,0,0,0,0,0,0,0,0,0,0,0,0,17,71,232,140,0,13,39,5,39,79,57,0,0,0,0,0,0,0,0,0,0,0,0,0,0,0,0,0,0,0,0,0,0,0,0,0,325.57,1377.97,3903.25,2402.78,0,235.99,726.57,97.7,693.68,1551.28,1112.06,0,0,0,0,0
BAGTOI-MD-CHRYBMB - FBA,BAGTOI-MD-CHRYBMB,FBA,0,0,0,0,0,0,0,0,0,0,0,0,0,0,0,0,0,0,0,0,1,9,12,25,1,2,12,11,17,31,3,0,0,0,0,0,0,0,0,0,0,0,0,0,0,0,0,0,0,0,0,0,0,0,0,0,23.38,181.21,236.39,516.56,15.62,36.45,247.33,216.59,337.41,566.48,62.49,0,0,0,0,0
BAGTOI-MD-NAVY - B2B,BAGTOI-MD-NAVY,B2B,0,0,0,14,19,37,21,41,0,5,27,13,1,4,0,28,18,6,0,0,0,6,12,0,12,12,12,0,0,7,6,0,0,0,0,0,0,0,0,119.08,174.54,327.3,186.34,377.31,0,49.68,250.01,121.75,18.33,40.34,0,476.6,166.65,56.26,0,0,0,54.96,124.92,0,114.76,124.92,124.92,0,0,62.46,62.46,0,0,0,0,0
BAGTOI-MD-NAVY - DTC,BAGTOI-MD-NAVY,DTC,0,0,0,11,89,47,70,103,57,7,115,75,7,0,21,46,74,30,0,0,18,27,107,91,24,20,26,23,53,66,40,0,0,0,0,0,0,0,0,170.48,1568.48,766.99,1157.67,1587.9,930.31,130.36,1856.67,1195.85,121.65,0,387.36,835.43,1199.07,493.09,0,0,361.89,524.34,1774.99,1588.86,469,366.8,537.53,463.53,1010.57,1322.16,761.1,0,0,0,0,0
BAGTOI-MD-NAVY - FBA,BAGTOI-MD-NAVY,FBA,0,0,0,0,0,1,1,2,1,0,0,0,0,0,1,2,4,3,0,0,0,2,2,8,3,4,4,7,3,3,3,0,0,0,0,0,0,0,0,0,0,22.82,19.84,52.33,24.84,0,0,0,0,0,26.66,53.32,75.22,55.51,0,0,0,46.76,43.97,185.6,70.14,92.26,97.63,135.42,66.96,59.74,65.02,0,0,0,0,0
BAGTOI-MD-PEPPNCH - B2B,BAGTOI-MD-PEPPNCH,B2B,0,0,0,0,0,0,0,0,0,0,0,0,0,0,0,0,0,0,0,0,25,28,30,12,12,1,0,6,68,91,0,0,0,0,0,0,0,0,0,0,0,0,0,0,0,0,0,0,0,0,0,0,0,0,0,0,207.9,274.22,766.98,128.52,119.84,-0.44,0,67.5,557.9,936.9,0,0,0,0,0,0
BAGTOI-MD-PEPPNCH - DTC,BAGTOI-MD-PEPPNCH,DTC,0,0,0,0,0,0,0,0,0,0,0,0,0,0,0,0,0,0,0,0,5,14,89,61,21,10,17,26,20,33,20,0,0,0,0,0,0,0,0,0,0,0,0,0,0,0,0,0,0,0,0,0,0,0,0,0,85.83,256.92,1563.06,1160.82,354.21,202.46,352.48,522.75,390.03,621.46,405.13,0,0,0,0,0
BAGTOI-MD-PEPPNCH - FBA,BAGTOI-MD-PEPPNCH,FBA,0,0,0,0,0,0,0,0,0,0,0,0,0,0,0,0,0,0,0,0,0,2,2,13,4,4,5,5,7,9,1,0,0,0,0,0,0,0,0,0,0,0,0,0,0,0,0,0,0,0,0,0,0,0,0,0,0,35.4,41.66,269.77,83.32,82.97,103.8,91.63,141.65,176.69,20.83,0,0,0,0,0
BAGTOI-MD-PINK - B2B,BAGTOI-MD-PINK,B2B,0,0,0,11,17,24,23,43,0,11,14,10,1,0,6,31,10,10,6,0,0,0,0,0,24,6,6,6,0,6,6,0,0,0,0,0,0,0,0,91.6,155.26,218.14,211.01,396.2,0,108.93,128.24,91.6,18.33,0,57.26,510.5,93.37,92.37,50.56,0,0,0,0,0,236.04,62.46,62.46,67.49,0,62.46,62.46,0,0,0,0,0
BAGTOI-MD-PINK - DTC,BAGTOI-MD-PINK,DTC,0,0,0,2,82,44,68,73,36,17,105,34,9,0,20,54,74,81,52,0,0,1,63,100,127,30,27,24,25,49,34,0,0,0,0,0,0,0,0,16.5,1473.04,756.34,1149.86,1124.61,604.63,280.7,1704.93,548.99,179.25,0,382.47,986.79,1180.31,1389.68,852.49,0,0,20.83,1124.35,1543.79,1751.07,569.31,557.03,494.98,483.12,928.94,699.86,0,0,0,0,0
BAGTOI-MD-PINK - FBA,BAGTOI-MD-PINK,FBA,0,0,0,0,0,0,3,0,0,0,2,0,0,0,1,0,4,7,3,0,0,0,2,3,1,1,1,5,2,1,1,0,0,0,0,0,0,0,0,0,0,0,72.44,0,0,0,49.63,0,0,0,26.66,0,75.22,135.12,59.48,0,0,0,46.76,70.14,23.38,23.38,23.38,102.99,45.17,25.86,23.38,0,0,0,0,0
BALLAST-CAB-NAVY - B2B,BALLAST-CAB-NAVY,B2B,0,0,0,0,0,0,0,0,0,0,0,0,0,0,2,17,16,7,12,6,6,0,0,0,0,9,26,6,21,212,12,0,0,0,0,0,0,0,0,0,0,0,0,0,0,0,0,0,0,0,26.66,226.93,211.95,95.56,162.3,79.98,79.98,0,0,0,0,1120.17,334.7,87.48,291.61,3087.47,166.28,0,0,0,0,0
BALLAST-CAB-NAVY - DTC,BALLAST-CAB-NAVY,DTC,0,0,0,0,0,0,0,0,0,0,0,0,0,0,44,239,286,98,181,46,112,41,107,81,73,28,92,85,234,275,188,0,0,0,0,0,0,0,0,0,0,0,0,0,0,0,0,0,0,0,1120.91,5890.26,6733.89,2433.72,4215.82,1114.96,3027.16,1060.39,2596.25,1886.75,1600.71,749.63,2467.9,2231.62,5984.44,7422.13,5076.36,0,0,0,0,0
BALLAST-CAB-NAVY - FBA,BALLAST-CAB-NAVY,FBA,0,0,0,0,0,0,0,0,0,0,0,0,0,0,0,0,0,0,0,0,0,5,13,5,2,9,15,23,34,42,14,0,0,0,0,0,0,0,0,0,0,0,0,0,0,0,0,0,0,0,0,0,0,0,0,0,0,136.82,335.33,143.45,55.4,262.44,420.31,596.3,882.58,1148.85,367.68,0,0,0,0,0
BALLAST-DES-GRECSH - B2B,BALLAST-DES-GRECSH,B2B,0,0,0,0,0,0,0,0,0,0,0,0,0,0,0,0,0,0,0,0,0,0,0,0,0,16,0,12,0,7,18,0,0,0,0,0,0,0,0,0,0,0,0,0,0,0,0,0,0,0,0,0,0,0,0,0,0,0,0,0,0,233.28,0,166.21,0,83.11,262.5,0,0,0,0,0
BALLAST-DES-GRECSH - DTC,BALLAST-DES-GRECSH,DTC,0,0,0,0,0,0,0,0,0,0,0,0,0,0,0,0,0,0,0,0,0,0,0,0,0,3,55,53,185,185,102,0,0,0,0,0,0,0,0,0,0,0,0,0,0,0,0,0,0,0,0,0,0,0,0,0,0,0,0,0,0,80.21,1566.53,1452.37,4785.19,5081.45,2769.7,0,0,0,0,0
BALLAST-DES-GRECSH - FBA,BALLAST-DES-GRECSH,FBA,0,0,0,0,0,0,0,0,0,0,0,0,0,0,0,0,0,0,0,0,0,0,0,0,0,0,0,0,0,11,6,0,0,0,0,0,0,0,0,0,0,0,0,0,0,0,0,0,0,0,0,0,0,0,0,0,0,0,0,0,0,0,0,0,0,303.26,158.92,0,0,0,0,0
BALLAST-SUM-CSTCANDY - B2B,BALLAST-SUM-CSTCANDY,B2B,0,0,0,0,0,0,0,0,0,0,0,0,0,0,0,0,0,0,0,0,0,0,0,0,0,8,12,12,12,406,12,0,0,0,0,0,0,0,0,0,0,0,0,0,0,0,0,0,0,0,0,0,0,0,0,0,0,0,0,0,0,2156.59,163.14,174.96,174.96,5919.48,175.02,0,0,0,0,0
BALLAST-SUM-CSTCANDY - DTC,BALLAST-SUM-CSTCANDY,DTC,0,0,0,0,0,0,0,0,0,0,0,0,0,0,0,0,0,0,0,0,0,0,0,0,0,12,66,111,280,301,206,0,0,0,0,0,0,0,0,0,0,0,0,0,0,0,0,0,0,0,0,0,0,0,0,0,0,0,0,0,0,345.02,1846.18,3006.84,7268.46,8029.25,5625.59,0,0,0,0,0
BALLAST-SUM-CSTCANDY - FBA,BALLAST-SUM-CSTCANDY,FBA,0,0,0,0,0,0,0,0,0,0,0,0,0,0,0,0,0,0,0,0,0,0,0,0,0,0,0,0,0,26,6,0,0,0,0,0,0,0,0,0,0,0,0,0,0,0,0,0,0,0,0,0,0,0,0,0,0,0,0,0,0,0,0,0,0,745.71,157.46,0,0,0,0,0
BALLAST-SUM-MIAMI - B2B,BALLAST-SUM-MIAMI,B2B,0,0,0,0,0,0,0,0,0,0,0,0,0,0,2,17,16,4,15,6,6,6,0,0,0,8,23,6,21,37,271,0,0,0,0,0,0,0,0,0,0,0,0,0,0,0,0,0,0,0,26.66,226.93,212.84,53.32,202.29,79.98,79.98,91.32,0,0,0,961.04,300.03,87.48,291.61,535.97,3942.44,0,0,0,0,0
BALLAST-SUM-MIAMI - DTC,BALLAST-SUM-MIAMI,DTC,0,0,0,0,0,0,0,0,0,0,0,0,0,0,49,261,319,52,188,31,117,42,115,47,38,31,84,53,173,234,154,0,0,0,0,0,0,0,0,0,0,0,0,0,0,0,0,0,0,0,1272.09,6586.09,7690.51,1279.58,4577.14,710.22,3185.55,1116.15,2707.97,1185.03,1026.62,833.46,2318.51,1419.34,4496.29,6343.27,4189.81,0,0,0,0,0
BALLAST-SUM-MIAMI - FBA,BALLAST-SUM-MIAMI,FBA,0,0,0,0,0,0,0,0,0,0,0,0,0,0,0,0,0,0,0,0,0,8,11,8,5,7,21,27,41,51,5,0,0,0,0,0,0,0,0,0,0,0,0,0,0,0,0,0,0,0,0,0,0,0,0,0,0,221.38,285.75,225.99,147.04,204.12,607.99,717.33,1104.84,1421.4,131.22,0,0,0,0,0
BOTTL-CAB-LTBLU - DTC,BOTTL-CAB-LTBLU,DTC,0,0,3,0,0,0,0,0,0,0,0,0,0,0,0,0,0,0,0,0,0,0,0,0,0,0,0,0,0,0,0,0,0,0,0,0,0,0,52.72,0,0,0,0,0,0,0,0,0,0,0,0,0,0,0,0,0,0,0,0,0,0,0,0,0,0,0,0,0,0,0,0,0
BOTTL-CAB-LTGRE - DTC,BOTTL-CAB-LTGRE,DTC,2,0,3,2,0,0,0,0,0,0,0,0,0,0,0,0,0,0,0,0,0,0,0,0,0,0,0,0,0,0,0,0,0,0,0,0,25.87,0,50.27,34.66,0,0,0,0,0,0,0,0,0,0,0,0,0,0,0,0,0,0,0,0,0,0,0,0,0,0,0,0,0,0,0,0
BOTTL-CAB-LTPNK - DTC,BOTTL-CAB-LTPNK,DTC,0,1,2,0,0,0,0,0,0,0,0,0,0,0,0,0,0,0,0,0,0,0,0,0,0,0,0,0,0,0,0,0,0,0,0,0,0,0,32,0,0,0,0,0,0,0,0,0,0,0,0,0,0,0,0,0,0,0,0,0,0,0,0,0,0,0,0,0,0,0,0,0
BOTTL-CAB-NAVY - DTC,BOTTL-CAB-NAVY,DTC,0,0,2,0,0,0,0,0,0,0,0,0,0,0,0,0,0,0,0,0,0,0,0,0,0,0,0,0,0,0,0,0,0,0,0,0,0,0,31.2,0,0,0,0,0,0,0,0,0,0,0,0,0,0,0,0,0,0,0,0,0,0,0,0,0,0,0,0,0,0,0,0,0
BOTTL-SUM-UNICN - DTC,BOTTL-SUM-UNICN,DTC,0,2,1,0,0,0,0,0,0,0,0,0,0,0,0,0,0,0,0,0,0,0,0,0,0,0,0,0,0,0,0,0,0,0,0,0,0,38,17.33,0,0,0,0,0,0,0,0,0,0,0,0,0,0,0,0,0,0,0,0,0,0,0,0,0,0,0,0,0,0,0,0,0
BUNDLE-BABIATOR-MD-NAVY-TOWLB-CAB-MD-NAVY - DTC,BUNDLE-BABIATOR-MD-NAVY-TOWLB-CAB-MD-NAVY,DTC,0,0,0,1,0,0,0,0,0,0,0,0,0,0,0,0,0,0,0,0,0,0,0,0,0,0,0,0,0,0,0,0,0,0,0,0,0,0,0,38.25,0,0,0,0,0,0,0,0,0,0,0,0,0,0,0,0,0,0,0,0,0,0,0,0,0,0,0,0,0,0,0,0
BUNDLE-BAGF-TOWLB-CAB-LTPNK - DTC,BUNDLE-BAGF-TOWLB-CAB-LTPNK,DTC,2,8,16,12,5,2,1,3,1,0,1,1,5,2,5,5,0,0,3,0,2,0,2,1,0,0,0,0,0,0,0,0,0,0,0,0,63.2,242.02,488.46,384.2,158.17,0,0,33.34,0,0,0,0,0,0,0,-6.66,0,0,0,0,0,0,0,0,0,0,0,0,0,0,0,0,0,0,0,0
BUNDLE-BAGF-TOWLB-CAB-NAVY - DTC,BUNDLE-BAGF-TOWLB-CAB-NAVY,DTC,6,16,18,23,20,6,7,6,4,0,3,0,0,1,6,13,7,6,6,15,4,0,1,0,0,1,0,0,0,0,0,0,0,0,0,0,184.5,471.06,556.48,692.05,594.34,0,-6.66,0,0,0,31.24,0,0,0,0,-6.66,0,33.33,0,0,0,0,0,0,0,40,0,0,0,0,0,0,0,0,0,0
BUNDLE-BAGF-TOWLB-KID-SQUIG - DTC,BUNDLE-BAGF-TOWLB-KID-SQUIG,DTC,4,0,0,0,0,0,0,0,0,0,0,0,0,0,0,0,0,0,0,0,0,0,0,0,0,0,0,0,0,0,0,0,0,0,0,0,141.65,0,0,0,0,0,0,0,0,0,0,0,0,0,0,0,0,0,0,0,0,0,0,0,0,0,0,0,0,0,0,0,0,0,0,0
BUNDLE-BAGF-TOWLB-SGW-GETWAV - DTC,BUNDLE-BAGF-TOWLB-SGW-GETWAV,DTC,7,25,38,48,15,3,13,2,0,0,0,0,0,0,0,0,0,0,0,0,0,0,0,0,0,0,0,0,0,0,0,0,0,0,0,0,228.09,822.39,1292.63,1500.25,489.2,0,-14.42,0,0,0,0,0,0,0,0,0,0,0,0,0,0,0,0,0,0,0,0,0,0,0,0,0,0,0,0,0
BUNDLE-BAGF-TOWLB-SUM-UNICN - DTC,BUNDLE-BAGF-TOWLB-SUM-UNICN,DTC,4,8,13,13,17,1,3,2,2,2,3,6,1,6,1,6,9,5,13,17,8,0,0,1,0,0,0,0,0,0,0,0,0,0,0,0,130.57,257.49,412.97,393.94,524.71,-6.09,-3.58,-3.58,0,-7.16,0,0,0,0,0,-7.16,0,0,32,60.67,0,0,0,0,0,0,0,0,0,0,0,0,0,0,0,0
BUNDLE-BEACH-KIT-PICNIC-CAB-LG-LTBGE-SETA - DTC,BUNDLE-BEACH-KIT-PICNIC-CAB-LG-LTBGE-SETA,DTC,0,0,0,0,0,1,0,0,0,0,0,0,0,0,0,0,0,0,0,0,0,0,0,0,0,0,0,0,0,0,0,0,0,0,0,0,0,0,0,0,0,0,0,0,0,0,0,0,0,0,0,0,0,0,0,0,0,0,0,0,0,0,0,0,0,0,0,0,0,0,0,0
BUNDLE-BEACH-KIT-PICNIC-CAB-LG-LTBGE-SETB - DTC,BUNDLE-BEACH-KIT-PICNIC-CAB-LG-LTBGE-SETB,DTC,0,0,1,0,0,0,0,0,0,0,0,0,0,0,0,0,0,0,0,0,0,0,0,0,0,0,0,0,0,0,0,0,0,0,0,0,0,0,89.33,0,0,0,0,0,0,0,0,0,0,0,0,0,0,0,0,0,0,0,0,0,0,0,0,0,0,0,0,0,0,0,0,0
BUNDLE-BEACH-KIT-PICNIC-CAB-LG-NAVY-SETA - DTC,BUNDLE-BEACH-KIT-PICNIC-CAB-LG-NAVY-SETA,DTC,0,0,0,0,5,3,4,6,0,1,1,0,0,0,1,4,0,0,0,0,0,0,0,0,0,0,0,0,0,0,0,0,0,0,0,0,0,0,0,0,446.65,0,89.33,-8.93,0,-8.93,0,0,0,0,-9.19,-8.93,0,0,0,0,0,0,0,0,0,0,0,0,0,0,0,0,0,0,0,0
BUNDLE-BEACH-KIT-PICNIC-CAB-LG-NAVY-SETB - DTC,BUNDLE-BEACH-KIT-PICNIC-CAB-LG-NAVY-SETB,DTC,0,0,0,0,1,2,4,4,1,0,1,0,0,0,0,0,1,2,2,3,0,0,0,0,0,0,0,0,0,0,0,0,0,0,0,0,0,0,0,0,89.33,0,0,-8.93,0,0,0,0,0,0,0,0,0,0,-17.18,-8.31,0,0,0,0,0,0,0,0,0,0,0,0,0,0,0,0
BUNDLE-BEACH-KIT-PICNIC-CAB-LG-NAVY-SETC - DTC,BUNDLE-BEACH-KIT-PICNIC-CAB-LG-NAVY-SETC,DTC,1,0,1,0,5,2,0,2,0,1,1,0,0,0,2,0,0,0,2,5,0,0,0,0,0,0,0,0,0,0,0,0,0,0,0,0,89.33,0,89.33,0,334.99,-8.93,0,-8.93,0,-8.93,-8.93,0,0,0,0,0,0,0,0,-46.17,0,0,0,0,0,0,0,0,0,0,0,0,0,0,0,0
BUNDLE-BEACH-KIT-PICNIC-CAB-LG-NAVY-SETD - DTC,BUNDLE-BEACH-KIT-PICNIC-CAB-LG-NAVY-SETD,DTC,0,0,0,0,1,0,1,1,0,0,0,0,0,1,0,2,0,1,0,1,0,0,0,0,0,0,0,0,0,0,0,0,0,0,0,0,0,0,0,0,89.33,0,0,89.33,0,0,0,0,0,0,0,0,0,0,0,0,0,0,0,0,0,0,0,0,0,0,0,0,0,0,0,0
BUNDLE-BEACH-KIT-PICNIC-CAB-LG-NAVY-SETE - DTC,BUNDLE-BEACH-KIT-PICNIC-CAB-LG-NAVY-SETE,DTC,0,0,0,0,0,1,0,1,0,0,0,0,0,0,1,0,0,0,1,0,0,0,0,0,0,0,0,0,0,0,0,0,0,0,0,0,0,0,0,0,0,0,0,0,0,0,0,0,0,0,0,0,0,0,0,0,0,0,0,0,0,0,0,0,0,0,0,0,0,0,0,0
BUNDLE-BEACH-KIT-PICNIC-CAB-LG-NAVY-SETF - DTC,BUNDLE-BEACH-KIT-PICNIC-CAB-LG-NAVY-SETF,DTC,0,0,0,2,0,0,5,3,0,0,0,0,0,0,1,2,1,0,0,1,0,0,0,0,0,0,0,0,0,0,0,0,0,0,0,0,0,0,0,186.66,0,0,-32.44,-37.44,0,0,0,0,0,0,-9.27,0,-9.27,0,0,0,0,0,0,0,0,0,0,0,0,0,0,0,0,0,0,0
BUNDLE-BEACH-KIT-PICNIC-CAB-LG-NAVY-SETG - DTC,BUNDLE-BEACH-KIT-PICNIC-CAB-LG-NAVY-SETG,DTC,0,0,0,0,1,1,0,0,0,0,1,0,0,0,0,0,0,0,0,0,0,0,0,0,0,0,0,0,0,0,0,0,0,0,0,0,0,0,0,0,93.33,-17.6,0,0,0,0,0,0,0,0,0,0,0,0,0,0,0,0,0,0,0,0,0,0,0,0,0,0,0,0,0,0
BUNDLE-BEACH-KIT-PICNIC-CAB-XL-LTBGE-SETA - DTC,BUNDLE-BEACH-KIT-PICNIC-CAB-XL-LTBGE-SETA,DTC,0,0,0,0,0,1,0,0,0,0,0,0,0,0,0,0,0,0,0,0,0,0,0,0,0,0,0,0,0,0,0,0,0,0,0,0,0,0,0,0,0,0,0,0,0,0,0,0,0,0,0,0,0,0,0,0,0,0,0,0,0,0,0,0,0,0,0,0,0,0,0,0
BUNDLE-BEACH-KIT-PICNIC-CAB-XL-NAVY-SETA - DTC,BUNDLE-BEACH-KIT-PICNIC-CAB-XL-NAVY-SETA,DTC,0,1,0,1,3,1,3,3,1,0,1,0,0,0,0,2,0,0,0,0,0,0,0,0,0,0,0,0,0,0,0,0,0,0,0,0,0,96,0,96,288,0,0,0,0,0,0,0,0,0,0,0,0,0,0,0,0,0,0,0,0,0,0,0,0,0,0,0,0,0,0,0
BUNDLE-BEACH-KIT-PICNIC-CAB-XL-NAVY-SETB - DTC,BUNDLE-BEACH-KIT-PICNIC-CAB-XL-NAVY-SETB,DTC,0,0,0,0,0,0,0,0,0,0,0,0,0,0,0,1,0,0,0,1,0,0,0,0,0,0,0,0,0,0,0,0,0,0,0,0,0,0,0,0,0,0,0,0,0,0,0,0,0,0,0,0,0,0,0,0,0,0,0,0,0,0,0,0,0,0,0,0,0,0,0,0
BUNDLE-BEACH-KIT-PICNIC-CAB-XL-NAVY-SETC - DTC,BUNDLE-BEACH-KIT-PICNIC-CAB-XL-NAVY-SETC,DTC,0,0,0,0,4,5,0,2,0,0,0,0,0,0,0,1,0,0,2,4,1,0,1,0,0,0,0,0,0,0,0,0,0,0,0,0,0,0,0,0,374.4,-14.4,0,0,0,0,0,0,0,0,0,0,0,0,-8.93,-22.87,0,0,0,0,0,0,0,0,0,0,0,0,0,0,0,0
BUNDLE-BEACH-KIT-PICNIC-CAB-XL-NAVY-SETD - DTC,BUNDLE-BEACH-KIT-PICNIC-CAB-XL-NAVY-SETD,DTC,0,1,0,1,1,0,3,0,0,0,0,0,0,0,0,1,0,0,0,2,2,0,0,0,0,0,0,0,0,0,0,0,0,0,0,0,0,96,0,81.6,81.6,0,-9.6,0,0,0,0,0,0,0,0,0,0,0,0,-8.93,-19.86,0,0,0,0,0,0,0,0,0,0,0,0,0,0,0
BUNDLE-BEACH-KIT-PICNIC-CAB-XL-NAVY-SETE - DTC,BUNDLE-BEACH-KIT-PICNIC-CAB-XL-NAVY-SETE,DTC,0,0,0,0,0,0,1,1,0,0,0,1,0,0,0,1,0,0,0,0,0,0,0,0,0,0,0,0,0,0,0,0,0,0,0,0,0,0,0,0,0,0,0,0,0,0,0,0,0,0,0,95.33,0,0,0,0,0,0,0,0,0,0,0,0,0,0,0,0,0,0,0,0
BUNDLE-BEACH-KIT-PICNIC-CAB-XL-NAVY-SETF - DTC,BUNDLE-BEACH-KIT-PICNIC-CAB-XL-NAVY-SETF,DTC,0,0,0,0,0,0,5,2,1,0,0,1,1,0,1,1,1,0,1,2,0,0,0,0,0,0,0,0,0,0,0,0,0,0,0,0,0,0,0,0,0,0,-14.9,0,-9.93,0,0,-9.93,-9.93,0,-18.87,0,-19.87,0,0,-9.31,0,0,0,0,0,0,0,0,0,0,0,0,0,0,0,0
BUNDLE-BEACH-KIT-PICNIC-CAB-XL-NAVY-SETG - DTC,BUNDLE-BEACH-KIT-PICNIC-CAB-XL-NAVY-SETG,DTC,0,0,0,0,0,0,0,1,0,0,0,0,2,0,0,0,0,0,0,0,0,0,0,0,0,0,0,0,0,0,0,0,0,0,0,0,0,0,0,0,0,0,0,-14.9,0,0,0,0,0,0,0,0,0,0,0,0,0,0,0,0,0,0,0,0,0,0,0,0,0,0,0,0
BUNDLE-BEACH-KIT-PICNIC-GIN-LG-BLUE-SETA - DTC,BUNDLE-BEACH-KIT-PICNIC-GIN-LG-BLUE-SETA,DTC,0,0,0,0,0,0,1,0,1,0,0,0,0,0,0,0,0,0,0,0,0,0,0,0,0,0,0,0,0,0,0,0,0,0,0,0,0,0,0,0,0,0,0,0,0,0,0,0,0,0,0,0,0,0,0,0,0,0,0,0,0,0,0,0,0,0,0,0,0,0,0,0
BUNDLE-BEACH-KIT-PICNIC-GIN-LG-BLUE-SETB - DTC,BUNDLE-BEACH-KIT-PICNIC-GIN-LG-BLUE-SETB,DTC,0,0,0,0,0,0,1,0,0,0,0,0,0,0,0,0,0,0,0,0,0,0,0,0,0,0,0,0,0,0,0,0,0,0,0,0,0,0,0,0,0,0,0,0,0,0,0,0,0,0,0,0,0,0,0,0,0,0,0,0,0,0,0,0,0,0,0,0,0,0,0,0
BUNDLE-BEACH-KIT-PICNIC-GIN-LG-BLUE-SETC - DTC,BUNDLE-BEACH-KIT-PICNIC-GIN-LG-BLUE-SETC,DTC,0,0,0,1,0,0,0,0,0,0,0,0,1,0,0,0,0,0,0,0,0,0,0,0,0,0,0,0,0,0,0,0,0,0,0,0,0,0,0,89.33,0,0,0,0,0,0,0,0,0,0,0,0,0,0,0,0,0,0,0,0,0,0,0,0,0,0,0,0,0,0,0,0
BUNDLE-BEACH-KIT-PICNIC-GIN-LG-BLUE-SETD - DTC,BUNDLE-BEACH-KIT-PICNIC-GIN-LG-BLUE-SETD,DTC,0,0,0,0,1,0,0,0,0,0,0,0,0,0,0,0,0,0,0,0,0,0,0,0,0,0,0,0,0,0,0,0,0,0,0,0,0,0,0,0,93.33,0,0,0,0,0,0,0,0,0,0,0,0,0,0,0,0,0,0,0,0,0,0,0,0,0,0,0,0,0,0,0
BUNDLE-BEACH-KIT-PICNIC-GIN-LG-PINK-SETA - DTC,BUNDLE-BEACH-KIT-PICNIC-GIN-LG-PINK-SETA,DTC,0,0,0,1,1,0,3,0,0,0,0,0,0,0,0,0,0,0,0,0,0,0,0,0,0,0,0,0,0,0,0,0,0,0,0,0,0,0,0,89.33,89.33,0,-31.04,0,0,0,0,0,0,0,0,0,0,0,0,0,0,0,0,0,0,0,0,0,0,0,0,0,0,0,0,0
BUNDLE-BEACH-KIT-PICNIC-GIN-LG-PINK-SETB - DTC,BUNDLE-BEACH-KIT-PICNIC-GIN-LG-PINK-SETB,DTC,0,0,0,0,0,1,1,2,0,0,0,0,0,0,1,0,0,0,0,0,0,0,0,0,0,0,0,0,0,0,0,0,0,0,0,0,0,0,0,0,0,-8.87,0,0,0,0,0,0,0,0,-13.3,0,0,0,0,0,0,0,0,0,0,0,0,0,0,0,0,0,0,0,0,0
BUNDLE-BEACH-KIT-PICNIC-GIN-LG-PINK-SETC - DTC,BUNDLE-BEACH-KIT-PICNIC-GIN-LG-PINK-SETC,DTC,0,0,0,0,0,0,1,1,0,0,0,0,0,0,0,0,0,0,0,0,0,0,0,0,0,0,0,0,0,0,0,0,0,0,0,0,0,0,0,0,0,0,83.4,0,0,0,0,0,0,0,0,0,0,0,0,0,0,0,0,0,0,0,0,0,0,0,0,0,0,0,0,0
BUNDLE-BEACH-KIT-PICNIC-GIN-XL-BLUE-SETA - DTC,BUNDLE-BEACH-KIT-PICNIC-GIN-XL-BLUE-SETA,DTC,0,0,1,0,0,0,5,0,0,0,0,0,0,0,0,0,0,0,0,0,0,0,0,0,0,0,0,0,0,0,0,0,0,0,0,0,0,0,81.6,0,0,0,-43.47,0,0,0,0,0,0,0,0,0,0,0,0,0,0,0,0,0,0,0,0,0,0,0,0,0,0,0,0,0
BUNDLE-BEACH-KIT-PICNIC-GIN-XL-BLUE-SETB - DTC,BUNDLE-BEACH-KIT-PICNIC-GIN-XL-BLUE-SETB,DTC,0,1,0,0,0,0,0,0,0,0,0,0,0,0,0,0,0,0,0,0,0,0,0,0,0,0,0,0,0,0,0,0,0,0,0,0,0,86.4,0,0,0,0,0,0,0,0,0,0,0,0,0,0,0,0,0,0,0,0,0,0,0,0,0,0,0,0,0,0,0,0,0,0
BUNDLE-BEACH-KIT-PICNIC-GIN-XL-BLUE-SETC - DTC,BUNDLE-BEACH-KIT-PICNIC-GIN-XL-BLUE-SETC,DTC,0,0,1,0,0,0,0,0,0,0,0,0,0,0,0,1,0,0,0,0,0,0,0,0,0,0,0,0,0,0,0,0,0,0,0,0,0,0,96,0,0,0,0,0,0,0,0,0,0,0,0,-9.53,0,0,0,0,0,0,0,0,0,0,0,0,0,0,0,0,0,0,0,0
BUNDLE-BEACH-KIT-PICNIC-GIN-XL-BLUE-SETD - DTC,BUNDLE-BEACH-KIT-PICNIC-GIN-XL-BLUE-SETD,DTC,0,0,0,0,2,0,1,0,0,0,2,0,0,0,0,0,0,0,0,0,0,0,0,0,0,0,0,0,0,0,0,0,0,0,0,0,0,0,0,0,170,0,0,0,0,0,-39.73,0,0,0,0,0,0,0,0,0,0,0,0,0,0,0,0,0,0,0,0,0,0,0,0,0
BUNDLE-BEACH-KIT-PICNIC-GIN-XL-PINK-SETA - DTC,BUNDLE-BEACH-KIT-PICNIC-GIN-XL-PINK-SETA,DTC,0,0,0,0,0,0,0,0,0,0,0,0,0,0,1,0,0,0,0,0,0,0,0,0,0,0,0,0,0,0,0,0,0,0,0,0,0,0,0,0,0,0,0,0,0,0,0,0,0,0,0,0,0,0,0,0,0,0,0,0,0,0,0,0,0,0,0,0,0,0,0,0
BUNDLE-BEACH-KIT-PICNIC-GIN-XL-PINK-SETB - DTC,BUNDLE-BEACH-KIT-PICNIC-GIN-XL-PINK-SETB,DTC,0,0,0,1,0,0,0,2,0,0,0,0,0,0,0,0,0,0,0,0,0,0,0,0,0,0,0,0,0,0,0,0,0,0,0,0,0,0,0,96,0,0,0,-14.3,0,0,0,0,0,0,0,0,0,0,0,0,0,0,0,0,0,0,0,0,0,0,0,0,0,0,0,0
BUNDLE-BEACH-KIT-PICNIC-GIN-XL-PINK-SETC - DTC,BUNDLE-BEACH-KIT-PICNIC-GIN-XL-PINK-SETC,DTC,0,0,0,0,0,0,2,1,0,0,0,0,0,0,1,0,0,0,0,0,0,0,0,0,0,0,0,0,0,0,0,0,0,0,0,0,0,0,0,0,0,0,-10.17,-9.93,0,0,0,0,0,0,-9.93,0,0,0,0,0,0,0,0,0,0,0,0,0,0,0,0,0,0,0,0,0
BUNDLE-BEACH-KIT-PICNIC-SGW-LG-GETWAV-SETA - DTC,BUNDLE-BEACH-KIT-PICNIC-SGW-LG-GETWAV-SETA,DTC,0,0,0,0,8,13,8,0,0,0,0,0,0,0,0,0,0,0,0,0,0,0,0,0,0,0,0,0,0,0,0,0,0,0,0,0,0,0,0,0,662.65,-8.62,31.73,0,0,0,0,0,0,0,0,0,0,0,0,0,0,0,0,0,0,0,0,0,0,0,0,0,0,0,0,0
BUNDLE-BEACH-KIT-PICNIC-SGW-LG-GETWAV-SETB - DTC,BUNDLE-BEACH-KIT-PICNIC-SGW-LG-GETWAV-SETB,DTC,1,2,3,1,1,1,1,0,0,0,0,0,0,0,0,0,0,0,0,0,0,0,0,0,0,0,0,0,0,0,0,0,0,0,0,0,93.33,177.33,265.99,93.33,93.33,-13.9,0,0,0,0,0,0,0,0,0,0,0,0,0,0,0,0,0,0,0,0,0,0,0,0,0,0,0,0,0,0
BUNDLE-BEACH-KIT-PICNIC-SGW-LG-GETWAV-SETC - DTC,BUNDLE-BEACH-KIT-PICNIC-SGW-LG-GETWAV-SETC,DTC,0,1,3,2,2,2,2,0,0,0,0,0,0,0,0,0,0,0,0,0,0,0,0,0,0,0,0,0,0,0,0,0,0,0,0,0,0,89.33,254.59,169.73,178.66,0,-22.17,0,0,0,0,0,0,0,0,0,0,0,0,0,0,0,0,0,0,0,0,0,0,0,0,0,0,0,0,0
BUNDLE-BEACH-KIT-PICNIC-SGW-LG-GETWAV-SETD - DTC,BUNDLE-BEACH-KIT-PICNIC-SGW-LG-GETWAV-SETD,DTC,1,1,1,0,0,0,2,0,0,0,0,0,0,0,0,0,0,0,0,0,0,0,0,0,0,0,0,0,0,0,0,0,0,0,0,0,89.33,75.93,89.33,0,0,0,-22.17,0,0,0,0,0,0,0,0,0,0,0,0,0,0,0,0,0,0,0,0,0,0,0,0,0,0,0,0,0
BUNDLE-BEACH-KIT-PICNIC-SGW-XL-GETWAV-SETA - DTC,BUNDLE-BEACH-KIT-PICNIC-SGW-XL-GETWAV-SETA,DTC,0,0,0,1,1,7,1,0,0,0,0,0,0,0,0,0,0,0,0,0,0,0,0,0,0,0,0,0,0,0,0,0,0,0,0,0,0,0,0,90.01,100,0,-14.9,0,0,0,0,0,0,0,0,0,0,0,0,0,0,0,0,0,0,0,0,0,0,0,0,0,0,0,0,0
BUNDLE-BEACH-KIT-PICNIC-SGW-XL-GETWAV-SETB - DTC,BUNDLE-BEACH-KIT-PICNIC-SGW-XL-GETWAV-SETB,DTC,0,3,0,2,0,2,0,0,0,0,0,0,0,0,0,0,0,0,0,0,0,0,0,0,0,0,0,0,0,0,0,0,0,0,0,0,0,266,0,200,0,-14.9,0,0,0,0,0,0,0,0,0,0,0,0,0,0,0,0,0,0,0,0,0,0,0,0,0,0,0,0,0,0
BUNDLE-BEACH-KIT-PICNIC-SGW-XL-GETWAV-SETC - DTC,BUNDLE-BEACH-KIT-PICNIC-SGW-XL-GETWAV-SETC,DTC,0,1,4,14,0,0,0,0,0,0,0,0,0,0,0,0,0,0,0,0,0,0,0,0,0,0,0,0,0,0,0,0,0,0,0,0,0,96,369.6,1344,0,0,0,0,0,0,0,0,0,0,0,0,0,0,0,0,0,0,0,0,0,0,0,0,0,0,0,0,0,0,0,0
BUNDLE-BEACH-KIT-PICNIC-SGW-XL-GETWAV-SETD - DTC,BUNDLE-BEACH-KIT-PICNIC-SGW-XL-GETWAV-SETD,DTC,0,1,0,0,0,0,0,0,0,0,0,0,0,0,0,0,0,0,0,0,0,0,0,0,0,0,0,0,0,0,0,0,0,0,0,0,0,86.4,0,0,0,0,0,0,0,0,0,0,0,0,0,0,0,0,0,0,0,0,0,0,0,0,0,0,0,0,0,0,0,0,0,0
BUNDLE-BEACH-KIT-TOWLB-CAB-X2-LTPNK-LG-SETA - DTC,BUNDLE-BEACH-KIT-TOWLB-CAB-X2-LTPNK-LG-SETA,DTC,0,0,0,1,0,0,0,0,0,0,0,0,0,0,0,0,0,0,0,0,0,0,0,0,0,0,0,0,0,0,0,0,0,0,0,0,0,0,0,77.33,0,0,0,0,0,0,0,0,0,0,0,0,0,0,0,0,0,0,0,0,0,0,0,0,0,0,0,0,0,0,0,0
BUNDLE-BEACH-KIT-TOWLB-CAB-X2-LTPNK-LG-SETC - DTC,BUNDLE-BEACH-KIT-TOWLB-CAB-X2-LTPNK-LG-SETC,DTC,0,0,0,0,0,0,0,0,0,0,0,0,0,0,1,0,0,0,0,0,0,0,0,0,0,0,0,0,0,0,0,0,0,0,0,0,0,0,0,0,0,0,0,0,0,0,0,0,0,0,-7.67,0,0,0,0,0,0,0,0,0,0,0,0,0,0,0,0,0,0,0,0,0
BUNDLE-BEACH-KIT-TOWLB-CAB-X2-LTPNK-LG-SETE - DTC,BUNDLE-BEACH-KIT-TOWLB-CAB-X2-LTPNK-LG-SETE,DTC,0,0,0,1,0,0,0,0,0,0,0,0,0,0,0,0,0,0,0,0,0,0,0,0,0,0,0,0,0,0,0,0,0,0,0,0,0,0,0,65.73,0,0,0,0,0,0,0,0,0,0,0,0,0,0,0,0,0,0,0,0,0,0,0,0,0,0,0,0,0,0,0,0
BUNDLE-BEACH-KIT-TOWLB-CAB-X2-LTPNK-XL-SETC - DTC,BUNDLE-BEACH-KIT-TOWLB-CAB-X2-LTPNK-XL-SETC,DTC,0,0,0,0,0,0,0,1,0,0,0,0,0,0,1,0,0,0,0,0,0,0,0,0,0,0,0,0,0,0,0,0,0,0,0,0,0,0,0,0,0,0,0,0,0,0,0,0,0,0,0,0,0,0,0,0,0,0,0,0,0,0,0,0,0,0,0,0,0,0,0,0
BUNDLE-BEACH-KIT-TOWLB-CAB-X2-LTPNK-XL-SETE - DTC,BUNDLE-BEACH-KIT-TOWLB-CAB-X2-LTPNK-XL-SETE,DTC,0,0,0,0,0,0,1,0,0,0,0,0,1,0,0,0,0,0,0,0,0,0,0,0,0,0,0,0,0,0,0,0,0,0,0,0,0,0,0,0,0,0,0,0,0,0,0,0,0,0,0,0,0,0,0,0,0,0,0,0,0,0,0,0,0,0,0,0,0,0,0,0
BUNDLE-BEACH-KIT-TOWLB-CAB-X2-NAVY-LG-SETA - DTC,BUNDLE-BEACH-KIT-TOWLB-CAB-X2-NAVY-LG-SETA,DTC,0,0,1,0,2,0,1,0,0,0,0,0,0,0,0,0,1,1,2,1,0,0,0,0,0,0,0,0,0,0,0,0,0,0,0,0,0,0,69.6,0,143.06,0,0,0,0,0,0,0,0,0,0,0,0,0,0,0,0,0,0,0,0,0,0,0,0,0,0,0,0,0,0,0
BUNDLE-BEACH-KIT-TOWLB-CAB-X2-NAVY-LG-SETB - DTC,BUNDLE-BEACH-KIT-TOWLB-CAB-X2-NAVY-LG-SETB,DTC,0,0,0,0,0,1,1,0,0,0,0,0,0,0,0,0,0,0,0,1,0,0,0,0,0,0,0,0,0,0,0,0,0,0,0,0,0,0,0,0,0,0,0,0,0,0,0,0,0,0,0,0,0,0,0,0,0,0,0,0,0,0,0,0,0,0,0,0,0,0,0,0
BUNDLE-BEACH-KIT-TOWLB-CAB-X2-NAVY-LG-SETC - DTC,BUNDLE-BEACH-KIT-TOWLB-CAB-X2-NAVY-LG-SETC,DTC,0,0,0,0,0,0,1,1,0,0,0,0,0,1,0,0,0,0,0,0,0,0,0,0,0,0,0,0,0,0,0,0,0,0,0,0,0,0,0,0,0,0,-7.73,80.83,0,0,0,0,0,0,0,0,0,0,0,0,0,0,0,0,0,0,0,0,0,0,0,0,0,0,0,0
BUNDLE-BEACH-KIT-TOWLB-CAB-X2-NAVY-LG-SETD - DTC,BUNDLE-BEACH-KIT-TOWLB-CAB-X2-NAVY-LG-SETD,DTC,0,0,0,0,0,1,2,0,0,0,0,0,0,0,0,0,0,0,0,0,0,0,0,0,0,0,0,0,0,0,0,0,0,0,0,0,0,0,0,0,0,0,0,0,0,0,0,0,0,0,0,0,0,0,0,0,0,0,0,0,0,0,0,0,0,0,0,0,0,0,0,0
BUNDLE-BEACH-KIT-TOWLB-CAB-X2-NAVY-LG-SETE - DTC,BUNDLE-BEACH-KIT-TOWLB-CAB-X2-NAVY-LG-SETE,DTC,0,0,0,0,0,1,1,0,0,0,0,0,0,0,0,0,1,0,0,1,0,0,0,0,0,0,0,0,0,0,0,0,0,0,0,0,0,0,0,0,0,0,-7.67,0,0,0,0,0,0,0,0,0,0,0,0,0,0,0,0,0,0,0,0,0,0,0,0,0,0,0,0,0
BUNDLE-BEACH-KIT-TOWLB-CAB-X2-NAVY-LG-SETF - DTC,BUNDLE-BEACH-KIT-TOWLB-CAB-X2-NAVY-LG-SETF,DTC,0,0,0,0,0,0,0,1,0,0,0,0,0,0,1,1,1,0,0,0,0,0,0,0,0,0,0,0,0,0,0,0,0,0,0,0,0,0,0,0,0,0,0,0,0,0,0,0,0,0,0,-7.67,0,0,0,0,0,0,0,0,0,0,0,0,0,0,0,0,0,0,0,0
BUNDLE-BEACH-KIT-TOWLB-CAB-X2-NAVY-LG-SETG - DTC,BUNDLE-BEACH-KIT-TOWLB-CAB-X2-NAVY-LG-SETG,DTC,0,0,0,0,0,0,1,0,0,0,0,0,0,0,0,1,0,0,0,0,0,0,0,0,0,0,0,0,0,0,0,0,0,0,0,0,0,0,0,0,0,0,0,0,0,0,0,0,0,0,0,0,0,0,0,0,0,0,0,0,0,0,0,0,0,0,0,0,0,0,0,0
BUNDLE-BEACH-KIT-TOWLB-CAB-X2-NAVY-XL-SETA - DTC,BUNDLE-BEACH-KIT-TOWLB-CAB-X2-NAVY-XL-SETA,DTC,0,0,1,0,5,1,0,0,0,0,0,0,0,0,0,2,0,0,0,0,0,0,0,0,0,0,0,0,0,0,0,0,0,0,0,0,0,0,82.67,0,388.55,0,0,0,0,0,0,0,0,0,0,0,0,0,0,0,0,0,0,0,0,0,0,0,0,0,0,0,0,0,0,0
BUNDLE-BEACH-KIT-TOWLB-CAB-X2-NAVY-XL-SETC - DTC,BUNDLE-BEACH-KIT-TOWLB-CAB-X2-NAVY-XL-SETC,DTC,1,0,0,0,3,0,1,0,0,0,0,0,0,0,0,0,0,0,1,0,1,0,0,0,0,0,0,0,0,0,0,0,0,0,0,0,70.27,0,0,0,248.01,0,0,0,0,0,0,0,0,0,0,0,0,0,0,0,0,0,0,0,0,0,0,0,0,0,0,0,0,0,0,0
BUNDLE-BEACH-KIT-TOWLB-CAB-X2-NAVY-XL-SETD - DTC,BUNDLE-BEACH-KIT-TOWLB-CAB-X2-NAVY-XL-SETD,DTC,0,0,0,0,0,0,0,0,0,0,0,0,0,0,0,0,0,0,1,0,0,0,0,0,0,0,0,0,0,0,0,0,0,0,0,0,0,0,0,0,0,0,0,0,0,0,0,0,0,0,0,0,0,0,76.88,0,0,0,0,0,0,0,0,0,0,0,0,0,0,0,0,0
BUNDLE-BEACH-KIT-TOWLB-CAB-X2-NAVY-XL-SETE - DTC,BUNDLE-BEACH-KIT-TOWLB-CAB-X2-NAVY-XL-SETE,DTC,1,0,1,1,1,1,0,0,0,1,0,0,0,0,0,0,0,1,0,0,0,1,0,0,0,0,0,0,0,0,0,0,0,0,0,0,82.67,0,82.67,82.67,82.67,0,0,0,0,0,0,0,0,0,0,0,0,0,0,0,0,0,0,0,0,0,0,0,0,0,0,0,0,0,0,0
BUNDLE-BEACH-KIT-TOWLB-CAB-X2-NAVY-XL-SETF - DTC,BUNDLE-BEACH-KIT-TOWLB-CAB-X2-NAVY-XL-SETF,DTC,0,0,0,0,0,0,1,0,1,0,0,0,0,0,0,0,0,0,0,0,0,0,0,0,0,0,0,0,0,0,0,0,0,0,0,0,0,0,0,0,0,0,86.17,0,0,0,0,0,0,0,0,0,0,0,0,0,0,0,0,0,0,0,0,0,0,0,0,0,0,0,0,0
BUNDLE-BEACH-KIT-TOWLB-CAB-X2-NAVY-XL-SETG - DTC,BUNDLE-BEACH-KIT-TOWLB-CAB-X2-NAVY-XL-SETG,DTC,0,0,0,0,0,0,0,0,1,0,0,0,0,0,0,0,0,1,2,1,0,0,0,0,0,0,0,0,0,0,0,0,0,0,0,0,0,0,0,0,0,0,0,0,0,0,0,0,0,0,0,0,0,0,0,0,0,0,0,0,0,0,0,0,0,0,0,0,0,0,0,0
BUNDLE-BEACH-KIT-TOWLB-SUM-X2-UNICN-LG-SETA - DTC,BUNDLE-BEACH-KIT-TOWLB-SUM-X2-UNICN-LG-SETA,DTC,1,0,2,0,3,0,2,0,0,1,0,0,2,1,0,0,3,0,0,1,0,0,0,0,0,0,0,0,0,0,0,0,0,0,0,0,69.13,0,162.66,0,231.79,0,0,0,0,0,0,0,0,0,0,0,0,0,0,0,0,0,0,0,0,0,0,0,0,0,0,0,0,0,0,0
BUNDLE-BEACH-KIT-TOWLB-SUM-X2-UNICN-LG-SETC - DTC,BUNDLE-BEACH-KIT-TOWLB-SUM-X2-UNICN-LG-SETC,DTC,2,0,2,0,1,0,1,0,0,0,0,0,0,0,2,0,0,0,0,0,0,0,0,0,0,0,0,0,0,0,0,0,0,0,0,0,150.46,0,150.47,0,81.33,0,0,0,0,0,0,0,0,0,-8.07,0,0,0,0,0,0,0,0,0,0,0,0,0,0,0,0,0,0,0,0,0
BUNDLE-BEACH-KIT-TOWLB-SUM-X2-UNICN-LG-SETD - DTC,BUNDLE-BEACH-KIT-TOWLB-SUM-X2-UNICN-LG-SETD,DTC,0,0,0,0,1,0,0,0,0,0,0,0,0,0,2,0,0,0,0,0,0,0,0,0,0,0,0,0,0,0,0,0,0,0,0,0,0,0,0,0,81.33,0,0,0,0,0,0,0,0,0,-8.07,0,0,0,0,0,0,0,0,0,0,0,0,0,0,0,0,0,0,0,0,0
BUNDLE-BEACH-KIT-TOWLB-SUM-X2-UNICN-LG-SETE - DTC,BUNDLE-BEACH-KIT-TOWLB-SUM-X2-UNICN-LG-SETE,DTC,0,0,0,0,1,1,0,0,0,0,0,0,0,0,0,0,0,1,1,1,0,0,0,0,0,0,0,0,0,0,0,0,0,0,0,0,0,0,0,0,77.33,0,0,0,0,0,0,0,0,0,0,0,0,0,0,0,0,0,0,0,0,0,0,0,0,0,0,0,0,0,0,0
BUNDLE-BEACH-KIT-TOWLB-SUM-X2-UNICN-XL-SETA - DTC,BUNDLE-BEACH-KIT-TOWLB-SUM-X2-UNICN-XL-SETA,DTC,3,0,1,0,1,1,2,0,0,0,0,0,0,1,0,1,2,1,1,0,0,0,0,0,0,0,0,0,0,0,0,0,0,0,0,0,251.34,0,86.67,0,73.67,0,-9.27,0,0,0,0,0,0,0,0,0,0,0,78.19,0,0,0,0,0,0,0,0,0,0,0,0,0,0,0,0,0
BUNDLE-BEACH-KIT-TOWLB-SUM-X2-UNICN-XL-SETB - DTC,BUNDLE-BEACH-KIT-TOWLB-SUM-X2-UNICN-XL-SETB,DTC,1,1,0,1,1,0,0,0,0,0,0,0,0,0,2,0,0,0,0,0,0,0,0,0,0,0,0,0,0,0,0,0,0,0,0,0,86.67,86.67,0,86.67,86.67,0,0,0,0,0,0,0,0,0,-8.6,0,0,0,0,0,0,0,0,0,0,0,0,0,0,0,0,0,0,0,0,0
BUNDLE-BEACH-KIT-TOWLB-SUM-X2-UNICN-XL-SETC - DTC,BUNDLE-BEACH-KIT-TOWLB-SUM-X2-UNICN-XL-SETC,DTC,0,0,0,2,2,1,3,0,0,0,0,0,0,1,1,0,0,0,0,0,0,0,0,0,0,0,0,0,0,0,0,0,0,0,0,0,0,0,0,173.34,173.34,0,-8.67,0,0,0,0,0,0,0,-8.6,0,0,0,0,0,0,0,0,0,0,0,0,0,0,0,0,0,0,0,0,0
BUNDLE-BEACH-KIT-TOWLB-SUM-X2-UNICN-XL-SETD - DTC,BUNDLE-BEACH-KIT-TOWLB-SUM-X2-UNICN-XL-SETD,DTC,0,0,0,0,0,0,2,0,0,0,0,0,0,0,0,0,0,0,0,0,0,0,0,0,0,0,0,0,0,0,0,0,0,0,0,0,0,0,0,0,0,0,0,0,0,0,0,0,0,0,0,0,0,0,0,0,0,0,0,0,0,0,0,0,0,0,0,0,0,0,0,0
BUNDLE-BEACH-KIT-TOWLB-SUM-X2-UNICN-XL-SETE - DTC,BUNDLE-BEACH-KIT-TOWLB-SUM-X2-UNICN-XL-SETE,DTC,0,0,0,0,1,0,0,2,0,0,0,0,2,0,0,0,1,0,1,0,0,0,0,0,0,0,0,0,0,0,0,0,0,0,0,0,0,0,0,0,70.27,0,0,0,0,0,0,0,0,0,0,0,0,0,0,0,0,0,0,0,0,0,0,0,0,0,0,0,0,0,0,0
BUNDLE-BEAUTY-GIFT-MAKUP-HAIRW-CLA-LTBLU - DTC,BUNDLE-BEAUTY-GIFT-MAKUP-HAIRW-CLA-LTBLU,DTC,29,16,54,123,84,27,50,0,0,0,0,0,0,0,0,0,0,0,0,0,0,0,0,0,0,0,0,0,0,0,0,0,0,0,0,0,368.47,219.42,618.03,1068.21,718.48,317.4,578.54,0,0,0,0,0,0,0,0,0,0,0,0,0,0,0,0,0,0,0,0,0,0,0,0,0,0,0,0,0
BUNDLE-BEAUTY-GIFT-MAKUP-HAIRW-CLA-LTGRN - DTC,BUNDLE-BEAUTY-GIFT-MAKUP-HAIRW-CLA-LTGRN,DTC,31,13,60,113,90,31,70,129,29,0,34,0,0,0,0,0,0,0,0,0,0,0,0,0,0,0,0,0,0,0,0,0,0,0,0,0,391.2,178.66,625.75,929.03,784.63,359.29,789.78,1493.23,315.04,0,427.94,0,0,0,0,0,0,0,0,0,0,0,0,0,0,0,0,0,0,0,0,0,0,0,0,0
BUNDLE-BEAUTY-GIFT-MAKUP-HAIRW-CLA-LTPNK - B2B,BUNDLE-BEAUTY-GIFT-MAKUP-HAIRW-CLA-LTPNK,B2B,50,0,0,0,0,0,0,0,0,0,0,0,0,0,0,0,0,0,0,0,0,0,0,0,0,0,0,0,0,0,0,0,0,0,0,0,708.34,0,0,0,0,0,0,0,0,0,0,0,0,0,0,0,0,0,0,0,0,0,0,0,0,0,0,0,0,0,0,0,0,0,0,0
BUNDLE-BEAUTY-GIFT-MAKUP-HAIRW-CLA-LTPNK - DTC,BUNDLE-BEAUTY-GIFT-MAKUP-HAIRW-CLA-LTPNK,DTC,48,33,80,160,136,55,81,149,125,23,0,0,0,0,0,0,0,0,0,0,0,0,0,0,0,0,0,0,0,0,0,0,0,0,0,0,617.29,481.48,849.2,1369.19,1143.13,637.85,976.27,1701.17,1406.15,277.18,0,0,0,0,0,0,0,0,0,0,0,0,0,0,0,0,0,0,0,0,0,0,0,0,0,0
BUNDLE-COLLAB-CUBES-TOWLB-LG-LTPPL - DTC,BUNDLE-COLLAB-CUBES-TOWLB-LG-LTPPL,DTC,0,0,0,0,0,2,16,0,0,0,0,0,0,0,0,0,0,0,0,0,0,0,0,0,0,0,0,0,0,0,0,0,0,0,0,0,0,0,0,0,0,0,-7.5,0,0,0,0,0,0,0,0,0,0,0,0,0,0,0,0,0,0,0,0,0,0,0,0,0,0,0,0,0
BUNDLE-FITNESS-LG-CABCLIMB - DTC,BUNDLE-FITNESS-LG-CABCLIMB,DTC,0,0,0,0,0,0,0,0,0,0,0,0,0,0,0,0,0,0,0,0,1,0,0,0,1,1,0,0,0,0,0,0,0,0,0,0,0,0,0,0,0,0,0,0,0,0,0,0,0,0,0,0,0,0,0,0,0,0,0,0,0,0,0,0,0,0,0,0,0,0,0,0
BUNDLE-HAIRW-TOWLB-CAB-LTBLU - DTC,BUNDLE-HAIRW-TOWLB-CAB-LTBLU,DTC,0,3,3,3,1,0,0,0,0,0,2,0,0,0,0,0,0,0,0,0,0,0,0,0,0,0,0,0,0,0,0,0,0,0,0,0,0,93.66,92.16,94.17,33.33,0,0,0,0,0,0,0,0,0,0,0,0,0,0,0,0,0,0,0,0,0,0,0,0,0,0,0,0,0,0,0
BUNDLE-HAIRW-TOWLB-CAB-LTGRY - DTC,BUNDLE-HAIRW-TOWLB-CAB-LTGRY,DTC,1,2,0,1,2,0,0,0,0,0,0,0,1,0,0,0,0,0,0,0,0,0,0,0,0,0,0,0,0,0,0,0,0,0,0,0,31.67,54.3,0,34.17,58.83,0,0,0,0,0,0,0,0,0,0,0,0,0,0,0,0,0,0,0,0,0,0,0,0,0,0,0,0,0,0,0
BUNDLE-HAIRW-TOWLB-CAB-LTPNK - DTC,BUNDLE-HAIRW-TOWLB-CAB-LTPNK,DTC,6,11,16,13,14,4,8,5,6,5,6,0,1,0,0,0,1,0,0,0,0,0,0,0,0,0,0,0,0,0,0,0,0,0,0,0,174.74,335.82,471.37,395.98,440.09,0,-3.08,-3.08,-9.24,-6.16,0,0,0,0,0,0,0,0,0,0,0,0,0,0,0,0,0,0,0,0,0,0,0,0,0,0
BUNDLE-HAIRW-TOWLB-CAB-LTPPL - DTC,BUNDLE-HAIRW-TOWLB-CAB-LTPPL,DTC,0,4,5,6,10,3,5,3,5,4,0,0,0,0,0,1,0,0,0,0,0,0,0,0,0,0,0,0,0,0,0,0,0,0,0,0,0,118.14,153.66,185.49,239.58,0,-6.16,-3.08,-6.16,35,0,0,0,0,0,33.33,0,0,0,0,0,0,0,0,0,0,0,0,0,0,0,0,0,0,0,0
BUNDLE-HAIRW-TOWLB-CAB-NAVY - DTC,BUNDLE-HAIRW-TOWLB-CAB-NAVY,DTC,1,5,2,3,2,0,0,3,3,0,0,0,0,0,0,0,0,0,0,0,0,0,0,0,0,0,0,0,0,0,0,0,0,0,0,0,31.67,153.59,67.5,85.83,67.5,0,0,-3.08,-6.17,0,0,0,0,0,0,0,0,0,0,0,0,0,0,0,0,0,0,0,0,0,0,0,0,0,0,0
BUNDLE-HAIRW-TOWLB-FLO-PALM - DTC,BUNDLE-HAIRW-TOWLB-FLO-PALM,DTC,0,0,0,0,2,1,0,0,0,0,0,0,0,0,0,0,0,0,0,0,0,0,0,0,0,0,0,0,0,0,0,0,0,0,0,0,0,0,0,0,68.91,0,0,0,0,0,0,0,0,0,0,0,0,0,0,0,0,0,0,0,0,0,0,0,0,0,0,0,0,0,0,0
BUNDLE-HAIRW-TOWLB-SUM-RAINB - DTC,BUNDLE-HAIRW-TOWLB-SUM-RAINB,DTC,0,0,1,1,1,2,1,0,0,1,1,0,0,0,0,0,0,0,0,0,0,0,0,0,0,0,0,0,0,0,0,0,0,0,0,0,0,0,35.58,32.25,30.75,0,0,0,0,0,0,0,0,0,0,0,0,0,0,0,0,0,0,0,0,0,0,0,0,0,0,0,0,0,0,0
BUNDLE-HAIRW-TOWLB-SUM-UNICN - DTC,BUNDLE-HAIRW-TOWLB-SUM-UNICN,DTC,2,4,6,2,0,0,0,2,0,0,0,0,0,0,0,0,0,0,0,0,0,0,0,0,0,0,0,0,0,0,0,0,0,0,0,0,59.66,128.94,183.82,67.83,0,0,0,-3.33,0,0,0,0,0,0,0,0,0,0,0,0,0,0,0,0,0,0,0,0,0,0,0,0,0,0,0,0
BUNDLE-HAIRW-TOWLH-HID-BLUE - DTC,BUNDLE-HAIRW-TOWLH-HID-BLUE,DTC,3,0,2,0,0,0,0,0,0,0,0,0,0,0,0,0,0,0,0,0,0,0,0,0,0,0,0,0,0,0,0,0,0,0,0,0,90.33,0,65,0,0,0,0,0,0,0,0,0,0,0,0,0,0,0,0,0,0,0,0,0,0,0,0,0,0,0,0,0,0,0,0,0
BUNDLE-HAIRW-TOWLH-HID-GREEN - DTC,BUNDLE-HAIRW-TOWLH-HID-GREEN,DTC,0,0,1,0,0,0,0,0,0,0,0,0,0,0,0,0,0,0,0,0,0,0,0,0,0,0,0,0,0,0,0,0,0,0,0,0,0,0,33.33,0,0,0,0,0,0,0,0,0,0,0,0,0,0,0,0,0,0,0,0,0,0,0,0,0,0,0,0,0,0,0,0,0
BUNDLE-HAIRW-TOWLH-HID-PINK - DTC,BUNDLE-HAIRW-TOWLH-HID-PINK,DTC,2,4,1,0,1,0,0,1,0,0,0,0,0,0,0,0,0,0,0,0,0,0,0,0,0,0,0,0,0,0,0,0,0,0,0,0,58.33,136.66,30,0,33.33,0,0,-3,0,0,0,0,0,0,0,0,0,0,0,0,0,0,0,0,0,0,0,0,0,0,0,0,0,0,0,0
BUNDLE-PAIRS-LG-LTPNK - DTC,BUNDLE-PAIRS-LG-LTPNK,DTC,0,0,0,0,0,0,0,0,0,0,0,0,0,0,0,1,2,0,1,1,0,0,6,27,21,18,10,0,0,0,0,0,0,0,0,0,0,0,0,0,0,0,0,0,0,0,0,0,0,0,0,-3.33,0,0,0,0,0,0,0,34,30.67,30.67,0,0,0,0,0,0,0,0,0,0
BUNDLE-PAIRS-LG-MIAMI - DTC,BUNDLE-PAIRS-LG-MIAMI,DTC,0,0,0,0,0,0,0,0,0,0,0,0,0,0,0,0,0,2,1,0,0,0,5,1,1,1,1,0,0,0,0,0,0,0,0,0,0,0,0,0,0,0,0,0,0,0,0,0,0,0,0,0,0,0,0,0,0,0,0,0,40.83,0,0,0,0,0,0,0,0,0,0,0
BUNDLE-PAIRS-LG-NAVY - DTC,BUNDLE-PAIRS-LG-NAVY,DTC,0,0,0,0,0,0,0,0,0,0,0,0,0,0,0,0,1,0,1,0,0,0,4,0,1,12,10,0,0,0,0,0,0,0,0,0,0,0,0,0,0,0,0,0,0,0,0,0,0,0,0,0,0,0,0,0,0,0,0,0,0,34,0,0,0,0,0,0,0,0,0,0
BUNDLE-PICNIC-CAB-LTBGE-TOWLB-CAB-A-LG - DTC,BUNDLE-PICNIC-CAB-LTBGE-TOWLB-CAB-A-LG,DTC,0,0,0,0,0,0,0,0,1,0,0,0,0,0,0,0,0,0,0,0,0,0,0,0,0,0,0,0,0,0,0,0,0,0,0,0,0,0,0,0,0,0,0,0,0,0,0,0,0,0,0,0,0,0,0,0,0,0,0,0,0,0,0,0,0,0,0,0,0,0,0,0
BUNDLE-PICNIC-CAB-LTBGE-TOWLB-CAB-A-XL - DTC,BUNDLE-PICNIC-CAB-LTBGE-TOWLB-CAB-A-XL,DTC,0,0,0,0,1,1,0,0,0,0,0,0,0,0,0,0,0,0,0,0,0,0,0,0,0,0,0,0,0,0,0,0,0,0,0,0,0,0,0,0,0,-20.92,0,0,0,0,0,0,0,0,0,0,0,0,0,0,0,0,0,0,0,0,0,0,0,0,0,0,0,0,0,0
BUNDLE-PICNIC-CAB-NAVY-TOWLB-CAB-A-LG - DTC,BUNDLE-PICNIC-CAB-NAVY-TOWLB-CAB-A-LG,DTC,0,0,0,0,0,0,1,1,0,0,0,0,0,0,0,0,0,0,0,1,1,0,1,0,0,0,0,0,0,0,0,0,0,0,0,0,0,0,0,0,0,0,0,127.5,0,0,0,0,0,0,0,0,0,0,0,0,0,0,0,0,0,0,0,0,0,0,0,0,0,0,0,0
BUNDLE-PICNIC-CAB-NAVY-TOWLB-CAB-A-XL - DTC,BUNDLE-PICNIC-CAB-NAVY-TOWLB-CAB-A-XL,DTC,0,0,0,0,0,0,0,1,0,1,0,0,3,0,0,0,0,0,1,1,0,0,0,0,0,1,1,0,0,0,0,0,0,0,0,0,0,0,0,0,0,0,0,0,0,-12.88,0,0,0,0,0,0,0,0,0,0,0,0,0,0,0,0,0,0,0,0,0,0,0,0,0,0
BUNDLE-PICNIC-CAB-NAVY-TOWLB-CAB-B-LG - DTC,BUNDLE-PICNIC-CAB-NAVY-TOWLB-CAB-B-LG,DTC,0,0,2,1,0,0,1,1,0,1,0,0,0,0,0,0,0,0,1,1,2,0,1,1,0,0,1,0,0,0,0,0,0,0,0,0,0,0,235.88,127.5,0,0,0,0,0,0,0,0,0,0,0,0,0,0,0,0,0,0,0,0,0,0,0,0,0,0,0,0,0,0,0,0
BUNDLE-PICNIC-CAB-NAVY-TOWLB-CAB-B-XL - DTC,BUNDLE-PICNIC-CAB-NAVY-TOWLB-CAB-B-XL,DTC,0,1,0,0,0,0,0,0,0,0,0,1,0,2,0,0,1,0,0,0,0,0,0,0,0,0,0,0,0,0,0,0,0,0,0,0,0,113,0,0,0,0,0,0,0,0,0,125.55,0,-12.4,0,0,0,0,0,0,0,0,0,0,0,0,0,0,0,0,0,0,0,0,0,0
BUNDLE-PICNIC-FAMILY-LGXL-GETWAV-SETA - DTC,BUNDLE-PICNIC-FAMILY-LGXL-GETWAV-SETA,DTC,1,0,1,1,0,2,0,0,0,0,0,0,0,0,0,0,0,0,0,0,0,0,0,0,0,0,0,0,0,0,0,0,0,0,0,0,133.33,0,133.33,113.33,0,0,0,0,0,0,0,0,0,0,0,0,0,0,0,0,0,0,0,0,0,0,0,0,0,0,0,0,0,0,0,0
BUNDLE-PICNIC-FAMILY-LGXL-GETWAV-SETB - DTC,BUNDLE-PICNIC-FAMILY-LGXL-GETWAV-SETB,DTC,0,0,2,1,0,0,0,2,0,0,0,0,0,0,0,0,0,0,0,0,0,0,0,0,0,0,0,0,0,0,0,0,0,0,0,0,0,0,246.66,133.33,0,0,0,0,0,0,0,0,0,0,0,0,0,0,0,0,0,0,0,0,0,0,0,0,0,0,0,0,0,0,0,0
BUNDLE-PICNIC-FAMILY-LGXL-GETWAV-SETC - DTC,BUNDLE-PICNIC-FAMILY-LGXL-GETWAV-SETC,DTC,0,0,0,1,0,0,0,0,0,0,0,0,0,0,0,0,0,0,0,0,0,0,0,0,0,0,0,0,0,0,0,0,0,0,0,0,0,0,0,133.33,0,0,0,0,0,0,0,0,0,0,0,0,0,0,0,0,0,0,0,0,0,0,0,0,0,0,0,0,0,0,0,0
BUNDLE-PICNIC-FAMILY-LGXL-GETWAV-SETD - DTC,BUNDLE-PICNIC-FAMILY-LGXL-GETWAV-SETD,DTC,0,0,0,0,0,1,0,0,0,0,0,0,0,0,0,0,0,0,0,0,0,0,0,0,0,0,0,0,0,0,0,0,0,0,0,0,0,0,0,0,0,0,0,0,0,0,0,0,0,0,0,0,0,0,0,0,0,0,0,0,0,0,0,0,0,0,0,0,0,0,0,0
BUNDLE-PICNIC-FAMILY-LGXL-GIN-PINK-SETA - DTC,BUNDLE-PICNIC-FAMILY-LGXL-GIN-PINK-SETA,DTC,0,0,0,0,1,0,0,0,0,0,0,0,0,0,0,0,0,0,0,0,0,0,0,0,0,0,0,0,0,0,0,0,0,0,0,0,0,0,0,0,133.33,0,0,0,0,0,0,0,0,0,0,0,0,0,0,0,0,0,0,0,0,0,0,0,0,0,0,0,0,0,0,0
BUNDLE-PICNIC-FAMILY-LGXL-GIN-PINK-SETC - DTC,BUNDLE-PICNIC-FAMILY-LGXL-GIN-PINK-SETC,DTC,0,0,0,0,0,0,1,2,0,0,0,0,0,0,1,0,0,0,0,0,0,0,0,0,0,0,0,0,0,0,0,0,0,0,0,0,0,0,0,0,0,0,0,128.67,0,0,0,0,0,0,0,0,0,0,0,0,0,0,0,0,0,0,0,0,0,0,0,0,0,0,0,0
BUNDLE-PICNIC-FAMILY-LGXL-GIN-PINK-SETD - DTC,BUNDLE-PICNIC-FAMILY-LGXL-GIN-PINK-SETD,DTC,0,0,1,1,0,1,0,1,0,0,0,0,0,0,0,0,0,0,0,0,0,0,0,0,0,0,0,0,0,0,0,0,0,0,0,0,0,0,131.33,131.33,0,0,0,0,0,0,0,0,0,0,0,0,0,0,0,0,0,0,0,0,0,0,0,0,0,0,0,0,0,0,0,0
BUNDLE-PICNIC-FAMILY-LGXL-NAVY-SETB - DTC,BUNDLE-PICNIC-FAMILY-LGXL-NAVY-SETB,DTC,1,0,0,0,1,0,0,0,0,0,0,0,0,0,0,0,0,0,0,0,0,0,0,0,0,0,0,0,0,0,0,0,0,0,0,0,133.33,0,0,0,133.33,0,0,0,0,0,0,0,0,0,0,0,0,0,0,0,0,0,0,0,0,0,0,0,0,0,0,0,0,0,0,0
BUNDLE-PICNIC-FAMILY-LGXL-NAVY-SETC - DTC,BUNDLE-PICNIC-FAMILY-LGXL-NAVY-SETC,DTC,1,0,0,0,0,2,0,0,1,0,0,0,0,0,2,0,0,0,0,0,0,0,0,0,0,0,0,0,0,0,0,0,0,0,0,0,133.33,0,0,0,0,0,0,0,0,0,0,0,0,0,116.07,0,0,0,0,0,0,0,0,0,0,0,0,0,0,0,0,0,0,0,0,0
BUNDLE-PICNIC-FAMILY-LGXL-NAVY-SETD - DTC,BUNDLE-PICNIC-FAMILY-LGXL-NAVY-SETD,DTC,0,0,0,0,3,0,12,9,0,0,0,0,0,2,3,0,0,0,0,0,0,0,0,0,0,0,0,0,0,0,0,0,0,0,0,0,0,0,0,0,372.16,0,-26.94,0,0,0,0,0,0,0,0,0,0,0,0,0,0,0,0,0,0,0,0,0,0,0,0,0,0,0,0,0
BUNDLE-PICNIC-FAMILY-LGXL-NAVY-SETE - DTC,BUNDLE-PICNIC-FAMILY-LGXL-NAVY-SETE,DTC,0,0,0,0,2,3,1,1,0,0,0,0,1,0,0,6,0,0,0,0,0,0,0,0,0,0,0,0,0,0,0,0,0,0,0,0,0,0,0,0,226.66,0,-13.47,-13.27,0,0,0,0,0,0,0,116.07,0,0,0,0,0,0,0,0,0,0,0,0,0,0,0,0,0,0,0,0
BUNDLE-PICNIC-FAMILY-LGXL-NAVY-SETF - DTC,BUNDLE-PICNIC-FAMILY-LGXL-NAVY-SETF,DTC,0,0,1,0,0,1,5,4,0,0,0,0,0,0,2,3,0,0,0,0,0,0,0,0,0,0,0,0,0,0,0,0,0,0,0,0,0,0,133.33,0,0,0,0,-13.27,0,0,0,0,0,0,-11.61,232.14,0,0,0,0,0,0,0,0,0,0,0,0,0,0,0,0,0,0,0,0
BUNDLE-PICNIC-FAMILY-LGXL-NAVY-SETG - DTC,BUNDLE-PICNIC-FAMILY-LGXL-NAVY-SETG,DTC,0,0,0,0,1,1,2,2,0,0,0,0,0,0,0,0,0,0,0,0,0,0,0,0,0,0,0,0,0,0,0,0,0,0,0,0,0,0,0,0,137.33,-20.6,-13.67,0,0,0,0,0,0,0,0,0,0,0,0,0,0,0,0,0,0,0,0,0,0,0,0,0,0,0,0,0
BUNDLE-PICNIC-FAMILY-MDLG-GETWAV-SETA - DTC,BUNDLE-PICNIC-FAMILY-MDLG-GETWAV-SETA,DTC,0,0,1,0,0,0,0,0,0,0,0,0,0,0,0,0,0,0,0,0,0,0,0,0,0,0,0,0,0,0,0,0,0,0,0,0,0,0,122.67,0,0,0,0,0,0,0,0,0,0,0,0,0,0,0,0,0,0,0,0,0,0,0,0,0,0,0,0,0,0,0,0,0
BUNDLE-PICNIC-FAMILY-MDLG-GETWAV-SETD - DTC,BUNDLE-PICNIC-FAMILY-MDLG-GETWAV-SETD,DTC,0,0,0,1,0,0,0,0,0,0,0,0,0,0,0,0,0,0,0,0,0,0,0,0,0,0,0,0,0,0,0,0,0,0,0,0,0,0,0,126.67,0,0,0,0,0,0,0,0,0,0,0,0,0,0,0,0,0,0,0,0,0,0,0,0,0,0,0,0,0,0,0,0
BUNDLE-PICNIC-FAMILY-MDLG-GIN-PINK-SETC - DTC,BUNDLE-PICNIC-FAMILY-MDLG-GIN-PINK-SETC,DTC,0,0,0,0,0,0,1,0,0,0,0,0,0,0,0,0,0,0,0,0,0,0,0,0,0,0,0,0,0,0,0,0,0,0,0,0,0,0,0,0,0,0,118,0,0,0,0,0,0,0,0,0,0,0,0,0,0,0,0,0,0,0,0,0,0,0,0,0,0,0,0,0
BUNDLE-PICNIC-FAMILY-MDLG-GIN-PINK-SETD - DTC,BUNDLE-PICNIC-FAMILY-MDLG-GIN-PINK-SETD,DTC,0,0,0,0,0,0,1,0,0,0,0,0,0,0,0,0,0,0,0,0,0,0,0,0,0,0,0,0,0,0,0,0,0,0,0,0,0,0,0,0,0,0,0,0,0,0,0,0,0,0,0,0,0,0,0,0,0,0,0,0,0,0,0,0,0,0,0,0,0,0,0,0
BUNDLE-PICNIC-FAMILY-MDLG-GIN-PINK-SETE - DTC,BUNDLE-PICNIC-FAMILY-MDLG-GIN-PINK-SETE,DTC,0,0,0,0,0,0,2,0,0,0,0,0,0,0,0,0,0,0,0,0,0,0,0,0,0,0,0,0,0,0,0,0,0,0,0,0,0,0,0,0,0,0,0,0,0,0,0,0,0,0,0,0,0,0,0,0,0,0,0,0,0,0,0,0,0,0,0,0,0,0,0,0
BUNDLE-PICNIC-FAMILY-MDLG-NAVY-SETB - DTC,BUNDLE-PICNIC-FAMILY-MDLG-NAVY-SETB,DTC,0,0,0,0,1,0,1,1,0,0,0,0,0,0,0,0,0,0,0,0,0,0,0,0,0,0,0,0,0,0,0,0,0,0,0,0,0,0,0,0,122.67,0,0,0,0,0,0,0,0,0,0,0,0,0,0,0,0,0,0,0,0,0,0,0,0,0,0,0,0,0,0,0
BUNDLE-PICNIC-FAMILY-MDLG-NAVY-SETC - DTC,BUNDLE-PICNIC-FAMILY-MDLG-NAVY-SETC,DTC,1,0,0,0,0,0,0,0,0,0,0,0,0,0,0,0,0,0,0,0,0,0,0,0,0,0,0,0,0,0,0,0,0,0,0,0,104.27,0,0,0,0,0,0,0,0,0,0,0,0,0,0,0,0,0,0,0,0,0,0,0,0,0,0,0,0,0,0,0,0,0,0,0
BUNDLE-PICNIC-FAMILY-MDLG-NAVY-SETD - DTC,BUNDLE-PICNIC-FAMILY-MDLG-NAVY-SETD,DTC,0,0,0,0,1,0,2,2,1,0,0,0,0,0,0,0,0,0,0,0,0,0,0,0,0,0,0,0,0,0,0,0,0,0,0,0,0,0,0,0,124.67,0,0,-12.4,0,0,0,0,0,0,0,0,0,0,0,0,0,0,0,0,0,0,0,0,0,0,0,0,0,0,0,0
BUNDLE-PICNIC-FAMILY-MDLG-NAVY-SETF - DTC,BUNDLE-PICNIC-FAMILY-MDLG-NAVY-SETF,DTC,0,0,0,0,0,0,0,1,0,0,0,0,0,0,1,0,0,0,0,0,0,0,0,0,0,0,0,0,0,0,0,0,0,0,0,0,0,0,0,0,0,0,0,0,0,0,0,0,0,0,0,0,0,0,0,0,0,0,0,0,0,0,0,0,0,0,0,0,0,0,0,0
BUNDLE-PICNIC-FAMILY-MDLG-NAVY-SETG - DTC,BUNDLE-PICNIC-FAMILY-MDLG-NAVY-SETG,DTC,0,0,0,0,0,0,1,0,0,0,0,0,0,0,1,1,0,0,0,0,0,0,0,0,0,0,0,0,0,0,0,0,0,0,0,0,0,0,0,0,0,0,0,0,0,0,0,0,0,0,0,0,0,0,0,0,0,0,0,0,0,0,0,0,0,0,0,0,0,0,0,0
BUNDLE-PICNIC-GIN-BLUE-TOWLB-CAB-A-LG - DTC,BUNDLE-PICNIC-GIN-BLUE-TOWLB-CAB-A-LG,DTC,0,0,0,0,0,0,1,1,0,0,0,0,0,0,0,0,0,0,0,0,0,0,0,0,0,0,0,0,0,0,0,0,0,0,0,0,0,0,0,0,0,0,0,0,0,0,0,0,0,0,0,0,0,0,0,0,0,0,0,0,0,0,0,0,0,0,0,0,0,0,0,0
BUNDLE-PICNIC-GIN-BLUE-TOWLB-CAB-B-LG - DTC,BUNDLE-PICNIC-GIN-BLUE-TOWLB-CAB-B-LG,DTC,0,0,0,0,0,0,2,1,0,0,0,0,0,0,0,0,0,0,0,0,0,0,0,0,0,0,0,0,0,0,0,0,0,0,0,0,0,0,0,0,0,0,0,0,0,0,0,0,0,0,0,0,0,0,0,0,0,0,0,0,0,0,0,0,0,0,0,0,0,0,0,0
BUNDLE-PICNIC-GIN-BLUE-TOWLB-CAB-B-XL - DTC,BUNDLE-PICNIC-GIN-BLUE-TOWLB-CAB-B-XL,DTC,0,0,0,0,0,0,3,0,0,0,0,0,0,0,0,0,0,0,0,0,0,0,0,0,0,0,0,0,0,0,0,0,0,0,0,0,0,0,0,0,0,0,-13.95,0,0,0,0,0,0,0,0,0,0,0,0,0,0,0,0,0,0,0,0,0,0,0,0,0,0,0,0,0
BUNDLE-PICNIC-GIN-PINK-TOWLB-CAB-A-LG - DTC,BUNDLE-PICNIC-GIN-PINK-TOWLB-CAB-A-LG,DTC,0,0,0,1,0,0,0,0,0,0,0,0,0,0,0,0,0,0,0,0,0,0,0,0,0,0,0,0,0,0,0,0,0,0,0,0,0,0,0,108.38,0,0,0,0,0,0,0,0,0,0,0,0,0,0,0,0,0,0,0,0,0,0,0,0,0,0,0,0,0,0,0,0
BUNDLE-PICNIC-LG-NAVY - DTC,BUNDLE-PICNIC-LG-NAVY,DTC,0,0,0,0,0,0,0,0,0,0,0,0,0,0,0,0,0,0,0,0,0,0,0,0,0,0,1,0,0,0,0,0,0,0,0,0,0,0,0,0,0,0,0,0,0,0,0,0,0,0,0,0,0,0,0,0,0,0,0,0,0,0,0,0,0,0,0,0,0,0,0,0
BUNDLE-PICNIC-LG-SWTTTH - DTC,BUNDLE-PICNIC-LG-SWTTTH,DTC,0,0,0,0,0,0,0,0,0,0,0,0,0,0,0,0,0,0,0,0,0,0,1,0,0,0,2,0,0,0,0,0,0,0,0,0,0,0,0,0,0,0,0,0,0,0,0,0,0,0,0,0,0,0,0,0,0,0,0,0,0,0,0,0,0,0,0,0,0,0,0,0
BUNDLE-PICNIC-LG-UNICN - DTC,BUNDLE-PICNIC-LG-UNICN,DTC,0,0,0,0,0,0,0,0,0,0,0,0,0,0,0,0,0,1,2,0,0,0,0,0,2,0,4,0,0,0,0,0,0,0,0,0,0,0,0,0,0,0,0,0,0,0,0,0,0,0,0,0,0,0,0,0,0,0,0,0,0,0,0,0,0,0,0,0,0,0,0,0
BUNDLE-PICNIC-SGW-TOWLB-SGW-A-LG - DTC,BUNDLE-PICNIC-SGW-TOWLB-SGW-A-LG,DTC,0,0,0,1,0,0,0,0,0,0,0,0,0,0,0,0,0,0,0,0,0,0,0,0,0,0,0,0,0,0,0,0,0,0,0,0,0,0,0,136.5,0,0,0,0,0,0,0,0,0,0,0,0,0,0,0,0,0,0,0,0,0,0,0,0,0,0,0,0,0,0,0,0
BUNDLE-PICNIC-SGW-TOWLB-SGW-A-XL - DTC,BUNDLE-PICNIC-SGW-TOWLB-SGW-A-XL,DTC,2,0,0,0,0,0,0,0,0,0,0,0,0,0,0,0,0,0,0,0,0,0,0,0,0,0,0,0,0,0,0,0,0,0,0,0,282.15,0,0,0,0,0,0,0,0,0,0,0,0,0,0,0,0,0,0,0,0,0,0,0,0,0,0,0,0,0,0,0,0,0,0,0
BUNDLE-PICNIC-SGW-TOWLB-SUM-B-LG - DTC,BUNDLE-PICNIC-SGW-TOWLB-SUM-B-LG,DTC,0,0,2,0,0,0,0,0,0,0,0,0,0,0,0,0,0,0,0,0,0,0,0,0,0,0,0,0,0,0,0,0,0,0,0,0,0,0,238.88,0,0,0,0,0,0,0,0,0,0,0,0,0,0,0,0,0,0,0,0,0,0,0,0,0,0,0,0,0,0,0,0,0
BUNDLE-PICNIC-SGW-TOWLB-SUM-B-XL - DTC,BUNDLE-PICNIC-SGW-TOWLB-SUM-B-XL,DTC,0,0,0,0,0,1,0,0,0,0,0,0,0,0,0,0,0,0,0,0,0,0,0,0,0,0,0,0,0,0,0,0,0,0,0,0,0,0,0,0,0,0,0,0,0,0,0,0,0,0,0,0,0,0,0,0,0,0,0,0,0,0,0,0,0,0,0,0,0,0,0,0
BUNDLE-ROBE-HAIRW-CLA-NAVY - DTC,BUNDLE-ROBE-HAIRW-CLA-NAVY,DTC,1,2,1,3,0,0,0,0,0,0,0,0,0,0,0,0,0,0,0,0,0,0,0,0,0,0,0,0,0,0,0,0,0,0,0,0,58.5,128.7,46.8,149.16,0,0,0,0,0,0,0,0,0,0,0,0,0,0,0,0,0,0,0,0,0,0,0,0,0,0,0,0,0,0,0,0
BUNDLE-ROBE-HAIRW-CLA-WHITE - DTC,BUNDLE-ROBE-HAIRW-CLA-WHITE,DTC,2,0,2,1,0,1,1,0,0,0,0,0,0,0,0,0,0,0,0,0,0,0,0,0,0,0,0,0,0,0,0,0,0,0,0,0,61.74,0,111.15,58.5,0,-6.25,0,0,0,0,0,0,0,0,0,0,0,0,0,0,0,0,0,0,0,0,0,0,0,0,0,0,0,0,0,0
BUNDLE-ROBE-HAIRW-TOWLH-LG-CLA-NAVY - DTC,BUNDLE-ROBE-HAIRW-TOWLH-LG-CLA-NAVY,DTC,0,2,0,0,0,1,0,0,1,0,0,0,0,0,0,0,0,0,0,0,0,0,0,0,0,0,0,0,0,0,0,0,0,0,0,0,0,149.85,0,0,0,0,0,0,85.83,0,0,0,0,0,0,0,0,0,0,0,0,0,0,0,0,0,0,0,0,0,0,0,0,0,0,0
BUNDLE-ROBE-HAIRW-TOWLH-LG-CLA-WHITE - DTC,BUNDLE-ROBE-HAIRW-TOWLH-LG-CLA-WHITE,DTC,1,0,1,0,1,0,0,0,0,0,0,0,0,0,0,0,0,0,0,0,0,0,0,0,0,0,0,0,0,0,0,0,0,0,0,0,76.95,0,81,0,85.83,0,0,0,0,0,0,0,0,0,0,0,0,0,0,0,0,0,0,0,0,0,0,0,0,0,0,0,0,0,0,0
BUNDLE-SURFER-LG-LTPNK - DTC,BUNDLE-SURFER-LG-LTPNK,DTC,0,0,0,0,0,0,0,0,0,0,0,0,0,0,0,0,0,0,0,0,0,0,1,0,0,1,0,0,0,0,0,0,0,0,0,0,0,0,0,0,0,0,0,0,0,0,0,0,0,0,0,0,0,0,0,0,0,0,0,0,0,0,0,0,0,0,0,0,0,0,0,0
BUNDLE-SURFER-LG-NAVY - DTC,BUNDLE-SURFER-LG-NAVY,DTC,0,0,0,0,0,0,0,0,0,0,0,0,0,0,0,0,0,0,0,0,0,0,0,1,0,1,1,0,0,0,0,0,0,0,0,0,0,0,0,0,0,0,0,0,0,0,0,0,0,0,0,0,0,0,0,0,0,0,0,0,0,0,0,0,0,0,0,0,0,0,0,0
BUNDLE-TRAVEL4-CAB-LG-BLACK-SETA - DTC,BUNDLE-TRAVEL4-CAB-LG-BLACK-SETA,DTC,0,0,0,1,0,0,0,0,0,0,0,0,0,0,0,0,0,0,0,0,0,0,0,0,0,0,0,0,0,0,0,0,0,0,0,0,0,0,0,48,0,0,0,0,0,0,0,0,0,0,0,0,0,0,0,0,0,0,0,0,0,0,0,0,0,0,0,0,0,0,0,0
BUNDLE-TRAVEL4-CAB-LG-BLUE-SETA - DTC,BUNDLE-TRAVEL4-CAB-LG-BLUE-SETA,DTC,0,0,0,0,1,2,0,0,0,0,0,0,0,0,0,0,0,0,0,0,0,0,0,0,0,0,0,0,0,0,0,0,0,0,0,0,0,0,0,0,39.1,0,0,0,0,0,0,0,0,0,0,0,0,0,0,0,0,0,0,0,0,0,0,0,0,0,0,0,0,0,0,0
BUNDLE-TRAVEL4-CAB-LG-BLUE-SETC - DTC,BUNDLE-TRAVEL4-CAB-LG-BLUE-SETC,DTC,0,0,0,0,1,0,0,0,0,0,0,0,0,0,0,0,0,0,0,0,0,0,0,0,0,0,0,0,0,0,0,0,0,0,0,0,0,0,0,0,0,0,0,0,0,0,0,0,0,0,0,0,0,0,0,0,0,0,0,0,0,0,0,0,0,0,0,0,0,0,0,0
BUNDLE-TRAVEL4-CAB-LG-LTBGE-SETB - DTC,BUNDLE-TRAVEL4-CAB-LG-LTBGE-SETB,DTC,0,0,0,0,0,0,1,0,0,0,0,0,0,0,0,0,0,0,0,0,0,0,0,0,0,0,0,0,0,0,0,0,0,0,0,0,0,0,0,0,0,0,-4.68,0,0,0,0,0,0,0,0,0,0,0,0,0,0,0,0,0,0,0,0,0,0,0,0,0,0,0,0,0
BUNDLE-TRAVEL4-CAB-LG-LTGRY-SETA - DTC,BUNDLE-TRAVEL4-CAB-LG-LTGRY-SETA,DTC,0,0,0,1,0,0,0,0,0,0,0,0,0,0,0,0,0,0,0,0,0,0,0,0,0,0,0,0,0,0,0,0,0,0,0,0,0,0,0,48,0,0,0,0,0,0,0,0,0,0,0,0,0,0,0,0,0,0,0,0,0,0,0,0,0,0,0,0,0,0,0,0
BUNDLE-TRAVEL4-CAB-LG-LTGRY-SETB - DTC,BUNDLE-TRAVEL4-CAB-LG-LTGRY-SETB,DTC,1,0,1,0,0,1,0,0,0,0,0,0,0,0,0,0,0,0,0,0,0,0,0,0,0,0,0,0,0,0,0,0,0,0,0,0,43.2,0,44.13,0,0,0,0,0,0,0,0,0,0,0,0,0,0,0,0,0,0,0,0,0,0,0,0,0,0,0,0,0,0,0,0,0
BUNDLE-TRAVEL4-CAB-LG-LTPNK-SETA - DTC,BUNDLE-TRAVEL4-CAB-LG-LTPNK-SETA,DTC,0,3,0,1,4,3,2,4,1,0,1,0,0,0,0,0,0,0,0,0,0,0,0,0,0,0,0,0,0,0,0,0,0,0,0,0,0,140.13,0,44.13,178,0,0,40.8,0,0,0,0,0,0,0,0,0,0,0,0,0,0,0,0,0,0,0,0,0,0,0,0,0,0,0,0
BUNDLE-TRAVEL4-CAB-LG-LTPNK-SETC - DTC,BUNDLE-TRAVEL4-CAB-LG-LTPNK-SETC,DTC,0,0,0,0,1,1,0,1,0,0,0,0,0,0,0,0,0,0,0,0,0,0,0,0,0,0,0,0,0,0,0,0,0,0,0,0,0,0,0,0,39.1,0,0,0,0,0,0,0,0,0,0,0,0,0,0,0,0,0,0,0,0,0,0,0,0,0,0,0,0,0,0,0
BUNDLE-TRAVEL4-CAB-LG-LTPPL-SETA - DTC,BUNDLE-TRAVEL4-CAB-LG-LTPPL-SETA,DTC,0,0,0,0,0,1,0,0,1,0,0,0,0,0,0,0,0,0,0,0,0,0,0,0,0,0,0,0,0,0,0,0,0,0,0,0,0,0,0,0,0,0,0,0,0,0,0,0,0,0,0,0,0,0,0,0,0,0,0,0,0,0,0,0,0,0,0,0,0,0,0,0
BUNDLE-TRAVEL4-CAB-LG-NAVY-SETA - DTC,BUNDLE-TRAVEL4-CAB-LG-NAVY-SETA,DTC,0,0,2,4,1,0,0,4,1,0,0,0,0,0,0,0,0,0,0,0,0,0,0,0,0,0,0,0,0,0,0,0,0,0,0,0,0,0,86.4,192,48,0,0,0,0,0,0,0,0,0,0,0,0,0,0,0,0,0,0,0,0,0,0,0,0,0,0,0,0,0,0,0
BUNDLE-TRAVEL4-CAB-LG-NAVY-SETB - DTC,BUNDLE-TRAVEL4-CAB-LG-NAVY-SETB,DTC,0,0,0,0,0,1,0,1,0,0,0,0,0,0,0,0,0,0,0,0,0,0,0,0,0,0,0,0,0,0,0,0,0,0,0,0,0,0,0,0,0,0,0,0,0,0,0,0,0,0,0,0,0,0,0,0,0,0,0,0,0,0,0,0,0,0,0,0,0,0,0,0
BUNDLE-TRAVEL4-CAB-LG-NAVY-SETC - DTC,BUNDLE-TRAVEL4-CAB-LG-NAVY-SETC,DTC,0,0,0,0,0,0,0,0,0,0,0,0,1,0,0,0,0,0,0,0,0,0,0,0,0,0,0,0,0,0,0,0,0,0,0,0,0,0,0,0,0,0,0,0,0,0,0,0,0,0,0,0,0,0,0,0,0,0,0,0,0,0,0,0,0,0,0,0,0,0,0,0
BUNDLE-TRAVEL4-CAB-LG-ORANG-SETA - DTC,BUNDLE-TRAVEL4-CAB-LG-ORANG-SETA,DTC,0,1,0,0,0,0,1,0,1,0,0,0,0,0,0,0,0,0,0,0,0,0,0,0,0,0,0,0,0,0,0,0,0,0,0,0,0,48,0,0,0,0,-4.53,0,0,0,0,0,0,0,0,0,0,0,0,0,0,0,0,0,0,0,0,0,0,0,0,0,0,0,0,0
BUNDLE-TRAVEL4-CAB-LG-PINK-SETA - DTC,BUNDLE-TRAVEL4-CAB-LG-PINK-SETA,DTC,0,0,1,0,1,1,0,1,0,0,0,0,0,0,0,0,0,0,0,0,0,0,0,0,0,0,0,0,0,0,0,0,0,0,0,0,0,0,40.8,0,40.8,0,0,0,0,0,0,0,0,0,0,0,0,0,0,0,0,0,0,0,0,0,0,0,0,0,0,0,0,0,0,0
BUNDLE-TRAVEL4-CAB-LG-PINK-SETB - DTC,BUNDLE-TRAVEL4-CAB-LG-PINK-SETB,DTC,1,1,0,0,1,1,0,0,0,0,1,0,0,0,0,0,0,0,0,0,0,0,0,0,0,0,0,0,0,0,0,0,0,0,0,0,40.8,48,0,0,48,0,0,0,0,0,0,0,0,0,0,0,0,0,0,0,0,0,0,0,0,0,0,0,0,0,0,0,0,0,0,0
BUNDLE-TRAVEL4-CAB-LG-RED-SETB - DTC,BUNDLE-TRAVEL4-CAB-LG-RED-SETB,DTC,0,0,0,0,1,0,0,0,0,0,0,0,0,0,0,0,0,0,0,0,0,0,0,0,0,0,0,0,0,0,0,0,0,0,0,0,0,0,0,0,40.8,0,0,0,0,0,0,0,0,0,0,0,0,0,0,0,0,0,0,0,0,0,0,0,0,0,0,0,0,0,0,0
BUNDLE-TRAVEL4-CAB-LG-YELLOW-SETA - DTC,BUNDLE-TRAVEL4-CAB-LG-YELLOW-SETA,DTC,0,0,0,0,1,0,0,0,0,0,0,0,0,0,0,0,0,0,0,0,0,0,0,0,0,0,0,0,0,0,0,0,0,0,0,0,0,0,0,0,46,0,0,0,0,0,0,0,0,0,0,0,0,0,0,0,0,0,0,0,0,0,0,0,0,0,0,0,0,0,0,0
BUNDLE-TRAVEL4-CAB-XL-BLACK-SETA - DTC,BUNDLE-TRAVEL4-CAB-XL-BLACK-SETA,DTC,0,0,0,0,0,0,1,0,0,0,0,0,0,0,0,0,0,0,0,0,0,0,0,0,0,0,0,0,0,0,0,0,0,0,0,0,0,0,0,0,0,0,0,0,0,0,0,0,0,0,0,0,0,0,0,0,0,0,0,0,0,0,0,0,0,0,0,0,0,0,0,0
BUNDLE-TRAVEL4-CAB-XL-BLUE-SETA - DTC,BUNDLE-TRAVEL4-CAB-XL-BLUE-SETA,DTC,0,0,0,0,0,0,1,0,0,0,0,0,0,0,0,0,0,0,0,0,0,0,0,0,0,0,0,0,0,0,0,0,0,0,0,0,0,0,0,0,0,0,-4.8,0,0,0,0,0,0,0,0,0,0,0,0,0,0,0,0,0,0,0,0,0,0,0,0,0,0,0,0,0
BUNDLE-TRAVEL4-CAB-XL-BLUE-SETB - DTC,BUNDLE-TRAVEL4-CAB-XL-BLUE-SETB,DTC,0,1,0,0,0,0,0,0,0,0,0,0,0,0,0,0,0,0,0,0,0,0,0,0,0,0,0,0,0,0,0,0,0,0,0,0,0,50.67,0,0,0,0,0,0,0,0,0,0,0,0,0,0,0,0,0,0,0,0,0,0,0,0,0,0,0,0,0,0,0,0,0,0
BUNDLE-TRAVEL4-CAB-XL-LTBLU-SETA - DTC,BUNDLE-TRAVEL4-CAB-XL-LTBLU-SETA,DTC,1,0,0,1,0,0,0,1,0,0,0,0,0,0,0,0,0,0,0,0,0,0,0,0,0,0,0,0,0,0,0,0,0,0,0,0,45.6,0,0,50.67,0,0,0,0,0,0,0,0,0,0,0,0,0,0,0,0,0,0,0,0,0,0,0,0,0,0,0,0,0,0,0,0
BUNDLE-TRAVEL4-CAB-XL-LTGRY-SETB - DTC,BUNDLE-TRAVEL4-CAB-XL-LTGRY-SETB,DTC,0,0,0,0,0,0,1,0,0,0,0,0,0,0,0,0,0,0,0,0,0,0,0,0,0,0,0,0,0,0,0,0,0,0,0,0,0,0,0,0,0,0,-5.01,0,0,0,0,0,0,0,0,0,0,0,0,0,0,0,0,0,0,0,0,0,0,0,0,0,0,0,0,0
BUNDLE-TRAVEL4-CAB-XL-LTPNK-SETA - DTC,BUNDLE-TRAVEL4-CAB-XL-LTPNK-SETA,DTC,0,1,0,0,0,0,1,1,0,0,0,0,0,0,0,0,0,0,0,0,0,0,0,0,0,0,0,0,0,0,0,0,0,0,0,0,0,50.67,0,0,0,0,0,0,0,0,0,0,0,0,0,0,0,0,0,0,0,0,0,0,0,0,0,0,0,0,0,0,0,0,0,0
BUNDLE-TRAVEL4-CAB-XL-LTPNK-SETC - DTC,BUNDLE-TRAVEL4-CAB-XL-LTPNK-SETC,DTC,0,0,0,0,1,0,0,0,0,0,0,0,0,0,0,0,0,0,0,0,0,0,0,0,0,0,0,0,0,0,0,0,0,0,0,0,0,0,0,0,50.67,0,0,0,0,0,0,0,0,0,0,0,0,0,0,0,0,0,0,0,0,0,0,0,0,0,0,0,0,0,0,0
BUNDLE-TRAVEL4-CAB-XL-LTPPL-SETA - DTC,BUNDLE-TRAVEL4-CAB-XL-LTPPL-SETA,DTC,0,0,1,2,0,1,0,1,0,0,0,0,0,0,0,0,0,0,0,0,0,0,0,0,0,0,0,0,0,0,0,0,0,0,0,0,0,0,50.67,86.14,0,0,0,0,0,0,0,0,0,0,0,0,0,0,0,0,0,0,0,0,0,0,0,0,0,0,0,0,0,0,0,0
BUNDLE-TRAVEL4-CAB-XL-NAVY-SETA - DTC,BUNDLE-TRAVEL4-CAB-XL-NAVY-SETA,DTC,0,2,0,3,1,0,0,1,0,0,0,0,0,0,0,0,0,0,0,0,0,0,0,0,0,0,0,0,0,0,0,0,0,0,0,0,0,96.27,0,152.01,41.37,0,0,0,0,0,0,0,0,0,0,0,0,0,0,0,0,0,0,0,0,0,0,0,0,0,0,0,0,0,0,0
BUNDLE-TRAVEL4-CAB-XL-ORANG-SETA - DTC,BUNDLE-TRAVEL4-CAB-XL-ORANG-SETA,DTC,0,0,0,0,0,0,0,1,0,0,0,0,0,0,0,0,0,0,0,0,0,0,0,0,0,0,0,0,0,0,0,0,0,0,0,0,0,0,0,0,0,0,0,0,0,0,0,0,0,0,0,0,0,0,0,0,0,0,0,0,0,0,0,0,0,0,0,0,0,0,0,0
BUNDLE-TRAVEL4-CAB-XL-PINK-SETB - DTC,BUNDLE-TRAVEL4-CAB-XL-PINK-SETB,DTC,1,1,0,1,0,0,0,0,0,0,0,0,0,0,0,0,0,0,0,0,0,0,0,0,0,0,0,0,0,0,0,0,0,0,0,0,43.07,41.03,0,50.67,0,0,0,0,0,0,0,0,0,0,0,0,0,0,0,0,0,0,0,0,0,0,0,0,0,0,0,0,0,0,0,0
BUNDLE-TRAVEL4-CAB-XL-RED-SETA - DTC,BUNDLE-TRAVEL4-CAB-XL-RED-SETA,DTC,0,0,0,0,1,0,0,0,0,0,0,0,0,0,0,0,0,0,0,0,0,0,0,0,0,0,0,0,0,0,0,0,0,0,0,0,0,0,0,0,50.67,0,0,0,0,0,0,0,0,0,0,0,0,0,0,0,0,0,0,0,0,0,0,0,0,0,0,0,0,0,0,0
BUNDLE-TRAVEL4-CAB-XL-YELLOW-SETA - DTC,BUNDLE-TRAVEL4-CAB-XL-YELLOW-SETA,DTC,0,0,0,0,0,0,0,0,1,0,0,0,0,0,0,0,0,0,0,0,0,0,0,0,0,0,0,0,0,0,0,0,0,0,0,0,0,0,0,0,0,0,0,0,0,0,0,0,0,0,0,0,0,0,0,0,0,0,0,0,0,0,0,0,0,0,0,0,0,0,0,0
BUNDLE-TRAVEL4-SUM-LG-DSKDWN-SETA - DTC,BUNDLE-TRAVEL4-SUM-LG-DSKDWN-SETA,DTC,1,2,2,2,0,0,4,0,1,0,1,0,0,0,0,0,0,0,0,0,0,0,0,0,0,0,0,0,0,0,0,0,0,0,0,0,50,92.5,100,92.5,0,0,-4.73,0,0,0,0,0,0,0,0,0,0,0,0,0,0,0,0,0,0,0,0,0,0,0,0,0,0,0,0,0
BUNDLE-TRAVEL4-SUM-LG-ENDRVR-SETA - DTC,BUNDLE-TRAVEL4-SUM-LG-ENDRVR-SETA,DTC,0,0,2,0,1,0,1,0,0,3,0,0,0,0,0,0,0,0,0,0,0,0,0,0,0,0,0,0,0,0,0,0,0,0,0,0,0,0,100,0,50,0,0,0,0,47.33,0,0,0,0,0,0,0,0,0,0,0,0,0,0,0,0,0,0,0,0,0,0,0,0,0,0
BUNDLE-TRAVEL4-SUM-LG-PCHSUN-SETA - DTC,BUNDLE-TRAVEL4-SUM-LG-PCHSUN-SETA,DTC,0,1,0,2,2,0,0,0,2,0,0,0,0,0,0,0,0,0,0,0,0,0,0,0,0,0,0,0,0,0,0,0,0,0,0,0,0,50,0,100,92.5,0,0,0,0,0,0,0,0,0,0,0,0,0,0,0,0,0,0,0,0,0,0,0,0,0,0,0,0,0,0,0
BUNDLE-TRAVEL4-SUM-LG-RAINB-SETA - DTC,BUNDLE-TRAVEL4-SUM-LG-RAINB-SETA,DTC,0,0,0,1,0,0,1,0,0,0,0,0,0,0,0,0,0,0,0,0,0,0,0,0,0,0,0,0,0,0,0,0,0,0,0,0,0,0,0,50,0,0,0,0,0,0,0,0,0,0,0,0,0,0,0,0,0,0,0,0,0,0,0,0,0,0,0,0,0,0,0,0
BUNDLE-TRAVEL4-SUM-LG-RAINB-SETB - DTC,BUNDLE-TRAVEL4-SUM-LG-RAINB-SETB,DTC,0,0,0,0,0,0,0,0,0,0,0,0,0,0,1,0,0,0,0,0,0,0,0,0,0,0,0,0,0,0,0,0,0,0,0,0,0,0,0,0,0,0,0,0,0,0,0,0,0,0,-4.93,0,0,0,0,0,0,0,0,0,0,0,0,0,0,0,0,0,0,0,0,0
BUNDLE-TRAVEL4-SUM-LG-UNICN-SETA - DTC,BUNDLE-TRAVEL4-SUM-LG-UNICN-SETA,DTC,0,1,1,3,1,0,0,3,0,0,0,0,0,0,0,0,0,1,0,0,0,0,0,0,0,0,0,0,0,0,0,0,0,0,0,0,0,50,50,150,50,0,0,-4.73,0,0,0,0,0,0,0,0,0,0,0,0,0,0,0,0,0,0,0,0,0,0,0,0,0,0,0,0
BUNDLE-TRAVEL4-SUM-LG-UNICN-SETB - DTC,BUNDLE-TRAVEL4-SUM-LG-UNICN-SETB,DTC,0,0,0,1,0,2,0,0,3,0,0,0,0,0,0,0,0,0,0,0,0,0,0,0,0,0,0,0,0,0,0,0,0,0,0,0,0,0,0,42.5,0,-7.79,0,0,47.33,0,0,0,0,0,0,0,0,0,0,0,0,0,0,0,0,0,0,0,0,0,0,0,0,0,0,0
BUNDLE-TRAVEL4-SUM-XL-DSKDWN-SETA - DTC,BUNDLE-TRAVEL4-SUM-XL-DSKDWN-SETA,DTC,1,1,1,1,1,1,0,0,1,0,0,0,0,0,0,0,0,0,0,0,0,0,0,0,0,0,0,0,0,0,0,0,0,0,0,0,52.67,52.67,47.4,52.67,52.67,0,0,0,0,0,0,0,0,0,0,0,0,0,0,0,0,0,0,0,0,0,0,0,0,0,0,0,0,0,0,0
BUNDLE-TRAVEL4-SUM-XL-ENDRVR-SETA - DTC,BUNDLE-TRAVEL4-SUM-XL-ENDRVR-SETA,DTC,0,0,0,0,1,3,0,0,0,1,0,0,0,0,0,0,0,0,0,0,0,0,0,0,0,0,0,0,0,0,0,0,0,0,0,0,0,0,0,0,52.67,0,0,0,0,0,0,0,0,0,0,0,0,0,0,0,0,0,0,0,0,0,0,0,0,0,0,0,0,0,0,0
BUNDLE-TRAVEL4-SUM-XL-PCHSUN-SETA - DTC,BUNDLE-TRAVEL4-SUM-XL-PCHSUN-SETA,DTC,0,0,1,2,1,3,0,0,0,0,0,0,0,0,0,0,0,0,0,0,0,0,0,0,0,0,0,0,0,0,0,0,0,0,0,0,0,0,47.4,97.44,52.67,-5,0,0,0,0,0,0,0,0,0,0,0,0,0,0,0,0,0,0,0,0,0,0,0,0,0,0,0,0,0,0
BUNDLE-TRAVEL4-SUM-XL-RAINB-SETA - DTC,BUNDLE-TRAVEL4-SUM-XL-RAINB-SETA,DTC,0,0,0,1,1,0,0,0,0,1,0,0,0,0,0,0,0,0,0,0,0,0,0,0,0,0,0,0,0,0,0,0,0,0,0,0,0,0,0,52.67,50.67,0,0,0,0,0,0,0,0,0,0,0,0,0,0,0,0,0,0,0,0,0,0,0,0,0,0,0,0,0,0,0
BUNDLE-TRAVEL4-SUM-XL-RAINB-SETB - DTC,BUNDLE-TRAVEL4-SUM-XL-RAINB-SETB,DTC,0,0,0,1,0,0,0,0,0,0,0,0,0,0,0,0,0,0,0,0,0,0,0,0,0,0,0,0,0,0,0,0,0,0,0,0,0,0,0,44.77,0,0,0,0,0,0,0,0,0,0,0,0,0,0,0,0,0,0,0,0,0,0,0,0,0,0,0,0,0,0,0,0
BUNDLE-TRAVEL4-SUM-XL-UNICN-SETA - DTC,BUNDLE-TRAVEL4-SUM-XL-UNICN-SETA,DTC,0,1,3,1,0,0,0,2,0,0,0,0,0,0,0,0,0,0,0,0,0,0,0,0,0,0,0,0,0,0,0,0,0,0,0,0,0,52.67,150.11,52.67,0,0,0,0,0,0,0,0,0,0,0,0,0,0,0,0,0,0,0,0,0,0,0,0,0,0,0,0,0,0,0,0
BUNDLE-TRAVEL4-SUM-XL-UNICN-SETB - DTC,BUNDLE-TRAVEL4-SUM-XL-UNICN-SETB,DTC,0,0,0,0,1,1,1,1,0,0,0,0,0,0,0,0,0,0,0,0,0,0,0,0,0,0,0,0,0,0,0,0,0,0,0,0,0,0,0,0,50.67,-5,0,0,0,0,0,0,0,0,0,0,0,0,0,0,0,0,0,0,0,0,0,0,0,0,0,0,0,0,0,0
COOL-CAB-4SET - DTC,COOL-CAB-4SET,DTC,8,3,1,1,2,0,0,0,0,0,0,0,0,0,0,0,0,0,0,0,0,0,0,0,0,0,0,0,0,0,0,0,0,0,0,0,274.53,61.43,43.2,65.87,79.8,0,0,0,0,0,0,0,0,0,0,0,0,0,0,0,0,0,0,0,0,0,0,0,0,0,0,0,0,0,0,0
COOL-CAB-BLACK-R - B2B,COOL-CAB-BLACK-R,B2B,4,1,0,0,0,0,0,0,0,0,0,0,0,0,0,0,0,0,0,0,0,0,0,0,0,0,0,0,0,0,0,0,0,0,0,0,28.53,7.18,0,0,0,0,0,0,0,0,0,0,0,0,0,0,0,0,0,0,0,0,0,0,0,0,0,0,0,0,0,0,0,0,0,0
COOL-CAB-BLACK-R - DTC,COOL-CAB-BLACK-R,DTC,0,0,13,0,0,0,0,0,0,0,0,0,0,0,0,0,0,0,0,0,0,0,102,9,0,3,0,0,0,0,0,0,0,0,0,0,0,0,161.05,0,0,0,0,0,0,0,0,0,0,0,0,0,0,0,0,0,0,0,732.84,63.49,0,36,0,0,0,0,0,0,0,0,0,0
COOL-CAB-BLACK-R - FBA,COOL-CAB-BLACK-R,FBA,0,0,0,0,0,0,0,0,0,0,0,0,0,0,0,0,0,0,0,0,0,0,2,0,0,0,0,0,0,0,0,0,0,0,0,0,0,0,0,0,0,0,0,0,0,0,0,0,0,0,0,0,0,0,0,0,0,0,36.66,0,0,0,0,0,0,0,0,0,0,0,0,0
COOL-CAB-BLUE-R - B2B,COOL-CAB-BLUE-R,B2B,2,7,3,10,0,0,0,0,0,0,0,0,0,0,0,0,0,0,0,0,0,12,18,0,0,0,0,0,0,0,0,0,0,0,0,0,14.25,42.53,18,70.13,0,0,0,0,0,0,0,0,0,0,0,0,0,0,0,0,0,79.92,121.62,0,0,0,0,0,0,0,0,0,0,0,0,0
COOL-CAB-BLUE-R - DTC,COOL-CAB-BLUE-R,DTC,109,120,19,10,2,0,0,0,0,0,0,0,0,0,0,0,0,0,0,0,58,52,218,128,1,0,0,0,0,0,0,0,0,0,0,0,790.86,789.5,225.77,103.14,0,0,0,0,0,0,0,0,0,0,0,0,0,0,0,0,693.52,605.24,1724.21,1084.11,13.41,0,0,0,0,0,0,0,0,0,0,0
COOL-CAB-BLUE-R - FBA,COOL-CAB-BLUE-R,FBA,9,6,3,0,0,0,0,0,0,0,0,0,0,0,0,0,0,0,0,0,1,3,3,7,0,0,0,0,0,0,0,0,0,0,0,0,98.88,73.2,34.98,0,0,0,0,0,0,0,0,0,0,0,0,0,0,0,0,0,14.99,41.84,42.14,98.11,0,0,0,0,0,0,0,0,0,0,0,0
COOL-CAB-GREEN-R - DTC,COOL-CAB-GREEN-R,DTC,0,1,3,0,0,0,0,0,0,0,0,0,0,0,0,0,0,0,0,0,0,0,106,5,0,2,0,0,0,0,0,0,0,0,0,0,0,10.8,37.05,0,0,0,0,0,0,0,0,0,0,0,0,0,0,0,0,0,0,0,866.48,35.65,0,22.67,0,0,0,0,0,0,0,0,0,0
COOL-CAB-LTBLU-R - B2B,COOL-CAB-LTBLU-R,B2B,9,1,0,34,55,5,5,28,0,0,0,0,0,1,0,0,0,0,0,0,0,0,0,0,0,0,0,0,0,0,0,0,0,0,0,0,65.59,7.18,0,235.64,327.5,29.03,36.91,168,0,0,0,0,0,6.42,0,0,0,0,0,0,0,0,0,0,0,0,0,0,0,0,0,0,0,0,0,0
COOL-CAB-LTBLU-R - DTC,COOL-CAB-LTBLU-R,DTC,53,69,12,39,108,106,117,125,0,0,0,0,0,0,0,0,0,0,0,0,0,0,81,5,0,0,0,0,0,0,0,0,0,0,0,0,390.96,466.18,148.78,297.21,1157.16,1078.36,1190.72,1297.41,0,0,0,0,0,0,0,0,0,0,0,0,0,0,657.72,34.85,0,0,0,0,0,0,0,0,0,0,0,0
COOL-CAB-LTBLU-R - FBA,COOL-CAB-LTBLU-R,FBA,4,2,5,12,8,0,8,15,8,6,21,15,8,4,11,16,3,0,0,0,0,1,2,0,0,0,0,0,0,0,0,0,0,0,0,0,33.16,11.4,57.85,117.57,83.97,0,91.2,175.19,96,72,145.89,162.3,96,48,124.8,172.79,27.3,0,0,0,0,18.33,33.7,0,0,0,0,0,0,0,0,0,0,0,0,0
COOL-CAB-LTGRY-R - B2B,COOL-CAB-LTGRY-R,B2B,3,0,0,0,3,1,2,0,0,32,502,17,0,1,0,0,0,0,2,0,0,0,0,0,0,0,0,0,0,0,0,0,0,0,0,0,22.49,0,0,0,22.5,7.5,14.41,0,0,240,2518.5,8280,0,8.02,0,0,0,0,15,0,0,0,0,0,0,0,0,0,0,0,0,0,0,0,0,0
COOL-CAB-LTGRY-R - DTC,COOL-CAB-LTGRY-R,DTC,19,7,8,10,24,13,22,29,21,9,120,47,0,0,0,0,0,19,0,0,17,13,23,11,0,0,9,22,37,158,126,0,0,0,0,0,142.32,60.33,76.64,133.88,318.42,214.8,308.35,437.55,296.41,126.67,1549.34,599.79,0,0,0,0,0,261.53,0,0,256.21,201.4,333.85,165.17,0,0,152.68,363.79,591.32,2673.99,2193.49,0,0,0,0,0
COOL-CAB-LTGRY-R - FBA,COOL-CAB-LTGRY-R,FBA,4,1,3,2,0,4,11,6,4,4,26,17,5,3,5,10,15,48,1,0,3,5,6,27,0,0,0,2,21,78,11,0,0,0,0,0,54.5,14.99,38.97,26.99,0,55.48,153.03,89.82,59.96,59.96,261.69,219.9,74.95,44.97,74.84,124.72,209.89,695.11,13.49,0,49.98,83.3,95.79,438.63,0,0,0,29.98,340.63,1212.3,182.9,0,0,0,0,0
COOL-CAB-LTPCH-R - B2B,COOL-CAB-LTPCH-R,B2B,6,2,0,24,28,2,1,25,0,30,2,0,50,6,0,0,0,0,0,0,0,0,0,0,0,0,0,0,0,0,0,0,0,0,0,0,42.47,13.64,0,162.7,167.5,15,7.5,150,0,180,14.8,0,300,40.5,0,0,0,0,0,0,0,0,0,0,0,0,0,0,0,0,0,0,0,0,0,0
COOL-CAB-LTPCH-R - DTC,COOL-CAB-LTPCH-R,DTC,43,33,7,8,22,41,56,192,25,15,111,101,37,72,42,2,0,0,0,64,45,0,0,0,0,0,0,0,0,0,0,0,0,0,0,0,311.93,203.02,89.44,101.05,222.48,412.28,590.18,1699.57,253.55,159.05,835.44,905.76,393.69,726.84,436.86,23.28,0,0,0,677.75,492.96,0,0,0,0,0,0,0,0,0,0,0,0,0,0,0
COOL-CAB-LTPCH-R - FBA,COOL-CAB-LTPCH-R,FBA,7,1,2,1,0,5,10,21,7,4,9,17,14,10,14,7,10,7,0,2,8,0,0,0,0,0,0,0,0,0,0,0,0,0,0,0,56.1,14.66,23.04,12.56,0,50.69,93.23,216.09,73.43,41.96,74.49,167.81,152.79,104.73,139.12,78.16,103.46,69.06,0,21,96.27,0,0,0,0,0,0,0,0,0,0,0,0,0,0,0
COOL-CAB-LTPNK-R - B2B,COOL-CAB-LTPNK-R,B2B,2,6,0,2,1,1,5,0,0,2,0,16,2,3,0,0,4,10,2,0,0,12,6,0,0,7,0,0,2,0,0,0,0,0,0,0,14.25,40.5,0,14.24,7.5,7.5,36.91,0,0,15,0,120,-0.71,22.5,0,0,30,75,15,0,0,99.96,49.98,0,0,1215.83,0,0,12.81,0,0,0,0,0,0,0
COOL-CAB-LTPNK-R - DTC,COOL-CAB-LTPNK-R,DTC,9,3,9,12,10,4,37,23,14,6,30,28,13,18,20,20,93,7,1,11,23,13,51,63,21,12,9,26,54,265,0,0,0,0,0,0,18.33,0,82.02,176.13,116.08,61.15,184.18,326.77,198.52,87.54,379.08,397.26,196.32,265.88,282.49,221.5,569.69,77.05,13.5,173.94,353.93,194.34,734.25,954.77,344.46,113,157.93,432.68,917.29,4046.14,0,0,0,0,0,0
COOL-CAB-LTPNK-R - FBA,COOL-CAB-LTPNK-R,FBA,1,3,4,0,4,6,3,5,1,1,5,2,2,1,6,2,11,9,2,2,2,2,8,21,10,10,8,3,27,35,1,0,0,0,0,0,14.99,41.22,53.98,0,54.73,86.95,44.97,77.03,19.16,14.99,54.99,29.98,29.98,14.99,83.95,33.32,156.49,129,34.14,36.66,35.85,36.14,129.94,347.85,177.41,169.93,133.28,45.14,431.92,590.1,16.66,0,0,0,0,0
COOL-CAB-LTPPL-R - B2B,COOL-CAB-LTPPL-R,B2B,5,1,0,6,29,5,3,27,0,21,2,0,50,0,0,0,0,0,0,0,0,0,0,0,0,0,0,0,0,0,0,0,0,0,0,0,36.48,7.18,0,39.27,172.5,29.03,21.91,162,0,126,14.8,0,300,0,0,0,0,0,0,0,0,0,0,0,0,0,0,0,0,0,0,0,0,0,0,0
COOL-CAB-LTPPL-R - DTC,COOL-CAB-LTPPL-R,DTC,62,64,17,13,33,67,81,148,53,31,142,159,70,0,12,0,4,0,0,0,0,0,0,0,0,0,0,0,0,0,0,0,0,0,0,0,479.47,502.86,214.7,153.54,340.9,696.7,832.73,1572.42,541.77,327.52,1100.46,1545.45,785.75,0,121.21,0,38.83,0,0,0,0,0,0,0,0,0,0,0,0,0,0,0,0,0,0,0
COOL-CAB-LTPPL-R - FBA,COOL-CAB-LTPPL-R,FBA,4,3,2,3,8,10,8,9,5,4,12,15,7,3,9,12,27,30,3,0,0,0,0,0,0,0,0,0,0,0,0,0,0,0,0,0,35.01,27.61,21.6,31.21,88.79,109.79,83.9,111.88,60,46,78.98,172.48,86.22,36.6,108,139.76,289.28,304.25,30.44,0,0,0,0,0,0,0,0,0,0,0,0,0,0,0,0,0
COOL-CAB-NAVY-R - B2B,COOL-CAB-NAVY-R,B2B,6,8,2,5,5,3,5,41,0,0,600,0,2,1,4,3,10,27,1,0,0,0,0,0,0,0,30,6,2,1,0,0,0,0,0,0,36.75,60,15,36.74,37.89,22.5,36.91,310.2,0,0,3000,3060,-0.71,8.02,31.28,22.5,75.75,205.61,7.5,0,0,0,0,0,0,1499.4,143.33,49.98,12.81,0,0,0,0,0,0,0
COOL-CAB-NAVY-R - DTC,COOL-CAB-NAVY-R,DTC,18,10,14,20,36,28,30,83,40,15,0,67,7,24,35,44,78,213,60,20,8,0,2,0,0,0,17,49,69,102,199,0,0,0,0,0,142.98,110.16,171.94,274.34,487.47,385.54,448.94,1208.4,601.81,32,0,997.89,110.4,353.24,498.25,563.7,1080.66,3203.25,860.59,302.99,112.54,0,31.29,0,0,0,288.05,775.37,1099.37,1661.12,3384.78,0,0,0,0,0
COOL-CAB-NAVY-R - FBA,COOL-CAB-NAVY-R,FBA,3,2,4,5,4,7,22,19,11,4,20,35,1,2,7,11,17,52,12,6,4,0,0,0,0,0,1,9,34,23,59,0,0,0,0,0,44.97,28.49,50.96,66.37,52.46,98.93,305.78,291.05,164.89,59.96,209.98,483.45,14.99,29.98,106.09,146.91,247.68,778.25,192.08,94.09,66.64,0,0,0,0,0,19.19,138.26,561.13,375.71,1088.08,0,0,0,0,0
COOL-CAB-PINK-R - B2B,COOL-CAB-PINK-R,B2B,5,0,0,5,26,4,0,44,0,0,0,0,20,1,0,0,0,0,0,0,0,0,0,0,0,0,0,0,0,0,0,0,0,0,0,0,36.48,0,0,28.05,157.5,21.53,0,266.16,0,0,0,0,120,6.42,0,0,0,0,0,0,0,0,0,0,0,0,0,0,0,0,0,0,0,0,0,0
COOL-CAB-PINK-R - DTC,COOL-CAB-PINK-R,DTC,89,74,14,18,82,70,82,257,63,27,134,167,45,1,0,0,0,0,0,0,0,0,0,0,0,0,0,0,0,0,0,0,0,0,0,0,654.88,482.37,171,231.13,865.27,711.63,828.5,2377.6,660.72,286.95,968.8,1454.15,494.09,9.45,0,0,0,0,0,0,0,0,0,0,0,0,0,0,0,0,0,0,0,0,0,0
COOL-CAB-PINK-R - FBA,COOL-CAB-PINK-R,FBA,4,6,2,8,7,11,9,5,3,6,9,10,9,7,9,13,22,56,1,0,0,0,0,0,0,0,0,0,0,0,0,0,0,0,0,0,34.19,51,24,81.59,77.4,122.93,88.54,60,36,70,88.27,112.6,110.08,84.83,104.86,155.26,229.63,558.99,10.5,0,0,0,0,0,0,0,0,0,0,0,0,0,0,0,0,0
COOL-CAB-PURPL-R - DTC,COOL-CAB-PURPL-R,DTC,0,0,1,0,0,0,0,0,0,0,0,0,0,0,0,0,0,0,0,0,0,0,17,0,0,0,0,0,0,0,0,0,0,0,0,0,0,0,13.67,0,0,0,0,0,0,0,0,0,0,0,0,0,0,0,0,0,0,0,131.28,0,0,0,0,0,0,0,0,0,0,0,0,0
COOL-CAB-RED-R - B2B,COOL-CAB-RED-R,B2B,0,1,0,0,0,0,0,0,0,0,0,0,0,0,0,0,0,0,0,0,0,0,0,0,0,0,0,0,0,0,0,0,0,0,0,0,0,7.18,0,0,0,0,0,0,0,0,0,0,0,0,0,0,0,0,0,0,0,0,0,0,0,0,0,0,0,0,0,0,0,0,0,0
COOL-CAB-RED-R - DTC,COOL-CAB-RED-R,DTC,0,0,7,0,0,0,0,0,0,0,0,0,0,0,0,0,0,0,0,0,0,0,0,0,0,0,0,0,0,0,0,0,0,0,0,0,0,0,81.83,0,0,0,0,0,0,0,0,0,0,0,0,0,0,0,0,0,0,0,0,0,0,0,0,0,0,0,0,0,0,0,0,0
COOL-DES-MIDNMOV - B2B,COOL-DES-MIDNMOV,B2B,0,0,0,0,0,0,0,0,0,0,0,0,4,0,11,24,7,0,2,0,0,0,0,0,0,0,30,0,6,1,0,0,0,0,0,0,0,0,0,0,0,0,0,0,0,0,0,0,21.45,0,77.1,321.44,53.07,0,15,0,0,0,0,0,0,0,143.33,0,49.98,0,0,0,0,0,0,0
COOL-DES-MIDNMOV - DTC,COOL-DES-MIDNMOV,DTC,0,0,0,0,0,0,0,0,0,0,0,0,0,28,35,64,56,0,0,0,0,0,0,0,0,0,22,36,103,194,197,0,0,0,0,0,0,0,0,0,0,0,0,0,0,0,0,0,0,391.19,518.99,874.56,780.94,0,0,0,0,0,0,0,0,0,385.46,576.77,1699.02,3210.63,3348.74,0,0,0,0,0
COOL-DES-MIDNMOV - FBA,COOL-DES-MIDNMOV,FBA,0,0,0,0,0,0,0,0,0,0,0,0,0,0,0,0,1,0,1,0,0,0,0,0,0,0,8,27,30,52,1,0,0,0,0,0,0,0,0,0,0,0,0,0,0,0,0,0,0,0,0,0,16.83,0,18.33,0,0,0,0,0,0,0,96.92,324.42,490.8,801.95,13.32,0,0,0,0,0
COOL-DES-SUNSRUN - B2B,COOL-DES-SUNSRUN,B2B,0,0,0,0,0,0,0,0,0,0,0,0,3,3,13,20,14,0,2,0,0,0,0,0,0,0,30,0,0,0,0,0,0,0,0,0,0,0,0,0,0,0,0,0,0,0,0,0,6.45,22.5,93.38,291.06,106.01,0,15,0,0,0,0,0,0,0,143.33,0,0,0,0,0,0,0,0,0
COOL-DES-SUNSRUN - DTC,COOL-DES-SUNSRUN,DTC,0,0,0,0,0,0,0,0,0,0,0,0,0,20,29,51,72,0,1,0,0,0,1,0,0,0,23,37,117,69,291,0,0,0,0,0,0,0,0,0,0,0,0,0,0,0,0,0,0,232.97,421.23,711.61,1057.77,0,16.75,0,0,0,16.67,0,0,0,382.22,586.98,1853.5,1131.98,5048.95,0,0,0,0,0
COOL-DES-SUNSRUN - FBA,COOL-DES-SUNSRUN,FBA,0,0,0,0,0,0,0,0,0,0,0,0,0,0,0,0,0,1,0,0,0,0,0,0,0,0,12,31,25,40,0,0,0,0,0,0,0,0,0,0,0,0,0,0,0,0,0,0,0,0,0,0,0,18.33,0,0,0,0,0,0,0,0,154.72,344.47,390.22,660.57,0,0,0,0,0,0
COOL-FST-BLU-R - DTC,COOL-FST-BLU-R,DTC,0,0,1,0,0,0,0,0,0,0,0,0,0,0,0,0,0,0,0,0,0,0,0,0,0,0,0,0,0,0,0,0,0,0,0,0,0,0,11.76,0,0,0,0,0,0,0,0,0,0,0,0,0,0,0,0,0,0,0,0,0,0,0,0,0,0,0,0,0,0,0,0,0
COOL-FST-BLU-R - FBA,COOL-FST-BLU-R,FBA,10,0,0,0,0,0,0,0,0,0,0,0,0,0,0,0,0,0,0,0,0,0,0,0,0,0,0,0,0,0,0,0,0,0,0,0,93.36,0,0,0,0,0,0,0,0,0,0,0,0,0,0,0,0,0,0,0,0,0,0,0,0,0,0,0,0,0,0,0,0,0,0,0
COOL-FST-BRT-R - B2B,COOL-FST-BRT-R,B2B,2,0,0,0,0,0,0,0,0,0,0,0,0,0,0,0,0,0,0,0,0,0,0,0,0,0,0,0,0,0,0,0,0,0,0,0,14.26,0,0,0,0,0,0,0,0,0,0,0,0,0,0,0,0,0,0,0,0,0,0,0,0,0,0,0,0,0,0,0,0,0,0,0
COOL-FST-BRT-R - DTC,COOL-FST-BRT-R,DTC,0,0,3,0,18,0,0,0,0,0,0,0,0,0,0,0,0,0,0,0,0,0,119,1,0,1,0,0,0,0,0,0,0,0,0,0,0,0,35.69,0,189.3,0,0,0,0,0,0,0,0,0,0,0,0,0,0,0,0,0,941.83,15,0,12.17,0,0,0,0,0,0,0,0,0,0
COOL-FST-BRT-R - FBA,COOL-FST-BRT-R,FBA,5,6,5,9,14,15,0,0,0,0,0,0,0,0,0,0,0,0,0,0,0,0,0,0,0,0,0,0,0,0,0,0,0,0,0,0,49.82,67.21,50.38,91.18,164.67,173.95,0,0,0,0,0,0,0,0,0,0,0,0,0,0,0,0,0,0,0,0,0,0,0,0,0,0,0,0,0,0
COOL-FST-GRN-R - B2B,COOL-FST-GRN-R,B2B,0,1,0,0,0,0,0,0,0,0,0,0,0,0,0,0,0,0,0,0,0,0,0,0,0,0,0,0,0,0,0,0,0,0,0,0,0,7.18,0,0,0,0,0,0,0,0,0,0,0,0,0,0,0,0,0,0,0,0,0,0,0,0,0,0,0,0,0,0,0,0,0,0
COOL-FST-GRN-R - DTC,COOL-FST-GRN-R,DTC,0,2,13,0,0,0,0,0,0,0,0,0,0,0,0,0,0,0,0,0,0,0,0,0,0,0,0,0,0,0,0,0,0,0,0,0,0,22.67,155.12,0,0,0,0,0,0,0,0,0,0,0,0,0,0,0,0,0,0,0,0,0,0,0,0,0,0,0,0,0,0,0,0,0
COOL-FST-GRN-R - FBA,COOL-FST-GRN-R,FBA,5,13,6,12,11,0,0,0,0,0,0,0,0,0,0,0,0,0,0,0,0,0,0,0,0,0,0,0,0,0,0,0,0,0,0,0,38.53,136.53,64.8,129.59,131.36,0,0,0,0,0,0,0,0,0,0,0,0,0,0,0,0,0,0,0,0,0,0,0,0,0,0,0,0,0,0,0
COOL-FST-GRY-R - B2B,COOL-FST-GRY-R,B2B,2,1,0,0,0,0,0,0,0,0,0,0,0,0,0,0,0,0,0,0,0,0,0,0,0,0,0,0,0,0,0,0,0,0,0,0,14.26,7.18,0,0,0,0,0,0,0,0,0,0,0,0,0,0,0,0,0,0,0,0,0,0,0,0,0,0,0,0,0,0,0,0,0,0
COOL-FST-GRY-R - DTC,COOL-FST-GRY-R,DTC,0,0,2,0,0,0,0,0,0,0,0,0,0,0,0,0,0,0,0,0,0,0,239,122,0,2,0,0,0,0,0,0,0,0,0,0,0,0,22.11,0,0,0,0,0,0,0,0,0,0,0,0,0,0,0,0,0,0,0,2009.56,1037.83,0,22.85,0,0,0,0,0,0,0,0,0,0
COOL-FST-GRY-R - FBA,COOL-FST-GRY-R,FBA,7,6,8,4,10,24,0,0,0,0,0,0,0,0,0,0,0,0,0,0,0,0,0,0,0,0,0,0,0,0,0,0,0,0,0,0,46.2,58.8,86.39,40.78,118.19,271.78,0,0,0,0,0,0,0,0,0,0,0,0,0,0,0,0,0,0,0,0,0,0,0,0,0,0,0,0,0,0
COOL-FST-PNK-R - B2B,COOL-FST-PNK-R,B2B,0,9,0,10,1,1,0,0,0,0,0,0,0,0,0,0,0,0,0,0,0,0,0,0,0,0,0,0,0,0,0,0,0,0,0,0,0,61.18,0,70.13,7.5,7.5,0,0,0,0,0,0,0,0,0,0,0,0,0,0,0,0,0,0,0,0,0,0,0,0,0,0,0,0,0,0
COOL-FST-PNK-R - DTC,COOL-FST-PNK-R,DTC,58,58,17,26,87,62,31,0,0,0,0,0,0,0,0,0,0,0,0,0,0,0,0,0,0,0,0,0,0,0,0,0,0,0,0,0,397.49,425.89,216.31,319.72,922.27,637.02,350,0,0,0,0,0,0,0,0,0,0,0,0,0,0,0,0,0,0,0,0,0,0,0,0,0,0,0,0,0
COOL-FST-PNK-R - FBA,COOL-FST-PNK-R,FBA,0,1,0,0,1,0,0,0,0,0,0,0,0,0,0,0,0,0,0,0,0,0,0,0,0,0,0,0,0,0,0,0,0,0,0,0,0,14.36,0,0,14.08,0,0,0,0,0,0,0,0,0,0,0,0,0,0,0,0,0,0,0,0,0,0,0,0,0,0,0,0,0,0,0
COOL-MAR-BLACK - B2B,COOL-MAR-BLACK,B2B,0,6,0,2,1,0,0,0,0,32,0,0,0,0,0,0,0,0,0,0,0,0,0,0,0,0,0,0,0,0,0,0,0,0,0,0,0,47.58,0,15,7.89,0,0,0,0,240,0,0,0,0,0,0,0,0,0,0,0,0,0,0,0,0,0,0,0,0,0,0,0,0,0,0
COOL-MAR-BLACK - DTC,COOL-MAR-BLACK,DTC,8,8,8,16,24,29,17,104,113,61,157,10,5,19,88,42,0,0,1,0,0,2,0,0,0,0,0,0,0,0,0,0,0,0,0,0,115.57,124.5,111.67,251.63,357.3,431.99,265.73,1088.99,1210.26,669.34,1539.23,106.52,44.03,203.38,1005.35,443.92,0,0,8.93,0,0,23.34,0,0,0,0,0,0,0,0,0,0,0,0,0,0
COOL-MAR-BLACK - FBA,COOL-MAR-BLACK,FBA,2,1,0,1,0,0,2,2,0,0,2,0,0,0,0,0,0,0,0,0,0,0,0,0,0,0,0,0,0,0,0,0,0,0,0,0,29.98,14.99,0,14.99,0,0,27.32,38.34,0,0,35.53,0,0,0,0,0,0,0,0,0,0,0,0,0,0,0,0,0,0,0,0,0,0,0,0,0
COOL-MAR-BLUE - B2B,COOL-MAR-BLUE,B2B,0,0,0,0,5,19,2,0,0,33,0,0,0,0,0,0,0,0,0,0,0,0,0,0,0,0,0,0,0,0,0,0,0,0,0,0,0,0,0,0,37.89,142.5,15,0,0,248.46,0,0,0,0,0,0,0,0,0,0,0,0,0,0,0,0,0,0,0,0,0,0,0,0,0,0
COOL-MAR-BLUE - DTC,COOL-MAR-BLUE,DTC,0,0,0,1,31,30,23,118,121,57,30,0,5,0,0,0,0,0,0,0,0,0,0,0,0,0,0,0,0,0,0,0,0,0,0,0,0,0,0,16.6,495.23,424.67,338.78,1228.19,1307.73,614.29,313.4,0,40.95,0,0,0,0,0,0,0,0,0,0,0,0,0,0,0,0,0,0,0,0,0,0,0
COOL-MAR-BLUE - FBA,COOL-MAR-BLUE,FBA,0,0,0,0,0,1,3,0,1,0,0,0,0,0,0,0,0,0,0,0,0,0,0,0,0,0,0,0,0,0,0,0,0,0,0,0,0,0,0,0,0,21.66,46.48,0,19.16,0,0,0,0,0,0,0,0,0,0,0,0,0,0,0,0,0,0,0,0,0,0,0,0,0,0,0
COOL-MAR-NAVY - B2B,COOL-MAR-NAVY,B2B,0,0,0,0,0,0,0,0,0,0,0,0,0,0,0,0,0,0,0,0,0,12,0,0,0,0,0,0,0,0,0,0,0,0,0,0,0,0,0,0,0,0,0,0,0,0,0,0,0,0,0,0,0,0,0,0,0,79.92,0,0,0,0,0,0,0,0,0,0,0,0,0,0
COOL-MAR-NAVY - DTC,COOL-MAR-NAVY,DTC,0,0,0,0,0,0,0,0,0,0,0,0,0,0,0,0,0,0,0,1,79,85,153,3,0,0,0,0,0,0,0,0,0,0,0,0,0,0,0,0,0,0,0,0,0,0,0,0,0,0,0,0,0,0,0,13.83,964.74,1042.22,1465.16,30.15,0,0,0,0,0,0,0,0,0,0,0,0
COOL-MAR-NAVY - FBA,COOL-MAR-NAVY,FBA,0,0,0,0,0,0,0,0,0,0,0,0,0,0,0,0,0,0,0,0,3,11,15,0,0,0,0,0,0,0,0,0,0,0,0,0,0,0,0,0,0,0,0,0,0,0,0,0,0,0,0,0,0,0,0,0,44.97,139.78,217.81,0,0,0,0,0,0,0,0,0,0,0,0,0
COOL-MAR-PINK - B2B,COOL-MAR-PINK,B2B,0,0,3,6,8,11,3,0,0,3,0,0,0,0,0,3,0,1,0,0,0,0,0,0,0,0,0,0,0,0,0,0,0,0,0,0,0,0,22.5,44.24,60,82.5,22.5,0,0,23.46,0,0,0,0,0,22.5,0,7.5,0,0,0,0,0,0,0,0,0,0,0,0,0,0,0,0,0,0
COOL-MAR-PINK - DTC,COOL-MAR-PINK,DTC,4,4,17,10,18,15,14,90,74,36,231,288,4,28,37,101,0,0,0,69,42,1,0,0,0,0,0,0,0,0,0,0,0,0,0,0,55.25,60.16,242.81,148.38,264.01,214.76,224.47,1021.42,793.79,393.87,1961.6,2904.79,26.75,293.23,414.55,1075.78,0,0,0,728.96,458.91,11.67,0,0,0,0,0,0,0,0,0,0,0,0,0,0
COOL-MAR-PINK - FBA,COOL-MAR-PINK,FBA,0,1,0,0,1,0,1,3,0,1,2,1,1,4,6,7,18,16,1,3,5,0,0,0,0,0,0,0,0,0,0,0,0,0,0,0,0,16.17,0,0,14.07,0,19.16,46.89,0,19.16,25.48,14.99,14.99,62.27,97.1,103.43,202.74,165.89,10.5,33.57,58.3,0,0,0,0,0,0,0,0,0,0,0,0,0,0,0
CROSSDOCK-1 - B2B,CROSSDOCK-1,B2B,0,0,0,14,0,0,0,0,0,0,0,0,0,0,0,0,0,0,0,0,0,0,0,0,0,0,0,0,0,0,0,0,0,0,0,0,0,0,0,0,0,0,0,0,0,0,0,0,0,0,0,0,0,0,0,0,0,0,0,0,0,0,0,0,0,0,0,0,0,0,0,0
CROSSDOCK-15 - B2B,CROSSDOCK-15,B2B,0,0,0,0,0,0,0,0,0,0,0,0,0,0,0,0,0,0,0,0,0,0,0,0,0,0,0,0,4,0,0,0,0,0,0,0,0,0,0,0,0,0,0,0,0,0,0,0,0,0,0,0,0,0,0,0,0,0,0,0,0,0,0,0,0,0,0,0,0,0,0,0
CROSSDOCK-16 - B2B,CROSSDOCK-16,B2B,0,0,0,0,0,0,0,0,0,0,0,0,0,0,0,0,0,0,0,0,0,0,0,0,0,0,0,0,3,0,0,0,0,0,0,0,0,0,0,0,0,0,0,0,0,0,0,0,0,0,0,0,0,0,0,0,0,0,0,0,0,0,0,0,0,0,0,0,0,0,0,0
CROSSDOCK-18 - B2B,CROSSDOCK-18,B2B,0,0,0,0,0,0,0,0,0,0,0,0,0,0,0,0,0,0,0,0,0,0,0,0,0,0,2,0,0,0,0,0,0,0,0,0,0,0,0,0,0,0,0,0,0,0,0,0,0,0,0,0,0,0,0,0,0,0,0,0,0,0,0,0,0,0,0,0,0,0,0,0
CROSSDOCK-2 - B2B,CROSSDOCK-2,B2B,0,0,0,26,0,0,0,0,0,0,0,0,0,0,0,0,0,0,0,0,0,0,0,0,0,0,0,1,0,0,0,0,0,0,0,0,0,0,0,0,0,0,0,0,0,0,0,0,0,0,0,0,0,0,0,0,0,0,0,0,0,0,0,0,0,0,0,0,0,0,0,0
CROSSDOCK-4 - B2B,CROSSDOCK-4,B2B,0,0,0,0,0,0,0,0,0,0,0,0,0,0,0,0,0,0,10,0,0,0,0,0,0,0,0,0,0,0,0,0,0,0,0,0,0,0,0,0,0,0,0,0,0,0,0,0,0,0,0,0,0,0,0,0,0,0,0,0,0,0,0,0,0,0,0,0,0,0,0,0
CROSSDOCK-6 - B2B,CROSSDOCK-6,B2B,0,0,0,0,0,0,0,0,0,0,0,0,0,0,0,0,0,0,0,0,8,0,0,0,0,0,0,0,0,0,0,0,0,0,0,0,0,0,0,0,0,0,0,0,0,0,0,0,0,0,0,0,0,0,0,0,0,0,0,0,0,0,0,0,0,0,0,0,0,0,0,0
CUSTOM-LOGO - B2B,CUSTOM-LOGO,B2B,75,196,836,227,881,130,89,75,226,0,700,0,1080,240,150,30,100,229,380,80,0,30,0,40,215,755,240,600,110,1150,330,0,0,0,0,0,0,0,2169.74,0,315,580,411.18,13.5,929,0,2800,0,320,1140,625,135,473.37,821.26,135,360,0,135,0,135,885,1040,980,0,570,3600,1341.79,0,0,0,0,0
CUSTOM-LOGO - DTC,CUSTOM-LOGO,DTC,0,0,0,0,8,1,168,44,34,0,160,0,262,50,75,295,391,552,619,131,625,60,30,0,33,158,197,951,50,245,30,0,0,0,0,0,0,0,0,0,0,313.08,0,0,0,0,0,0,0,0,0,0,0,209.45,166.2,0,0,0,0,0,0,0,0,0,0,0,0,0,0,0,0,0
DB-OT-TOWLB-CAB-LG-LTBLU - B2B,DB-OT-TOWLB-CAB-LG-LTBLU,B2B,0,0,0,0,0,0,0,0,0,0,0,0,0,0,0,0,0,0,0,0,0,10,0,0,0,0,0,0,0,0,0,0,0,0,0,0,0,0,0,0,0,0,0,0,0,0,0,0,0,0,0,0,0,0,0,0,0,0,0,0,0,0,0,0,0,0,0,0,0,0,0,0
DB-OT-TOWLB-CAB-LG-LTBLU - DTC,DB-OT-TOWLB-CAB-LG-LTBLU,DTC,16,3,25,102,121,218,532,490,55,29,2,21,14,9,47,36,189,302,544,403,0,89,0,0,0,0,0,0,0,0,0,0,0,0,0,0,0,0,0,329.17,0,4.17,4.17,0,0,4.17,0,0,0,0,0,0,0,0,0,0,0,0,0,0,0,0,0,0,0,0,0,0,0,0,0,0
DB-RICK-TOWLB-CAB-LG-BLUE - DTC,DB-RICK-TOWLB-CAB-LG-BLUE,DTC,0,0,0,0,0,0,0,0,0,0,0,0,0,32,72,19,0,130,25,79,74,92,56,56,42,68,75,77,78,21,0,0,0,0,0,0,0,0,0,0,0,0,0,0,0,0,0,0,0,124.17,10,0,0,0,0,0,0,0,0,0,0,0,0,0,0,0,0,0,0,0,0,0
DB-WL-BAGF - B2B,DB-WL-BAGF,B2B,0,0,0,0,351,0,700,0,0,0,0,0,0,0,0,0,0,0,0,0,0,0,0,0,0,0,0,0,0,0,0,0,0,0,0,0,0,0,0,0,2934.36,0,5852,0,0,0,0,0,0,0,0,0,0,0,0,0,0,0,0,0,0,0,0,0,0,0,0,0,0,0,0,0
DB-WL-COOL - B2B,DB-WL-COOL,B2B,0,0,0,800,351,0,0,0,0,0,0,0,0,0,0,0,0,0,0,0,0,0,0,0,0,0,0,0,0,0,0,0,0,0,0,0,0,0,0,7528,3302.91,0,0,0,0,0,0,0,0,0,0,0,0,0,0,0,0,0,0,0,0,0,0,0,0,0,0,0,0,0,0,0
DB-WL-HAIRW-SUE - B2B,DB-WL-HAIRW-SUE,B2B,0,0,0,0,0,0,0,0,0,0,0,0,0,0,0,0,0,0,0,0,500,0,0,0,0,0,0,0,0,0,0,0,0,0,0,0,0,0,0,0,0,0,0,0,0,0,0,0,0,0,0,0,0,0,0,0,2610,0,0,0,0,0,0,0,0,0,0,0,0,0,0,0
DB-WL-TOWLB-LG - B2B,DB-WL-TOWLB-LG,B2B,1040,0,0,606,0,0,0,0,0,0,0,0,0,0,500,0,500,0,0,0,0,0,850,0,0,0,0,0,0,0,0,0,0,0,0,0,12840,0,0,8777.97,0,0,0,0,0,0,0,0,0,0,7315,0,7315,0,0,0,0,0,12750,0,0,0,0,0,0,0,0,0,0,0,0,0
DB-WL-TOWLH-LG - B2B,DB-WL-TOWLH-LG,B2B,0,0,0,600,0,0,0,0,0,0,0,0,0,0,0,0,0,0,0,0,0,0,0,0,0,0,0,0,0,0,0,0,0,0,0,0,0,0,0,8778,0,0,0,0,0,0,0,0,0,0,0,0,0,0,0,0,0,0,0,0,0,0,0,0,0,0,0,0,0,0,0,0
DOGTWL-CAB-LG-CORAL - B2B,DOGTWL-CAB-LG-CORAL,B2B,2,3,0,0,2,0,2,0,0,4,0,4,0,0,0,0,0,0,0,0,0,0,0,0,0,0,0,0,0,0,0,0,0,0,0,0,25.89,35.08,0,0,25.48,0,24.16,0,0,49.58,0,40.01,0,0,0,0,0,0,0,0,0,0,0,0,0,0,0,0,0,0,0,0,0,0,0,0
DOGTWL-CAB-LG-CORAL - DTC,DOGTWL-CAB-LG-CORAL,DTC,39,44,13,16,19,10,32,82,19,10,130,128,8,0,9,7,0,2,7,0,0,0,0,0,0,0,0,0,0,0,0,0,0,0,0,0,490.84,603.38,250.36,310.42,330.17,180.6,578.29,1285.21,322.74,206.84,1884.92,1930.22,87.37,0,169.21,138,0,39.16,137.88,0,0,0,0,0,0,0,0,0,0,0,0,0,0,0,0,0
DOGTWL-CAB-LG-CORAL - FBA,DOGTWL-CAB-LG-CORAL,FBA,0,0,3,3,0,0,0,1,0,1,0,1,0,1,2,0,3,8,4,3,0,0,0,0,0,0,0,0,0,0,0,0,0,0,0,0,0,0,58,58,0,0,0,24.17,0,19.33,0,24.17,0,24.17,42.34,0,62.15,152.71,77.32,54.12,0,0,0,0,0,0,0,0,0,0,0,0,0,0,0,0
DOGTWL-CAB-LG-RAINB - B2B,DOGTWL-CAB-LG-RAINB,B2B,0,12,12,2,41,160,0,98,20,8,0,0,0,0,0,0,0,7,0,0,0,0,0,0,0,0,0,0,0,0,0,0,0,0,0,0,0,125.24,157.35,12.08,520.46,1932.8,0,1119.31,202.09,77.28,0,0,0,0,0,0,0,68.56,0,0,0,0,0,0,0,0,0,0,0,0,0,0,0,0,0,0
DOGTWL-CAB-LG-RAINB - DTC,DOGTWL-CAB-LG-RAINB,DTC,3,3,7,8,5,5,7,12,12,14,14,6,2,15,7,0,0,8,4,0,0,0,0,0,0,0,0,0,0,0,0,0,0,0,0,0,59.42,57.39,145.25,154.39,91.84,84.54,151.75,251.87,217.21,265.89,234.3,118.08,33.83,279.53,123.72,0,0,156.48,74.42,0,0,0,0,0,0,0,0,0,0,0,0,0,0,0,0,0
DOGTWL-CAB-LG-RAINB - FBA,DOGTWL-CAB-LG-RAINB,FBA,2,0,2,2,0,2,0,3,1,0,8,10,0,1,3,1,1,3,6,0,0,0,0,0,0,0,0,0,0,0,0,0,0,0,0,0,48.34,0,48.34,43.5,0,48.34,0,72.51,19.33,0,108.26,193.31,0,19.33,52.19,17.39,19.33,56.05,111.98,0,0,0,0,0,0,0,0,0,0,0,0,0,0,0,0,0
DOGTWL-CAB-MD-CORAL - B2B,DOGTWL-CAB-MD-CORAL,B2B,9,6,0,0,1,0,0,0,0,0,0,0,0,0,0,0,0,0,0,0,6,0,0,0,0,0,0,0,0,0,0,0,0,0,0,0,96.5,62.46,0,0,10.95,0,0,0,0,0,0,0,0,0,0,0,0,0,0,0,59,0,0,0,0,0,0,0,0,0,0,0,0,0,0,0
DOGTWL-CAB-MD-CORAL - DTC,DOGTWL-CAB-MD-CORAL,DTC,41,15,5,0,0,5,0,0,0,0,0,0,0,2,0,0,0,0,0,0,22,11,14,0,0,0,0,0,0,0,0,0,0,0,0,0,484.2,163.22,84.17,0,0,80.56,0,0,0,0,0,0,0,33.34,0,0,0,0,0,0,131.49,193.17,194.39,0,0,0,0,0,0,0,0,0,0,0,0,0
DOGTWL-CAB-MD-CORAL - FBA,DOGTWL-CAB-MD-CORAL,FBA,0,1,0,1,1,0,0,0,0,0,0,0,0,0,0,0,0,0,0,0,4,0,0,0,0,0,0,0,0,0,0,0,0,0,0,0,0,20.83,0,16.67,20.83,0,0,0,0,0,0,0,0,0,0,0,0,0,0,0,88.66,0,0,0,0,0,0,0,0,0,0,0,0,0,0,0
DOGTWL-CAB-MD-RAINB - B2B,DOGTWL-CAB-MD-RAINB,B2B,10,29,15,3,18,6,1,0,0,0,0,0,0,0,0,0,0,0,0,0,0,0,0,0,0,0,0,0,0,0,0,0,0,0,0,0,93.69,256.09,148.63,19.76,179.4,62.58,11.42,0,0,0,0,0,0,0,0,0,0,0,0,0,0,0,0,0,0,0,0,0,0,0,0,0,0,0,0,0
DOGTWL-CAB-MD-RAINB - DTC,DOGTWL-CAB-MD-RAINB,DTC,5,8,6,5,11,8,10,0,0,1,1,0,0,0,0,0,0,0,0,0,10,4,21,0,0,0,0,0,0,0,0,0,0,0,0,0,87.46,134.41,112.67,95.41,199.16,155.5,189.58,0,0,16.67,15,0,0,0,0,0,0,0,0,0,188.41,79.32,252.91,0,0,0,0,0,0,0,0,0,0,0,0,0
DOGTWL-CAB-MD-RAINB - FBA,DOGTWL-CAB-MD-RAINB,FBA,0,0,3,2,0,1,0,0,0,0,0,0,0,0,0,0,0,0,0,0,2,0,0,0,0,0,0,0,0,0,0,0,0,0,0,0,0,0,54.17,44.82,0,22.56,0,0,0,0,0,0,0,0,0,0,0,0,0,0,39.33,0,0,0,0,0,0,0,0,0,0,0,0,0,0,0
DOGTWL-DES-LG-BONES - B2B,DOGTWL-DES-LG-BONES,B2B,2,0,1,3,22,0,2,0,0,0,0,0,0,0,0,0,0,0,0,0,0,0,0,0,0,0,0,0,0,0,0,0,0,0,0,0,25.89,0,12.08,24.16,173.09,0,24.16,0,0,0,0,0,0,0,0,0,0,0,0,0,0,0,0,0,0,0,0,0,0,0,0,0,0,0,0,0
DOGTWL-DES-LG-BONES - DTC,DOGTWL-DES-LG-BONES,DTC,104,100,39,15,26,17,27,0,0,1,0,0,0,0,0,0,0,0,0,0,12,4,1,0,0,0,0,0,0,0,0,0,0,0,0,0,1402.06,1363.49,735.26,287.09,481.93,305.61,516.94,0,0,17.4,0,0,0,0,0,0,0,0,0,0,245.16,79.44,21.75,0,0,0,0,0,0,0,0,0,0,0,0,0
DOGTWL-DES-LG-BONES - FBA,DOGTWL-DES-LG-BONES,FBA,0,0,0,2,0,0,0,0,0,0,0,0,0,0,0,0,0,0,0,0,0,0,0,0,0,0,0,0,0,0,0,0,0,0,0,0,0,0,0,44.74,0,0,0,0,0,0,0,0,0,0,0,0,0,0,0,0,0,0,0,0,0,0,0,0,0,0,0,0,0,0,0,0
DOGTWL-DES-LG-CHKMTT - B2B,DOGTWL-DES-LG-CHKMTT,B2B,0,0,0,0,0,0,0,0,0,0,0,0,0,0,0,0,0,0,0,0,0,8,6,1,6,27,150,0,0,0,0,0,0,0,0,0,0,0,0,0,0,0,0,0,0,0,0,0,0,0,0,0,0,0,0,0,0,99.16,75,0,75,311.05,1875,0,0,0,0,0,0,0,0,0
DOGTWL-DES-LG-CHKMTT - DTC,DOGTWL-DES-LG-CHKMTT,DTC,0,0,0,0,0,0,0,0,0,0,0,0,0,0,0,0,0,0,0,0,0,7,37,59,48,22,7,1,0,0,0,0,0,0,0,0,0,0,0,0,0,0,0,0,0,0,0,0,0,0,0,0,0,0,0,0,0,184.16,785.77,1299.86,980.3,529.55,181.24,21.25,0,0,0,0,0,0,0,0
DOGTWL-DES-LG-CHKMTT - FBA,DOGTWL-DES-LG-CHKMTT,FBA,0,0,0,0,0,0,0,0,0,0,0,0,0,0,0,0,0,0,0,0,0,1,3,9,1,0,3,5,4,3,1,0,0,0,0,0,0,0,0,0,0,0,0,0,0,0,0,0,0,0,0,0,0,0,0,0,0,24.99,74.97,224.91,24.99,0,74.97,122.45,103.21,64.97,23.74,0,0,0,0,0
DOGTWL-DES-LG-DNBCLUB - B2B,DOGTWL-DES-LG-DNBCLUB,B2B,0,0,0,0,0,0,0,0,0,0,0,0,0,0,0,0,0,0,0,0,0,4,13,1,0,53,24,37,13,0,5,0,0,0,0,0,0,0,0,0,0,0,0,0,0,0,0,0,0,0,0,0,0,0,0,0,0,52.22,162.08,0,0,659.09,300,450,163.29,0,66.67,0,0,0,0,0
DOGTWL-DES-LG-DNBCLUB - DTC,DOGTWL-DES-LG-DNBCLUB,DTC,0,0,0,0,0,0,0,0,0,0,0,0,0,0,0,0,0,0,0,0,0,4,26,53,36,13,10,8,13,22,14,0,0,0,0,0,0,0,0,0,0,0,0,0,0,0,0,0,0,0,0,0,0,0,0,0,0,103.33,565.14,1203.93,695.69,333.31,250.83,189.58,304.57,493.91,310.02,0,0,0,0,0
DOGTWL-DES-LG-DNBCLUB - FBA,DOGTWL-DES-LG-DNBCLUB,FBA,0,0,0,0,0,0,0,0,0,0,0,0,0,0,0,0,0,0,0,0,0,1,0,5,8,2,4,0,6,12,0,0,0,0,0,0,0,0,0,0,0,0,0,0,0,0,0,0,0,0,0,0,0,0,0,0,0,24.99,0,122.45,194.92,49.98,99.96,0,147.44,247.39,0,0,0,0,0,0
DOGTWL-DES-LG-DOGDIN - B2B,DOGTWL-DES-LG-DOGDIN,B2B,0,0,0,0,0,0,0,0,0,0,0,0,0,0,0,0,0,0,0,0,0,0,18,0,6,45,18,6,12,7,5,0,0,0,0,0,0,0,0,0,0,0,0,0,0,0,0,0,0,0,0,0,0,0,0,0,0,0,225,0,75,553.62,225,75,150,71.25,66.67,0,0,0,0,0
DOGTWL-DES-LG-DOGDIN - DTC,DOGTWL-DES-LG-DOGDIN,DTC,0,0,0,0,0,0,0,0,0,0,0,0,0,0,0,0,0,0,0,0,0,5,38,65,46,19,15,6,14,16,9,0,0,0,0,0,0,0,0,0,0,0,0,0,0,0,0,0,0,0,0,0,0,0,0,0,0,99.81,820.77,1435,898.79,459.66,370.4,143.23,322.08,363.35,162.43,0,0,0,0,0
DOGTWL-DES-LG-DOGDIN - FBA,DOGTWL-DES-LG-DOGDIN,FBA,0,0,0,0,0,0,0,0,0,0,0,0,0,0,0,0,0,0,0,0,0,0,2,2,1,4,0,1,1,2,1,0,0,0,0,0,0,0,0,0,0,0,0,0,0,0,0,0,0,0,0,0,0,0,0,0,0,0,49.98,49.98,22.49,99.96,0,24.99,22.49,37.48,17.49,0,0,0,0,0
DOGTWL-DES-LG-FACES - B2B,DOGTWL-DES-LG-FACES,B2B,2,25,0,5,14,2,52,8,20,1,0,1,0,0,0,0,0,0,0,0,0,0,0,0,0,0,0,0,0,0,0,0,0,0,0,0,25.89,313.11,0,48.32,174.3,24.16,597.96,45.2,252.71,10.54,0,10,0,0,0,0,0,0,0,0,0,0,0,0,0,0,0,0,0,0,0,0,0,0,0,0
DOGTWL-DES-LG-FACES - DTC,DOGTWL-DES-LG-FACES,DTC,12,6,8,3,9,3,5,17,10,3,151,37,0,0,0,0,0,0,0,0,9,5,8,0,0,0,0,0,0,0,0,0,0,0,0,0,196.43,127.49,178.12,71,184.38,67.67,127.4,364.85,199.35,71.01,2092.78,622.58,0,0,0,0,0,0,0,0,175.5,96.28,120.82,0,0,0,0,0,0,0,0,0,0,0,0,0
DOGTWL-DES-LG-FACES - FBA,DOGTWL-DES-LG-FACES,FBA,0,0,1,0,0,0,0,0,1,1,7,7,0,2,0,0,0,0,0,0,0,1,4,0,0,0,0,0,0,0,0,0,0,0,0,0,0,0,24.17,0,0,0,0,0,19.33,19.33,104.39,135.31,0,38.66,0,0,0,0,0,0,0,23.33,86.64,0,0,0,0,0,0,0,0,0,0,0,0,0
DOGTWL-DES-LG-GOLONG - B2B,DOGTWL-DES-LG-GOLONG,B2B,0,0,0,0,0,0,0,0,0,0,0,0,0,0,0,0,0,0,0,0,0,14,0,0,0,21,18,6,12,0,20,0,0,0,0,0,0,0,0,0,0,0,0,0,0,0,0,0,0,0,0,0,0,0,0,0,0,181.64,0,0,0,239.21,225,75,150,0,254.17,0,0,0,0,0
DOGTWL-DES-LG-GOLONG - DTC,DOGTWL-DES-LG-GOLONG,DTC,0,0,0,0,0,0,0,0,0,0,0,0,0,0,0,0,0,0,0,0,0,8,23,32,26,11,9,9,13,16,15,0,0,0,0,0,0,0,0,0,0,0,0,0,0,0,0,0,0,0,0,0,0,0,0,0,0,204.33,512.36,657.07,501.31,275.46,199.16,195.83,282.79,380.41,319.07,0,0,0,0,0
DOGTWL-DES-LG-GOLONG - FBA,DOGTWL-DES-LG-GOLONG,FBA,0,0,0,0,0,0,0,0,0,0,0,0,0,0,0,0,0,0,0,0,0,0,2,4,2,2,2,2,3,4,0,0,0,0,0,0,0,0,0,0,0,0,0,0,0,0,0,0,0,0,0,0,0,0,0,0,0,0,46.93,99.96,49.98,49.98,49.98,44.98,69.97,82.46,0,0,0,0,0,0
DOGTWL-DES-LG-PAWS - B2B,DOGTWL-DES-LG-PAWS,B2B,0,0,0,0,0,0,0,0,0,0,0,0,0,0,0,0,0,2,0,0,0,0,0,0,0,0,0,0,0,0,0,0,0,0,0,0,0,0,0,0,0,0,0,0,0,0,0,0,0,0,0,0,0,20.26,0,0,0,0,0,0,0,0,0,0,0,0,0,0,0,0,0,0
DOGTWL-DES-LG-PAWS - DTC,DOGTWL-DES-LG-PAWS,DTC,0,2,5,0,0,0,0,0,0,0,0,0,0,0,13,16,0,11,0,0,0,0,0,0,0,0,0,0,0,0,0,0,0,0,0,0,0,36.73,104.3,0,0,0,0,0,0,0,0,0,0,0,248.3,297.54,0,210.87,0,0,0,0,0,0,0,0,0,0,0,0,0,0,0,0,0,0
DOGTWL-DES-LG-PAWS - FBA,DOGTWL-DES-LG-PAWS,FBA,0,0,0,0,0,0,0,0,0,0,0,0,0,0,1,0,0,4,0,0,0,0,0,0,0,0,0,0,0,0,0,0,0,0,0,0,0,0,0,0,0,0,0,0,0,0,0,0,0,0,29.13,0,0,81.78,0,0,0,0,0,0,0,0,0,0,0,0,0,0,0,0,0,0
DOGTWL-DES-LG-PNKPAWS - B2B,DOGTWL-DES-LG-PNKPAWS,B2B,0,0,0,0,0,0,0,0,0,0,0,0,0,0,0,0,0,0,0,0,0,0,12,0,12,45,18,42,0,0,0,0,0,0,0,0,0,0,0,0,0,0,0,0,0,0,0,0,0,0,0,0,0,0,0,0,0,0,150,0,150,520.73,225,525,0,0,0,0,0,0,0,0
DOGTWL-DES-LG-PNKPAWS - DTC,DOGTWL-DES-LG-PNKPAWS,DTC,0,0,0,0,0,0,0,0,0,0,0,0,0,0,0,0,0,0,0,0,0,9,25,36,41,19,10,7,4,0,0,0,0,0,0,0,0,0,0,0,0,0,0,0,0,0,0,0,0,0,0,0,0,0,0,0,0,226.79,565.45,751.06,816.73,473.41,245.41,187.07,93.75,0,0,0,0,0,0,0
DOGTWL-DES-LG-PNKPAWS - FBA,DOGTWL-DES-LG-PNKPAWS,FBA,0,0,0,0,0,0,0,0,0,0,0,0,0,0,0,0,0,0,0,0,0,1,2,2,0,4,1,4,3,4,0,0,0,0,0,0,0,0,0,0,0,0,0,0,0,0,0,0,0,0,0,0,0,0,0,0,0,24.99,47.49,49.98,0,99.96,23.74,94.96,67.47,89.97,0,0,0,0,0,0
DOGTWL-DES-LG-UNDWLK - B2B,DOGTWL-DES-LG-UNDWLK,B2B,0,0,0,0,0,0,0,0,0,0,0,0,0,0,0,0,0,0,0,0,0,0,0,0,6,17,0,6,12,0,0,0,0,0,0,0,0,0,0,0,0,0,0,0,0,0,0,0,0,0,0,0,0,0,0,0,0,0,0,0,75,192.77,0,75,150,0,0,0,0,0,0,0
DOGTWL-DES-LG-UNDWLK - DTC,DOGTWL-DES-LG-UNDWLK,DTC,0,0,0,0,0,0,0,0,0,0,0,0,0,0,0,0,0,0,0,0,0,1,9,14,7,8,3,8,9,7,5,0,0,0,0,0,0,0,0,0,0,0,0,0,0,0,0,0,0,0,0,0,0,0,0,0,0,26.53,201.61,340.98,180.82,197.91,75.83,196.66,204.4,163.33,95.89,0,0,0,0,0
DOGTWL-DES-LG-UNDWLK - FBA,DOGTWL-DES-LG-UNDWLK,FBA,0,0,0,0,0,0,0,0,0,0,0,0,0,0,0,0,0,0,0,0,0,0,0,0,0,1,0,2,1,0,1,0,0,0,0,0,0,0,0,0,0,0,0,0,0,0,0,0,0,0,0,0,0,0,0,0,0,0,0,0,0,24.99,0,44.98,22.49,0,23.74,0,0,0,0,0
DOGTWL-DES-MD-BONES - B2B,DOGTWL-DES-MD-BONES,B2B,22,9,9,11,33,11,12,0,0,0,0,0,0,0,0,0,0,0,0,0,6,0,0,0,0,0,0,0,0,0,0,0,0,0,0,0,224.5,71.54,91.37,107.1,337.28,106.96,120.51,0,0,0,0,0,0,0,0,0,0,0,0,0,59,0,0,0,0,0,0,0,0,0,0,0,0,0,0,0
DOGTWL-DES-MD-BONES - DTC,DOGTWL-DES-MD-BONES,DTC,67,110,23,47,29,25,21,0,0,0,0,0,0,0,0,0,0,0,0,0,11,20,19,0,0,1,0,0,0,0,0,0,0,0,0,0,801.98,1369.15,388.59,765.4,488.61,422.69,316.27,0,0,0,0,0,0,0,0,0,0,0,0,0,203.43,365.08,242.33,0,0,19.67,0,0,0,0,0,0,0,0,0,0
DOGTWL-DES-MD-BONES - FBA,DOGTWL-DES-MD-BONES,FBA,1,0,0,0,0,1,0,3,1,1,5,1,0,0,0,0,0,0,0,0,2,1,0,0,0,0,0,0,0,0,0,0,0,0,0,0,22.55,0,0,0,0,23.99,0,64.57,20.83,20.83,87.49,12.5,0,0,0,0,0,0,0,0,42.66,21.33,0,0,0,0,0,0,0,0,0,0,0,0,0,0
DOGTWL-DES-MD-CHKMTT - B2B,DOGTWL-DES-MD-CHKMTT,B2B,0,0,0,0,0,0,0,0,0,0,0,0,0,0,0,0,0,0,0,0,0,8,6,0,6,11,0,0,0,0,0,0,0,0,0,0,0,0,0,0,0,0,0,0,0,0,0,0,0,0,0,0,0,0,0,0,0,88.32,67.5,0,67.5,110.32,0,0,0,0,0,0,0,0,0,0
DOGTWL-DES-MD-CHKMTT - DTC,DOGTWL-DES-MD-CHKMTT,DTC,0,0,0,0,0,0,0,0,0,0,0,0,0,0,0,0,0,0,0,0,0,9,32,49,52,26,17,0,1,0,0,0,0,0,0,0,0,0,0,0,0,0,0,0,0,0,0,0,0,0,0,0,0,0,0,0,0,208.58,586.58,1001.41,930.09,596.3,365.4,0,22.5,0,0,0,0,0,0,0
DOGTWL-DES-MD-CHKMTT - FBA,DOGTWL-DES-MD-CHKMTT,FBA,0,0,0,0,0,0,0,0,0,0,0,0,0,0,0,0,0,0,0,0,0,1,2,8,3,4,5,2,0,0,0,0,0,0,0,0,0,0,0,0,0,0,0,0,0,0,0,0,0,0,0,0,0,0,0,0,0,22.49,44.98,175.42,67.47,89.96,111.33,44.98,0,0,0,0,0,0,0,0
DOGTWL-DES-MD-DNBCLUB - B2B,DOGTWL-DES-MD-DNBCLUB,B2B,0,0,0,0,0,0,0,0,0,0,0,0,0,0,0,0,0,0,0,0,25,4,2,6,0,24,6,0,12,1,8,0,0,0,0,0,0,0,0,0,0,0,0,0,0,0,0,0,0,0,0,0,0,0,0,0,249.65,47,20.82,67.5,0,244.84,67.5,0,135,0,93.75,0,0,0,0,0
DOGTWL-DES-MD-DNBCLUB - DTC,DOGTWL-DES-MD-DNBCLUB,DTC,0,0,0,0,0,0,0,0,0,0,0,0,0,0,0,0,0,0,0,0,0,5,21,29,23,21,7,5,8,12,5,0,0,0,0,0,0,0,0,0,0,0,0,0,0,0,0,0,0,0,0,0,0,0,0,0,0,102.38,404.54,568.9,416.41,441.92,146.79,104.63,178.61,264.16,104.65,0,0,0,0,0
DOGTWL-DES-MD-DNBCLUB - FBA,DOGTWL-DES-MD-DNBCLUB,FBA,0,0,0,0,0,0,0,0,0,0,0,0,0,0,0,0,0,0,0,0,0,1,4,9,5,7,2,3,3,4,0,0,0,0,0,0,0,0,0,0,0,0,0,0,0,0,0,0,0,0,0,0,0,0,0,0,0,22.49,89.96,204.66,96.01,157.43,44.98,65.22,67.47,75.35,0,0,0,0,0,0
DOGTWL-DES-MD-DOGDIN - B2B,DOGTWL-DES-MD-DOGDIN,B2B,0,0,0,0,0,0,0,0,0,0,0,0,0,0,0,0,0,0,0,0,25,6,6,12,6,29,18,6,18,6,8,0,0,0,0,0,0,0,0,0,0,0,0,0,0,0,0,0,0,0,0,0,0,0,0,0,249.65,67.5,67.5,135,67.5,312.82,202.5,67.5,202.5,67.5,93.75,0,0,0,0,0
DOGTWL-DES-MD-DOGDIN - DTC,DOGTWL-DES-MD-DOGDIN,DTC,0,0,0,0,0,0,0,0,0,0,0,0,0,0,0,0,0,0,0,0,0,4,29,38,24,19,5,5,12,6,4,0,0,0,0,0,0,0,0,0,0,0,0,0,0,0,0,0,0,0,0,0,0,0,0,0,0,88.83,566.28,780.24,407.54,409.78,109.42,107.96,245.27,129.38,85.52,0,0,0,0,0
DOGTWL-DES-MD-DOGDIN - FBA,DOGTWL-DES-MD-DOGDIN,FBA,0,0,0,0,0,0,0,0,0,0,0,0,0,0,0,0,0,0,0,0,0,1,2,5,0,3,3,0,2,1,0,0,0,0,0,0,0,0,0,0,0,0,0,0,0,0,0,0,0,0,0,0,0,0,0,0,0,22.49,44.98,107.95,0,67.47,66.35,0,44.98,17.99,0,0,0,0,0,0
DOGTWL-DES-MD-FACES - B2B,DOGTWL-DES-MD-FACES,B2B,1,0,3,9,5,5,1,5,4,2,0,0,0,0,3,0,0,14,0,0,0,0,0,0,0,0,0,0,0,0,0,0,0,0,0,0,11.16,0,31.24,87.34,53.53,53.81,10.41,33.01,36.51,21.79,0,0,0,0,24.96,0,0,126.84,0,0,0,0,0,0,0,0,0,0,0,0,0,0,0,0,0,0
DOGTWL-DES-MD-FACES - DTC,DOGTWL-DES-MD-FACES,DTC,2,11,5,8,4,8,11,21,7,1,93,128,1,2,7,2,7,5,13,0,0,0,0,0,0,0,0,0,0,0,0,0,0,0,0,0,16.56,184.82,103.78,150.47,79.16,156.88,192.7,355.52,127.09,23.21,1132.29,1499.65,8.92,33.34,104.1,30,108.66,86.67,240.72,0,0,0,0,0,0,0,0,0,0,0,0,0,0,0,0,0
DOGTWL-DES-MD-FACES - FBA,DOGTWL-DES-MD-FACES,FBA,0,0,0,0,0,0,0,0,0,0,1,7,2,1,2,0,2,4,8,4,0,0,0,0,0,0,0,0,0,0,0,0,0,0,0,0,0,0,0,0,0,0,0,0,0,0,16.66,116.62,33.32,16.66,29.98,0,33.18,63.3,129.94,59.97,0,0,0,0,0,0,0,0,0,0,0,0,0,0,0,0
DOGTWL-DES-MD-GOLONG - B2B,DOGTWL-DES-MD-GOLONG,B2B,0,0,0,0,0,0,0,0,0,0,0,0,0,0,0,0,0,0,0,0,25,8,21,0,0,31,0,0,0,0,0,0,0,0,0,0,0,0,0,0,0,0,0,0,0,0,0,0,0,0,0,0,0,0,0,0,249.65,88.54,233.73,0,0,319.93,0,0,0,0,0,0,0,0,0,0
DOGTWL-DES-MD-GOLONG - DTC,DOGTWL-DES-MD-GOLONG,DTC,0,0,0,0,0,0,0,0,0,0,0,0,0,0,0,0,0,0,0,0,0,14,33,24,29,16,6,5,7,0,0,0,0,0,0,0,0,0,0,0,0,0,0,0,0,0,0,0,0,0,0,0,0,0,0,0,0,305.42,595.54,485.39,496.56,343.32,138.13,103.5,155.16,0,0,0,0,0,0,0
DOGTWL-DES-MD-GOLONG - FBA,DOGTWL-DES-MD-GOLONG,FBA,0,0,0,0,0,0,0,0,0,0,0,0,0,0,0,0,0,0,0,0,0,4,4,3,0,1,3,1,1,1,0,0,0,0,0,0,0,0,0,0,0,0,0,0,0,0,0,0,0,0,0,0,0,0,0,0,0,69.73,89.96,67.47,0,22.49,66.35,22.49,22.49,22.49,0,0,0,0,0,0
DOGTWL-DES-MD-PAWS - B2B,DOGTWL-DES-MD-PAWS,B2B,3,3,0,0,0,0,0,0,0,0,0,0,0,0,0,0,0,0,0,0,0,0,0,0,0,0,0,0,0,0,0,0,0,0,0,0,34.32,31.23,0,0,0,0,0,0,0,0,0,0,0,0,0,0,0,0,0,0,0,0,0,0,0,0,0,0,0,0,0,0,0,0,0,0
DOGTWL-DES-MD-PAWS - DTC,DOGTWL-DES-MD-PAWS,DTC,57,0,5,0,3,0,0,0,0,0,0,0,0,0,0,0,0,0,0,0,14,24,28,0,0,1,0,0,0,0,0,0,0,0,0,0,715.82,0,84.72,0,50.84,0,0,0,0,0,0,0,0,0,0,0,0,0,0,0,256.38,452.75,513.61,0,0,16.2,0,0,0,0,0,0,0,0,0,0
DOGTWL-DES-MD-PAWS - FBA,DOGTWL-DES-MD-PAWS,FBA,0,0,0,0,0,0,0,0,0,0,0,0,0,0,0,0,0,0,0,0,0,2,1,0,0,0,0,0,0,0,0,0,0,0,0,0,0,0,0,0,0,0,0,0,0,0,0,0,0,0,0,0,0,0,0,0,0,36.65,16.59,0,0,0,0,0,0,0,0,0,0,0,0,0
DOGTWL-DES-MD-PNKPAWS - B2B,DOGTWL-DES-MD-PNKPAWS,B2B,0,0,0,0,0,0,0,0,0,0,0,0,0,0,0,0,0,0,0,0,0,6,0,6,6,10,0,0,0,0,0,0,0,0,0,0,0,0,0,0,0,0,0,0,0,0,0,0,0,0,0,0,0,0,0,0,0,73.19,0,67.5,67.5,100.77,0,0,0,0,0,0,0,0,0,0
DOGTWL-DES-MD-PNKPAWS - DTC,DOGTWL-DES-MD-PNKPAWS,DTC,0,0,0,0,0,0,0,0,0,0,0,0,0,0,0,0,0,0,0,0,0,10,33,38,30,5,0,0,0,0,0,0,0,0,0,0,0,0,0,0,0,0,0,0,0,0,0,0,0,0,0,0,0,0,0,0,0,243.34,671.64,801.13,550.15,114.08,0,0,0,0,0,0,0,0,0,0
DOGTWL-DES-MD-PNKPAWS - FBA,DOGTWL-DES-MD-PNKPAWS,FBA,0,0,0,0,0,0,0,0,0,0,0,0,0,0,0,0,0,0,0,0,0,1,5,5,1,5,0,0,0,0,0,0,0,0,0,0,0,0,0,0,0,0,0,0,0,0,0,0,0,0,0,0,0,0,0,0,0,15.75,114.36,112.45,23.33,112.45,0,0,0,0,0,0,0,0,0,0
DOGTWL-DES-MD-UNDWLK - B2B,DOGTWL-DES-MD-UNDWLK,B2B,0,0,0,0,0,0,0,0,0,0,0,0,0,0,0,0,0,0,0,0,0,0,0,0,6,11,0,0,6,0,0,0,0,0,0,0,0,0,0,0,0,0,0,0,0,0,0,0,0,0,0,0,0,0,0,0,0,0,0,0,67.5,110.32,0,0,67.5,0,0,0,0,0,0,0
DOGTWL-DES-MD-UNDWLK - DTC,DOGTWL-DES-MD-UNDWLK,DTC,0,0,0,0,0,0,0,0,0,0,0,0,0,0,0,0,0,0,0,0,0,3,10,8,22,11,2,3,11,2,2,0,0,0,0,0,0,0,0,0,0,0,0,0,0,0,0,0,0,0,0,0,0,0,0,0,0,70.83,189.91,161.66,420.77,255.58,45,61.88,220.5,42.64,48.33,0,0,0,0,0
DOGTWL-DES-MD-UNDWLK - FBA,DOGTWL-DES-MD-UNDWLK,FBA,0,0,0,0,0,0,0,0,0,0,0,0,0,0,0,0,0,0,0,0,0,0,0,2,0,0,0,0,0,1,0,0,0,0,0,0,0,0,0,0,0,0,0,0,0,0,0,0,0,0,0,0,0,0,0,0,0,0,0,44.98,0,0,0,0,0,22.49,0,0,0,0,0,0
DOGTWL-LG-4SET-BLUES - DTC,DOGTWL-LG-4SET-BLUES,DTC,0,0,0,0,0,0,0,0,0,0,1,0,0,0,0,0,2,0,0,0,0,0,0,0,0,0,0,0,0,0,0,0,0,0,0,0,0,0,0,0,0,0,0,0,0,0,0,0,0,0,0,0,154.67,0,0,0,0,0,0,0,0,0,0,0,0,0,0,0,0,0,0,0
DOGTWL-LG-4SET-BRKPLD - DTC,DOGTWL-LG-4SET-BRKPLD,DTC,0,0,0,0,0,0,0,0,0,1,0,0,1,0,0,0,0,0,0,0,0,0,0,0,0,0,0,0,0,0,0,0,0,0,0,0,0,0,0,0,0,0,0,0,0,0,0,0,0,0,0,0,0,0,0,0,0,0,0,0,0,0,0,0,0,0,0,0,0,0,0,0
DOGTWL-LG-4SET-DOGDIS - DTC,DOGTWL-LG-4SET-DOGDIS,DTC,0,0,0,0,0,0,0,0,0,0,4,0,0,1,0,0,2,0,3,2,0,1,0,0,0,0,0,0,0,0,0,0,0,0,0,0,0,0,0,0,0,0,0,0,0,0,0,0,0,0,0,0,77.33,0,0,0,0,0,0,0,0,0,0,0,0,0,0,0,0,0,0,0
DOGTWL-LG-4SET-FRSWLK - DTC,DOGTWL-LG-4SET-FRSWLK,DTC,0,0,0,0,0,0,0,0,0,0,0,0,0,0,0,0,0,0,0,0,1,0,0,0,0,0,0,0,0,0,0,0,0,0,0,0,0,0,0,0,0,0,0,0,0,0,0,0,0,0,0,0,0,0,0,0,0,0,0,0,0,0,0,0,0,0,0,0,0,0,0,0
DOGTWL-LG-4SET-FULLPCK - DTC,DOGTWL-LG-4SET-FULLPCK,DTC,0,0,0,0,0,0,0,0,0,0,2,0,0,0,0,0,0,0,0,0,0,0,0,0,0,0,0,0,0,0,0,0,0,0,0,0,0,0,0,0,0,0,0,0,0,0,0,0,0,0,0,0,0,0,0,0,0,0,0,0,0,0,0,0,0,0,0,0,0,0,0,0
DOGTWL-LG-4SET-MISMTCH - DTC,DOGTWL-LG-4SET-MISMTCH,DTC,0,0,0,0,0,0,0,0,0,0,2,1,1,0,0,0,0,0,0,4,2,0,0,0,0,0,0,0,0,0,0,0,0,0,0,0,0,0,0,0,0,0,0,0,0,0,-7.73,77.33,0,0,0,0,0,0,0,0,0,0,0,0,0,0,0,0,0,0,0,0,0,0,0,0
DOGTWL-LG-BARKBLU - B2B,DOGTWL-LG-BARKBLU,B2B,2,9,6,7,12,0,2,10,0,3,0,0,0,0,5,0,0,0,0,0,0,0,0,0,0,0,0,0,0,0,0,0,0,0,0,0,22.99,103.96,72.5,65.11,49.64,0,24.16,88.83,0,33.54,0,0,0,0,53.14,0,0,0,0,0,0,0,0,0,0,0,0,0,0,0,0,0,0,0,0,0
DOGTWL-LG-BARKBLU - DTC,DOGTWL-LG-BARKBLU,DTC,5,10,8,6,5,12,6,15,16,19,0,0,9,0,6,0,0,3,0,0,0,1,0,0,0,0,0,0,0,0,0,0,0,0,0,0,90,187.23,195.57,135.35,109.86,267.92,134.08,294.61,291.27,363.97,0,0,157.76,0,115.76,0,0,56.76,0,0,0,23.33,0,0,0,0,0,0,0,0,0,0,0,0,0,0
DOGTWL-LG-BARKBLU - FBA,DOGTWL-LG-BARKBLU,FBA,0,0,0,0,0,0,0,3,6,5,14,4,0,1,5,1,6,4,3,0,0,0,0,0,0,0,0,0,0,0,0,0,0,0,0,0,0,0,0,0,0,0,0,67.65,120.81,92.79,247.73,61.86,0,19.33,90.85,13.53,98.61,65.74,53.16,0,0,0,0,0,0,0,0,0,0,0,0,0,0,0,0,0
DOGTWL-LG-K9CAMO - B2B,DOGTWL-LG-K9CAMO,B2B,0,0,0,0,0,0,0,0,0,1,101,2,8,6,10,14,11,7,0,12,0,0,6,0,0,0,0,0,0,0,0,0,0,0,0,0,0,0,0,0,0,0,0,0,0,12.08,1221.26,25.01,71.33,69.25,118.86,110.7,141.98,80.12,0,144.96,0,0,60,0,0,0,0,0,0,0,0,0,0,0,0,0
DOGTWL-LG-K9CAMO - DTC,DOGTWL-LG-K9CAMO,DTC,0,0,0,0,0,0,0,0,0,3,28,18,3,2,0,0,18,3,33,28,55,37,83,0,0,6,3,0,0,0,0,0,0,0,0,0,0,0,0,0,0,0,0,0,0,70.48,589.4,403.11,62.83,38.67,0,0,379.46,70.09,752.67,592.49,614.79,713.99,1380.48,0,0,122.66,52,0,0,0,0,0,0,0,0,0
DOGTWL-LG-K9CAMO - FBA,DOGTWL-LG-K9CAMO,FBA,0,0,0,0,0,0,0,0,0,1,0,0,0,0,0,0,0,1,4,4,6,1,2,1,2,2,0,1,2,2,0,0,0,0,0,0,0,0,0,0,0,0,0,0,0,28.33,0,0,0,0,0,0,0,24.16,94.22,96.64,149.11,29.99,49.98,24.99,49.98,49.98,0,19.99,33.98,36.98,0,0,0,0,0,0
DOGTWL-LG-PAWPPL - B2B,DOGTWL-LG-PAWPPL,B2B,0,12,13,0,2,1,0,6,0,3,0,0,0,0,0,2,2,2,0,0,0,0,0,0,0,0,0,0,0,0,0,0,0,0,0,0,0,148.19,154.98,0,24.16,12.08,0,33.9,0,32.95,0,0,0,0,0,19.32,20.64,21.24,0,0,0,0,0,0,0,0,0,0,0,0,0,0,0,0,0,0
DOGTWL-LG-PAWPPL - DTC,DOGTWL-LG-PAWPPL,DTC,2,4,0,3,3,1,2,322,4,6,68,7,1,0,6,21,16,15,15,0,0,0,6,1,0,0,0,0,0,0,0,0,0,0,0,0,15.89,73.47,0,67.67,70.09,0,44.1,2609.3,83.61,111.29,1023.12,131.27,8.7,0,112.15,332.73,304.74,287.57,292.96,0,0,0,132.49,17,0,0,0,0,0,0,0,0,0,0,0,0
DOGTWL-LG-PAWPPL - FBA,DOGTWL-LG-PAWPPL,FBA,0,0,0,0,0,1,0,0,0,1,2,2,0,1,1,3,2,2,6,15,5,3,3,0,0,0,0,0,0,0,0,0,0,0,0,0,0,0,0,0,0,25.9,0,0,0,19.33,38.66,38.66,0,19.33,19.33,48.33,38.66,36.72,112.12,256.13,99.95,59.97,59.97,0,0,0,0,0,0,0,0,0,0,0,0,0
DOGTWL-LG-PUPLAID - B2B,DOGTWL-LG-PUPLAID,B2B,0,0,0,0,0,0,0,0,0,53,125,3,7,30,3,16,92,87,14,7,51,0,0,0,0,0,0,0,0,0,0,0,0,0,0,0,0,0,0,0,0,0,0,0,0,640.24,1510,35.52,58.58,356.28,32.04,143.66,1069.7,1046.42,178.01,82.75,605.63,0,0,0,0,0,0,0,0,0,0,0,0,0,0,0
DOGTWL-LG-PUPLAID - DTC,DOGTWL-LG-PUPLAID,DTC,0,0,0,0,0,0,0,0,0,3,14,8,5,0,0,1,9,2,9,18,14,1,0,0,0,0,0,0,0,0,0,0,0,0,0,0,0,0,0,0,0,0,0,0,0,66.17,301.35,148.3,101.5,0,0,20.54,168.54,51.55,222.74,387.71,313.11,23.33,0,0,0,0,0,0,0,0,0,0,0,0,0,0
DOGTWL-LG-PUPLAID - FBA,DOGTWL-LG-PUPLAID,FBA,0,0,0,0,0,0,0,0,0,0,0,0,0,0,0,0,0,2,2,4,1,10,1,2,1,1,0,0,0,0,0,0,0,0,0,0,0,0,0,0,0,0,0,0,0,0,0,0,0,0,0,0,0,46.38,48.32,90.59,24.99,204.93,24.99,49.98,22.49,24.99,0,0,0,0,0,0,0,0,0,0
DOGTWL-LG-RHUBARK - B2B,DOGTWL-LG-RHUBARK,B2B,0,0,0,0,0,0,0,0,0,9,50,2,8,7,12,13,5,10,4,12,12,6,0,0,0,0,0,0,0,0,0,0,0,0,0,0,0,0,0,0,0,0,0,0,0,108.72,604,23.01,71.33,82.04,132.34,96.95,59.61,115.15,52.76,144.96,154.96,82.48,0,0,0,0,0,0,0,0,0,0,0,0,0,0
DOGTWL-LG-RHUBARK - DTC,DOGTWL-LG-RHUBARK,DTC,0,0,0,0,0,0,0,0,0,6,8,5,5,5,0,8,7,9,18,18,44,10,152,1,0,0,0,0,0,0,0,0,0,0,0,0,0,0,0,0,0,0,0,0,0,107.71,174.33,87.6,77.58,121.75,0,185.5,135.73,173.13,428.42,396.64,424.09,200.75,1872.14,23.33,0,0,0,0,0,0,0,0,0,0,0,0
DOGTWL-LG-RHUBARK - FBA,DOGTWL-LG-RHUBARK,FBA,0,0,0,0,0,0,0,0,0,0,0,1,0,0,2,0,2,1,3,3,1,1,0,1,0,2,1,2,0,0,0,0,0,0,0,0,0,0,0,0,0,0,0,0,0,0,0,22.77,0,0,48.32,0,45.9,24.16,70.06,67.65,24.99,24.99,0,24.99,0,49.98,24.99,42.48,0,0,0,0,0,0,0,0
DOGTWL-LG-SUNSPL - B2B,DOGTWL-LG-SUNSPL,B2B,0,0,0,0,0,0,0,0,0,1,51,0,4,3,18,6,5,3,0,0,0,0,0,0,0,0,0,0,0,0,0,0,0,0,0,0,0,0,0,0,0,0,0,0,0,12.08,617.26,0,25.28,33.88,205.77,31.59,61.18,32.91,0,0,0,0,0,0,0,0,0,0,0,0,0,0,0,0,0,0
DOGTWL-LG-SUNSPL - DTC,DOGTWL-LG-SUNSPL,DTC,0,0,0,0,0,0,0,0,0,0,1,3,3,2,4,1,1,0,4,13,33,8,190,25,0,7,4,0,0,0,0,0,0,0,0,0,0,0,0,0,0,0,0,0,0,0,21.75,63.01,75.01,45.92,92.75,21.75,19.33,0,96.08,294.4,142.36,159,2127.53,272.93,0,151.07,85.3,0,0,0,0,0,0,0,0,0
DOGTWL-LG-SUNSPL - FBA,DOGTWL-LG-SUNSPL,FBA,0,0,0,0,0,0,0,0,0,0,0,0,0,1,0,0,0,1,2,2,0,0,0,0,0,0,0,0,4,6,4,0,0,0,0,0,0,0,0,0,0,0,0,0,0,0,0,0,0,27.26,0,0,0,21.74,48.32,48.32,0,0,0,0,0,0,0,0,79.96,100.94,77.96,0,0,0,0,0
DOGTWL-LG-WALK - B2B,DOGTWL-LG-WALK,B2B,3,2,4,6,11,0,1,28,0,7,0,4,0,0,7,0,0,5,0,0,0,0,0,0,0,0,0,0,0,0,0,0,0,0,0,0,34.63,22.95,50.71,72.48,37.5,0,13.25,299.66,0,74.51,0,40.01,0,0,28.98,0,0,52.73,0,0,0,0,0,0,0,0,0,0,0,0,0,0,0,0,0,0
DOGTWL-LG-WALK - DTC,DOGTWL-LG-WALK,DTC,6,6,6,5,6,3,6,11,12,37,77,5,2,0,6,5,0,4,8,0,0,1,0,0,0,0,0,0,0,0,0,0,0,0,0,0,121.97,103.12,131.53,109.67,118.42,66.46,138.65,212.32,199.92,679.25,1292.71,106.29,40.07,0,115.54,98.49,0,75,145.48,0,0,21.67,0,0,0,0,0,0,0,0,0,0,0,0,0,0
DOGTWL-LG-WALK - FBA,DOGTWL-LG-WALK,FBA,0,0,0,0,0,0,0,0,0,2,5,1,0,2,0,3,1,3,3,20,3,6,0,0,0,0,0,0,0,0,0,0,0,0,0,0,0,0,0,0,0,0,0,0,0,34.8,88.76,11.6,0,51.65,0,54.13,19.33,46.41,57.99,364.68,59.97,119.94,0,0,0,0,0,0,0,0,0,0,0,0,0,0
DOGTWL-LG-WHERWOOF - B2B,DOGTWL-LG-WHERWOOF,B2B,0,0,0,0,0,0,0,0,0,7,51,2,14,5,19,18,11,11,16,12,18,6,0,0,0,0,0,0,0,0,0,0,0,0,0,0,0,0,0,0,0,0,0,0,0,84.56,617.26,25.78,130.49,56.46,226.75,154.19,138.76,132.04,199.95,144.96,235.37,66.49,0,0,0,0,0,0,0,0,0,0,0,0,0,0
DOGTWL-LG-WHERWOOF - DTC,DOGTWL-LG-WHERWOOF,DTC,0,0,0,0,0,0,0,0,0,5,21,20,14,10,5,0,8,3,25,34,31,36,54,2,0,0,0,0,0,0,0,0,0,0,0,0,0,0,0,0,0,0,0,0,0,107.27,441.87,473.5,312.87,186.93,114.43,0,164.34,68.87,572.7,778.11,677.87,729.63,1033.98,46.66,0,0,0,0,0,0,0,0,0,0,0,0
DOGTWL-LG-WHERWOOF - FBA,DOGTWL-LG-WHERWOOF,FBA,0,0,0,0,0,0,0,0,0,0,0,1,0,0,0,0,0,2,4,2,2,1,1,2,0,2,0,0,0,0,0,0,0,0,0,0,0,0,0,0,0,0,0,0,0,0,0,28.33,0,0,0,0,0,46.38,91.8,44.69,49.15,29.99,24.99,47.48,0,49.98,0,0,0,0,0,0,0,0,0,0
DOGTWL-LG-WOOFWILD - B2B,DOGTWL-LG-WOOFWILD,B2B,1,2,0,0,1,1,6,6,0,8,0,0,0,0,2,0,0,0,0,0,0,0,0,0,0,0,0,0,0,0,0,0,0,0,0,0,11.41,22.95,0,0,12.08,12.08,72.48,33.9,0,86.59,0,0,0,0,26.38,0,0,0,0,0,0,0,0,0,0,0,0,0,0,0,0,0,0,0,0,0
DOGTWL-LG-WOOFWILD - DTC,DOGTWL-LG-WOOFWILD,DTC,1,3,1,4,6,1,2,9,9,13,134,168,1,0,0,0,0,0,0,0,15,16,7,0,0,0,0,0,0,0,0,0,0,0,0,0,13.7,62.99,24.17,89.58,134.12,24.17,41.33,173.53,149.8,249.69,1929.76,2272.95,8.7,0,0,0,0,0,0,0,307,332.9,143.08,0,0,0,0,0,0,0,0,0,0,0,0,0
DOGTWL-LG-WOOFWILD - FBA,DOGTWL-LG-WOOFWILD,FBA,0,0,0,1,0,0,0,1,0,1,4,4,2,0,0,0,0,0,0,0,0,0,1,0,0,0,0,0,0,0,0,0,0,0,0,0,0,0,0,20.57,0,0,0,24.16,0,19.33,69.59,77.32,38.66,0,0,0,0,0,0,0,0,0,23.33,0,0,0,0,0,0,0,0,0,0,0,0,0
DOGTWL-MD-4SET-BLUES - DTC,DOGTWL-MD-4SET-BLUES,DTC,0,0,0,0,0,0,0,0,0,0,3,0,0,0,0,0,0,0,0,0,3,0,0,0,0,0,0,0,0,0,0,0,0,0,0,0,0,0,0,0,0,0,0,0,0,0,0,0,0,0,0,0,0,0,0,0,0,0,0,0,0,0,0,0,0,0,0,0,0,0,0,0
DOGTWL-MD-4SET-BRKPLD - DTC,DOGTWL-MD-4SET-BRKPLD,DTC,0,0,0,0,0,0,0,0,0,0,0,0,0,0,0,0,1,2,0,0,0,0,0,0,0,0,0,0,0,0,0,0,0,0,0,0,0,0,0,0,0,0,0,0,0,0,0,0,0,0,0,0,0,66.67,0,0,0,0,0,0,0,0,0,0,0,0,0,0,0,0,0,0
DOGTWL-MD-4SET-DOGDIS - DTC,DOGTWL-MD-4SET-DOGDIS,DTC,0,0,0,0,0,0,0,0,0,1,2,1,1,1,0,0,0,1,4,0,4,1,0,0,0,0,0,0,0,0,0,0,0,0,0,0,0,0,0,0,0,0,0,0,0,-7.2,-7.2,0,0,0,0,0,0,0,0,0,67.5,67.5,0,0,0,0,0,0,0,0,0,0,0,0,0,0
DOGTWL-MD-4SET-FRSWLK - DTC,DOGTWL-MD-4SET-FRSWLK,DTC,0,0,0,0,0,0,0,0,0,0,1,0,0,0,0,0,0,0,0,1,0,1,0,0,0,0,0,0,0,0,0,0,0,0,0,0,0,0,0,0,0,0,0,0,0,0,0,0,0,0,0,0,0,0,0,0,0,67.5,0,0,0,0,0,0,0,0,0,0,0,0,0,0
DOGTWL-MD-4SET-FULLPCK - DTC,DOGTWL-MD-4SET-FULLPCK,DTC,0,0,0,0,0,0,0,0,0,0,0,0,0,2,0,0,0,0,0,0,0,0,0,0,0,0,0,0,0,0,0,0,0,0,0,0,0,0,0,0,0,0,0,0,0,0,0,0,0,-6.67,0,0,0,0,0,0,0,0,0,0,0,0,0,0,0,0,0,0,0,0,0,0
DOGTWL-MD-4SET-MISMTCH - DTC,DOGTWL-MD-4SET-MISMTCH,DTC,0,0,0,0,0,0,0,0,0,0,2,0,0,0,0,0,1,0,0,2,2,4,0,0,0,0,0,0,0,0,0,0,0,0,0,0,0,0,0,0,0,0,0,0,0,0,-6.67,0,0,0,0,0,0,0,0,0,0,0,0,0,0,0,0,0,0,0,0,0,0,0,0,0
DOGTWL-MD-4SET-PAWFECT - DTC,DOGTWL-MD-4SET-PAWFECT,DTC,0,0,0,0,0,0,0,0,0,0,0,0,0,0,0,0,0,0,1,2,0,1,0,0,0,0,0,0,0,0,0,0,0,0,0,0,0,0,0,0,0,0,0,0,0,0,0,0,0,0,0,0,0,0,0,0,0,0,0,0,0,0,0,0,0,0,0,0,0,0,0,0
DOGTWL-MD-BARKBLU - B2B,DOGTWL-MD-BARKBLU,B2B,1,7,1,5,7,1,11,35,3,4,0,0,0,0,0,13,0,2,1,0,0,0,0,0,0,0,0,0,0,0,0,0,0,0,0,0,9.83,59.4,11.27,41.64,74.35,10.41,109.31,336.86,27.38,39.31,0,0,0,0,0,61.74,0,17.43,9.09,0,0,0,0,0,0,0,0,0,0,0,0,0,0,0,0,0
DOGTWL-MD-BARKBLU - DTC,DOGTWL-MD-BARKBLU,DTC,3,4,1,1,4,6,4,6,5,20,185,37,1,1,8,33,6,15,11,0,0,2,5,0,0,0,0,0,0,0,0,0,0,0,0,0,38.08,63.65,24.17,18.75,59.38,81.46,67.09,89.17,78.72,313.95,2391.71,518.97,7.5,20,133.76,487.08,107.46,245.88,195,0,0,31.5,78.8,0,0,0,0,0,0,0,0,0,0,0,0,0
DOGTWL-MD-BARKBLU - FBA,DOGTWL-MD-BARKBLU,FBA,0,0,0,0,2,0,0,0,1,3,9,1,0,0,5,0,6,3,22,9,0,3,7,0,0,0,0,0,0,0,0,0,0,0,0,0,0,0,0,0,42.6,0,0,0,16.66,59.13,129.79,16.66,0,0,69.95,0,93.17,49.84,345.66,144.93,0,51.93,124.19,0,0,0,0,0,0,0,0,0,0,0,0,0
DOGTWL-MD-K9CAMO - B2B,DOGTWL-MD-K9CAMO,B2B,0,0,0,0,0,0,0,0,0,1,0,2,4,13,2,4,12,15,4,0,6,6,6,0,0,0,0,0,0,0,0,0,0,0,0,0,0,0,0,0,0,0,0,0,0,10.41,0,21.56,21.79,144.81,21.71,39.32,128.67,162.16,41.64,0,59,58.11,54,0,0,0,0,0,0,0,0,0,0,0,0,0
DOGTWL-MD-K9CAMO - DTC,DOGTWL-MD-K9CAMO,DTC,0,0,0,0,0,0,0,0,0,4,34,13,8,4,0,0,7,7,42,18,59,26,105,20,0,0,0,0,0,0,0,0,0,0,0,0,0,0,0,0,0,0,0,0,0,60.17,644.61,259.01,152.13,70.83,0,0,137.07,134.58,831.39,357.09,610.99,444.81,1462.61,373.49,0,0,0,0,0,0,0,0,0,0,0,0
DOGTWL-MD-K9CAMO - FBA,DOGTWL-MD-K9CAMO,FBA,0,0,0,0,0,0,0,0,0,1,0,2,0,1,1,0,0,1,5,14,3,4,0,0,0,0,0,0,0,0,0,0,0,0,0,0,0,0,0,0,0,0,0,0,0,23.99,0,44.82,0,20.83,20.83,0,0,20.83,99.97,273.87,67.47,89.96,0,0,0,0,0,0,0,0,0,0,0,0,0,0
DOGTWL-MD-PAWPPL - B2B,DOGTWL-MD-PAWPPL,B2B,3,5,0,0,4,0,2,4,1,4,0,0,0,0,3,2,6,16,0,0,0,0,0,0,0,0,0,0,0,0,0,0,0,0,0,0,34.32,50.01,0,0,40.59,0,20.82,22.6,9.13,34.05,0,0,0,0,24.96,17.29,51.06,145.14,0,0,0,0,0,0,0,0,0,0,0,0,0,0,0,0,0,0
DOGTWL-MD-PAWPPL - DTC,DOGTWL-MD-PAWPPL,DTC,0,7,1,2,7,3,4,42,5,5,43,30,2,2,1,13,21,12,13,0,0,0,1,0,0,0,0,0,0,0,0,0,0,0,0,0,0,100.54,20.39,37.08,122.34,62.92,85.09,395.57,70.43,80.25,556.65,405.26,15,33.34,15,221.62,329.53,192.99,231.37,0,0,0,18,0,0,0,0,0,0,0,0,0,0,0,0,0
DOGTWL-MD-PAWPPL - FBA,DOGTWL-MD-PAWPPL,FBA,0,0,0,0,0,0,1,1,1,1,4,4,0,1,2,0,0,5,5,1,0,0,0,0,0,0,0,0,0,0,0,0,0,0,0,0,0,0,0,0,0,0,20.83,20.83,16.66,13.32,59.97,59.97,0,23.99,26.64,0,0,79.82,85.79,16.66,0,0,0,0,0,0,0,0,0,0,0,0,0,0,0,0
DOGTWL-MD-PUPLAID - B2B,DOGTWL-MD-PUPLAID,B2B,0,0,0,0,0,0,0,1,0,3,0,2,7,6,10,17,15,10,0,12,6,0,0,0,0,0,6,0,6,0,0,0,0,0,0,0,0,0,0,0,0,0,0,0,0,31.23,0,21.56,50.48,66.1,107.46,142.53,156.3,106.25,0,124.92,72.36,0,0,0,0,0,51.3,0,54,0,0,0,0,0,0,0
DOGTWL-MD-PUPLAID - DTC,DOGTWL-MD-PUPLAID,DTC,0,0,0,0,0,0,0,0,0,4,19,15,5,0,0,4,11,17,22,21,21,21,35,336,170,56,39,28,34,43,27,0,0,0,0,0,0,0,0,0,0,0,0,0,0,54.38,325.41,292.4,106.67,0,0,88.29,210.72,292.67,460.65,392.23,379.77,389.51,525.55,4054.06,2264.77,1041.8,708.15,451.85,584.47,745.76,456.8,0,0,0,0,0
DOGTWL-MD-PUPLAID - FBA,DOGTWL-MD-PUPLAID,FBA,0,0,0,0,0,0,0,0,0,0,0,2,1,0,0,0,2,2,2,1,1,2,0,2,1,0,3,4,2,9,2,0,0,0,0,0,0,0,0,0,0,0,0,0,0,0,0,43.62,20.83,0,0,0,43.96,41.66,41.66,18.74,20.83,31.48,0,44.98,22.49,0,67.47,83.07,36,147.98,36,0,0,0,0,0
DOGTWL-MD-RHUBARK - B2B,DOGTWL-MD-RHUBARK,B2B,0,0,0,0,0,0,0,1,0,3,0,2,5,4,5,12,2,7,4,0,24,0,0,0,0,0,0,0,0,0,0,0,0,0,0,0,0,0,0,0,0,0,0,0,0,31.23,0,19.83,33.34,44.63,53.38,93.12,22.24,73.4,44.12,0,266.36,0,0,0,0,0,0,0,0,0,0,0,0,0,0,0
DOGTWL-MD-RHUBARK - DTC,DOGTWL-MD-RHUBARK,DTC,0,0,0,0,0,0,0,0,0,5,12,10,8,7,0,0,13,12,22,26,38,13,47,25,1,1,0,0,0,0,0,0,0,0,0,0,0,0,0,0,0,0,0,0,0,100.55,229.7,204.44,167.07,155.54,0,0,240.83,227.18,451.53,528.13,238.13,225.11,613.37,467.09,18,21.33,0,0,0,0,0,0,0,0,0,0
DOGTWL-MD-RHUBARK - FBA,DOGTWL-MD-RHUBARK,FBA,0,0,0,0,0,0,0,0,0,0,0,1,1,0,2,1,0,3,1,5,0,0,0,4,0,1,0,0,0,0,0,0,0,0,0,0,0,0,0,0,0,0,0,0,0,0,0,23.99,20.83,0,41.66,18.75,0,58.31,20.83,94.76,0,0,0,85.46,0,22.49,0,0,0,0,0,0,0,0,0,0
DOGTWL-MD-SUNSPL - B2B,DOGTWL-MD-SUNSPL,B2B,0,0,0,0,0,0,0,0,0,2,0,0,2,2,13,8,3,2,0,0,6,0,0,0,0,0,0,0,0,0,0,0,0,0,0,0,0,0,0,0,0,0,0,0,0,20.82,0,0,-0.99,22.59,141.19,58.37,33.64,21.94,0,0,67.5,0,0,0,0,0,0,0,0,0,0,0,0,0,0,0
DOGTWL-MD-SUNSPL - DTC,DOGTWL-MD-SUNSPL,DTC,0,0,0,0,0,0,0,0,0,3,0,2,2,9,3,2,3,0,14,19,33,10,163,21,1,0,0,0,0,0,0,0,0,0,0,0,0,0,0,0,0,0,0,0,0,42.92,0,41.82,12.66,183.75,65.83,43.63,59.87,0,284.99,354.49,157.16,177.17,1754.87,197.94,21.33,0,0,0,0,0,0,0,0,0,0,0
DOGTWL-MD-SUNSPL - FBA,DOGTWL-MD-SUNSPL,FBA,0,0,0,0,0,0,0,0,0,0,0,0,0,1,1,0,0,2,1,1,0,0,0,0,2,0,0,2,1,0,0,0,0,0,0,0,0,0,0,0,0,0,0,0,0,0,0,0,0,20.83,20.83,0,0,41.66,20.83,20.83,0,0,0,0,44.98,0,0,32.41,18,0,0,0,0,0,0,0
DOGTWL-MD-WALK - B2B,DOGTWL-MD-WALK,B2B,8,5,2,0,2,0,0,5,7,2,6,3,0,0,7,6,2,3,1,0,0,0,0,0,0,0,0,0,0,0,0,0,0,0,0,0,87.03,51.01,20.83,0,21.56,0,0,33.01,63.88,17.41,62.46,25.84,0,0,0,61.09,17.78,26.18,9.12,0,0,0,0,0,0,0,0,0,0,0,0,0,0,0,0,0
DOGTWL-MD-WALK - DTC,DOGTWL-MD-WALK,DTC,5,6,0,2,5,3,3,3,4,9,59,175,11,0,7,23,17,23,3,0,0,0,7,0,0,0,0,0,0,0,0,0,0,0,0,0,85.77,100.97,0,41.66,96.87,60.42,57.61,47.25,62.38,148.36,804.09,1874.06,98.39,0,111.84,365.76,294.43,372.15,53.06,0,0,0,122.32,0,0,0,0,0,0,0,0,0,0,0,0,0
DOGTWL-MD-WALK - FBA,DOGTWL-MD-WALK,FBA,0,0,0,0,1,0,0,3,1,3,1,5,3,5,1,4,3,2,2,1,0,0,1,0,0,0,0,0,0,0,0,0,0,0,0,0,0,0,0,0,20.82,0,0,58.32,16.66,46.64,16.66,83.3,49.98,84.96,16.66,54.97,44.98,31.65,33.32,11.66,0,0,18,0,0,0,0,0,0,0,0,0,0,0,0,0
DOGTWL-MD-WHERWOOF - B2B,DOGTWL-MD-WHERWOOF,B2B,0,0,0,0,0,0,0,0,0,1,0,4,8,11,4,9,9,15,7,6,6,12,0,0,0,0,0,0,0,0,0,0,0,0,0,0,0,0,0,0,0,0,0,0,0,10.41,0,42.05,49.99,122.77,43.41,82.07,93,161.1,73.83,62.46,72.36,125.83,0,0,0,0,0,0,0,0,0,0,0,0,0,0
DOGTWL-MD-WHERWOOF - DTC,DOGTWL-MD-WHERWOOF,DTC,0,0,0,0,0,0,0,0,0,6,23,14,8,2,0,0,9,4,46,33,56,32,2,0,0,0,0,0,0,0,0,0,0,0,0,0,0,0,0,0,0,0,0,0,0,97.02,445.06,277.01,150.42,33.33,0,0,178.83,76.25,901.08,642.28,772.55,557.27,39.33,0,0,0,0,0,0,0,0,0,0,0,0,0
DOGTWL-MD-WHERWOOF - FBA,DOGTWL-MD-WHERWOOF,FBA,0,0,0,0,0,0,0,0,0,0,0,0,2,1,0,0,0,3,4,6,4,1,3,1,0,1,0,0,0,0,0,0,0,0,0,0,0,0,0,0,0,0,0,0,0,0,0,0,41.66,20.83,0,0,0,61.6,79.14,124.98,84.98,22.49,65.22,20.24,0,22.49,0,0,0,0,0,0,0,0,0,0
DOGTWL-MD-WOOFWILD - B2B,DOGTWL-MD-WOOFWILD,B2B,1,5,2,0,1,1,6,102,7,2,0,0,0,0,3,0,0,0,0,0,0,0,0,0,0,0,0,0,0,0,0,0,0,0,0,0,9.83,51.01,20.83,0,10.41,10.41,62.46,1001.67,63.88,17.41,0,0,0,0,0,0,0,0,0,0,0,0,0,0,0,0,0,0,0,0,0,0,0,0,0,0
DOGTWL-MD-WOOFWILD - DTC,DOGTWL-MD-WOOFWILD,DTC,0,3,0,1,3,1,4,6,5,8,0,0,0,2,0,0,0,0,0,0,9,16,106,9,0,1,0,0,0,0,0,0,0,0,0,0,0,46.35,0,18.75,38.54,25,75.42,103.98,81.12,132.77,0,0,0,33.34,0,0,0,0,0,0,173.69,280.92,1261.33,164.93,0,19.67,0,0,0,0,0,0,0,0,0,0
DOGTWL-MD-WOOFWILD - FBA,DOGTWL-MD-WOOFWILD,FBA,0,0,0,0,0,0,0,0,0,1,0,0,0,0,0,0,0,0,0,0,1,0,2,1,0,0,0,0,0,0,0,0,0,0,0,0,0,0,0,0,0,0,0,0,0,23.99,0,0,0,0,0,0,0,0,0,0,21.33,0,39.26,21.33,0,0,0,0,0,0,0,0,0,0,0,0
EYEMASK-DES-BOHMDRM - B2B,EYEMASK-DES-BOHMDRM,B2B,0,0,0,0,0,0,0,0,0,0,0,0,0,0,0,0,0,0,0,0,0,0,0,0,0,0,0,0,0,1,0,0,0,0,0,0,0,0,0,0,0,0,0,0,0,0,0,0,0,0,0,0,0,0,0,0,0,0,0,0,0,0,0,0,0,0,0,0,0,0,0,0
EYEMASK-DES-CHKOUT - B2B,EYEMASK-DES-CHKOUT,B2B,0,0,0,0,0,0,0,0,0,0,0,0,0,0,0,0,0,0,0,0,0,28,0,6,0,1,6,0,12,1,6,0,0,0,0,0,0,0,0,0,0,0,0,0,0,0,0,0,0,0,0,0,0,0,0,0,0,166.19,0,36.99,0,-0.25,34.98,0,69.96,0,34.98,0,0,0,0,0
EYEMASK-DES-CHKOUT - DTC,EYEMASK-DES-CHKOUT,DTC,0,0,0,0,0,0,0,0,0,0,0,0,0,0,0,0,0,0,0,0,1,12,25,19,8,9,10,12,31,49,17,0,0,0,0,0,0,0,0,0,0,0,0,0,0,0,0,0,0,0,0,0,0,0,0,0,13.22,131.54,240.58,202.37,75.82,9.92,120.82,107.08,288.71,434.08,145.36,0,0,0,0,0
EYEMASK-DES-CHRYBMB - B2B,EYEMASK-DES-CHRYBMB,B2B,0,0,0,0,0,0,0,0,0,0,0,0,0,0,0,0,0,0,0,0,42,0,0,6,0,1,30,6,77,63,18,0,0,0,0,0,0,0,0,0,0,0,0,0,0,0,0,0,0,0,0,0,0,0,0,0,214.43,0,437.25,36.99,0,-0.25,158.1,36.81,445.42,367.29,104.94,0,0,0,0,0
EYEMASK-DES-CHRYBMB - DTC,EYEMASK-DES-CHRYBMB,DTC,0,0,0,0,0,0,0,0,0,0,0,0,0,0,0,0,0,0,0,0,3,0,137,85,6,9,11,11,21,58,27,0,0,0,0,0,0,0,0,0,0,0,0,0,0,0,0,0,0,0,0,0,0,0,0,0,36.67,0,1382.2,910.4,73.12,112.41,115.07,123.49,221.7,429.43,311.61,0,0,0,0,0
EYEMASK-DES-FLIGHTS - B2B,EYEMASK-DES-FLIGHTS,B2B,0,0,0,0,0,0,0,0,0,0,0,0,0,0,0,0,0,0,0,0,0,0,60,0,0,0,0,0,0,0,0,0,0,0,0,0,0,0,0,0,0,0,0,0,0,0,0,0,0,0,0,0,0,0,0,0,0,0,700,0,0,0,0,0,0,0,0,0,0,0,0,0
EYEMASK-DES-FLIGHTS - DTC,EYEMASK-DES-FLIGHTS,DTC,0,0,0,0,0,0,0,0,0,0,0,0,0,0,0,0,0,0,0,0,0,0,0,0,0,12,6,7,14,9,12,0,0,0,0,0,0,0,0,0,0,0,0,0,0,0,0,0,0,0,0,0,0,0,0,0,0,0,0,0,0,107.69,54.93,62.58,124.69,83.55,106.44,0,0,0,0,0
EYEMASK-DES-NOTTDY - B2B,EYEMASK-DES-NOTTDY,B2B,0,0,0,0,0,0,0,0,0,0,0,0,0,0,0,0,0,0,0,0,39,6,9,0,6,1,12,18,156,12,0,0,0,0,0,0,0,0,0,0,0,0,0,0,0,0,0,0,0,0,0,0,0,0,0,0,192.19,34.98,489.72,0,34.98,-0.25,69.96,105,909.48,69.96,0,0,0,0,0,0
EYEMASK-DES-NOTTDY - DTC,EYEMASK-DES-NOTTDY,DTC,0,0,0,0,0,0,0,0,0,0,0,0,0,0,0,0,0,0,0,0,2,1,40,10,4,2,4,4,12,6,11,0,0,0,0,0,0,0,0,0,0,0,0,0,0,0,0,0,0,0,0,0,0,0,0,0,25,12.78,409.91,114.2,51.66,21.88,44.34,44.63,113.16,68.16,123.32,0,0,0,0,0
EYEMASK-DES-OOO - B2B,EYEMASK-DES-OOO,B2B,0,0,0,0,0,0,0,0,0,0,0,0,0,0,0,0,0,0,0,0,36,12,15,0,6,1,12,6,6,12,0,0,0,0,0,0,0,0,0,0,0,0,0,0,0,0,0,0,0,0,0,0,0,0,0,0,174.7,69.96,87.45,0,34.98,-0.25,69.96,34.98,34.98,69.96,0,0,0,0,0,0
EYEMASK-DES-OOO - DTC,EYEMASK-DES-OOO,DTC,0,0,0,0,0,0,0,0,0,0,0,0,0,0,0,0,0,0,0,0,1,5,16,6,6,3,4,6,4,10,8,0,0,0,0,0,0,0,0,0,0,0,0,0,0,0,0,0,0,0,0,0,0,0,0,0,11.67,44.69,154.18,53.97,58.81,35.67,45.82,67.39,50.97,120.14,99.13,0,0,0,0,0
EYEMASK-DES-SEASOIR - B2B,EYEMASK-DES-SEASOIR,B2B,0,0,0,0,0,0,0,0,0,0,0,0,0,0,0,0,0,0,0,0,0,0,0,0,0,0,0,0,0,1,0,0,0,0,0,0,0,0,0,0,0,0,0,0,0,0,0,0,0,0,0,0,0,0,0,0,0,0,0,0,0,0,0,0,0,0,0,0,0,0,0,0
FAIRE-COMMISSION - B2B,FAIRE-COMMISSION,B2B,9,8,15,16,43,32,32,15,7,7,8,1,20,14,17,19,28,40,45,26,13,19,17,15,20,17,26,28,31,48,27,0,0,0,0,0,528.53,373.25,298.44,602.4,995.81,861.17,847.16,378.24,115.14,126.85,323.41,40.94,553.16,549.23,414.33,444.71,822.48,486.46,662.54,426.03,94.49,537.07,173.56,0,0,410.63,0,78.08,302.53,106.86,0,0,0,0,0,0
FAIRE-PAYMENT-PROCESSING-FEE - B2B,FAIRE-PAYMENT-PROCESSING-FEE,B2B,9,8,16,16,43,32,32,15,7,7,8,1,20,14,17,19,28,40,45,26,13,19,17,15,20,17,26,28,31,48,27,0,0,0,0,0,0,0,0,0,0,0,0,0,0,0,0,0,0,0,0,0,0,0,0,0,0,0,0,0,0,0,0,0,0,0,0,0,0,0,0,0
GIFT-10 - DTC,GIFT-10,DTC,0,0,0,1,1,0,1,0,0,0,0,1,0,0,0,0,0,0,0,0,0,0,1,1,0,0,0,0,0,0,0,0,0,0,0,0,0,0,0,10,10,0,10,0,0,0,0,10,0,0,0,0,0,0,0,0,0,0,10,10,0,0,0,0,0,0,0,0,0,0,0,0
GIFT-100 - DTC,GIFT-100,DTC,0,0,0,0,0,0,1,0,0,0,0,0,0,0,0,1,0,0,0,0,0,0,0,0,1,0,0,0,2,0,0,0,0,0,0,0,0,0,0,0,0,0,100,0,0,0,0,0,0,0,0,100,0,0,0,0,0,0,0,0,100,0,0,0,200,0,0,0,0,0,0,0
GIFT-20 - DTC,GIFT-20,DTC,1,2,3,0,2,2,6,2,1,1,1,3,1,3,3,2,2,5,0,0,0,0,0,3,1,0,1,0,6,5,0,0,0,0,0,0,20,40,60,0,40,40,100,40,20,20,20,57.98,20,60,60,40,40,100,0,0,0,0,0,56.67,20,0,20,0,120,100,0,0,0,0,0,0
GIFT-30 - DTC,GIFT-30,DTC,1,1,3,3,1,2,2,3,1,1,0,3,0,1,1,3,3,5,1,0,0,0,1,4,0,0,4,3,1,3,0,0,0,0,0,0,30,23.3,90,90,30,60,60,90,30,30,0,90,0,30,30,90,90,150,30,0,0,0,30,115,0,0,120,90,30,90,0,0,0,0,0,0
GIFT-50 - DTC,GIFT-50,DTC,0,0,0,0,3,4,4,1,0,3,0,2,2,1,4,2,0,0,2,0,0,2,0,0,2,1,0,2,6,2,0,0,0,0,0,0,0,0,0,0,141.67,200,200,50,0,141.67,0,100,100,50,200,100,0,0,100,0,0,50,0,0,100,50,0,91.67,300,100,0,0,0,0,0,0
GIFT-80 - DTC,GIFT-80,DTC,0,0,0,0,0,1,0,1,0,0,0,0,0,0,0,0,0,0,1,0,0,0,0,0,0,0,1,0,1,0,0,0,0,0,0,0,0,0,0,0,0,66.67,0,80,0,0,0,0,0,0,0,0,0,0,80,0,0,0,0,0,0,0,80,0,80,0,0,0,0,0,0,0
GIFT-BOX-BEAUTY-CAB-LTPNK - B2B,GIFT-BOX-BEAUTY-CAB-LTPNK,B2B,0,0,0,0,0,0,0,1,0,872,1208,9,3,5,6,13,12,4,23,6,6,42,0,0,0,0,0,0,0,0,0,0,0,0,0,0,0,0,0,0,0,0,0,0,0,6615.21,9204.96,81.01,32.93,35.4,54.45,107.92,96.63,34.96,176.48,49.98,49.98,349.86,0,0,0,0,0,0,0,0,0,0,0,0,0,0
GIFT-BOX-BEAUTY-CAB-LTPNK - DTC,GIFT-BOX-BEAUTY-CAB-LTPNK,DTC,0,0,0,0,0,0,0,0,0,13,110,338,40,35,36,23,40,18,37,6,0,1,0,0,0,0,0,0,0,0,0,0,0,0,0,0,0,0,0,0,0,0,0,0,0,217.08,1713.02,5619.35,673.51,558.87,570.05,385.28,635.43,285.01,605.26,94.69,0,13.33,0,0,0,0,0,0,0,0,0,0,0,0,0,0
GIFT-BOX-BEAUTY-CHRYBMB - B2B,GIFT-BOX-BEAUTY-CHRYBMB,B2B,0,0,0,0,0,0,0,0,0,0,0,0,0,0,0,0,0,0,0,0,0,42,72,0,0,1,6,30,63,37,306,0,0,0,0,0,0,0,0,0,0,0,0,0,0,0,0,0,0,0,0,0,0,0,0,0,0,343.87,1849.26,0,0,299.65,49.98,279.39,608.07,313.18,3049.98,0,0,0,0,0
GIFT-BOX-BEAUTY-CHRYBMB - DTC,GIFT-BOX-BEAUTY-CHRYBMB,DTC,0,0,0,0,0,0,0,0,0,0,0,0,0,0,0,0,0,0,0,0,46,222,1236,134,0,7,41,42,50,52,44,0,0,0,0,0,0,0,0,0,0,0,0,0,0,0,0,0,0,0,0,0,0,0,0,0,747.1,3545.72,18056.99,1861.71,0,142.11,813.34,856.4,968.72,1021.99,848.8,0,0,0,0,0
GIFT-BOX-BEAUTY-SERENE - B2B,GIFT-BOX-BEAUTY-SERENE,B2B,0,0,0,0,0,0,0,1,6,48,23,8,1,0,0,0,0,10,0,0,0,0,0,0,0,0,0,0,0,0,0,0,0,0,0,0,0,0,0,0,0,0,0,0,55.02,448.77,213.61,75.14,-0.44,0,0,0,0,91.7,0,0,0,0,0,0,0,0,0,0,0,0,0,0,0,0,0,0
GIFT-BOX-BEAUTY-SERENE - DTC,GIFT-BOX-BEAUTY-SERENE,DTC,0,0,0,0,0,0,0,0,22,36,85,21,1,0,0,0,0,2,0,0,0,3,0,0,0,0,0,0,0,0,0,0,0,0,0,0,0,0,0,0,0,0,0,0,235.24,610.24,1446.03,342.66,16.5,0,0,0,0,40,0,0,0,39.6,0,0,0,0,0,0,0,0,0,0,0,0,0,0
GIFT-BOX-BEAUTY-SUM-UNICN - B2B,GIFT-BOX-BEAUTY-SUM-UNICN,B2B,0,0,0,0,0,0,0,1,0,38,24,13,6,3,2,0,2,0,0,0,0,0,0,0,0,0,0,0,0,0,0,0,0,0,0,0,0,0,0,0,0,0,0,0,0,324.37,202.37,112.71,63.14,24.99,18.23,0,16.66,0,0,0,0,0,0,0,0,0,0,0,0,0,0,0,0,0,0,0
GIFT-BOX-BEAUTY-SUM-UNICN - DTC,GIFT-BOX-BEAUTY-SUM-UNICN,DTC,0,0,0,0,0,0,0,0,18,58,113,263,31,0,0,0,0,8,0,0,4,0,0,0,0,0,0,0,0,0,0,0,0,0,0,0,0,0,0,0,0,0,0,0,114.04,877.95,1766.78,4266.77,513.28,0,0,0,0,138.72,0,0,53.33,0,0,0,0,0,0,0,0,0,0,0,0,0,0,0
GIFT-BOX-BEAUTY-TIGPALM - B2B,GIFT-BOX-BEAUTY-TIGPALM,B2B,0,0,0,0,0,0,0,0,0,0,0,0,0,0,0,0,0,0,0,0,3,78,54,43,26,14,30,24,9,0,0,0,0,0,0,0,0,0,0,0,0,0,0,0,0,0,0,0,0,0,0,0,0,0,0,0,0,643.75,1702.66,362.93,229.11,111.77,279.96,208.37,70.74,0,0,0,0,0,0,0
GIFT-BOX-BEAUTY-TIGPALM - DTC,GIFT-BOX-BEAUTY-TIGPALM,DTC,0,0,0,0,0,0,0,0,0,0,0,0,0,0,0,0,0,0,0,0,16,120,623,530,48,58,49,49,55,0,0,0,0,0,0,0,0,0,0,0,0,0,0,0,0,0,0,0,0,0,0,0,0,0,0,0,247.22,1829.42,9200.42,8964.63,937.9,1111.23,1007.35,809.24,867.4,0,0,0,0,0,0,0
GIFT-BOX-HAIR-FRUU - B2B,GIFT-BOX-HAIR-FRUU,B2B,0,0,0,0,0,0,0,0,0,0,0,0,0,0,0,0,0,0,0,0,0,0,0,12,0,0,12,0,0,0,0,0,0,0,0,0,0,0,0,0,0,0,0,0,0,0,0,0,0,0,0,0,0,0,0,0,0,0,0,115.46,0,0,110.04,0,0,0,0,0,0,0,0,0
GIFT-BOX-HAIR-FRUU - DTC,GIFT-BOX-HAIR-FRUU,DTC,0,0,0,0,0,0,0,0,0,0,0,0,0,0,0,0,0,0,0,0,0,1,204,288,77,14,22,41,50,90,62,0,0,0,0,0,0,0,0,0,0,0,0,0,0,0,0,0,0,0,0,0,0,0,0,0,0,18.33,3336.72,5160.83,1253.06,188.1,415.48,615.57,755.94,1339.95,911.24,0,0,0,0,0
GIFTWRAP-BOX - DTC,GIFTWRAP-BOX,DTC,109,121,148,173,203,52,3,16,20,27,87,128,16,22,24,37,50,61,36,52,0,1,0,45,13,14,27,2,1,86,82,0,0,0,0,0,479.44,529.03,663.68,755.07,896.65,230.76,8.34,69.12,86.92,109.48,370.58,683.17,98.77,137.19,152.11,208.32,300.34,301.09,214.19,0,0,0,0,279.21,77.52,85.88,168.82,12.29,5.83,473.05,488.37,0,0,0,0,0
GIFTWRAP-BOX-LG - DTC,GIFTWRAP-BOX-LG,DTC,0,0,0,0,0,0,0,0,0,0,0,0,2,0,0,0,0,0,0,0,0,0,0,0,0,0,0,0,0,0,0,0,0,0,0,0,0,0,0,0,0,0,0,0,0,0,0,0,0,0,0,0,0,0,0,0,0,0,0,0,0,0,0,0,0,0,0,0,0,0,0,0
GIFTWRAP-BOX-MD - DTC,GIFTWRAP-BOX-MD,DTC,0,0,0,0,1,0,0,0,0,0,0,0,0,0,0,0,0,0,0,0,0,0,0,0,0,0,0,0,0,0,0,0,0,0,0,0,0,0,0,0,0,0,0,0,0,0,0,0,0,0,0,0,0,0,0,0,0,0,0,0,0,0,0,0,0,0,0,0,0,0,0,0
GIFTWRAP-CARD - DTC,GIFTWRAP-CARD,DTC,90,75,91,117,142,56,4,11,21,24,29,69,33,21,50,26,33,66,57,52,42,23,35,59,24,25,35,5,4,7,6,0,0,0,0,0,159.6,131.88,164.96,195.18,224.29,97.82,0,18.84,36.84,41.39,47.6,119.31,58.79,37.08,93.4,47.34,54.36,117.65,100.73,97.64,69.98,39.76,61.45,106.82,43.59,42.65,64.09,7.68,6.49,5.98,4.6,0,0,0,0,0
HAIRW-4SET-BARBIE - DTC,HAIRW-4SET-BARBIE,DTC,0,0,0,0,0,0,0,0,0,3,8,0,0,0,0,0,0,0,0,0,0,0,0,0,0,0,0,0,0,0,0,0,0,0,0,0,0,0,0,0,0,0,0,0,0,-8,22.4,0,0,0,0,0,0,0,0,0,0,0,0,0,0,0,0,0,0,0,0,0,0,0,0,0
HAIRW-4SET-CHIC - DTC,HAIRW-4SET-CHIC,DTC,0,0,0,0,0,0,0,0,0,0,4,0,0,0,0,0,0,9,13,1,2,15,2,0,0,0,0,0,0,0,0,0,0,0,0,0,0,0,0,0,0,0,0,0,0,0,0,0,0,0,0,0,0,0,40.83,0,0,147.33,0,0,0,0,0,0,0,0,0,0,0,0,0,0
HAIRW-4SET-PAMPER - DTC,HAIRW-4SET-PAMPER,DTC,0,0,0,0,0,0,0,0,0,1,0,0,0,0,0,0,0,5,5,2,0,0,0,0,0,0,0,0,0,0,0,0,0,0,0,0,0,0,0,0,0,0,0,0,0,-4,0,0,0,0,0,0,0,0,45,13.42,0,0,0,0,0,0,0,0,0,0,0,0,0,0,0,0
HAIRW-4SET-PCHSTAR - DTC,HAIRW-4SET-PCHSTAR,DTC,0,0,0,0,0,0,0,0,0,10,23,0,4,0,5,0,0,16,19,1,0,0,0,0,0,0,0,0,0,0,0,0,0,0,0,0,0,0,0,0,0,0,0,0,0,20.8,25.73,0,-4,0,-4,0,0,43.33,0,0,0,0,0,0,0,0,0,0,0,0,0,0,0,0,0,0
HAIRW-4SET-SUNSET - DTC,HAIRW-4SET-SUNSET,DTC,0,0,0,0,0,0,0,0,0,2,15,0,0,0,0,0,0,0,0,0,0,0,0,0,0,0,0,0,0,0,0,0,0,0,0,0,0,0,0,0,0,0,0,0,0,-3.2,23.17,0,0,0,0,0,0,0,0,0,0,0,0,0,0,0,0,0,0,0,0,0,0,0,0,0
HAIRW-ANI-COW - B2B,HAIRW-ANI-COW,B2B,6,5,0,0,0,0,0,0,0,0,0,0,0,0,0,0,0,0,0,0,0,0,0,0,0,0,0,0,0,0,0,0,0,0,0,0,35.65,32.54,0,0,0,0,0,0,0,0,0,0,0,0,0,0,0,0,0,0,0,0,0,0,0,0,0,0,0,0,0,0,0,0,0,0
HAIRW-ANI-COW - DTC,HAIRW-ANI-COW,DTC,1,0,1,0,0,0,0,0,0,0,0,0,0,0,0,0,0,0,0,0,0,0,0,0,0,0,0,0,0,0,0,0,0,0,0,0,0,0,8.54,0,0,0,0,0,0,0,0,0,0,0,0,0,0,0,0,0,0,0,0,0,0,0,0,0,0,0,0,0,0,0,0,0
HAIRW-ANI-DALMA - B2B,HAIRW-ANI-DALMA,B2B,20,8,0,0,10,0,0,0,0,0,0,0,0,0,0,0,0,0,0,0,0,0,0,0,0,0,0,0,0,0,0,0,0,0,0,0,121.86,50.49,0,0,64.37,0,0,0,0,0,0,0,0,0,0,0,0,0,0,0,0,0,0,0,0,0,0,0,0,0,0,0,0,0,0,0
HAIRW-ANI-DALMA - DTC,HAIRW-ANI-DALMA,DTC,492,201,3,0,5,0,0,0,0,0,0,0,0,0,0,0,0,0,0,0,0,0,0,0,0,0,0,0,0,0,0,0,0,0,0,0,3169.53,1175.57,28.54,0,40.96,0,0,0,0,0,0,0,0,0,0,0,0,0,0,0,0,0,0,0,0,0,0,0,0,0,0,0,0,0,0,0
HAIRW-ANI-SNAKE - B2B,HAIRW-ANI-SNAKE,B2B,5,12,4,13,9,4,15,4,5,9,0,0,0,1,0,0,0,0,0,0,0,0,0,0,0,0,0,0,0,0,0,0,0,0,0,0,32.49,80.95,25,71.9,45.3,18.65,86.25,16.25,27.11,58.52,0,0,0,5.35,0,0,0,0,0,0,0,0,0,0,0,0,0,0,0,0,0,0,0,0,0,0
HAIRW-ANI-SNAKE - DTC,HAIRW-ANI-SNAKE,DTC,159,193,40,27,22,50,97,230,70,97,751,109,5,0,0,0,0,0,0,0,0,0,0,0,0,0,0,0,0,0,0,0,0,0,0,0,997.42,1176.45,389.06,265.74,215.17,440.34,781.94,1348.72,554.58,820.73,4002.55,724.27,37.48,0,0,0,0,0,0,0,0,0,0,0,0,0,0,0,0,0,0,0,0,0,0,0
HAIRW-ANI-SNAKE - FBA,HAIRW-ANI-SNAKE,FBA,0,1,0,0,0,0,0,0,0,0,0,0,0,0,0,0,0,0,0,0,0,0,0,0,0,0,0,0,0,0,0,0,0,0,0,0,0,5,0,0,0,0,0,0,0,0,0,0,0,0,0,0,0,0,0,0,0,0,0,0,0,0,0,0,0,0,0,0,0,0,0,0
HAIRW-ANI-TIGER - B2B,HAIRW-ANI-TIGER,B2B,6,11,0,0,0,0,0,0,0,0,0,0,0,0,0,0,0,0,0,0,0,0,0,0,0,0,0,0,0,0,0,0,0,0,0,0,38.74,68.75,0,0,0,0,0,0,0,0,0,0,0,0,0,0,0,0,0,0,0,0,0,0,0,0,0,0,0,0,0,0,0,0,0,0
HAIRW-ANI-TIGER - DTC,HAIRW-ANI-TIGER,DTC,252,151,12,0,0,0,0,0,0,0,289,0,0,0,0,0,0,0,0,0,19,2,0,0,0,0,0,0,0,0,0,0,0,0,0,0,1556.2,846.27,118.79,0,0,0,0,0,0,0,1362.11,0,0,0,0,0,0,0,0,0,225.96,21.33,0,0,0,0,0,0,0,0,0,0,0,0,0,0
HAIRW-ANI-TIGER - FBA,HAIRW-ANI-TIGER,FBA,3,1,0,0,0,0,0,0,0,0,0,0,0,0,0,0,0,0,0,0,0,0,0,0,0,0,0,0,0,0,0,0,0,0,0,0,47.46,15.82,0,0,0,0,0,0,0,0,0,0,0,0,0,0,0,0,0,0,0,0,0,0,0,0,0,0,0,0,0,0,0,0,0,0
HAIRW-BOT-BANA-R - B2B,HAIRW-BOT-BANA-R,B2B,3,4,0,0,0,0,0,0,0,0,0,0,0,0,0,0,0,0,0,0,0,0,0,0,0,0,0,0,0,0,0,0,0,0,0,0,17.81,25.8,0,0,0,0,0,0,0,0,0,0,0,0,0,0,0,0,0,0,0,0,0,0,0,0,0,0,0,0,0,0,0,0,0,0
HAIRW-BOT-BANA-R - DTC,HAIRW-BOT-BANA-R,DTC,1,1,2,0,0,0,0,0,0,0,0,0,0,0,0,0,0,0,0,0,0,0,38,0,0,0,0,0,0,0,0,0,0,0,0,0,0,10.27,18.91,0,0,0,0,0,0,0,0,0,0,0,0,0,0,0,0,0,0,0,426.55,0,0,0,0,0,0,0,0,0,0,0,0,0
HAIRW-BOT-ORCH-R - B2B,HAIRW-BOT-ORCH-R,B2B,8,0,0,0,0,0,0,0,0,0,0,0,0,0,0,0,0,0,0,0,0,0,0,0,0,0,0,0,0,0,0,0,0,0,0,0,48.2,0,0,0,0,0,0,0,0,0,0,0,0,0,0,0,0,0,0,0,0,0,0,0,0,0,0,0,0,0,0,0,0,0,0,0
HAIRW-BOT-ORCH-R - DTC,HAIRW-BOT-ORCH-R,DTC,0,0,0,0,0,0,0,0,0,0,0,0,0,0,0,0,0,0,0,0,0,0,5,0,0,0,0,0,0,0,0,0,0,0,0,0,0,0,0,0,0,0,0,0,0,0,0,0,0,0,0,0,0,0,0,0,0,0,50.71,0,0,0,0,0,0,0,0,0,0,0,0,0
HAIRW-BOT-PALM-R - B2B,HAIRW-BOT-PALM-R,B2B,8,2,0,0,0,0,0,0,0,0,0,0,0,0,0,0,0,0,0,0,0,0,0,0,0,0,0,0,0,0,0,0,0,0,0,0,49.14,12.5,0,0,0,0,0,0,0,0,0,0,0,0,0,0,0,0,0,0,0,0,0,0,0,0,0,0,0,0,0,0,0,0,0,0
HAIRW-BOT-PALM-R - DTC,HAIRW-BOT-PALM-R,DTC,0,0,0,1,0,0,0,0,0,0,0,0,0,0,0,0,0,0,0,0,0,0,1,0,0,0,0,0,0,0,0,0,0,0,0,0,0,0,0,10.42,0,0,0,0,0,0,0,0,0,0,0,0,0,0,0,0,0,0,10.18,0,0,0,0,0,0,0,0,0,0,0,0,0
HAIRW-BOT-PARA-R - B2B,HAIRW-BOT-PARA-R,B2B,3,3,0,0,0,0,0,0,0,0,0,0,0,0,0,0,0,0,0,0,0,0,0,0,0,0,0,0,0,0,0,0,0,0,0,0,17.81,18.75,0,0,0,0,0,0,0,0,0,0,0,0,0,0,0,0,0,0,0,0,0,0,0,0,0,0,0,0,0,0,0,0,0,0
HAIRW-BOT-PARA-R - DTC,HAIRW-BOT-PARA-R,DTC,0,1,4,0,0,0,0,0,0,0,0,0,0,0,0,0,0,0,0,0,0,0,2,0,0,0,0,0,0,0,0,0,0,0,0,0,0,7.88,37.58,0,0,0,0,0,0,0,0,0,0,0,0,0,0,0,0,0,0,0,21.33,0,0,0,0,0,0,0,0,0,0,0,0,0
HAIRW-CAB-4SET-NAVY - DTC,HAIRW-CAB-4SET-NAVY,DTC,0,0,0,0,1,0,0,0,0,0,0,0,0,1,1,1,0,0,0,0,0,0,0,0,0,0,0,0,0,0,0,0,0,0,0,0,0,0,0,0,33.33,0,0,0,0,0,0,0,0,0,0,0,0,0,0,0,0,0,0,0,0,0,0,0,0,0,0,0,0,0,0,0
HAIRW-CAB-4SET-PINK - DTC,HAIRW-CAB-4SET-PINK,DTC,0,0,0,0,0,0,0,0,0,2,12,0,0,0,0,4,1,0,0,0,0,0,0,0,0,0,0,0,0,0,0,0,0,0,0,0,0,0,0,0,0,0,0,0,0,0,60.93,0,0,0,0,-4,0,0,0,0,0,0,0,0,0,0,0,0,0,0,0,0,0,0,0,0
HAIRW-CAB-4SETB-R - DTC,HAIRW-CAB-4SETB-R,DTC,0,0,0,3,1,0,0,0,0,0,0,0,0,0,0,0,0,0,0,0,0,0,0,0,0,0,0,0,0,0,0,0,0,0,0,0,0,0,0,108.75,40.83,0,0,0,0,0,0,0,0,0,0,0,0,0,0,0,0,0,0,0,0,0,0,0,0,0,0,0,0,0,0,0
HAIRW-CAB-4SETC-R - DTC,HAIRW-CAB-4SETC-R,DTC,0,0,1,1,0,0,0,0,0,0,0,0,0,0,0,0,0,0,0,0,0,0,0,0,0,0,0,0,0,0,0,0,0,0,0,0,0,0,37.5,37.5,0,0,0,0,0,0,0,0,0,0,0,0,0,0,0,0,0,0,0,0,0,0,0,0,0,0,0,0,0,0,0,0
HAIRW-CAB-4SETD - DTC,HAIRW-CAB-4SETD,DTC,0,0,2,7,2,0,0,10,1,0,0,0,0,0,0,0,0,0,0,0,0,0,0,0,0,0,0,0,0,0,0,0,0,0,0,0,0,0,78.33,254.59,81.66,0,0,-2.7,-4.5,0,0,0,0,0,0,0,0,0,0,0,0,0,0,0,0,0,0,0,0,0,0,0,0,0,0,0
HAIRW-CAB-4SETE - DTC,HAIRW-CAB-4SETE,DTC,0,0,0,1,3,0,0,0,0,0,0,0,0,0,0,0,0,0,0,0,0,0,0,0,0,0,0,0,0,0,0,0,0,0,0,0,0,0,0,37.5,106.88,0,0,0,0,0,0,0,0,0,0,0,0,0,0,0,0,0,0,0,0,0,0,0,0,0,0,0,0,0,0,0
HAIRW-CAB-4SETF - DTC,HAIRW-CAB-4SETF,DTC,2,5,2,6,0,0,0,12,0,0,26,0,0,0,0,0,0,0,0,0,0,0,0,0,0,0,0,0,0,0,0,0,0,0,0,0,71.25,183.75,78.33,231.24,0,0,0,-26.54,0,0,44.39,0,0,0,0,0,0,0,0,0,0,0,0,0,0,0,0,0,0,0,0,0,0,0,0,0
HAIRW-CAB-4SETG - DTC,HAIRW-CAB-4SETG,DTC,0,0,3,2,4,1,0,9,5,0,0,0,0,1,0,0,0,0,0,0,0,0,0,0,0,0,0,0,0,0,0,0,0,0,0,0,0,0,112.92,78.33,137.49,-4.5,0,12,30.33,0,0,0,0,0,0,0,0,0,0,0,0,0,0,0,0,0,0,0,0,0,0,0,0,0,0,0
HAIRW-CAB-4SETH - DTC,HAIRW-CAB-4SETH,DTC,0,1,5,3,13,5,0,16,10,1,0,0,0,0,0,0,0,0,0,0,0,0,0,0,0,0,0,0,0,0,0,0,0,0,0,0,0,40.83,181.46,108.75,391.4,0,0,-34.05,-13.5,0,0,0,0,0,0,0,0,0,0,0,0,0,0,0,0,0,0,0,0,0,0,0,0,0,0,0
HAIRW-CAB-LTBGE-R - B2B,HAIRW-CAB-LTBGE-R,B2B,8,9,2,18,7,11,35,23,6,12,17,0,0,0,0,0,0,0,0,0,0,0,0,0,0,0,0,0,0,0,0,0,0,0,0,0,51.52,59.26,12.5,100.62,43.75,61.25,156.62,121.25,35.72,65.46,93.74,0,0,0,0,0,0,0,0,0,0,0,0,0,0,0,0,0,0,0,0,0,0,0,0,0
HAIRW-CAB-LTBGE-R - DTC,HAIRW-CAB-LTBGE-R,DTC,64,40,39,53,104,27,41,38,40,41,103,5,4,0,0,0,0,0,0,0,0,0,0,0,0,0,0,0,0,0,0,0,0,0,0,0,673.26,410.29,378.64,489.5,893.88,258.21,385.36,344.92,354.59,400.53,739.32,52.22,36.5,0,0,0,0,0,0,0,0,0,0,0,0,0,0,0,0,0,0,0,0,0,0,0
HAIRW-CAB-LTBGE-R - FBA,HAIRW-CAB-LTBGE-R,FBA,28,26,1,1,0,0,7,14,12,15,12,0,0,0,0,0,0,0,0,0,0,0,0,0,0,0,0,0,0,0,0,0,0,0,0,0,338.24,289.2,12.49,12.49,0,0,79.93,170.85,149.88,183.74,149.89,0,0,0,0,0,0,0,0,0,0,0,0,0,0,0,0,0,0,0,0,0,0,0,0,0
HAIRW-CAB-LTBLU-NB - B2B,HAIRW-CAB-LTBLU-NB,B2B,0,0,0,0,0,0,0,15,0,137,63,20,30,6,71,76,72,134,144,124,61,72,48,24,6,14,36,54,61,43,330,0,0,0,0,0,0,0,0,0,0,0,0,80.89,0,695.87,334.65,101.06,141.84,37.35,1143.4,397.77,428.19,850.77,877.4,786.58,394.01,468.4,1569.81,161.81,39.96,1880.25,237.78,357.72,394.73,279.72,2197.8,0,0,0,0,0
HAIRW-CAB-LTBLU-NB - DTC,HAIRW-CAB-LTBLU-NB,DTC,0,0,0,0,0,0,0,0,25,70,113,155,32,28,112,154,110,200,159,186,154,209,670,373,5,62,58,34,37,91,73,0,0,0,0,0,0,0,0,0,0,0,0,0,246.94,756.95,1107.76,1366.29,442.25,366.74,1481.8,1850.37,1421.88,2380.51,1938.29,2330.01,2022.9,2711.37,8188.98,4861.48,74.54,833.98,790.15,474.98,464.27,1257.97,1016.08,0,0,0,0,0
HAIRW-CAB-LTBLU-NB - FBA,HAIRW-CAB-LTBLU-NB,FBA,0,0,0,0,0,0,0,0,0,0,0,0,0,0,0,0,0,0,0,0,0,0,0,0,0,46,37,24,25,29,2,0,0,0,0,0,0,0,0,0,0,0,0,0,0,0,0,0,0,0,0,0,0,0,0,0,0,0,0,0,0,620.85,517.74,314.36,330.24,394.04,33.32,0,0,0,0,0
HAIRW-CAB-LTBLU-R - B2B,HAIRW-CAB-LTBLU-R,B2B,12,67,12,30,1,0,0,15,0,12,20,0,0,0,0,0,0,0,0,0,0,0,0,0,0,0,0,0,0,0,0,0,0,0,0,0,74.77,380.1,63.75,186.09,6.68,0,0,80.31,0,61.7,133.75,0,0,0,0,0,0,0,0,0,0,0,0,0,0,0,0,0,0,0,0,0,0,0,0,0
HAIRW-CAB-LTBLU-R - DTC,HAIRW-CAB-LTBLU-R,DTC,28,37,24,25,1,0,0,40,0,10,122,5,1,0,0,0,0,0,0,0,0,0,0,0,0,0,0,0,0,0,0,0,0,0,0,0,325.34,362.24,215.08,162.9,0,0,0,380.72,0,93.86,1228.4,35.45,10,0,0,0,0,0,0,0,0,0,0,0,0,0,0,0,0,0,0,0,0,0,0,0
HAIRW-CAB-LTBLU-R - FBA,HAIRW-CAB-LTBLU-R,FBA,7,5,2,4,0,0,0,5,0,1,10,0,0,0,0,0,0,0,0,0,0,0,0,0,0,0,0,0,0,0,0,0,0,0,0,0,115.81,82.49,33.32,59.3,0,0,0,82.46,0,15.03,162.43,0,0,0,0,0,0,0,0,0,0,0,0,0,0,0,0,0,0,0,0,0,0,0,0,0
HAIRW-CAB-LTGRE-R - DTC,HAIRW-CAB-LTGRE-R,DTC,0,1,17,20,31,5,0,0,0,0,53,7,0,0,0,0,0,0,0,0,0,0,0,0,0,0,0,0,0,0,0,0,0,0,0,0,0,15,213.17,199.03,381.99,53,0,0,0,0,258.24,61.02,0,0,0,0,0,0,0,0,0,0,0,0,0,0,0,0,0,0,0,0,0,0,0,0
HAIRW-CAB-LTGRY-NB - B2B,HAIRW-CAB-LTGRY-NB,B2B,0,0,0,0,0,0,0,126,3,0,4,0,0,0,0,0,0,3,0,0,0,0,0,0,0,0,0,0,0,0,0,0,0,0,0,0,0,0,0,0,0,0,0,711.84,19.53,0,16,0,0,0,0,0,0,18.75,0,0,0,0,0,0,0,0,0,0,0,0,0,0,0,0,0,0
HAIRW-CAB-LTGRY-NB - DTC,HAIRW-CAB-LTGRY-NB,DTC,0,0,0,0,0,0,0,76,95,20,216,0,0,0,0,0,0,19,0,0,0,0,0,0,0,0,0,0,0,0,0,0,0,0,0,0,0,0,0,0,0,0,0,646.64,824.19,161.99,1814.29,0,0,0,0,0,0,242.74,0,0,0,0,0,0,0,0,0,0,0,0,0,0,0,0,0,0
HAIRW-CAB-LTGRY-R - B2B,HAIRW-CAB-LTGRY-R,B2B,9,13,542,0,0,0,4,400,420,0,2100,0,0,0,0,0,0,0,0,0,0,0,0,0,0,0,0,0,0,0,0,0,0,0,0,0,58.5,57.2,3101.3,0,0,0,11,2248,2360.4,0,12009.48,0,0,0,0,0,0,0,0,0,0,0,0,0,0,0,0,0,0,0,0,0,0,0,0,0
HAIRW-CAB-LTGRY-R - DTC,HAIRW-CAB-LTGRY-R,DTC,8,18,4,17,12,0,0,0,0,83,0,0,2,0,0,0,0,0,0,0,0,0,0,0,0,0,0,0,0,0,0,0,0,0,0,0,91.16,198.1,23.75,123,81.38,0,0,0,0,726.48,0,0,30.16,0,0,0,0,0,0,0,0,0,0,0,0,0,0,0,0,0,0,0,0,0,0,0
HAIRW-CAB-LTGRY-R - FBA,HAIRW-CAB-LTGRY-R,FBA,2,2,0,0,0,0,0,0,3,9,0,0,0,0,0,0,0,0,0,0,0,0,0,0,0,0,0,0,0,0,0,0,0,0,0,0,31.7,31.72,0,0,0,0,0,0,36.51,84.51,0,0,0,0,0,0,0,0,0,0,0,0,0,0,0,0,0,0,0,0,0,0,0,0,0,0
HAIRW-CAB-LTPCH-R - B2B,HAIRW-CAB-LTPCH-R,B2B,14,14,15,6,9,27,39,23,4,14,21,0,0,0,0,0,0,0,0,0,0,0,0,0,0,0,0,0,0,0,0,0,0,0,0,0,86.16,88.13,94.22,37.5,57.22,152.96,172,121.55,23.22,75.4,121.75,0,0,0,0,0,0,0,0,0,0,0,0,0,0,0,0,0,0,0,0,0,0,0,0,0
HAIRW-CAB-LTPCH-R - DTC,HAIRW-CAB-LTPCH-R,DTC,56,57,17,25,38,33,46,67,41,42,362,5,10,0,0,0,0,0,1,0,0,0,0,0,0,0,0,0,0,0,0,0,0,0,0,0,627.37,580.09,155.79,274.07,304.7,333.01,440.42,633.47,391.87,413.94,2122.44,27.8,109.35,0,0,0,0,0,11.88,0,0,0,0,0,0,0,0,0,0,0,0,0,0,0,0,0
HAIRW-CAB-LTPINK-R - B2B,HAIRW-CAB-LTPINK-R,B2B,14,59,37,38,38,31,208,83,18,49,64,0,0,0,0,0,2,0,0,0,0,0,0,0,0,0,0,0,0,0,0,0,0,0,0,0,89.05,313.04,227.53,236.09,238.56,140.08,835.39,407.92,120.78,262.18,413.57,0,0,0,0,0,12.5,0,0,0,0,0,0,0,0,0,0,0,0,0,0,0,0,0,0,0
HAIRW-CAB-LTPINK-R - DTC,HAIRW-CAB-LTPINK-R,DTC,112,117,138,152,229,149,194,449,200,206,2023,18,2,45,6,20,19,0,2,0,0,0,1,0,0,0,0,0,0,0,0,0,0,0,0,0,1289.73,1065.68,1222.28,1288.8,1970.47,1575.61,1996.47,3855.93,1988.78,2123.89,11180.25,69.84,18.33,603.28,85.3,214.39,236.37,0,23.54,0,0,0,14.14,0,0,0,0,0,0,0,0,0,0,0,0,0
HAIRW-CAB-LTPINK-R - FBA,HAIRW-CAB-LTPINK-R,FBA,199,99,200,120,53,144,196,159,93,104,503,9,1,9,0,9,9,0,0,0,0,0,0,0,0,0,0,0,0,0,0,0,0,0,0,0,2484.22,1213.82,2370.9,1413.84,674.29,1698.47,2116.4,1963.64,1173.83,1307.52,3564.63,112.41,12.49,137.75,0,124.9,119.35,0,0,0,0,0,0,0,0,0,0,0,0,0,0,0,0,0,0,0
HAIRW-CAB-LTPNK-NB - B2B,HAIRW-CAB-LTPNK-NB,B2B,0,0,0,0,0,0,14,11,1,3,100,0,29,18,74,257,85,165,466,394,38,102,54,462,42,1136,80,581,622,941,24,0,0,0,0,0,0,0,0,0,0,0,72.21,52.24,5.36,15.98,500,0,139.92,655.1,1194.06,1237.46,1058.83,3199.5,2389.43,2075.05,247.88,654.08,2107.18,2843.02,270.14,8804.76,514.67,3395.24,3800.36,6136.2,159.84,0,0,0,0,0
HAIRW-CAB-LTPNK-NB - DTC,HAIRW-CAB-LTPNK-NB,DTC,0,0,0,0,0,0,1,0,0,16,8,0,75,87,113,174,215,241,255,292,229,330,663,1072,180,135,109,66,77,162,162,0,0,0,0,0,0,0,0,0,0,0,10.63,0,0,152.86,81.68,0,920.15,1086.92,1448.73,2065.85,2076.69,2820.41,2998.87,3587.28,3021.07,4408.84,7596.19,14613.39,2405.89,1923.85,1534.51,910.75,992.08,2106.82,2177.93,0,0,0,0,0
HAIRW-CAB-LTPNK-NB - FBA,HAIRW-CAB-LTPNK-NB,FBA,0,0,0,0,0,0,0,0,0,0,0,0,0,0,5,8,33,69,77,101,56,69,194,364,102,42,53,33,39,80,87,0,0,0,0,0,0,0,0,0,0,0,0,0,0,0,0,0,0,0,67.16,118.24,407.84,821.26,947.84,1224.35,743.76,906.48,2566.99,4818.59,1336.22,562.84,690.01,413.58,506.84,944.6,1148.63,0,0,0,0,0
HAIRW-CAB-LTPPL-NB - B2B,HAIRW-CAB-LTPPL-NB,B2B,0,0,0,0,0,0,0,0,0,11,15,0,32,0,63,64,39,68,72,100,31,24,30,42,15,24,22,33,20,48,18,0,0,0,0,0,0,0,0,0,0,0,0,0,0,59.61,81.84,0,141.21,0,348.52,325.04,240.04,426.35,445.05,634.67,203.39,154.92,202.39,279.72,99.9,141.43,143.99,218.88,133.88,321.87,119.88,0,0,0,0,0
HAIRW-CAB-LTPPL-NB - DTC,HAIRW-CAB-LTPPL-NB,DTC,0,0,0,0,0,0,0,0,0,8,85,0,6,20,90,137,107,45,86,123,82,188,599,541,52,65,54,41,52,119,137,0,0,0,0,0,0,0,0,0,0,0,0,0,0,83.61,795.86,0,76.59,256.57,1182.51,1610.42,1317.56,580.41,1068.06,1528.83,1105.09,2567.85,7439.5,7399.68,685.08,890.09,778.28,554.34,679.35,1592.9,1865.65,0,0,0,0,0
HAIRW-CAB-LTPPL-NB - FBA,HAIRW-CAB-LTPPL-NB,FBA,0,0,0,0,0,0,0,0,0,0,0,0,0,0,31,43,102,85,58,99,35,33,98,134,57,40,34,13,11,52,41,0,0,0,0,0,0,0,0,0,0,0,0,0,0,0,0,0,0,0,404.79,538.29,1233.78,1021.97,686.3,1190.85,459.58,430.25,1271.86,1762.01,746.99,532.8,453.4,166.54,142.53,608.73,529.58,0,0,0,0,0
HAIRW-CAB-LTPPL-R - B2B,HAIRW-CAB-LTPPL-R,B2B,7,15,36,22,37,17,36,35,17,28,0,0,1,0,0,0,0,0,0,0,0,0,0,0,0,0,0,0,0,0,0,0,0,0,0,0,45.25,64.56,220.55,136.09,228.57,75,171.27,190.37,105.83,139.46,0,0,10,0,0,0,0,0,0,0,0,0,0,0,0,0,0,0,0,0,0,0,0,0,0,0
HAIRW-CAB-LTPPL-R - DTC,HAIRW-CAB-LTPPL-R,DTC,32,43,57,64,94,64,126,101,84,86,9,0,7,0,0,1,0,1,0,0,0,2,0,0,0,0,0,0,0,0,0,0,0,0,0,0,385.55,446.01,601.59,634.99,1037.95,686.41,1282.15,998.21,849.95,901.52,94.91,0,88.01,0,0,16.67,0,12.92,0,0,0,24.11,0,0,0,0,0,0,0,0,0,0,0,0,0,0
HAIRW-CAB-LTPPL-R - FBA,HAIRW-CAB-LTPPL-R,FBA,0,55,15,49,5,59,94,50,41,55,0,0,0,0,0,0,0,0,0,0,0,0,0,0,0,0,0,0,0,0,0,0,0,0,0,0,0,672.17,172.5,593.72,66.66,689.3,1057.66,623.19,516.37,665.26,0,0,0,0,0,0,0,0,0,0,0,0,0,0,0,0,0,0,0,0,0,0,0,0,0,0
HAIRW-CAB-NAVY - B2B,HAIRW-CAB-NAVY,B2B,46,61,30,36,76,16,0,88,10,1,0,0,0,4,9,6,0,0,0,0,0,0,0,0,0,0,0,0,0,0,0,0,0,0,0,0,276.59,331.15,193.31,218.86,473.53,60.39,0,457.95,53.16,5.52,0,0,0,25,76.46,76.52,0,0,0,0,0,0,0,0,0,0,0,0,0,0,0,0,0,0,0,0
HAIRW-CAB-NAVY - DTC,HAIRW-CAB-NAVY,DTC,32,33,43,66,95,20,1,125,70,2,0,0,0,38,27,26,0,0,0,0,0,0,0,0,0,0,0,0,0,0,0,0,0,0,0,0,326.32,319.48,329.45,510.77,739.01,190.01,13.33,1182.81,662.93,21.66,0,0,0,500.02,369.73,311.7,0,0,0,0,0,0,0,0,0,0,0,0,0,0,0,0,0,0,0,0
HAIRW-CAB-NAVY - FBA,HAIRW-CAB-NAVY,FBA,8,4,11,50,2,0,0,2,1,0,0,0,0,0,0,0,0,0,0,0,0,0,0,0,0,0,0,0,0,0,0,0,0,0,0,0,124.3,50.59,139.66,586.44,33.32,0,0,30.83,16.66,0,0,0,0,0,0,0,0,0,0,0,0,0,0,0,0,0,0,0,0,0,0,0,0,0,0,0
HAIRW-CAB-NAVY-NB - B2B,HAIRW-CAB-NAVY-NB,B2B,0,0,0,0,2,5,29,39,2,17,30,6,92,88,91,131,39,258,300,50,35,108,114,312,6,39,70,92,39,37,42,0,0,0,0,0,0,0,0,0,10.52,27.09,153.05,194.37,10.72,89.46,161.89,31.06,445.62,1006.33,1303.38,610.75,518.35,2718.49,1372.5,228.75,220.07,697.53,725.11,1910.85,39.96,2024.23,463.67,611.98,257.56,239.76,279.72,0,0,0,0,0
HAIRW-CAB-NAVY-NB - DTC,HAIRW-CAB-NAVY-NB,DTC,0,0,0,0,9,3,0,0,5,13,64,0,10,29,26,0,92,56,11,0,70,134,505,36,7,74,89,40,52,109,82,0,0,0,0,0,0,0,0,0,96.66,33.09,0,0,47.83,131.61,650.8,0,111.4,383.84,348.6,0,1179.98,657.51,139.29,0,924.97,1750.3,6202.82,518.61,105.61,1099.28,1263.4,539.48,692.75,1478.05,1109.48,0,0,0,0,0
HAIRW-CAB-NAVY-NB - FBA,HAIRW-CAB-NAVY-NB,FBA,0,0,0,0,0,0,0,0,0,0,0,0,0,0,0,0,0,0,0,0,0,0,0,2,0,33,17,25,15,54,8,0,0,0,0,0,0,0,0,0,0,0,0,0,0,0,0,0,0,0,0,0,0,0,0,0,0,0,0,36.65,0,449.59,255.84,327.69,189.23,635.49,101.9,0,0,0,0,0
HAIRW-CBH-4SET - DTC,HAIRW-CBH-4SET,DTC,0,0,0,0,0,0,0,1,4,0,0,0,0,0,0,0,0,0,0,0,0,0,0,0,0,0,0,0,0,0,0,0,0,0,0,0,0,0,0,0,0,0,0,0,40.83,0,0,0,0,0,0,0,0,0,0,0,0,0,0,0,0,0,0,0,0,0,0,0,0,0,0,0
HAIRW-CBH-NAVY - B2B,HAIRW-CBH-NAVY,B2B,13,0,0,0,0,0,0,35,0,0,0,0,0,0,0,0,0,0,0,0,0,0,0,0,0,0,0,0,0,0,0,0,0,0,0,0,71.12,0,0,0,0,0,0,187.5,0,0,0,0,0,0,0,0,0,0,0,0,0,0,0,0,0,0,0,0,0,0,0,0,0,0,0,0
HAIRW-CBH-NAVY - DTC,HAIRW-CBH-NAVY,DTC,63,38,1,0,0,0,0,46,34,0,0,0,1,0,0,0,0,0,0,0,0,0,0,0,0,0,0,0,0,0,0,0,0,0,0,0,829.94,415.99,18.33,0,0,0,0,584.78,383.44,0,0,0,15.33,0,0,0,0,0,0,0,0,0,0,0,0,0,0,0,0,0,0,0,0,0,0,0
HAIRW-CBH-NAVY - FBA,HAIRW-CBH-NAVY,FBA,0,0,0,0,0,0,0,4,1,0,0,0,0,0,0,0,0,0,0,0,0,0,0,0,0,0,0,0,0,0,0,0,0,0,0,0,0,0,0,0,0,0,0,76.64,19.16,0,0,0,0,0,0,0,0,0,0,0,0,0,0,0,0,0,0,0,0,0,0,0,0,0,0,0
HAIRW-CBH-NAVY-NB - B2B,HAIRW-CBH-NAVY-NB,B2B,0,0,0,0,1,5,10,18,0,13,14,44,3,2,414,9,11,72,13,18,9,30,0,0,0,0,0,0,0,0,0,0,0,0,0,0,0,0,0,0,7.5,38.8,66.44,105.23,0,87.31,93.08,281.32,-0.89,15.88,2471.07,25,81.08,553.56,98.19,138.57,68.25,225,0,0,0,0,0,0,0,0,0,0,0,0,0,0
HAIRW-CBH-NAVY-NB - DTC,HAIRW-CBH-NAVY-NB,DTC,0,0,0,0,0,0,0,0,32,38,141,409,0,0,7,0,40,41,44,58,125,291,113,0,0,0,0,0,0,0,0,0,0,0,0,0,0,0,0,0,0,0,0,0,289.67,481.77,1664.66,5092.31,0,0,117.33,0,595.25,660.31,681.47,891.78,1673.2,3700.98,1168.12,0,0,0,0,0,0,0,0,0,0,0,0,0
HAIRW-CBH-PINK - B2B,HAIRW-CBH-PINK,B2B,13,10,20,0,4,1,8,14,3,7,0,0,0,0,0,0,0,0,0,0,0,0,0,0,0,0,0,0,0,0,0,0,0,0,0,0,80.62,78.79,137.63,0,31.04,7.5,59.12,91.23,15.68,46.2,0,0,0,0,0,0,0,0,0,0,0,0,0,0,0,0,0,0,0,0,0,0,0,0,0,0
HAIRW-CBH-PINK - DTC,HAIRW-CBH-PINK,DTC,16,5,0,8,14,9,18,13,24,15,79,5,4,0,0,0,0,0,0,0,0,0,0,0,0,0,0,0,0,0,0,0,0,0,0,0,230.07,83.66,0,119.74,216.53,177.18,217.88,165.5,252.56,187.96,616.57,54.61,56.79,0,0,0,0,0,0,0,0,0,0,0,0,0,0,0,0,0,0,0,0,0,0,0
HAIRW-CBH-PINK - FBA,HAIRW-CBH-PINK,FBA,0,0,0,3,1,2,7,11,4,13,27,0,0,0,0,0,0,0,0,0,0,0,0,0,0,0,0,0,0,0,0,0,0,0,0,0,0,0,0,47.95,19.16,37.11,94.94,161.14,59.96,198.71,280.76,0,0,0,0,0,0,0,0,0,0,0,0,0,0,0,0,0,0,0,0,0,0,0,0,0
HAIRW-CBH-PINK-NB - B2B,HAIRW-CBH-PINK-NB,B2B,0,0,0,0,1,0,5,10,2,9,14,26,3,6,31,6,12,54,20,0,7,0,0,0,0,0,0,0,0,0,0,0,0,0,0,0,0,0,0,0,7.5,0,32.78,57.83,13.4,59.56,93.35,174.6,-0.89,47.59,192.1,25,89.95,414.58,153.23,0,53.25,0,0,0,0,0,0,0,0,0,0,0,0,0,0,0
HAIRW-CBH-PINK-NB - DTC,HAIRW-CBH-PINK-NB,DTC,0,0,0,0,0,0,0,0,7,13,7,83,0,20,55,0,25,49,27,53,101,273,48,0,0,1,0,0,0,0,0,0,0,0,0,0,0,0,0,0,0,0,0,0,93.03,153.16,82.13,1131.82,0,322.05,869.01,0,372.26,740.69,377.12,786.85,1348.59,3453.21,593.56,0,0,18.33,0,0,0,0,0,0,0,0,0,0
HAIRW-CLA-4SETA-R - DTC,HAIRW-CLA-4SETA-R,DTC,0,0,0,0,2,0,0,0,0,0,0,0,0,0,0,0,0,0,0,0,0,0,0,0,0,0,0,0,0,0,0,0,0,0,0,0,0,0,0,0,74.58,0,0,0,0,0,0,0,0,0,0,0,0,0,0,0,0,0,0,0,0,0,0,0,0,0,0,0,0,0,0,0
HAIRW-CLA-4SETC-R - DTC,HAIRW-CLA-4SETC-R,DTC,0,0,4,0,1,1,0,0,0,0,0,0,0,0,0,0,0,0,0,0,0,0,0,0,0,0,0,0,0,0,0,0,0,0,0,0,0,0,108.75,0,37.5,0,0,0,0,0,0,0,0,0,0,0,0,0,0,0,0,0,0,0,0,0,0,0,0,0,0,0,0,0,0,0
HAIRW-CLA-4SETD - DTC,HAIRW-CLA-4SETD,DTC,0,0,0,1,0,1,2,1,1,1,6,1,0,0,0,0,0,0,0,0,0,0,0,1,0,0,0,0,0,0,0,0,0,0,0,0,0,0,0,45,0,-3.75,-9.38,0,0,0,36,43.33,0,0,0,0,0,0,0,0,0,0,0,-2.25,0,0,0,0,0,0,0,0,0,0,0,0
HAIRW-CLA-4SETE - DTC,HAIRW-CLA-4SETE,DTC,0,0,0,0,3,3,1,1,2,5,0,0,0,0,0,0,0,0,0,0,0,0,0,0,0,0,0,0,0,0,0,0,0,0,0,0,0,0,0,0,100.5,0,0,0,-3,0,0,0,0,0,0,0,0,0,0,0,0,0,0,0,0,0,0,0,0,0,0,0,0,0,0,0
HAIRW-CLA-4SETF - DTC,HAIRW-CLA-4SETF,DTC,0,0,0,1,1,0,1,1,3,3,0,0,0,0,0,0,0,0,0,0,0,0,0,0,0,0,0,0,0,0,0,0,0,0,0,0,0,0,0,31.88,40.83,0,-3,0,0,0,0,0,0,0,0,0,0,0,0,0,0,0,0,0,0,0,0,0,0,0,0,0,0,0,0,0
HAIRW-CLA-BLACK-R - B2B,HAIRW-CLA-BLACK-R,B2B,4,1,2,7,5,3,0,0,0,1,0,0,0,0,0,0,0,0,0,0,0,0,0,0,0,0,0,0,0,0,0,0,0,0,0,0,24.03,6.73,12.51,30.66,20.3,16.15,0,0,0,6.25,0,0,0,0,0,0,0,0,0,0,0,0,0,0,0,0,0,0,0,0,0,0,0,0,0,0
HAIRW-CLA-BLACK-R - DTC,HAIRW-CLA-BLACK-R,DTC,342,332,114,105,110,115,152,393,147,83,0,0,22,0,1,0,0,0,0,0,0,0,0,0,0,0,0,0,0,0,0,0,0,0,0,0,2302.79,2206.05,1082.06,949.73,991.6,936.66,1217.62,2280.78,1175.73,714.29,0,0,245.82,0,9.81,0,0,0,0,0,0,0,0,0,0,0,0,0,0,0,0,0,0,0,0,0
HAIRW-CLA-BLACK-R - FBA,HAIRW-CLA-BLACK-R,FBA,60,0,120,0,0,0,43,15,0,0,0,0,0,0,0,0,0,0,0,0,0,0,0,0,0,0,0,0,0,0,0,0,0,0,0,0,360.17,0,679.39,0,0,0,235.3,86.68,0,0,0,0,0,0,0,0,0,0,0,0,0,0,0,0,0,0,0,0,0,0,0,0,0,0,0,0
HAIRW-CLA-DKBLU-R - B2B,HAIRW-CLA-DKBLU-R,B2B,3,0,0,0,0,0,0,0,0,0,0,0,0,0,0,0,0,0,0,0,0,0,0,0,0,0,0,0,0,0,0,0,0,0,0,0,17.81,0,0,0,0,0,0,0,0,0,0,0,0,0,0,0,0,0,0,0,0,0,0,0,0,0,0,0,0,0,0,0,0,0,0,0
HAIRW-CLA-DKBLU-R - DTC,HAIRW-CLA-DKBLU-R,DTC,0,0,1,0,0,0,0,0,0,0,0,0,0,0,0,0,0,0,0,0,2,0,0,0,0,0,0,0,0,0,0,0,0,0,0,0,0,0,10.93,0,0,0,0,0,0,0,0,0,0,0,0,0,0,0,0,0,28,0,0,0,0,0,0,0,0,0,0,0,0,0,0,0
HAIRW-CLA-DKGRN-R - B2B,HAIRW-CLA-DKGRN-R,B2B,4,0,2,9,4,5,3,6,0,9,8,0,0,0,0,0,0,0,0,0,0,0,0,0,0,0,0,0,0,0,0,0,0,0,0,0,25.3,0,12.51,48.77,16.24,23.45,18.75,24.59,0,48.7,50,0,0,0,0,0,0,0,0,0,0,0,0,0,0,0,0,0,0,0,0,0,0,0,0,0
HAIRW-CLA-DKGRN-R - DTC,HAIRW-CLA-DKGRN-R,DTC,311,302,96,72,104,84,126,336,106,128,237,5,6,0,0,0,0,0,0,0,0,0,0,0,0,0,0,0,0,0,0,0,0,0,0,0,2072.67,1896.26,893.94,659.14,974.54,677.31,1023.72,1926.76,882.47,1117.55,1793.61,35.4,64.33,0,0,0,0,0,0,0,0,0,0,0,0,0,0,0,0,0,0,0,0,0,0,0
HAIRW-CLA-DKGRN-R - FBA,HAIRW-CLA-DKGRN-R,FBA,60,62,59,0,0,0,85,34,0,61,0,0,0,0,0,0,0,0,0,0,0,0,0,0,0,0,0,0,0,0,0,0,0,0,0,0,357.53,361.96,330.19,0,0,0,476.29,202.95,0,368.44,0,0,0,0,0,0,0,0,0,0,0,0,0,0,0,0,0,0,0,0,0,0,0,0,0,0
HAIRW-CLA-DKRED-R - B2B,HAIRW-CLA-DKRED-R,B2B,4,1,0,5,6,2,4,2,0,4,4,0,0,0,0,0,0,0,0,0,0,0,0,0,0,0,0,0,0,0,0,0,0,0,0,0,27.46,6.73,0,27.51,24.36,12.5,25,8,0,27.27,25,0,0,0,0,0,0,0,0,0,0,0,0,0,0,0,0,0,0,0,0,0,0,0,0,0
HAIRW-CLA-DKRED-R - DTC,HAIRW-CLA-DKRED-R,DTC,319,340,113,109,71,52,100,335,112,124,275,3,7,0,1,0,0,45,0,0,0,0,0,0,0,0,0,0,0,0,0,0,0,0,0,0,2067.89,2130.52,1038.34,1010.69,634.98,419.98,811.68,1899.72,891.22,1055.51,1902.75,9.67,69.85,0,9.5,0,0,496.82,0,0,0,0,0,0,0,0,0,0,0,0,0,0,0,0,0,0
HAIRW-CLA-DKRED-R - FBA,HAIRW-CLA-DKRED-R,FBA,60,43,23,0,55,0,59,1,0,60,0,0,0,0,0,0,0,0,0,0,0,0,0,0,0,0,0,0,0,0,0,0,0,0,0,0,355.6,239.12,138.7,0,311.05,0,331.46,6.04,0,362.4,0,0,0,0,0,0,0,0,0,0,0,0,0,0,0,0,0,0,0,0,0,0,0,0,0,0
HAIRW-CLA-LTBGE-R - B2B,HAIRW-CLA-LTBGE-R,B2B,0,0,2,3,16,5,0,2,0,3,0,0,0,0,0,0,0,0,0,0,0,0,0,0,0,0,0,0,0,0,0,0,0,0,0,0,0,0,12.51,13.14,95.62,20.85,0,8.32,0,13.09,0,0,0,0,0,0,0,0,0,0,0,0,0,0,0,0,0,0,0,0,0,0,0,0,0,0
HAIRW-CLA-LTBGE-R - DTC,HAIRW-CLA-LTBGE-R,DTC,186,190,39,27,36,79,76,375,115,103,363,51,0,0,0,0,0,0,0,0,0,0,0,140,0,0,0,0,0,0,0,0,0,0,0,0,1120.3,1230.09,324.13,235.52,252.57,642.86,606.85,1991.3,867.45,846.7,2007.16,271.02,0,0,0,0,0,0,0,0,0,0,0,1079.11,0,0,0,0,0,0,0,0,0,0,0,0
HAIRW-CLA-LTBGE-R - FBA,HAIRW-CLA-LTBGE-R,FBA,1,4,53,1,0,0,7,30,24,26,34,0,0,0,0,0,0,0,0,0,0,0,0,0,0,0,0,0,0,0,0,0,0,0,0,0,6.5,40,507.94,10,0,0,63.99,295.92,240,261.39,340,0,0,0,0,0,0,0,0,0,0,0,0,0,0,0,0,0,0,0,0,0,0,0,0,0
HAIRW-CLA-LTBLU-R - B2B,HAIRW-CLA-LTBLU-R,B2B,2,0,0,11,4,7,0,0,0,0,0,0,0,0,0,0,0,0,0,0,0,0,0,0,0,0,0,0,0,0,0,0,0,0,0,0,11.88,0,0,48.18,16.24,25.55,0,0,0,0,0,0,0,0,0,0,0,0,0,0,0,0,0,0,0,0,0,0,0,0,0,0,0,0,0,0
HAIRW-CLA-LTBLU-R - DTC,HAIRW-CLA-LTBLU-R,DTC,0,0,4,18,3,27,5,0,0,0,0,0,0,0,0,0,0,0,0,0,0,0,0,0,0,0,0,0,0,0,0,0,0,0,0,0,0,0,0,161.25,0,222.6,39.81,0,0,0,0,0,0,0,0,0,0,0,0,0,0,0,0,0,0,0,0,0,0,0,0,0,0,0,0,0
HAIRW-CLA-LTBLU-R - FBA,HAIRW-CLA-LTBLU-R,FBA,1,0,60,0,0,0,0,0,0,0,0,0,0,0,0,0,0,0,0,0,0,0,0,0,0,0,0,0,0,0,0,0,0,0,0,0,5.73,0,339.89,0,0,0,0,0,0,0,0,0,0,0,0,0,0,0,0,0,0,0,0,0,0,0,0,0,0,0,0,0,0,0,0,0
HAIRW-CLA-LTGRE-R - B2B,HAIRW-CLA-LTGRE-R,B2B,2,0,0,6,6,5,3,5,0,0,0,0,0,0,0,0,0,0,0,0,0,0,0,0,0,0,0,0,0,0,0,0,0,0,0,0,11.88,0,0,26.28,33.41,20.85,18,20.32,0,0,0,0,0,0,0,0,0,0,0,0,0,0,0,0,0,0,0,0,0,0,0,0,0,0,0,0
HAIRW-CLA-LTGRE-R - DTC,HAIRW-CLA-LTGRE-R,DTC,0,5,40,24,50,65,142,42,0,0,207,0,0,0,0,0,0,0,0,0,1,0,0,0,0,0,0,0,0,0,0,0,0,0,0,0,0,49.58,335.87,242.03,459.83,556.92,1150.17,346.14,0,0,1011.08,0,0,0,0,0,0,0,0,0,10.67,0,0,0,0,0,0,0,0,0,0,0,0,0,0,0
HAIRW-CLA-LTGRY-R - B2B,HAIRW-CLA-LTGRY-R,B2B,2,3,0,13,3,3,1,3,0,0,2,0,0,0,0,0,0,0,0,0,0,0,0,0,0,0,0,0,0,0,0,0,0,0,0,0,12.01,18.75,0,66.29,12.18,13.55,5.99,15,0,0,10,0,0,0,0,0,0,0,0,0,0,0,0,0,0,0,0,0,0,0,0,0,0,0,0,0
HAIRW-CLA-LTGRY-R - DTC,HAIRW-CLA-LTGRY-R,DTC,285,251,61,49,2,13,85,30,4,0,700,137,0,0,0,0,0,0,0,0,0,0,0,0,0,0,0,0,0,0,0,0,0,0,0,0,1805.04,1574.39,556.17,447.28,0,103.95,694.39,237.15,37.8,0,3356.35,981.36,0,0,0,0,0,0,0,0,0,0,0,0,0,0,0,0,0,0,0,0,0,0,0,0
HAIRW-CLA-LTGRY-R - FBA,HAIRW-CLA-LTGRY-R,FBA,45,28,52,0,1,0,4,30,25,0,0,0,0,0,0,0,0,0,0,0,0,0,0,0,0,0,0,0,0,0,0,0,0,0,0,0,300.02,193.24,494.74,0,8.99,0,36,293.95,250,0,0,0,0,0,0,0,0,0,0,0,0,0,0,0,0,0,0,0,0,0,0,0,0,0,0,0
HAIRW-CLA-LTGRY-R2 - FBA,HAIRW-CLA-LTGRY-R2,FBA,0,0,1,0,0,0,0,0,0,0,0,0,0,0,0,0,0,0,0,0,0,0,0,0,0,0,0,0,0,0,0,0,0,0,0,0,0,0,7.5,0,0,0,0,0,0,0,0,0,0,0,0,0,0,0,0,0,0,0,0,0,0,0,0,0,0,0,0,0,0,0,0,0
HAIRW-CLA-LTPNK-R - B2B,HAIRW-CLA-LTPNK-R,B2B,0,0,0,11,6,10,0,5,0,3,0,0,0,0,0,0,0,0,0,0,0,0,0,0,0,0,0,0,0,0,0,0,0,0,0,0,0,0,0,48.18,30.95,36.5,0,25,0,15.78,0,0,0,0,0,0,0,0,0,0,0,0,0,0,0,0,0,0,0,0,0,0,0,0,0,0
HAIRW-CLA-LTPNK-R - DTC,HAIRW-CLA-LTPNK-R,DTC,0,0,5,32,127,143,262,112,0,0,0,0,0,0,0,0,0,0,0,0,0,0,0,0,0,0,0,0,0,0,0,0,0,0,0,0,0,0,0,295.92,1150.18,1166.42,2052.39,879.42,0,0,0,0,0,0,0,0,0,0,0,0,0,0,0,0,0,0,0,0,0,0,0,0,0,0,0,0
HAIRW-CLA-LTPNK-R - FBA,HAIRW-CLA-LTPNK-R,FBA,0,0,4,55,0,0,23,37,0,0,0,0,0,0,0,0,0,0,0,0,0,0,0,0,0,0,0,0,0,0,0,0,0,0,0,0,0,0,36,512.75,0,0,223.41,367,0,0,0,0,0,0,0,0,0,0,0,0,0,0,0,0,0,0,0,0,0,0,0,0,0,0,0,0
HAIRW-CLA-LTPPL-R - DTC,HAIRW-CLA-LTPPL-R,DTC,0,3,1,0,0,0,0,0,0,0,0,0,0,0,0,0,0,0,0,0,0,0,0,0,0,0,0,0,0,0,0,0,0,0,0,0,0,31.07,7.88,0,0,0,0,0,0,0,0,0,0,0,0,0,0,0,0,0,0,0,0,0,0,0,0,0,0,0,0,0,0,0,0,0
HAIRW-CLA-NAVY - B2B,HAIRW-CLA-NAVY,B2B,0,9,4,0,1,3,13,26,0,1,16,4,0,0,0,0,0,0,0,0,0,0,0,0,0,0,0,0,0,0,0,0,0,0,0,0,0,74.18,30.57,0,7.85,22.5,97.72,131.64,0,7.5,120,30,0,0,0,0,0,0,0,0,0,0,0,0,0,0,0,0,0,0,0,0,0,0,0,0
HAIRW-CLA-NAVY - DTC,HAIRW-CLA-NAVY,DTC,11,25,26,27,39,29,62,30,40,27,579,226,3,0,0,0,0,2,30,0,0,0,1,195,0,2,0,0,0,0,0,0,0,0,0,0,124.17,331.1,347.08,295.71,549.05,382.13,722.05,372,458.39,340.85,3812.54,1667.83,30.17,0,0,0,0,25.22,376.37,0,0,0,18.33,1636.7,0,31.83,0,0,0,0,0,0,0,0,0,0
HAIRW-CLA-NAVY - FBA,HAIRW-CLA-NAVY,FBA,6,2,23,20,15,19,17,22,20,4,110,4,5,0,0,0,0,12,13,0,0,1,0,0,0,0,0,0,0,0,0,0,0,0,0,0,101.65,28.49,357.57,291.29,232.69,284.96,244.5,345.11,317.31,63.32,711.47,63.32,79.15,0,0,0,0,170.08,201.43,0,0,9.24,0,0,0,0,0,0,0,0,0,0,0,0,0,0
HAIRW-CLA-NAVY-NB - B2B,HAIRW-CLA-NAVY-NB,B2B,0,0,0,0,0,0,0,0,0,62,23,5,3,0,0,70,43,7,45,27,36,42,0,0,0,0,0,0,0,0,0,0,0,0,0,0,0,0,0,0,0,0,0,0,0,392.74,143.75,34.2,-0.89,0,0,433.91,993.35,54.29,261.48,159.9,189.36,315,0,0,0,0,0,0,0,0,0,0,0,0,0,0
HAIRW-CLA-NAVY-NB - DTC,HAIRW-CLA-NAVY-NB,DTC,0,0,0,0,0,0,0,0,11,20,8,218,70,0,51,51,7,32,50,96,156,172,235,3,0,0,0,0,0,0,0,0,0,0,0,0,0,0,0,0,0,0,0,0,144.59,260.69,105.88,2925.17,843.51,0,797.55,741.42,108.99,463.21,712.57,1446.55,2029.48,2321.25,2164.09,31.42,0,0,0,0,0,0,0,0,0,0,0,0
HAIRW-CLA-NAVY-NB - FBA,HAIRW-CLA-NAVY-NB,FBA,0,0,0,0,0,0,0,0,0,0,0,1,0,0,0,0,0,0,0,0,0,0,0,0,0,0,0,0,0,0,0,0,0,0,0,0,0,0,0,0,0,0,0,0,0,0,0,10.68,0,0,0,0,0,0,0,0,0,0,0,0,0,0,0,0,0,0,0,0,0,0,0,0
HAIRW-CLA-WHITE - B2B,HAIRW-CLA-WHITE,B2B,6,12,2,0,1,7,0,25,1,3,6,4,0,0,0,0,0,0,0,0,0,0,0,0,0,0,0,0,0,0,0,0,0,0,0,0,47.41,92.64,15,0,7.85,45,0,121.64,6.7,19.98,42.34,30,0,0,0,0,0,0,0,0,0,0,0,0,0,0,0,0,0,0,0,0,0,0,0,0
HAIRW-CLA-WHITE - DTC,HAIRW-CLA-WHITE,DTC,24,17,28,20,32,31,38,27,25,27,265,71,0,28,37,0,0,0,0,0,0,0,0,578,0,3,0,0,0,0,0,0,0,0,0,0,279.11,259.69,319.47,236.12,403.51,385.51,447.3,334.07,305.77,336.61,1712.56,416.96,0,395.43,480.94,0,0,0,0,0,0,0,0,6758.31,0,43.42,0,0,0,0,0,0,0,0,0,0
HAIRW-CLA-WHITE - FBA,HAIRW-CLA-WHITE,FBA,14,7,12,9,21,12,13,9,4,6,28,11,1,1,2,0,0,0,0,0,0,0,0,17,0,1,0,0,0,0,0,0,0,0,0,0,226.39,101.31,177.3,136.14,313.45,180.31,181.26,139.31,63.32,91.82,254.42,174.13,13.32,15.82,38.32,0,0,0,0,0,0,0,0,254.6,0,15.33,0,0,0,0,0,0,0,0,0,0
HAIRW-CLA-WHITE-NB - B2B,HAIRW-CLA-WHITE-NB,B2B,0,0,0,0,0,0,0,0,0,2,50,19,0,0,0,0,9,23,6,12,6,30,0,0,0,0,0,0,0,0,0,0,0,0,0,0,0,0,0,0,0,0,0,0,0,13.42,312.5,120.58,0,0,625,0,66.49,172.5,42.9,94.44,57.22,225,0,0,0,0,0,0,0,0,0,0,0,0,0,0
HAIRW-CLA-WHITE-NB - DTC,HAIRW-CLA-WHITE-NB,DTC,0,0,0,0,0,0,0,0,0,8,3,38,0,0,11,14,31,57,54,64,91,179,274,2,0,0,0,0,0,0,0,0,0,0,0,0,0,0,0,0,0,0,0,0,0,89.13,39.05,502.47,0,0,163.58,183.1,462.12,750.56,754.36,817.6,1185.91,2247.72,2407.47,25.36,0,0,0,0,0,0,0,0,0,0,0,0
HAIRW-FLO-BLOOM - B2B,HAIRW-FLO-BLOOM,B2B,6,2,0,0,0,0,0,0,0,0,0,0,0,0,0,0,0,0,0,0,0,0,0,0,0,0,0,0,0,0,0,0,0,0,0,0,35.65,13.39,0,0,0,0,0,0,0,0,0,0,0,0,0,0,0,0,0,0,0,0,0,0,0,0,0,0,0,0,0,0,0,0,0,0
HAIRW-FLO-BLOOM - DTC,HAIRW-FLO-BLOOM,DTC,0,1,0,0,0,0,0,0,0,0,115,5,1,0,0,0,0,0,0,0,0,0,0,0,0,0,0,0,0,0,0,0,0,0,0,0,0,7.88,0,0,0,0,0,0,0,0,623.95,40.25,13.33,0,0,0,0,0,0,0,0,0,0,0,0,0,0,0,0,0,0,0,0,0,0,0
HAIRW-FLO-DAISY - B2B,HAIRW-FLO-DAISY,B2B,17,6,13,0,0,0,0,0,0,0,0,0,0,0,0,0,0,0,0,0,0,0,0,0,0,0,0,0,0,0,0,0,0,0,0,0,107.15,38.79,86.77,0,0,0,0,0,0,0,0,0,0,0,0,0,0,0,0,0,0,0,0,0,0,0,0,0,0,0,0,0,0,0,0,0
HAIRW-FLO-DAISY - DTC,HAIRW-FLO-DAISY,DTC,163,42,44,9,0,0,0,0,0,0,55,5,0,0,0,0,0,0,0,0,0,0,0,0,0,0,0,0,0,0,0,0,0,0,0,0,1546.19,380.29,416.98,84.89,0,0,0,0,0,0,363.3,51.66,0,0,0,0,0,0,0,0,0,0,0,0,0,0,0,0,0,0,0,0,0,0,0,0
HAIRW-FLO-PALM - B2B,HAIRW-FLO-PALM,B2B,31,31,20,40,22,20,0,0,0,0,0,0,0,0,0,0,0,0,0,0,0,0,0,0,0,0,0,0,0,0,0,0,0,0,0,0,189.98,197.3,129.33,223.82,133.73,105.49,0,0,0,0,0,0,0,0,0,0,0,0,0,0,0,0,0,0,0,0,0,0,0,0,0,0,0,0,0,0
HAIRW-FLO-PALM - DTC,HAIRW-FLO-PALM,DTC,124,168,139,144,120,79,12,0,0,0,0,0,0,0,0,0,0,0,0,0,0,0,0,0,0,0,0,0,0,0,0,0,0,0,0,0,1206.68,1595.41,1318.6,1404.35,1139.37,663.93,101.66,0,0,0,0,0,0,0,0,0,0,0,0,0,0,0,0,0,0,0,0,0,0,0,0,0,0,0,0,0
HAIRW-FLO-SUNFL - B2B,HAIRW-FLO-SUNFL,B2B,4,2,0,0,0,0,0,0,0,0,0,0,0,0,0,0,0,0,0,0,0,0,0,0,0,0,0,0,0,0,0,0,0,0,0,0,23.77,13.3,0,0,0,0,0,0,0,0,0,0,0,0,0,0,0,0,0,0,0,0,0,0,0,0,0,0,0,0,0,0,0,0,0,0
HAIRW-FLO-SUNFL - DTC,HAIRW-FLO-SUNFL,DTC,1,2,0,0,0,0,0,0,0,0,175,5,1,0,0,0,0,0,3,0,0,0,0,0,0,0,0,0,0,0,0,0,0,0,0,0,0,15.76,0,0,0,0,0,0,0,0,840.97,31.38,13.33,0,0,0,0,0,28,0,0,0,0,0,0,0,0,0,0,0,0,0,0,0,0,0
HAIRW-GEO-4SET - DTC,HAIRW-GEO-4SET,DTC,0,0,1,2,1,0,9,5,1,0,0,0,0,0,0,0,0,0,0,0,0,0,0,0,0,0,0,0,0,0,0,0,0,0,0,0,0,0,40.5,76.5,45,0,-24.39,71.25,-3.75,0,0,0,0,0,0,0,0,0,0,0,0,0,0,0,0,0,0,0,0,0,0,0,0,0,0,0
HAIRW-GEO-PARAD - B2B,HAIRW-GEO-PARAD,B2B,10,9,12,7,10,19,24,25,9,0,0,0,0,0,0,0,0,0,0,0,0,0,0,0,0,0,0,0,0,0,0,0,0,0,0,0,71.56,70.84,91.83,51.65,76.42,119.43,159.36,142.2,58.41,0,0,0,0,0,0,0,0,0,0,0,0,0,0,0,0,0,0,0,0,0,0,0,0,0,0,0
HAIRW-GEO-PARAD - DTC,HAIRW-GEO-PARAD,DTC,18,9,3,19,21,8,63,100,90,1,0,0,0,0,0,0,0,0,0,0,0,0,0,0,0,0,0,0,0,0,0,0,0,0,0,0,281.1,137.07,16.36,213.38,284.3,149.61,743.49,1017.44,892.71,0,0,0,0,0,0,0,0,0,0,0,0,0,0,0,0,0,0,0,0,0,0,0,0,0,0,0
HAIRW-GEO-PARAD - FBA,HAIRW-GEO-PARAD,FBA,0,0,0,3,1,1,24,20,19,0,0,0,0,0,0,0,0,0,0,0,0,0,0,0,0,0,0,0,0,0,0,0,0,0,0,0,0,0,0,52.59,19.16,19.16,315.71,297.12,216.49,0,0,0,0,0,0,0,0,0,0,0,0,0,0,0,0,0,0,0,0,0,0,0,0,0,0,0
HAIRW-GEO-PINK - B2B,HAIRW-GEO-PINK,B2B,3,10,9,3,8,7,2,44,0,1,0,0,0,0,0,0,0,0,0,0,0,0,0,0,0,0,0,0,0,0,0,0,0,0,0,0,23.24,77.47,69.6,22.5,60,41.89,15,232.9,0,5.64,0,0,0,0,0,0,0,0,0,0,0,0,0,0,0,0,0,0,0,0,0,0,0,0,0,0
HAIRW-GEO-PINK - DTC,HAIRW-GEO-PINK,DTC,16,8,2,15,17,7,49,217,20,0,0,0,0,0,0,0,0,0,0,0,2,0,0,0,0,0,0,0,0,0,0,0,0,0,0,0,246.38,108.38,0,162.16,219.83,128.34,536.37,1846.92,190.49,0,0,0,0,0,0,0,0,0,0,0,26.13,0,0,0,0,0,0,0,0,0,0,0,0,0,0,0
HAIRW-GEO-PINK - FBA,HAIRW-GEO-PINK,FBA,0,0,0,4,0,1,11,14,33,0,0,0,0,0,0,0,0,0,0,0,0,0,0,0,0,0,0,0,0,0,0,0,0,0,0,0,0,0,0,70.64,0,14.99,141.33,191.86,336.59,0,0,0,0,0,0,0,0,0,0,0,0,0,0,0,0,0,0,0,0,0,0,0,0,0,0,0
HAIRW-HID-4SET - DTC,HAIRW-HID-4SET,DTC,1,0,0,1,0,0,0,0,0,0,0,0,0,0,0,0,0,0,0,0,0,0,0,0,0,0,0,0,0,0,0,0,0,0,0,0,42,0,0,45,0,0,0,0,0,0,0,0,0,0,0,0,0,0,0,0,0,0,0,0,0,0,0,0,0,0,0,0,0,0,0,0
HAIRW-HID-BLACK - B2B,HAIRW-HID-BLACK,B2B,3,12,2,4,0,1,0,8,0,0,0,0,0,0,0,0,0,0,0,0,0,0,0,0,0,0,0,0,0,0,0,0,0,0,0,0,23.59,88.9,15,22.16,0,4.62,0,41.11,0,0,0,0,0,0,0,0,0,0,0,0,0,0,0,0,0,0,0,0,0,0,0,0,0,0,0,0
HAIRW-HID-BLACK - DTC,HAIRW-HID-BLACK,DTC,31,36,31,28,10,6,41,7,6,4,0,0,0,0,0,0,0,0,0,0,48,1,0,0,0,0,0,0,0,0,0,0,0,0,0,0,341.45,416.07,328.63,296.2,131.92,81.83,415.8,59.02,60.5,48.14,0,0,0,0,0,0,0,0,0,0,625.38,12,0,0,0,0,0,0,0,0,0,0,0,0,0,0
HAIRW-HID-BLACK - FBA,HAIRW-HID-BLACK,FBA,6,3,2,1,0,2,6,0,0,0,0,0,0,0,0,0,0,0,0,0,4,0,0,0,0,0,0,0,0,0,0,0,0,0,0,0,119.94,59.97,39.98,19.99,0,34.17,108.87,0,0,0,0,0,0,0,0,0,0,0,0,0,61.32,0,0,0,0,0,0,0,0,0,0,0,0,0,0,0
HAIRW-HID-BLUE - B2B,HAIRW-HID-BLUE,B2B,10,9,3,0,2,0,0,0,0,0,0,0,0,0,0,0,0,0,0,0,0,0,0,0,0,0,0,0,0,0,0,0,0,0,0,0,73.51,69.24,23.24,0,16.07,0,0,0,0,0,0,0,0,0,0,0,0,0,0,0,0,0,0,0,0,0,0,0,0,0,0,0,0,0,0,0
HAIRW-HID-BLUE - DTC,HAIRW-HID-BLUE,DTC,49,52,45,39,27,2,0,0,0,0,112,10,0,1,0,0,0,0,0,0,66,0,0,0,0,0,0,0,0,0,0,0,0,0,0,0,481.2,600.2,475.49,414.52,350.67,37.08,0,0,0,0,670.92,62.91,0,11.91,0,0,0,0,0,0,819.66,0,0,0,0,0,0,0,0,0,0,0,0,0,0,0
HAIRW-HID-BLUE - FBA,HAIRW-HID-BLUE,FBA,2,1,1,4,1,0,0,0,0,0,0,0,0,0,0,0,0,0,0,0,7,0,0,0,0,0,0,0,0,0,0,0,0,0,0,0,37.01,16.83,19.99,74.97,19.99,0,0,0,0,0,0,0,0,0,0,0,0,0,0,0,103.62,0,0,0,0,0,0,0,0,0,0,0,0,0,0,0
HAIRW-HID-GREEN - B2B,HAIRW-HID-GREEN,B2B,5,12,0,10,8,2,0,0,0,0,0,0,0,0,0,0,0,0,0,0,0,0,0,0,0,0,0,0,0,0,0,0,0,0,0,0,37.87,91.15,0,75,60,9.23,0,0,0,0,0,0,0,0,0,0,0,0,0,0,0,0,0,0,0,0,0,0,0,0,0,0,0,0,0,0
HAIRW-HID-GREEN - DTC,HAIRW-HID-GREEN,DTC,42,56,40,22,32,14,2,0,0,0,55,5,1,0,0,0,0,36,0,0,0,0,0,0,0,0,0,0,0,0,0,0,0,0,0,0,463.15,644.78,441.29,248.11,419.54,220.92,25.16,0,0,0,361.84,43.17,15.33,0,0,0,0,458.31,0,0,0,0,0,0,0,0,0,0,0,0,0,0,0,0,0,0
HAIRW-HID-GREEN - FBA,HAIRW-HID-GREEN,FBA,0,1,1,8,0,0,0,0,0,0,0,0,0,0,0,0,0,2,0,0,0,0,0,0,0,0,0,0,0,0,0,0,0,0,0,0,0,19.99,19.99,151.83,0,0,0,0,0,0,0,0,0,0,0,0,0,32.51,0,0,0,0,0,0,0,0,0,0,0,0,0,0,0,0,0,0
HAIRW-HID-PINK - B2B,HAIRW-HID-PINK,B2B,4,6,0,0,0,6,1,4,0,0,0,0,0,0,0,0,0,0,0,0,0,0,0,0,0,0,0,0,0,0,0,0,0,0,0,0,30.71,47.98,0,0,0,27.7,7.5,25,0,0,0,0,0,0,0,0,0,0,0,0,0,0,0,0,0,0,0,0,0,0,0,0,0,0,0,0
HAIRW-HID-PINK - DTC,HAIRW-HID-PINK,DTC,60,63,42,22,12,8,30,92,7,0,0,0,0,0,0,0,0,0,0,0,57,0,0,0,0,0,0,0,0,0,0,0,0,0,0,0,603.15,639.83,424.89,221.96,143.08,100.61,298.88,645.62,67.41,0,0,0,0,0,0,0,0,0,0,0,725.56,0,0,0,0,0,0,0,0,0,0,0,0,0,0,0
HAIRW-HID-PINK - FBA,HAIRW-HID-PINK,FBA,2,0,1,0,3,0,0,0,0,0,0,0,0,0,0,0,0,0,0,0,3,0,0,0,0,0,0,0,0,0,0,0,0,0,0,0,37.03,0,19.99,0,59.97,0,0,0,0,0,0,0,0,0,0,0,0,0,0,0,45.99,0,0,0,0,0,0,0,0,0,0,0,0,0,0,0
HAIRW-HOM-LTBLU - B2B,HAIRW-HOM-LTBLU,B2B,15,0,0,0,0,0,0,0,0,0,0,0,0,0,0,0,0,0,0,0,0,0,0,0,0,0,0,0,0,0,0,0,0,0,0,0,94.67,0,0,0,0,0,0,0,0,0,0,0,0,0,0,0,0,0,0,0,0,0,0,0,0,0,0,0,0,0,0,0,0,0,0,0
HAIRW-HOM-LTBLU - DTC,HAIRW-HOM-LTBLU,DTC,156,0,7,0,0,0,0,0,0,0,0,0,0,0,0,0,0,0,1,0,0,0,0,0,0,0,0,0,0,0,0,0,0,0,0,0,1206.8,0,79.3,0,0,0,0,0,0,0,0,0,0,0,0,0,0,0,10.8,0,0,0,0,0,0,0,0,0,0,0,0,0,0,0,0,0
HAIRW-HOM-LTGRN - DTC,HAIRW-HOM-LTGRN,DTC,0,1,3,0,0,1,0,0,0,0,0,0,0,0,0,0,0,0,0,0,0,1,0,0,0,0,0,0,0,0,0,0,0,0,0,0,0,12.17,35.5,0,0,20,0,0,0,0,0,0,0,0,0,0,0,0,0,0,0,14.13,0,0,0,0,0,0,0,0,0,0,0,0,0,0
HAIRW-HOM-LTPNK - DTC,HAIRW-HOM-LTPNK,DTC,5,3,3,0,0,0,0,0,0,0,0,0,0,0,0,0,0,0,0,0,0,0,0,0,0,0,0,0,0,0,0,0,0,0,0,0,58.74,39.01,31.32,0,0,0,0,0,0,0,0,0,0,0,0,0,0,0,0,0,0,0,0,0,0,0,0,0,0,0,0,0,0,0,0,0
HAIRW-HOM-TERRA - DTC,HAIRW-HOM-TERRA,DTC,0,0,16,0,0,0,0,0,0,0,185,55,0,0,0,0,0,0,0,0,0,0,0,0,0,0,0,0,0,0,0,0,0,0,0,0,0,0,183.9,0,0,0,0,0,0,0,1105.87,312.44,0,0,0,0,0,0,0,0,0,0,0,0,0,0,0,0,0,0,0,0,0,0,0,0
HAIRW-RET-CONG - B2B,HAIRW-RET-CONG,B2B,17,1,3,2,0,0,0,0,0,0,0,0,0,0,0,0,0,0,0,0,0,0,0,0,0,0,0,0,0,0,0,0,0,0,0,0,118.67,8.09,23.91,13.5,0,0,0,0,0,0,0,0,0,0,0,0,0,0,0,0,0,0,0,0,0,0,0,0,0,0,0,0,0,0,0,0
HAIRW-RET-CONG - DTC,HAIRW-RET-CONG,DTC,76,0,48,72,2,1,0,0,0,0,0,0,0,0,0,0,0,0,0,0,0,1,0,0,0,0,0,0,0,0,0,0,0,0,0,0,907.31,0,526.34,806.5,24,14.17,0,0,0,0,0,0,0,0,0,0,0,0,0,0,0,13.48,0,0,0,0,0,0,0,0,0,0,0,0,0,0
HAIRW-RET-CONG - FBA,HAIRW-RET-CONG,FBA,1,0,0,0,0,0,0,0,0,0,0,0,0,0,0,0,0,0,0,0,0,0,0,0,0,0,0,0,0,0,0,0,0,0,0,0,19.99,0,0,0,0,0,0,0,0,0,0,0,0,0,0,0,0,0,0,0,0,0,0,0,0,0,0,0,0,0,0,0,0,0,0,0
HAIRW-RET-MONT - B2B,HAIRW-RET-MONT,B2B,8,0,0,0,0,0,0,0,0,0,0,0,0,0,0,0,0,0,0,0,0,0,0,0,0,0,0,0,0,0,0,0,0,0,0,0,59.57,0,0,0,0,0,0,0,0,0,0,0,0,0,0,0,0,0,0,0,0,0,0,0,0,0,0,0,0,0,0,0,0,0,0,0
HAIRW-RET-MONT - DTC,HAIRW-RET-MONT,DTC,158,4,2,0,0,0,0,0,0,0,0,0,0,1,0,0,0,0,0,0,0,58,0,0,0,0,0,0,0,0,0,0,0,0,0,0,1338.85,33.78,24.28,0,0,0,0,0,0,0,0,0,0,10.19,0,0,0,0,0,0,0,745.37,0,0,0,0,0,0,0,0,0,0,0,0,0,0
HAIRW-RET-MONT - FBA,HAIRW-RET-MONT,FBA,0,0,0,0,0,0,0,0,0,0,0,0,0,0,0,0,0,0,0,0,7,7,0,0,0,0,0,0,0,0,0,0,0,0,0,0,0,0,0,0,0,0,0,0,0,0,0,0,0,0,0,0,0,0,0,0,105.65,107.31,0,0,0,0,0,0,0,0,0,0,0,0,0,0
HAIRW-RET-SANT - B2B,HAIRW-RET-SANT,B2B,0,0,0,0,0,0,0,0,0,0,0,0,0,0,0,0,6,0,0,0,0,0,0,0,0,0,0,0,0,0,0,0,0,0,0,0,0,0,0,0,0,0,0,0,0,0,0,0,0,0,0,0,32.4,0,0,0,0,0,0,0,0,0,0,0,0,0,0,0,0,0,0,0
HAIRW-RET-SANT - DTC,HAIRW-RET-SANT,DTC,0,1,5,0,0,0,0,0,0,0,55,4,1,0,0,0,10,0,0,0,0,0,0,0,0,0,0,0,0,0,0,0,0,0,0,0,0,12.32,58.93,0,0,0,0,0,0,0,317.56,49.99,15.33,0,0,0,123.88,0,0,0,0,0,0,0,0,0,0,0,0,0,0,0,0,0,0,0
HAIRW-RET-SAPO - DTC,HAIRW-RET-SAPO,DTC,0,0,7,0,0,0,0,0,0,0,0,0,0,0,0,0,0,0,0,0,0,0,0,0,0,0,0,0,0,0,0,0,0,0,0,0,0,0,88.4,0,0,0,0,0,0,0,0,0,0,0,0,0,0,0,0,0,0,0,0,0,0,0,0,0,0,0,0,0,0,0,0,0
HAIRW-RET-SINH - B2B,HAIRW-RET-SINH,B2B,8,1,3,4,0,0,0,0,0,0,0,0,0,0,0,0,0,0,0,0,0,0,0,0,0,0,0,0,0,0,0,0,0,0,0,0,56.92,8.09,21.52,27,0,0,0,0,0,0,0,0,0,0,0,0,0,0,0,0,0,0,0,0,0,0,0,0,0,0,0,0,0,0,0,0
HAIRW-RET-SINH - DTC,HAIRW-RET-SINH,DTC,101,1,30,79,7,0,0,0,0,0,173,7,0,0,1,0,0,0,0,0,0,0,0,0,0,0,0,0,0,0,0,0,0,0,0,0,1062.15,10.5,322.12,876.04,77.71,0,0,0,0,0,1028.09,73.35,0,0,11.62,0,0,0,0,0,0,0,0,0,0,0,0,0,0,0,0,0,0,0,0,0
HAIRW-RET-SINH - FBA,HAIRW-RET-SINH,FBA,0,0,0,2,0,0,0,0,0,0,0,0,0,0,0,0,0,0,0,0,0,0,0,0,0,0,0,0,0,0,0,0,0,0,0,0,0,0,0,39.98,0,0,0,0,0,0,0,0,0,0,0,0,0,0,0,0,0,0,0,0,0,0,0,0,0,0,0,0,0,0,0,0
HAIRW-SUE-BBGWLK - B2B,HAIRW-SUE-BBGWLK,B2B,0,0,0,0,0,0,0,0,0,0,0,0,0,0,0,0,0,0,0,0,31,72,24,36,30,20,55,6,318,332,24,0,0,0,0,0,0,0,0,0,0,0,0,0,0,0,0,0,0,0,0,0,0,0,0,0,194.43,467.14,2347.34,239.76,191.14,122.97,365.58,39.96,2117.88,2211.12,159.84,0,0,0,0,0
HAIRW-SUE-BBGWLK - DTC,HAIRW-SUE-BBGWLK,DTC,0,0,0,0,0,0,0,0,0,0,0,0,0,0,0,0,0,0,0,0,50,133,549,551,341,31,28,26,33,44,61,0,0,0,0,0,0,0,0,0,0,0,0,0,0,0,0,0,0,0,0,0,0,0,0,0,676.04,1748.36,6808.82,6932.45,3788.29,408.02,373.89,329.05,459.05,562.47,808.8,0,0,0,0,0
HAIRW-SUE-BBGWLK - FBA,HAIRW-SUE-BBGWLK,FBA,0,0,0,0,0,0,0,0,0,0,0,0,0,0,0,0,0,0,0,0,0,21,72,175,83,45,26,23,26,25,0,0,0,0,0,0,0,0,0,0,0,0,0,0,0,0,0,0,0,0,0,0,0,0,0,0,0,271.75,942.26,2216.37,1012.63,556.43,324.12,278.98,337.01,298.47,0,0,0,0,0,0
HAIRW-SUE-CHKMATE - B2B,HAIRW-SUE-CHKMATE,B2B,0,0,0,0,0,0,0,0,3,131,27,24,3,2,40,1,11,49,31,42,18,12,0,0,0,0,0,0,0,0,0,0,0,0,0,0,0,0,0,0,0,0,0,0,15,660.85,140.99,121.06,-0.71,10,646.53,0,68.24,311.29,195.26,268.5,116.69,75,0,0,0,0,0,0,0,0,0,0,0,0,0,0
HAIRW-SUE-CHKMATE - DTC,HAIRW-SUE-CHKMATE,DTC,0,0,0,0,0,0,0,0,11,31,123,307,0,0,40,0,25,106,151,128,270,272,18,1,0,0,0,0,0,0,0,0,0,0,0,0,0,0,0,0,0,0,0,0,78.69,307.64,1195.28,3004.76,0,0,513.88,0,308.94,1219.11,1766.54,1544.88,2984.91,2922.41,213.92,11.08,0,0,0,0,0,0,0,0,0,0,0,0
HAIRW-SUE-CHKMATE - FBA,HAIRW-SUE-CHKMATE,FBA,0,0,0,0,0,0,0,0,3,4,49,14,0,0,19,2,8,2,10,9,0,2,2,0,0,0,0,0,0,0,0,0,0,0,0,0,0,0,0,0,0,0,0,0,40.39,54.55,528.97,149.37,0,0,208.48,19.98,109.57,28.59,137.8,99.85,0,34.65,28.7,0,0,0,0,0,0,0,0,0,0,0,0,0
HAIRW-SUE-GPCH - B2B,HAIRW-SUE-GPCH,B2B,0,0,0,0,0,0,0,0,9,125,50,0,5,6,49,8,31,49,31,72,18,0,0,0,0,0,0,0,0,0,0,0,0,0,0,0,0,0,0,0,0,0,0,0,45,634.33,265.17,0,-1.19,36.12,555.9,43.75,1127.58,309.47,193.35,450.22,119.88,0,0,0,0,0,0,0,0,0,0,0,0,0,0,0
HAIRW-SUE-GPCH - DTC,HAIRW-SUE-GPCH,DTC,0,0,0,0,0,0,0,0,31,80,293,81,49,16,38,11,62,170,213,256,160,2,0,0,0,0,0,0,0,0,0,0,0,0,0,0,0,0,0,0,0,0,0,0,278.95,739.38,2770.92,722.39,596.38,195.42,495.23,139.37,774.19,2004.32,2421.41,3099.22,1876.5,25.27,0,0,0,0,0,0,0,0,0,0,0,0,0,0
HAIRW-SUE-GPCH - FBA,HAIRW-SUE-GPCH,FBA,0,0,0,0,0,0,0,0,2,8,39,11,58,6,8,16,24,36,39,88,28,34,18,0,0,0,0,0,0,0,0,0,0,0,0,0,0,0,0,0,0,0,0,0,25.54,103.01,406.39,109.89,599.38,76.62,98.59,146.85,240.97,433.53,489.37,1060.62,375.46,428.94,209.14,0,0,0,0,0,0,0,0,0,0,0,0,0
HAIRW-SUE-HBRLINE - FBA,HAIRW-SUE-HBRLINE,FBA,0,0,0,0,0,0,0,0,0,0,0,0,0,0,0,0,0,0,0,0,0,0,0,0,0,0,0,0,0,0,1,0,0,0,0,0,0,0,0,0,0,0,0,0,0,0,0,0,0,0,0,0,0,0,0,0,0,0,0,0,0,0,0,0,0,0,14.16,0,0,0,0,0
HAIRW-SUE-HOTTROP - B2B,HAIRW-SUE-HOTTROP,B2B,0,0,0,0,0,0,0,0,0,0,0,0,0,0,0,0,0,0,0,0,0,0,0,0,0,36,41,12,7,25,12,0,0,0,0,0,0,0,0,0,0,0,0,0,0,0,0,0,0,0,0,0,0,0,0,0,0,0,0,0,0,238.66,269.09,79.92,47.04,164.84,79.92,0,0,0,0,0
HAIRW-SUE-HOTTROP - DTC,HAIRW-SUE-HOTTROP,DTC,0,0,0,0,0,0,0,0,0,0,0,0,0,0,0,0,0,0,0,0,0,0,0,0,0,37,76,18,69,105,87,0,0,0,0,0,0,0,0,0,0,0,0,0,0,0,0,0,0,0,0,0,0,0,0,0,0,0,0,0,0,527.01,1063.37,233.31,868.26,1380.48,1188.45,0,0,0,0,0
HAIRW-SUE-HOTTROP - FBA,HAIRW-SUE-HOTTROP,FBA,0,0,0,0,0,0,0,0,0,0,0,0,0,0,0,0,0,0,0,0,0,0,0,0,0,8,27,11,11,14,7,0,0,0,0,0,0,0,0,0,0,0,0,0,0,0,0,0,0,0,0,0,0,0,0,0,0,0,0,0,0,116.58,369,157.61,134.94,169.85,90.43,0,0,0,0,0
HAIRW-SUE-IBZAGLW - B2B,HAIRW-SUE-IBZAGLW,B2B,0,0,0,0,0,0,0,0,0,0,0,0,0,0,0,0,0,0,0,0,26,60,36,12,0,8,32,20,14,212,54,0,0,0,0,0,0,0,0,0,0,0,0,0,0,0,0,0,0,0,0,0,0,0,0,0,166.61,390.25,234.84,79.92,0,1377.05,212.46,133.11,89.61,1395.95,309,0,0,0,0,0
HAIRW-SUE-IBZAGLW - DTC,HAIRW-SUE-IBZAGLW,DTC,0,0,0,0,0,0,0,0,0,0,0,0,0,0,0,0,0,0,0,0,105,236,716,240,0,0,20,37,55,69,80,0,0,0,0,0,0,0,0,0,0,0,0,0,0,0,0,0,0,0,0,0,0,0,0,0,1391.1,3135.83,8695.91,3048.77,0,0,282.01,470.92,667.67,889.99,1066.33,0,0,0,0,0
HAIRW-SUE-IBZAGLW - FBA,HAIRW-SUE-IBZAGLW,FBA,0,0,0,0,0,0,0,0,0,0,0,0,0,0,0,0,0,0,0,0,26,45,101,79,0,0,2,26,24,12,0,0,0,0,0,0,0,0,0,0,0,0,0,0,0,0,0,0,0,0,0,0,0,0,0,0,346.83,583.83,1314.4,1012.91,0,0,24.98,326.85,305.71,154.52,0,0,0,0,0,0
HAIRW-SUE-MIAMI - B2B,HAIRW-SUE-MIAMI,B2B,0,0,0,0,0,0,0,0,9,156,102,20,31,19,90,8,0,148,252,14,12,96,72,54,13,710,162,567,792,85,1084,0,0,0,0,0,0,0,0,0,0,0,0,0,45,795.95,536.54,101.06,101.71,113.02,948.76,43.75,1700,808.58,1307.97,87.5,75,545.21,473.93,363.91,78.69,8039.91,1073.14,3396.36,4800.62,567.99,7049.61,0,0,0,0,0
HAIRW-SUE-MIAMI - DTC,HAIRW-SUE-MIAMI,DTC,0,0,0,0,0,0,0,0,49,134,332,6,20,1,53,19,0,242,381,26,27,276,564,481,13,131,150,89,150,252,225,0,0,0,0,0,0,0,0,0,0,0,0,0,453.24,1291.19,3144.27,56.67,227.28,0,642.39,243.47,0,2758.23,4218.97,304.54,359.93,3506.58,7162.95,6618.57,186.08,1764.14,1983.03,1178.03,1897.36,3334.1,3090.85,0,0,0,0,0
HAIRW-SUE-MIAMI - FBA,HAIRW-SUE-MIAMI,FBA,0,0,0,0,0,0,0,0,8,17,137,0,0,0,7,1,0,1,5,0,0,0,0,74,2,43,36,31,44,57,2,0,0,0,0,0,0,0,0,0,0,0,0,0,105.64,225.69,1348.64,0,0,0,86.59,13.32,0,14.29,62.45,0,0,0,0,1012.09,33.32,581.44,503.62,398,560.77,715.44,33.32,0,0,0,0,0
HAIRW-SUE-MIDMONO - B2B,HAIRW-SUE-MIDMONO,B2B,1,34,29,13,12,17,1,31,0,11,0,0,0,0,0,0,0,0,0,0,0,0,0,0,0,0,0,0,0,0,0,0,0,0,0,0,6.25,184.23,183.9,81.87,76.15,70,5.49,158.54,0,47.46,0,0,0,0,0,0,0,0,0,0,0,0,0,0,0,0,0,0,0,0,0,0,0,0,0,0
HAIRW-SUE-MIDMONO - DTC,HAIRW-SUE-MIDMONO,DTC,11,4,11,11,19,12,3,59,19,0,0,0,0,0,0,0,0,0,1,0,0,0,0,0,0,0,0,0,0,0,0,0,0,0,0,0,153.69,56.45,155.92,148.33,219.14,107.68,30.43,521.68,157.03,0,0,0,0,0,0,0,0,0,13.33,0,0,0,0,0,0,0,0,0,0,0,0,0,0,0,0,0
HAIRW-SUE-MIDMONO - FBA,HAIRW-SUE-MIDMONO,FBA,0,0,2,3,6,1,0,1,0,0,0,0,0,0,0,0,0,0,0,0,0,0,0,0,0,0,0,0,0,0,0,0,0,0,0,0,0,0,28.75,49.98,90.79,16.66,0,16.66,0,0,0,0,0,0,0,0,0,0,0,0,0,0,0,0,0,0,0,0,0,0,0,0,0,0,0,0
HAIRW-SUE-OCETRES - B2B,HAIRW-SUE-OCETRES,B2B,0,0,0,0,0,0,0,0,0,0,0,0,0,0,0,0,0,0,0,0,0,0,0,0,0,42,90,59,30,24,424,0,0,0,0,0,0,0,0,0,0,0,0,0,0,0,0,0,0,0,0,0,0,0,0,0,0,0,0,0,0,1536.65,590,323.16,199.8,166.51,2783.88,0,0,0,0,0
HAIRW-SUE-OCETRES - DTC,HAIRW-SUE-OCETRES,DTC,0,0,0,0,0,0,0,0,0,0,0,0,0,0,0,0,0,0,0,0,0,0,0,0,0,0,117,92,141,147,158,0,0,0,0,0,0,0,0,0,0,0,0,0,0,0,0,0,0,0,0,0,0,0,0,0,0,0,0,0,0,0,1570.63,1241.8,1808.39,2020.49,2129.24,0,0,0,0,0
HAIRW-SUE-OCETRES - FBA,HAIRW-SUE-OCETRES,FBA,0,0,0,0,0,0,0,0,0,0,0,0,0,0,0,0,0,0,0,0,0,0,0,0,0,0,0,29,33,18,0,0,0,0,0,0,0,0,0,0,0,0,0,0,0,0,0,0,0,0,0,0,0,0,0,0,0,0,0,0,0,0,0,358.56,429.1,226.73,0,0,0,0,0,0
HAIRW-SUE-PALMPCH - FBA,HAIRW-SUE-PALMPCH,FBA,0,0,0,0,0,0,0,0,0,0,0,0,0,0,0,0,0,0,0,0,0,0,0,0,0,0,0,0,0,0,1,0,0,0,0,0,0,0,0,0,0,0,0,0,0,0,0,0,0,0,0,0,0,0,0,0,0,0,0,0,0,0,0,0,0,0,16.66,0,0,0,0,0
HAIRW-SUE-PNKPARA - B2B,HAIRW-SUE-PNKPARA,B2B,0,0,0,0,0,0,0,0,0,0,0,0,0,0,0,0,0,0,0,0,103,168,108,18,12,31,121,129,70,311,366,0,0,0,0,0,0,0,0,0,0,0,0,0,0,0,0,0,0,0,0,0,0,0,0,0,626.74,1096.61,725.43,121.85,79.92,1127.44,799.36,870.66,453.72,2080.9,2358.78,0,0,0,0,0
HAIRW-SUE-PNKPARA - DTC,HAIRW-SUE-PNKPARA,DTC,0,0,0,0,0,0,0,0,0,0,0,0,0,0,0,0,0,0,0,0,369,823,947,354,90,24,164,107,131,181,176,0,0,0,0,0,0,0,0,0,0,0,0,0,0,0,0,0,0,0,0,0,0,0,0,0,5109.67,11134.8,12630.53,4990.68,1197.69,331.56,2274.82,1481.57,1679.93,2493.31,2402.08,0,0,0,0,0
HAIRW-SUE-PNKPARA - FBA,HAIRW-SUE-PNKPARA,FBA,0,0,0,0,0,0,0,0,0,0,0,0,0,0,0,0,0,0,0,0,39,168,137,62,20,3,46,35,35,44,4,0,0,0,0,0,0,0,0,0,0,0,0,0,0,0,0,0,0,0,0,0,0,0,0,0,536.19,2177.42,1942.57,969.4,289.07,40.81,625.01,444.82,463.06,548.01,60.39,0,0,0,0,0
HAIRW-SUE-PSTPIER - B2B,HAIRW-SUE-PSTPIER,B2B,0,0,0,0,0,0,0,0,0,0,0,0,0,0,0,0,0,0,0,0,101,146,84,6,0,20,49,77,75,44,53,0,0,0,0,0,0,0,0,0,0,0,0,0,0,0,0,0,0,0,0,0,0,0,0,0,614.85,945.78,558.72,39.96,0,111.07,321.82,460.79,466.74,293.04,352.98,0,0,0,0,0
HAIRW-SUE-PSTPIER - DTC,HAIRW-SUE-PSTPIER,DTC,0,0,0,0,0,0,0,0,0,0,0,0,0,0,0,0,0,0,0,0,86,274,1155,558,0,0,18,23,76,8,107,0,0,0,0,0,0,0,0,0,0,0,0,0,0,0,0,0,0,0,0,0,0,0,0,0,1132.17,3679.81,13860.65,7243.51,0,0,229.23,308.64,962.05,97.67,1430.13,0,0,0,0,0
HAIRW-SUE-PSTPIER - FBA,HAIRW-SUE-PSTPIER,FBA,0,0,0,0,0,0,0,0,0,0,0,0,0,0,0,0,0,0,0,0,9,52,141,74,0,0,11,2,37,12,0,0,0,0,0,0,0,0,0,0,0,0,0,0,0,0,0,0,0,0,0,0,0,0,0,0,119.88,646.06,1850.55,977.64,0,0,143.65,33.32,476.21,160.01,0,0,0,0,0,0
HAIRW-SUE-RAINFLOOR - B2B,HAIRW-SUE-RAINFLOOR,B2B,1,3,0,0,33,32,0,37,0,2,0,0,0,0,0,0,0,0,0,0,0,0,0,0,0,0,0,0,0,0,0,0,0,0,0,0,0,18.75,0,0,202.45,148.17,0,185.23,0,11.28,0,0,0,0,0,0,0,0,0,0,0,0,0,0,0,0,0,0,0,0,0,0,0,0,0,0
HAIRW-SUE-RAINFLOOR - DTC,HAIRW-SUE-RAINFLOOR,DTC,0,0,0,0,46,57,2,77,0,0,0,0,0,0,0,0,0,0,0,0,0,0,0,0,0,0,0,0,0,0,0,0,0,0,0,0,0,0,0,0,533.47,610.79,26.66,731.87,0,0,0,0,0,0,0,0,0,0,0,0,0,0,0,0,0,0,0,0,0,0,0,0,0,0,0,0
HAIRW-SUE-RAINFLOOR - FBA,HAIRW-SUE-RAINFLOOR,FBA,0,0,0,0,8,4,0,4,0,0,0,0,0,0,0,0,0,0,0,0,0,0,0,0,0,0,0,0,0,0,0,0,0,0,0,0,0,0,0,0,121.59,63.8,0,66.64,0,0,0,0,0,0,0,0,0,0,0,0,0,0,0,0,0,0,0,0,0,0,0,0,0,0,0,0
HAIRW-SUE-SEAFOAM - B2B,HAIRW-SUE-SEAFOAM,B2B,3,15,0,0,21,6,18,23,0,0,0,0,0,0,0,0,0,0,0,0,0,0,0,0,0,0,0,0,0,0,0,0,0,0,0,0,18.75,70.7,0,0,127.11,16.64,63.97,120.43,0,0,0,0,0,0,0,0,0,0,0,0,0,0,0,0,0,0,0,0,0,0,0,0,0,0,0,0
HAIRW-SUE-SEAFOAM - DTC,HAIRW-SUE-SEAFOAM,DTC,1,0,0,0,39,60,42,37,0,0,1,0,0,0,0,0,0,0,1,0,0,0,0,0,0,0,0,0,0,0,0,0,0,0,0,0,0,0,0,0,449.5,602.13,424.48,364.97,0,0,8,0,0,0,0,0,0,0,10,0,0,0,0,0,0,0,0,0,0,0,0,0,0,0,0,0
HAIRW-SUE-SURFCHK - B2B,HAIRW-SUE-SURFCHK,B2B,0,0,0,0,0,0,0,0,0,0,0,0,0,0,0,0,0,0,0,0,47,60,24,24,30,32,59,39,27,24,12,0,0,0,0,0,0,0,0,0,0,0,0,0,0,0,0,0,0,0,0,0,0,0,0,0,295.8,384.24,159.84,159.84,190.22,195.43,388.42,258.79,178.86,159.84,79.92,0,0,0,0,0
HAIRW-SUE-SURFCHK - DTC,HAIRW-SUE-SURFCHK,DTC,0,0,0,0,0,0,0,0,0,0,0,0,0,0,0,0,0,0,0,0,18,58,242,367,295,26,29,19,26,44,36,0,0,0,0,0,0,0,0,0,0,0,0,0,0,0,0,0,0,0,0,0,0,0,0,0,234.29,794.4,2953.98,4628.36,3467.23,367.14,389.48,242.5,371.03,600.16,488.55,0,0,0,0,0
HAIRW-SUE-SURFCHK - FBA,HAIRW-SUE-SURFCHK,FBA,0,0,0,0,0,0,0,0,0,0,0,0,0,0,0,0,0,0,0,0,1,5,29,134,41,21,17,4,3,9,1,0,0,0,0,0,0,0,0,0,0,0,0,0,0,0,0,0,0,0,0,0,0,0,0,0,13.32,61.27,378.26,1662.13,505.84,262.29,212.33,49.54,37.3,105.08,14.16,0,0,0,0,0
HAIRW-SUE-WYWH - B2B,HAIRW-SUE-WYWH,B2B,0,0,0,0,0,0,0,0,0,0,0,0,0,0,0,0,0,0,0,0,0,0,0,0,0,24,34,20,6,6,18,0,0,0,0,0,0,0,0,0,0,0,0,0,0,0,0,0,0,0,0,0,0,0,0,0,0,0,0,0,0,159.54,221.23,126.73,39.96,47.93,79.98,0,0,0,0,0
HAIRW-SUE-WYWH - DTC,HAIRW-SUE-WYWH,DTC,0,0,0,0,0,0,0,0,0,0,0,0,0,0,0,0,0,0,0,0,0,0,0,0,0,17,45,30,43,55,49,0,0,0,0,0,0,0,0,0,0,0,0,0,0,0,0,0,0,0,0,0,0,0,0,0,0,0,0,0,0,247.62,622.77,405.08,541.46,713.45,630.88,0,0,0,0,0
HAIRW-SUE-WYWH - FBA,HAIRW-SUE-WYWH,FBA,0,0,0,0,0,0,0,0,0,0,0,0,0,0,0,0,0,0,0,0,0,0,0,0,0,2,25,9,21,38,1,0,0,0,0,0,0,0,0,0,0,0,0,0,0,0,0,0,0,0,0,0,0,0,0,0,0,0,0,0,0,29.98,341.69,111.9,269.08,425.7,14.32,0,0,0,0,0
HAIRW-SUM-RAINB - B2B,HAIRW-SUM-RAINB,B2B,9,0,0,31,62,36,59,53,0,3,0,33,0,2,0,0,0,0,0,0,0,0,0,0,0,0,0,0,0,0,0,0,0,0,0,0,58.5,0,0,195.27,381.68,199.48,295.02,295.86,0,15.78,0,140.61,0,10.7,0,0,0,0,0,0,0,0,0,0,0,0,0,0,0,0,0,0,0,0,0,0
HAIRW-SUM-RAINB - DTC,HAIRW-SUM-RAINB,DTC,0,0,14,34,56,55,110,22,1,43,173,3,0,12,20,11,0,0,0,0,0,2,0,0,0,0,0,0,0,0,0,0,0,0,0,0,0,0,138.98,273.69,607.14,593.23,1158.07,184.9,7.5,356.85,1048.25,30.66,0,135.98,235.48,119.82,0,0,0,0,0,25.27,0,0,0,0,0,0,0,0,0,0,0,0,0,0
HAIRW-SUM-RAINB - FBA,HAIRW-SUM-RAINB,FBA,0,0,2,4,3,0,0,1,0,16,31,0,0,27,16,1,0,0,0,0,0,0,0,0,0,0,0,0,0,0,0,0,0,0,0,0,0,0,31.22,55.8,49.98,0,0,16.66,0,188.19,356.26,0,0,275.59,179.68,11.33,0,0,0,0,0,0,0,0,0,0,0,0,0,0,0,0,0,0,0,0
HAIRW-SUM-UNICN - B2B,HAIRW-SUM-UNICN,B2B,9,60,41,49,16,0,0,38,0,0,0,0,0,0,0,0,0,0,0,0,0,0,0,0,0,0,0,0,0,0,0,0,0,0,0,0,55.48,332,254.03,305.39,103.78,0,0,208.52,0,0,0,0,0,0,0,0,0,0,0,0,0,0,0,0,0,0,0,0,0,0,0,0,0,0,0,0
HAIRW-SUM-UNICN - DTC,HAIRW-SUM-UNICN,DTC,26,79,73,86,15,0,0,137,2,0,0,0,0,0,0,0,0,1,0,0,0,0,1,0,0,0,0,0,0,0,0,0,0,0,0,0,288.49,855.77,763.82,836.17,158.57,0,0,1335.85,16.93,0,0,0,0,0,0,0,0,12.33,0,0,0,0,14,0,0,0,0,0,0,0,0,0,0,0,0,0
HAIRW-SUM-UNICN - FBA,HAIRW-SUM-UNICN,FBA,7,18,13,15,0,0,0,4,0,0,0,0,0,0,0,0,0,2,0,0,0,1,0,0,0,0,0,0,0,0,0,0,0,0,0,0,102.58,284.73,177.69,232.9,0,0,0,66.64,0,0,0,0,0,0,0,0,0,22.32,0,0,0,13.32,0,0,0,0,0,0,0,0,0,0,0,0,0,0
HAIRW-SUM-UNICN-NB - B2B,HAIRW-SUM-UNICN-NB,B2B,0,0,0,0,0,0,0,20,0,163,55,4,21,7,50,78,68,132,301,45,156,66,87,24,12,56,63,123,37,66,518,0,0,0,0,0,0,0,0,0,0,0,0,107.34,0,831.08,294.16,20.71,89.2,42.44,1515.82,380.3,379.15,835.44,1679.62,281.25,710.03,430.9,3530.73,159.84,79.92,2761.93,418.02,819.63,244.88,439.56,3409.92,0,0,0,0,0
HAIRW-SUM-UNICN-NB - DTC,HAIRW-SUM-UNICN-NB,DTC,0,0,0,0,0,0,0,0,79,130,153,0,79,92,223,121,137,179,376,105,137,247,772,269,11,135,129,88,111,151,147,0,0,0,0,0,0,0,0,0,0,0,0,0,661.99,1300.27,1515.53,0,985.93,1190.67,2945.68,1440,1719.74,2030.29,4338.45,1257.21,1806.44,3303.94,8974.12,3154.14,164.89,1710.56,1749.98,1166.39,1407.42,2013.7,2012,0,0,0,0,0
HAIRW-SUM-UNICN-NB - FBA,HAIRW-SUM-UNICN-NB,FBA,0,0,0,0,0,0,0,0,0,0,0,0,0,0,0,0,0,0,0,0,0,0,0,0,0,16,28,26,21,79,13,0,0,0,0,0,0,0,0,0,0,0,0,0,0,0,0,0,0,0,0,0,0,0,0,0,0,0,0,0,0,214.31,368.35,322.37,254.43,887.83,167.2,0,0,0,0,0
HAIRW-WAF-CHRYBMB - B2B,HAIRW-WAF-CHRYBMB,B2B,0,0,0,0,0,0,0,0,0,0,0,0,0,0,0,0,0,0,0,0,125,142,54,48,60,220,226,255,310,180,98,0,0,0,0,0,0,0,0,0,0,0,0,0,0,0,0,0,0,0,0,0,0,0,0,0,913.11,1069.76,408.92,362.59,429.77,1517.93,1582.29,1798.89,2147.39,1267.95,651.75,0,0,0,0,0
HAIRW-WAF-CHRYBMB - DTC,HAIRW-WAF-CHRYBMB,DTC,0,0,0,0,0,0,0,0,0,0,0,0,0,0,0,0,0,0,0,0,508,1175,1554,1564,172,232,192,135,168,277,270,0,0,0,0,0,0,0,0,0,0,0,0,0,0,0,0,0,0,0,0,0,0,0,0,0,7933.22,18093.17,22221.01,24974.45,2618.84,3635.55,2968.24,2030.49,2426.44,4091.7,4106.51,0,0,0,0,0
HAIRW-WAF-CHRYBMB - FBA,HAIRW-WAF-CHRYBMB,FBA,0,0,0,0,0,0,0,0,0,0,0,0,0,0,0,0,0,0,0,0,34,102,84,193,46,66,75,52,66,38,3,0,0,0,0,0,0,0,0,0,0,0,0,0,0,0,0,0,0,0,0,0,0,0,0,0,518.55,1491.35,1250.57,3093.22,720.76,989.34,1126.56,742.97,937.82,587.52,54.99,0,0,0,0,0
HAIRW-WAF-DRMCTCH - B2B,HAIRW-WAF-DRMCTCH,B2B,0,0,0,0,0,0,0,0,7,69,18,19,2,3,8,5,0,19,54,48,0,0,0,0,0,0,0,0,0,0,0,0,0,0,0,0,0,0,0,0,0,0,0,0,43.75,435.9,112.5,124.85,-0.59,18.75,197.7,63.77,0,128.45,361.13,330,0,0,0,0,0,0,0,0,0,0,0,0,0,0,0,0
HAIRW-WAF-DRMCTCH - DTC,HAIRW-WAF-DRMCTCH,DTC,0,0,0,0,0,0,0,0,17,34,113,257,0,0,16,1,0,41,74,82,13,0,0,0,0,0,0,0,0,0,0,0,0,0,0,0,0,0,0,0,0,0,0,0,180.11,408.46,1351.47,3208.38,0,0,242.33,19.17,0,596.47,1050.37,1268.1,186.58,0,0,0,0,0,0,0,0,0,0,0,0,0,0,0
HAIRW-WAF-DRMCTCH - FBA,HAIRW-WAF-DRMCTCH,FBA,0,0,0,0,0,0,0,0,0,0,8,7,0,0,0,0,0,2,11,10,1,16,2,0,0,0,0,0,0,0,0,0,0,0,0,0,0,0,0,0,0,0,0,0,0,0,150.81,142.68,0,0,0,0,0,29.98,156.99,144.65,14.99,215.75,21,0,0,0,0,0,0,0,0,0,0,0,0,0
HAIRW-WAF-SERENE - B2B,HAIRW-WAF-SERENE,B2B,0,0,0,0,0,0,0,0,8,221,15,0,2,11,22,0,2,44,80,0,0,0,0,0,0,0,0,0,0,0,0,0,0,0,0,0,0,0,0,0,0,0,0,0,50,1310.67,70.32,0,-4.64,71.97,1101.94,0,560,338.55,522.99,0,0,0,0,0,0,0,0,0,0,0,0,0,0,0,0,0
HAIRW-WAF-SERENE - DTC,HAIRW-WAF-SERENE,DTC,0,0,0,0,0,0,0,0,27,123,16,0,48,0,103,4,0,134,114,17,0,0,0,0,0,0,0,0,0,0,0,0,0,0,0,0,0,0,0,0,0,0,0,0,307.96,1633,207.84,0,774.57,0,1646.17,69.99,0,1986.72,1678.44,200.61,0,0,0,0,0,0,0,0,0,0,0,0,0,0,0,0
HAIRW-WAF-SERENE - FBA,HAIRW-WAF-SERENE,FBA,0,0,0,0,0,0,0,0,1,4,16,0,0,5,0,4,0,4,8,24,0,0,0,0,0,0,0,0,0,0,0,0,0,0,0,0,0,0,0,0,0,0,0,0,23.99,95.61,317.65,0,0,104.15,0,83.32,0,68.48,123.41,350.01,0,0,0,0,0,0,0,0,0,0,0,0,0,0,0,0
HAIRW-WAF-TIGPALM - B2B,HAIRW-WAF-TIGPALM,B2B,0,0,0,0,0,0,0,0,0,0,0,0,0,0,0,0,0,0,0,0,66,124,54,36,0,2,18,60,24,54,24,0,0,0,0,0,0,0,0,0,0,0,0,0,0,0,0,0,0,0,0,0,0,0,0,0,503.14,924.78,411.83,270,0,-0.64,132.78,452.72,180,406.88,180,0,0,0,0,0
HAIRW-WAF-TIGPALM - DTC,HAIRW-WAF-TIGPALM,DTC,0,0,0,0,0,0,0,0,0,0,0,0,0,0,0,0,0,0,0,0,158,396,678,837,32,0,27,44,61,72,62,0,0,0,0,0,0,0,0,0,0,0,0,0,0,0,0,0,0,0,0,0,0,0,0,0,2322.55,5947.49,9347.97,13064.19,517.04,0,411.65,663.56,883.7,1086.33,907.75,0,0,0,0,0
HAIRW-WAF-TIGPALM - FBA,HAIRW-WAF-TIGPALM,FBA,0,0,0,0,0,0,0,0,0,0,0,0,0,0,0,0,0,0,0,0,8,40,94,168,16,1,3,23,19,18,3,0,0,0,0,0,0,0,0,0,0,0,0,0,0,0,0,0,0,0,0,0,0,0,0,0,129.94,575.28,1387.64,2521.18,233.46,14.99,43.47,338.02,277.31,260.75,51.33,0,0,0,0,0
HAIRW-WAF-WTRSPRZ - FBA,HAIRW-WAF-WTRSPRZ,FBA,0,0,0,0,0,0,0,0,0,0,0,0,0,0,0,0,0,0,0,0,0,0,0,0,0,0,0,0,0,0,1,0,0,0,0,0,0,0,0,0,0,0,0,0,0,0,0,0,0,0,0,0,0,0,0,0,0,0,0,0,0,0,0,0,0,0,15.93,0,0,0,0,0
HAIRWRAP-CLA-LGREEN - B2B,HAIRWRAP-CLA-LGREEN,B2B,0,0,0,0,0,2,0,0,0,0,0,0,0,0,0,0,0,0,0,0,0,0,0,0,0,0,0,0,0,0,0,0,0,0,0,0,0,0,0,0,0,7.3,0,0,0,0,0,0,0,0,0,0,0,0,0,0,0,0,0,0,0,0,0,0,0,0,0,0,0,0,0,0
HAIRWRAP-CLA-LGREEN - DTC,HAIRWRAP-CLA-LGREEN,DTC,0,0,0,0,0,0,0,0,0,0,0,0,0,0,0,0,0,0,0,0,0,0,19,0,0,0,0,0,0,0,0,0,0,0,0,0,0,0,0,0,0,0,0,0,0,0,0,0,0,0,0,0,0,0,0,0,0,0,203.08,0,0,0,0,0,0,0,0,0,0,0,0,0
HEADW-CBH-NAVY - B2B,HEADW-CBH-NAVY,B2B,5,0,0,0,15,36,6,0,0,0,0,0,0,0,0,0,0,0,0,0,0,0,0,0,0,0,0,0,0,0,0,0,0,0,0,0,24.97,0,0,0,75.55,171.43,24.6,0,0,0,0,0,0,0,0,0,0,0,0,0,0,0,0,0,0,0,0,0,0,0,0,0,0,0,0,0
HEADW-CBH-NAVY - DTC,HEADW-CBH-NAVY,DTC,0,0,4,6,12,9,16,17,0,0,0,0,0,0,0,0,0,0,0,0,0,0,0,0,0,0,0,0,0,0,0,0,0,0,0,0,0,0,41.17,63.85,121.01,87.43,152.82,169.66,0,0,0,0,0,0,0,0,0,0,0,0,0,0,0,0,0,0,0,0,0,0,0,0,0,0,0,0
HEADW-CLA-NAVY - B2B,HEADW-CLA-NAVY,B2B,4,0,0,0,12,11,2,1,20,0,0,0,0,0,0,0,0,0,0,0,0,0,0,0,0,0,0,0,0,0,0,0,0,0,0,0,20.22,0,0,0,60.55,50.5,10,5,100,0,0,0,0,0,0,0,0,0,0,0,0,0,0,0,0,0,0,0,0,0,0,0,0,0,0,0
HEADW-CLA-NAVY - DTC,HEADW-CLA-NAVY,DTC,0,0,5,6,19,23,24,90,8,0,0,0,0,0,0,0,0,0,0,0,0,0,0,0,0,0,0,0,0,0,0,0,0,0,0,0,0,0,47.17,61.57,179.01,236.22,252.09,672.4,56.48,0,0,0,0,0,0,0,0,0,0,0,0,0,0,0,0,0,0,0,0,0,0,0,0,0,0,0
HEADW-CLA-WHITE - B2B,HEADW-CLA-WHITE,B2B,4,200,300,0,10,4,0,20,3,6,0,0,0,0,0,0,0,0,0,0,0,0,0,0,0,0,0,0,0,0,0,0,0,0,0,0,20.22,1144,1716,0,50.55,17,0,100,15,25.57,0,0,0,0,0,0,0,0,0,0,0,0,0,0,0,0,0,0,0,0,0,0,0,0,0,0
HEADW-CLA-WHITE - DTC,HEADW-CLA-WHITE,DTC,0,0,3,9,8,11,13,58,52,72,1,0,4,0,0,0,0,0,0,0,0,0,0,0,0,0,0,0,0,0,0,0,0,0,0,0,0,0,31.17,90.33,82.06,101.95,122.68,442.62,358.64,525.77,5.67,0,26.83,0,0,0,0,0,0,0,0,0,0,0,0,0,0,0,0,0,0,0,0,0,0,0
HEADW-GEO-PINK - B2B,HEADW-GEO-PINK,B2B,4,0,0,0,11,14,2,23,0,0,0,0,0,0,0,0,0,0,0,0,0,0,0,0,0,0,0,0,0,0,0,0,0,0,0,0,20.22,0,0,0,55.55,68.93,9.6,115,0,0,0,0,0,0,0,0,0,0,0,0,0,0,0,0,0,0,0,0,0,0,0,0,0,0,0,0
HEADW-GEO-PINK - DTC,HEADW-GEO-PINK,DTC,0,0,1,8,8,16,18,18,3,0,0,0,0,0,0,0,0,0,0,0,0,0,0,0,0,0,0,0,0,0,0,0,0,0,0,0,0,0,8,88.43,75.67,162.17,168.96,170.67,18.88,0,0,0,0,0,0,0,0,0,0,0,0,0,0,0,0,0,0,0,0,0,0,0,0,0,0,0
HOODT-ANI-HD-4SET - DTC,HOODT-ANI-HD-4SET,DTC,0,0,0,11,15,0,0,0,0,0,0,0,0,0,0,0,0,0,0,0,0,0,0,0,0,0,0,0,0,0,0,0,0,0,0,0,0,0,0,107.81,159.24,0,0,0,0,0,0,0,0,0,0,0,0,0,0,0,0,0,0,0,0,0,0,0,0,0,0,0,0,0,0,0
HOODT-ANI-HD-FROG - B2B,HOODT-ANI-HD-FROG,B2B,0,0,0,2,0,0,0,0,0,0,0,0,0,0,0,0,0,0,0,0,0,0,0,0,151,0,0,0,0,0,0,0,0,0,0,0,0,0,0,7.3,0,0,0,0,0,0,0,0,0,0,0,0,0,0,0,0,0,0,0,0,1258.33,0,0,0,0,0,0,0,0,0,0,0
HOODT-ANI-HD-FROG - DTC,HOODT-ANI-HD-FROG,DTC,0,2,9,45,50,0,0,7,0,0,0,0,0,0,0,0,0,0,0,0,58,41,3,129,40,0,0,0,0,0,0,0,0,0,0,0,0,2.5,20.5,87.7,90.91,0,0,15.71,0,0,0,0,0,0,0,0,0,0,0,0,149.9,102.66,6.5,337.28,105.39,0,0,0,0,0,0,0,0,0,0,0
HOODT-ANI-HD-GIRAF - B2B,HOODT-ANI-HD-GIRAF,B2B,0,0,0,2,1,0,0,0,0,0,0,0,0,0,0,0,0,0,0,0,0,0,0,0,182,0,0,0,0,0,0,0,0,0,0,0,0,0,0,7.3,3.49,0,0,0,0,0,0,0,0,0,0,0,0,0,0,0,0,0,0,0,1516.66,0,0,0,0,0,0,0,0,0,0,0
HOODT-ANI-HD-GIRAF - DTC,HOODT-ANI-HD-GIRAF,DTC,0,1,14,66,102,116,102,9,3,0,0,0,0,0,0,0,0,0,0,0,0,0,0,0,0,0,0,0,0,0,0,0,0,0,0,0,0,2.25,33.96,140.77,211.64,278.64,240.32,20.34,7,0,0,0,0,0,0,0,0,0,0,0,0,0,0,0,0,0,0,0,0,0,0,0,0,0,0,0
HOODT-ANI-HD-GIRAF - FBA,HOODT-ANI-HD-GIRAF,FBA,0,0,0,0,0,2,0,0,0,0,0,0,0,0,0,0,0,0,0,0,0,0,0,0,0,0,0,0,0,0,0,0,0,0,0,0,0,0,0,0,0,23.34,0,0,0,0,0,0,0,0,0,0,0,0,0,0,0,0,0,0,0,0,0,0,0,0,0,0,0,0,0,0
HOODT-ANI-HD-KOALA - B2B,HOODT-ANI-HD-KOALA,B2B,0,0,0,2,1,0,0,0,0,0,0,0,0,0,1,0,0,0,0,0,0,0,0,0,155,0,0,0,0,0,0,0,0,0,0,0,0,0,0,7.3,3.32,0,0,0,0,0,0,0,0,0,4.16,0,0,0,0,0,0,0,0,0,1291.66,0,0,0,0,0,0,0,0,0,0,0
HOODT-ANI-HD-KOALA - DTC,HOODT-ANI-HD-KOALA,DTC,0,0,16,49,79,60,0,8,0,0,0,0,1,6,38,0,0,0,0,0,0,0,0,94,47,1,0,0,0,0,0,0,0,0,0,0,0,0,36.77,100.23,161.38,142.74,0,18.23,0,0,0,0,2.25,15.08,86.93,0,0,0,0,0,0,0,0,246.66,123.32,2.25,0,0,0,0,0,0,0,0,0,0
HOODT-ANI-HD-KOALA - FBA,HOODT-ANI-HD-KOALA,FBA,0,0,0,1,0,0,0,0,0,0,0,0,0,0,0,0,0,0,0,0,0,0,0,0,0,0,0,0,0,0,0,0,0,0,0,0,0,0,0,9.32,0,0,0,0,0,0,0,0,0,0,0,0,0,0,0,0,0,0,0,0,0,0,0,0,0,0,0,0,0,0,0,0
HOODT-ANI-HD-PIG - B2B,HOODT-ANI-HD-PIG,B2B,0,0,0,0,1,0,0,3,0,0,0,0,0,0,1,0,0,3,0,0,0,0,0,0,177,0,0,0,0,0,0,0,0,0,0,0,0,0,0,0,3.32,0,0,9.96,0,0,0,0,0,0,4.16,0,0,10.5,0,0,0,0,0,0,1474.99,0,0,0,0,0,0,0,0,0,0,0
HOODT-ANI-HD-PIG - DTC,HOODT-ANI-HD-PIG,DTC,0,0,1,16,22,4,7,16,15,22,28,29,19,4,17,0,39,37,23,140,26,0,0,70,35,0,0,0,0,0,0,0,0,0,0,0,0,0,2.25,13.8,20.11,8.55,21.59,35.52,33.27,50.63,80.65,78.3,40.99,9.73,47.6,0,91.28,93.65,73.81,360.69,67.3,0,0,180.29,88.41,0,0,0,0,0,0,0,0,0,0,0
HOODT-ANI-HD-PIG - FBA,HOODT-ANI-HD-PIG,FBA,0,0,0,0,0,0,0,0,0,0,1,0,0,0,0,0,1,0,0,1,0,0,0,0,0,0,0,0,0,0,0,0,0,0,0,0,0,0,0,0,0,0,0,0,0,0,13.54,0,0,0,0,0,11.67,0,0,14.99,0,0,0,0,0,0,0,0,0,0,0,0,0,0,0,0
HOODT-ANI-PK-FROG - DTC,HOODT-ANI-PK-FROG,DTC,0,1,0,0,0,0,0,0,0,0,0,0,0,0,0,0,0,0,0,0,0,0,0,0,0,0,0,0,0,0,0,0,0,0,0,0,0,7.43,0,0,0,0,0,0,0,0,0,0,0,0,0,0,0,0,0,0,0,0,0,0,0,0,0,0,0,0,0,0,0,0,0,0
HOODT-ANI-PK-PIG - DTC,HOODT-ANI-PK-PIG,DTC,0,0,0,0,0,0,0,0,0,0,0,0,0,0,0,0,0,0,9,5,0,0,0,0,0,0,0,0,0,0,0,0,0,0,0,0,0,0,0,0,0,0,0,0,0,0,0,0,0,0,0,0,0,0,1.91,-6.15,0,0,0,0,0,0,0,0,0,0,0,0,0,0,0,0
HOODT-ANI-SM-FROG - B2B,HOODT-ANI-SM-FROG,B2B,0,0,0,0,0,0,0,0,0,0,0,0,0,0,0,0,0,0,0,0,0,0,0,0,151,0,0,0,0,0,0,0,0,0,0,0,0,0,0,0,0,0,0,0,0,0,0,0,0,0,0,0,0,0,0,0,0,0,0,0,2894.17,0,0,0,0,0,0,0,0,0,0,0
HOODT-ANI-SM-FROG - DTC,HOODT-ANI-SM-FROG,DTC,2,2,1,0,0,0,0,0,0,0,0,0,0,0,0,0,0,0,0,0,0,0,0,0,0,0,0,0,0,0,0,0,0,0,0,0,15.94,5.18,4.88,0,0,0,0,0,0,0,0,0,0,0,0,0,0,0,0,0,0,0,0,0,0,0,0,0,0,0,0,0,0,0,0,0
HOODT-ANI-SM-KOALA - B2B,HOODT-ANI-SM-KOALA,B2B,0,0,0,0,0,0,0,0,0,0,0,0,0,0,0,0,0,0,0,0,0,0,0,0,1,0,0,0,0,0,0,0,0,0,0,0,0,0,0,0,0,0,0,0,0,0,0,0,0,0,0,0,0,0,0,0,0,0,0,0,19.17,0,0,0,0,0,0,0,0,0,0,0
HOODT-ANI-SM-PIG - DTC,HOODT-ANI-SM-PIG,DTC,1,1,3,0,1,0,0,0,0,0,0,0,0,0,0,0,0,1,21,16,0,0,3,0,0,0,0,0,0,0,0,0,0,0,0,0,0,5.18,18.6,0,4.89,0,0,0,0,0,0,0,0,0,0,0,0,5.18,110.33,87.94,0,0,21.88,0,0,0,0,0,0,0,0,0,0,0,0,0
HOODT-ANI-SM-PIG - FBA,HOODT-ANI-SM-PIG,FBA,1,0,0,0,0,0,0,0,0,0,0,0,0,0,0,0,1,0,1,0,0,0,0,0,0,0,0,0,0,0,0,0,0,0,0,0,16.66,0,0,0,0,0,0,0,0,0,0,0,0,0,0,0,19.19,0,19.19,0,0,0,0,0,0,0,0,0,0,0,0,0,0,0,0,0
HOODT-CLA-SM-LTBLU - DTC,HOODT-CLA-SM-LTBLU,DTC,4,1,2,0,0,0,0,47,2,0,0,0,0,1,0,0,30,32,25,78,1,0,0,0,0,0,0,0,0,0,0,0,0,0,0,0,24.54,5.18,9.78,0,0,0,0,267.58,14.26,0,0,0,0,4.89,0,0,182.12,197.91,155.41,481.38,4.6,0,0,0,0,0,0,0,0,0,0,0,0,0,0,0
HOODT-CLA-SM-LTBLU - FBA,HOODT-CLA-SM-LTBLU,FBA,1,0,1,0,0,0,0,1,0,0,0,0,0,0,0,0,0,0,0,0,0,0,0,0,0,0,0,0,0,0,0,0,0,0,0,0,7.79,0,16.67,0,0,0,0,17.25,0,0,0,0,0,0,0,0,0,0,0,0,0,0,0,0,0,0,0,0,0,0,0,0,0,0,0,0
HOODT-CLA-SM-LTPNK - B2B,HOODT-CLA-SM-LTPNK,B2B,0,0,0,0,0,0,0,0,0,0,0,0,0,0,0,0,0,0,0,0,0,0,0,0,170,0,0,0,0,0,0,0,0,0,0,0,0,0,0,0,0,0,0,0,0,0,0,0,0,0,0,0,0,0,0,0,0,0,0,0,3258.34,0,0,0,0,0,0,0,0,0,0,0
HOODT-CLA-SM-LTPNK - DTC,HOODT-CLA-SM-LTPNK,DTC,8,1,0,0,0,0,0,10,0,0,0,0,0,0,0,0,0,0,11,96,61,0,0,60,29,3,0,0,0,0,0,0,0,0,0,0,56.06,5.18,0,0,0,0,0,59.25,0,0,0,0,0,0,0,0,0,0,72.64,578.55,355.22,0,0,371.18,174.33,17.26,0,0,0,0,0,0,0,0,0,0
HOODT-CLA-SM-NAVY - B2B,HOODT-CLA-SM-NAVY,B2B,0,0,0,0,0,0,0,0,0,0,0,0,0,0,0,0,0,0,0,0,0,0,0,0,373,0,0,0,0,0,0,0,0,0,0,0,0,0,0,0,0,0,0,0,0,0,0,0,0,0,0,0,0,0,0,0,0,0,0,0,7149.18,0,0,0,0,0,0,0,0,0,0,0
HOODT-CLA-SM-NAVY - DTC,HOODT-CLA-SM-NAVY,DTC,35,1,7,0,1,0,0,4,0,0,0,0,0,1,0,0,0,0,6,63,87,4,2,65,26,0,0,0,0,0,0,0,0,0,0,0,226.58,5.18,42.63,0,9.08,0,0,23.06,0,0,0,0,0,4.89,0,0,0,0,40.23,384.56,505.41,24.7,9.48,396.43,157.65,0,0,0,0,0,0,0,0,0,0,0
HOODT-CLA-SM-NAVY - FBA,HOODT-CLA-SM-NAVY,FBA,0,0,0,0,3,1,0,0,0,0,0,0,0,0,0,0,0,0,0,0,0,0,0,0,0,0,0,0,0,0,0,0,0,0,0,0,0,0,0,0,46.66,16.67,0,0,0,0,0,0,0,0,0,0,0,0,0,0,0,0,0,0,0,0,0,0,0,0,0,0,0,0,0,0
HOODT-CLA-SM-WHITE - B2B,HOODT-CLA-SM-WHITE,B2B,0,0,0,0,0,0,0,0,0,0,0,0,0,0,0,0,0,0,0,0,0,0,0,0,220,0,0,0,0,0,0,0,0,0,0,0,0,0,0,0,0,0,0,0,0,0,0,0,0,0,0,0,0,0,0,0,0,0,0,0,4216.68,0,0,0,0,0,0,0,0,0,0,0
HOODT-CLA-SM-WHITE - DTC,HOODT-CLA-SM-WHITE,DTC,56,0,16,0,0,0,0,0,0,0,0,0,0,0,0,0,0,0,17,87,80,0,0,56,34,0,0,0,0,0,0,0,0,0,0,0,372.85,0,96.78,0,0,0,0,0,0,0,0,0,0,0,0,0,0,0,100.6,505.13,489.42,0,0,333.95,213.57,0,0,0,0,0,0,0,0,0,0,0
HOODT-CLA-SM-WHITE - FBA,HOODT-CLA-SM-WHITE,FBA,0,0,0,0,0,0,0,0,0,0,0,0,0,0,0,0,0,0,1,0,0,0,0,0,0,0,0,0,0,0,0,0,0,0,0,0,0,0,0,0,0,0,0,0,0,0,0,0,0,0,0,0,0,0,19.19,0,0,0,0,0,0,0,0,0,0,0,0,0,0,0,0,0
MAKUP-4SET-PINK - DTC,MAKUP-4SET-PINK,DTC,0,0,0,0,0,0,0,0,0,0,0,2,0,1,0,0,0,0,0,0,0,0,0,0,0,0,0,0,0,0,0,0,0,0,0,0,0,0,0,0,0,0,0,0,0,0,0,0,0,0,0,0,0,0,0,0,0,0,0,0,0,0,0,0,0,0,0,0,0,0,0,0
MAKUP-CBH-3MIX - B2B,MAKUP-CBH-3MIX,B2B,0,11,9,10,11,22,12,31,0,2,10,0,0,0,0,0,2,0,0,0,0,0,0,0,0,0,0,0,0,0,0,0,0,0,0,0,0,78.39,62.43,45.25,74.14,143.9,82.44,206.46,0,11.34,66.6,0,0,0,0,0,9.98,0,0,0,0,0,0,0,0,0,0,0,0,0,0,0,0,0,0,0
MAKUP-CBH-3MIX - DTC,MAKUP-CBH-3MIX,DTC,18,49,6,3,4,3,9,17,22,29,379,357,5,0,0,0,0,14,7,0,0,0,0,288,0,2,0,0,0,0,0,0,0,0,0,0,204.67,384.48,65.04,37.07,55.4,41.67,111.67,174.44,188.23,259.17,2352.96,2326.74,14.4,0,0,0,0,110.26,52.28,0,0,0,0,1236.66,0,19.33,0,0,0,0,0,0,0,0,0,0
MAKUP-CLA-NAVY - B2B,MAKUP-CLA-NAVY,B2B,0,200,603,4,0,6,10,0,0,6,0,1,0,0,0,3,0,0,0,0,0,0,0,0,0,0,0,0,0,0,0,0,0,0,0,0,0,1220,2459.98,26.64,0,28.2,63.15,0,0,34.09,0,0,0,0,0,15.77,0,0,0,0,0,0,0,0,0,0,0,0,0,0,0,0,0,0,0,0
MAKUP-CLA-NAVY - DTC,MAKUP-CLA-NAVY,DTC,19,35,6,9,5,7,7,72,24,22,207,17,6,8,21,58,3,0,0,0,0,0,0,0,0,0,0,0,0,0,0,0,0,0,0,0,193.82,277.96,81.04,116.93,63.4,95.58,85.18,648.55,225.2,226.86,1373.7,129.88,26.32,60.61,161.06,437.3,23.2,0,0,0,0,0,0,0,0,0,0,0,0,0,0,0,0,0,0,0
MAKUP-CLA-NAVY - FBA,MAKUP-CLA-NAVY,FBA,2,0,2,0,0,0,0,0,0,3,1,0,0,0,6,3,12,10,19,29,0,0,0,0,0,0,0,0,0,0,0,0,0,0,0,0,26.64,0,24.46,0,0,0,0,0,0,36.33,10.83,0,0,0,52.25,20.54,106.29,89.58,166.55,249.77,0,0,0,0,0,0,0,0,0,0,0,0,0,0,0,0
MAKUP-GEO-3MIX - B2B,MAKUP-GEO-3MIX,B2B,0,6,10,8,11,17,21,25,6,19,33,0,0,0,0,0,0,0,0,0,0,0,0,0,0,0,0,0,0,0,0,0,0,0,0,0,0,41.88,69.75,51.91,76.76,98.12,144.96,168.51,34.37,119.62,190.52,0,0,0,0,0,0,0,0,0,0,0,0,0,0,0,0,0,0,0,0,0,0,0,0,0
MAKUP-GEO-3MIX - DTC,MAKUP-GEO-3MIX,DTC,20,89,5,7,11,7,17,120,39,59,433,47,3,0,0,0,0,11,7,0,0,0,0,0,0,0,0,0,0,0,0,0,0,0,0,0,225.71,745.62,63.21,97.31,143.96,91.18,203.76,998.12,344.23,528.08,2791.93,292.16,30.15,0,0,0,0,85.19,57.98,0,0,0,0,0,0,0,0,0,0,0,0,0,0,0,0,0
MAKUP-HOM-3PAK-LTBLU - B2B,MAKUP-HOM-3PAK-LTBLU,B2B,0,0,4,2,7,4,4,2,4,6,10,0,0,0,0,0,0,0,0,0,0,0,0,0,0,0,0,0,0,0,0,0,0,0,0,0,0,0,26.64,11.28,43.61,18.8,26.37,13.32,28.77,42.91,66.6,0,0,0,0,0,0,0,0,0,0,0,0,0,0,0,0,0,0,0,0,0,0,0,0,0
MAKUP-HOM-3PAK-LTBLU - DTC,MAKUP-HOM-3PAK-LTBLU,DTC,108,96,37,103,63,23,34,95,40,60,196,300,3,1,0,0,0,0,0,0,130,48,1,1,0,0,0,0,0,0,0,0,0,0,0,0,742.26,683.63,287.19,187.72,522.4,190.07,256.44,702.41,309.56,477.49,1260.33,2081.53,16.87,11.33,0,0,0,0,0,0,1056.65,400.73,8.43,8,0,0,0,0,0,0,0,0,0,0,0,0
MAKUP-HOM-3PAK-LTBLU - FBA,MAKUP-HOM-3PAK-LTBLU,FBA,18,13,13,34,3,10,9,13,2,4,77,41,5,0,0,0,0,0,0,0,7,1,0,0,0,0,0,0,0,0,0,0,0,0,0,0,136.29,105.49,104.43,220.73,16.44,65.58,51.47,106.51,16.64,33.28,377.49,347.06,45.76,0,0,0,0,0,0,0,72.65,11.33,0,0,0,0,0,0,0,0,0,0,0,0,0,0
MAKUP-HOM-3PAK-LTGRN - B2B,MAKUP-HOM-3PAK-LTGRN,B2B,0,5,3,12,11,13,4,2,3,6,0,0,0,0,0,0,0,0,0,0,0,0,0,0,0,0,0,0,0,0,0,0,0,0,0,0,0,33.31,19.98,71.77,66.62,76.78,29.22,13.32,21.83,42.91,0,0,0,0,0,0,0,0,0,0,0,0,0,0,0,0,0,0,0,0,0,0,0,0,0,0
MAKUP-HOM-3PAK-LTGRN - DTC,MAKUP-HOM-3PAK-LTGRN,DTC,120,134,64,53,48,64,63,161,61,94,220,6,1,0,0,0,0,0,0,0,0,22,15,0,0,0,0,0,0,0,0,0,0,0,0,0,879.34,908.23,528.98,427.85,394.26,508.34,466.87,1233.09,483.36,722.22,1497.62,27.44,9.67,0,0,0,0,0,0,0,0,180.95,118.86,0,0,0,0,0,0,0,0,0,0,0,0,0
MAKUP-HOM-3PAK-LTGRN - FBA,MAKUP-HOM-3PAK-LTGRN,FBA,48,29,24,3,3,1,7,12,18,25,48,14,0,0,0,0,0,0,0,0,1,2,0,0,0,0,0,0,0,0,0,0,0,0,0,0,331.35,179.17,184.69,28.47,32.6,8.79,54.9,98.19,151.86,203.58,327.15,118.58,0,0,0,0,0,0,0,0,12.67,16.32,0,0,0,0,0,0,0,0,0,0,0,0,0,0
MAKUP-HOM-3PAK-LTPNK - B2B,MAKUP-HOM-3PAK-LTPNK,B2B,0,0,3,6,4,27,3,1,6,9,0,1,0,0,0,3,0,0,0,0,0,0,0,0,0,0,0,0,0,0,0,0,0,0,0,0,0,0,19.98,36.9,26.64,172.56,19.98,6.66,43.32,63.6,0,0,0,0,0,14.97,0,0,0,0,0,0,0,0,0,0,0,0,0,0,0,0,0,0,0,0
MAKUP-HOM-3PAK-LTPNK - DTC,MAKUP-HOM-3PAK-LTPNK,DTC,185,182,83,82,81,89,109,227,84,123,395,1191,1127,25,111,53,0,1,0,0,0,0,0,0,0,0,0,0,0,0,0,0,0,0,0,0,1300.26,1151.93,551.99,420.45,445.58,794.8,901.5,1775.93,699.67,992.39,2521.57,6410.34,4964.98,223.94,859.39,419.82,0,12.33,0,0,0,0,0,0,0,0,0,0,0,0,0,0,0,0,0,0
MAKUP-HOM-3PAK-LTPNK - FBA,MAKUP-HOM-3PAK-LTPNK,FBA,48,24,22,46,4,3,10,26,12,16,132,49,3,4,25,45,53,36,0,0,0,0,0,0,0,0,0,0,0,0,0,0,0,0,0,0,347.13,158.5,171.26,356.54,46.1,34.87,78.19,213.57,99.86,131.29,689.45,414.29,30.14,37.63,191.42,358.36,422.59,282.2,0,0,0,0,0,0,0,0,0,0,0,0,0,0,0,0,0,0
MAKUP-HOM-3PAK-NAVY - B2B,MAKUP-HOM-3PAK-NAVY,B2B,0,4,1,8,4,9,0,2,0,0,0,0,0,0,0,0,0,0,0,0,0,0,0,0,0,0,0,0,0,0,0,0,0,0,0,0,0,26.64,6.66,50.22,24.98,42.3,0,13.32,0,0,0,0,0,0,0,0,0,0,0,0,0,0,0,0,0,0,0,0,0,0,0,0,0,0,0,0
MAKUP-HOM-3PAK-NAVY - DTC,MAKUP-HOM-3PAK-NAVY,DTC,110,92,32,19,2,36,47,83,5,0,0,0,0,0,0,0,0,0,0,0,69,119,60,0,0,0,0,0,0,0,0,0,0,0,0,0,772.25,634.9,255.04,141.37,8,281.69,360.8,637.06,39.99,0,0,0,0,0,0,0,0,0,0,0,574.39,954.48,498.39,0,0,0,0,0,0,0,0,0,0,0,0,0
MAKUP-HOM-3PAK-NAVY - FBA,MAKUP-HOM-3PAK-NAVY,FBA,31,21,13,35,45,21,22,12,12,16,98,98,32,38,27,0,0,0,0,0,6,15,8,0,0,0,0,0,0,0,0,0,0,0,0,0,230.54,121.64,101.5,282.72,357.56,169.41,159.85,99.02,99.86,130.35,484.08,714.34,270.36,316.21,208.03,0,0,0,0,0,64.65,148.09,71.71,0,0,0,0,0,0,0,0,0,0,0,0,0
MAKUP-HOM-3PAK-TERRA - B2B,MAKUP-HOM-3PAK-TERRA,B2B,0,3,0,5,6,8,1,1,4,0,0,0,0,0,0,3,0,0,0,0,0,0,0,0,0,0,0,0,0,0,0,0,0,0,0,0,0,19.98,0,33.3,39.23,47.4,6.39,6.66,28.77,0,0,0,0,0,0,14.97,0,0,0,0,0,0,0,0,0,0,0,0,0,0,0,0,0,0,0,0
MAKUP-HOM-3PAK-TERRA - DTC,MAKUP-HOM-3PAK-TERRA,DTC,68,124,28,31,60,34,46,93,40,0,0,0,11,13,81,15,0,0,0,0,0,0,0,0,0,0,0,0,0,0,0,0,0,0,0,0,451.01,788.78,208.18,245.76,489.27,256.04,349.13,686.4,301.62,0,0,0,91.12,108.75,661.54,113.13,0,0,0,0,0,0,0,0,0,0,0,0,0,0,0,0,0,0,0,0
MAKUP-HOM-3PAK-TERRA - FBA,MAKUP-HOM-3PAK-TERRA,FBA,23,16,17,23,13,12,13,10,3,0,0,0,0,1,25,25,30,31,0,0,0,0,0,0,0,0,0,0,0,0,0,0,0,0,0,0,184.36,126.49,121.31,151.57,99.6,84.58,97.59,74.33,25.15,0,0,0,0,8.32,185.96,198.81,245,233.83,0,0,0,0,0,0,0,0,0,0,0,0,0,0,0,0,0,0
MAKUP-HOM-5SET - DTC,MAKUP-HOM-5SET,DTC,7,5,1,1,2,1,0,0,0,0,0,0,0,0,0,0,0,0,0,0,0,0,0,0,0,0,0,0,0,0,0,0,0,0,0,0,253.32,160,40,40,38.17,0,0,0,0,0,0,0,0,0,0,0,0,0,0,0,0,0,0,0,0,0,0,0,0,0,0,0,0,0,0,0
MAKUP-RET-MONT - B2B,MAKUP-RET-MONT,B2B,2,3,0,0,0,0,0,0,0,0,0,0,0,0,0,0,0,0,0,0,0,0,0,0,0,0,0,0,0,0,0,0,0,0,0,0,14.12,18.98,0,0,0,0,0,0,0,0,0,0,0,0,0,0,0,0,0,0,0,0,0,0,0,0,0,0,0,0,0,0,0,0,0,0
MAKUP-RET-MONT - DTC,MAKUP-RET-MONT,DTC,0,0,0,2,0,0,0,0,0,0,0,0,0,1,0,0,0,0,0,0,0,116,7,0,0,0,0,0,0,0,0,0,0,0,0,0,0,0,0,16.07,0,0,0,0,0,0,0,0,0,6.8,0,0,0,0,0,0,0,964.82,57.58,0,0,0,0,0,0,0,0,0,0,0,0,0
MAKUP-RET-MONT - FBA,MAKUP-RET-MONT,FBA,1,0,0,0,0,0,0,0,0,0,0,0,0,0,0,0,0,0,0,0,1,0,0,0,0,0,0,0,0,0,0,0,0,0,0,0,13.32,0,0,0,0,0,0,0,0,0,0,0,0,0,0,0,0,0,0,0,16.66,0,0,0,0,0,0,0,0,0,0,0,0,0,0,0
MAKUP-STD-LTPNK - B2B,MAKUP-STD-LTPNK,B2B,0,15,3,0,8,1,7,32,3,5,10,0,0,0,6,5,0,0,0,0,0,0,0,0,0,0,0,0,0,0,0,0,0,0,0,0,0,91.48,19.98,0,54.83,4.7,48.93,213.12,16.68,28.21,53.2,0,0,0,33.9,25.75,0,0,0,0,0,0,0,0,0,0,0,0,0,0,0,0,0,0,0,0
MAKUP-STD-LTPNK - DTC,MAKUP-STD-LTPNK,DTC,7,21,5,6,16,1,8,39,19,18,219,53,4,21,34,62,0,0,0,0,0,0,0,0,0,0,0,0,0,0,0,0,0,0,0,0,78.3,200.72,65.81,77.3,29.3,13.33,114,307.76,169.1,178.84,1365.02,279.86,14.34,153.84,265.67,466.26,0,0,0,0,0,0,0,0,0,0,0,0,0,0,0,0,0,0,0,0
MAKUP-STD-LTPNK - FBA,MAKUP-STD-LTPNK,FBA,1,0,3,1,2,1,1,0,0,0,0,0,0,0,8,6,12,13,2,0,0,0,0,0,0,0,0,0,0,0,0,0,0,0,0,0,13.32,0,36.15,13.33,25.32,13.33,10.66,0,0,0,0,0,0,0,69.06,52.25,112.66,115.69,16.8,0,0,0,0,0,0,0,0,0,0,0,0,0,0,0,0,0
MAKUP-STD-NAVY - B2B,MAKUP-STD-NAVY,B2B,0,13,3,0,5,2,0,20,3,0,20,0,0,0,0,3,7,2,0,0,0,0,0,0,0,0,0,0,0,0,0,0,0,0,0,0,0,76.99,19.98,0,34.85,9.4,0,133.2,16.68,0,106.4,0,0,0,0,15.77,34.93,11.28,0,0,0,0,0,0,0,0,0,0,0,0,0,0,0,0,0,0
MAKUP-STD-NAVY - DTC,MAKUP-STD-NAVY,DTC,10,17,3,1,5,2,5,22,10,14,119,366,6,11,64,72,39,8,1,0,0,0,0,0,0,0,0,0,0,0,0,0,0,0,0,0,124.61,178.89,40.36,0,62.38,35.52,64.42,187.4,82.56,122.68,777.56,2099.16,27.61,89.98,513.72,579.18,332.42,66.66,8,0,0,0,0,0,0,0,0,0,0,0,0,0,0,0,0,0
MAKUP-STD-NAVY - FBA,MAKUP-STD-NAVY,FBA,1,1,0,0,0,0,0,0,0,0,1,2,2,4,9,4,7,2,13,0,0,0,0,0,0,0,0,0,0,0,0,0,0,0,0,0,13.32,12,0,0,0,0,0,0,0,0,13.5,18.66,18.66,37.32,73.56,31.65,57.05,16.79,117.55,0,0,0,0,0,0,0,0,0,0,0,0,0,0,0,0,0
MANUAL-ENTRY - B2B,MANUAL-ENTRY,B2B,0,0,0,0,0,0,0,0,50,0,0,0,0,0,0,0,0,0,0,0,0,0,0,0,0,0,0,0,0,0,0,0,0,0,0,0,0,0,0,0,0,0,0,0,225,0,0,0,0,0,0,0,0,0,0,0,0,0,0,0,0,0,0,0,0,0,0,0,0,0,0,0
PERSONALISE_1_3 - DTC,PERSONALISE_1_3,DTC,97,68,113,145,172,207,220,223,117,74,182,242,53,73,81,152,196,184,164,199,145,78,155,238,41,14,45,69,123,150,89,0,0,0,0,0,665.12,473.49,776.44,970.79,1156.98,1385.81,1508.77,1503.99,783.53,505.2,1277.17,1676.57,367.84,496.61,546.45,1038.92,1348.98,1262.07,1111.35,1372.85,972.41,507.36,1036.71,1645.02,283.54,97.33,297.53,440.12,788.22,942.75,558.16,0,0,0,0,0
PERSONALISE_4_12 - B2B,PERSONALISE_4_12,B2B,0,0,0,0,0,1,0,0,0,0,0,0,0,0,0,0,0,0,0,0,0,0,0,0,0,0,0,0,0,0,0,0,0,0,0,0,0,0,0,0,0,0,0,0,0,0,0,0,0,0,0,0,0,0,0,0,0,0,0,0,0,0,0,0,0,0,0,0,0,0,0,0
PERSONALISE_4_12 - DTC,PERSONALISE_4_12,DTC,258,247,248,351,417,432,487,491,246,236,456,543,84,131,170,336,317,423,414,396,382,242,422,553,118,39,128,131,186,275,195,0,0,0,0,0,2148.22,1978.83,2064.38,2887.85,3468.25,3671.55,4104.01,4165,2057.1,1996.92,3899.35,4635.66,713.49,1124.2,1443.83,2877.42,2717.59,3594.6,3544.82,3382.13,3191.78,2048.2,3583.6,4604.22,992.52,334.06,1061.11,1040.38,1499.51,2128.25,1529.98,0,0,0,0,0
PICNIC-CAB-LG-LTBGE - B2B,PICNIC-CAB-LG-LTBGE,B2B,1,0,0,4,0,4,0,0,0,0,0,0,0,0,0,0,0,0,0,0,0,0,0,0,0,0,0,0,0,0,0,0,0,0,0,0,23.74,0,0,75.6,0,100,0,0,0,0,0,0,0,0,0,0,0,0,0,0,0,0,0,0,0,0,0,0,0,0,0,0,0,0,0,0
PICNIC-CAB-LG-LTBGE - DTC,PICNIC-CAB-LG-LTBGE,DTC,17,12,15,11,0,8,0,0,0,0,0,0,0,0,0,0,0,0,0,0,0,0,0,0,0,0,0,0,0,0,0,0,0,0,0,0,618.67,424.15,530.41,435.49,0,298.99,0,0,0,0,0,0,0,0,0,0,0,0,0,0,0,0,0,0,0,0,0,0,0,0,0,0,0,0,0,0
PICNIC-CAB-LG-LTBGE - FBA,PICNIC-CAB-LG-LTBGE,FBA,0,1,0,2,8,2,0,0,0,0,0,0,0,0,0,0,0,0,0,0,0,0,0,0,0,0,0,0,0,0,0,0,0,0,0,0,0,45.83,0,73.32,348.3,91.66,0,0,0,0,0,0,0,0,0,0,0,0,0,0,0,0,0,0,0,0,0,0,0,0,0,0,0,0,0,0
PICNIC-CAB-LG-NAVY - B2B,PICNIC-CAB-LG-NAVY,B2B,1,1,0,4,2,3,43,0,1,0,0,0,6,2,9,48,16,22,12,68,25,0,0,0,4,2,2,8,22,104,7,0,0,0,0,0,23.75,23.75,0,105.56,50,75,1135,0,25,0,0,0,22.6,50,191.93,1083.59,405.67,568.79,300,1109.25,582.38,0,0,0,99.51,1107.05,54.16,216.64,476.53,2816.32,189.56,0,0,0,0,0
PICNIC-CAB-LG-NAVY - DTC,PICNIC-CAB-LG-NAVY,DTC,2,4,9,15,34,43,71,66,12,10,12,10,12,6,9,55,66,67,64,64,7,2,17,14,5,3,17,48,57,61,48,0,0,0,0,0,0,190,372.5,583.33,997.5,1823.3,2966.93,2597.39,554.5,377.43,418.99,410.75,473,252.83,335.99,2453.65,2945.2,2853.62,2727.35,2608.52,318.96,86.67,693.97,649.98,222.08,143.54,816.37,2514.69,2844.02,3037.34,2490.68,0,0,0,0,0
PICNIC-CAB-LG-NAVY - FBA,PICNIC-CAB-LG-NAVY,FBA,2,2,0,1,9,12,23,7,1,1,3,2,4,1,2,18,23,20,24,28,3,1,1,2,4,0,10,23,33,36,6,0,0,0,0,0,91.66,80.2,0,36.67,403.3,533.9,994.08,333.71,41.93,49.29,107.49,91.66,183.32,45.83,91.66,783.63,1063.64,967.3,1112.9,1355.52,162.48,51.27,43.33,108.32,179.15,0,451.43,1078.63,1741.22,1720.61,338.04,0,0,0,0,0
PICNIC-CAB-XL-LTBGE - B2B,PICNIC-CAB-XL-LTBGE,B2B,0,0,1,7,0,14,0,0,0,0,0,0,0,0,0,0,0,0,0,0,0,0,0,0,0,0,0,0,0,0,0,0,0,0,0,0,0,0,29.16,154.35,0,257.25,0,0,0,0,0,0,0,0,0,0,0,0,0,0,0,0,0,0,0,0,0,0,0,0,0,0,0,0,0,0
PICNIC-CAB-XL-LTBGE - DTC,PICNIC-CAB-XL-LTBGE,DTC,12,26,20,32,4,55,14,0,1,0,0,0,1,0,0,0,0,0,0,0,0,0,0,0,0,0,0,0,0,0,0,0,0,0,0,0,531.15,1058.68,876.05,1450.09,163.24,2460.76,568.5,0,25.5,0,0,0,46.67,0,0,0,0,0,0,0,0,0,0,0,0,0,0,0,0,0,0,0,0,0,0,0
PICNIC-CAB-XL-LTBGE - FBA,PICNIC-CAB-XL-LTBGE,FBA,0,0,0,0,11,2,0,0,0,0,0,0,0,0,0,0,0,0,0,0,0,0,0,0,0,0,0,0,0,0,0,0,0,0,0,0,0,0,0,0,606.62,116.66,0,0,0,0,0,0,0,0,0,0,0,0,0,0,0,0,0,0,0,0,0,0,0,0,0,0,0,0,0,0
PICNIC-CAB-XL-NAVY - B2B,PICNIC-CAB-XL-NAVY,B2B,1,0,2,6,0,1,12,14,1,0,2,0,4,0,18,16,10,0,12,60,0,0,0,0,0,1,8,4,9,0,0,0,0,0,0,0,27.7,0,58.32,165.07,0,29.16,349.92,408.24,29.16,0,58.32,0,-4.16,0,492.08,318.95,282.48,0,335.3,1100.5,0,0,0,0,0,2811.17,237.52,125,165.75,0,0,0,0,0,0,0
PICNIC-CAB-XL-NAVY - DTC,PICNIC-CAB-XL-NAVY,DTC,13,10,11,25,82,101,152,183,27,11,17,13,8,9,30,82,118,122,223,141,23,8,19,15,5,7,20,88,161,175,117,0,0,0,0,0,502.82,356.41,440.98,1189.97,3514.48,5026.42,7201.96,8842.37,1301.19,556.58,814.98,579.94,204.89,354.87,1341.61,3738.03,6186.55,6314.89,11594.48,6869.71,1089.97,356.25,920.5,737.52,281.25,359.01,1110.32,5231.46,9103.74,10195.92,7107.04,0,0,0,0,0
PICNIC-CAB-XL-NAVY - FBA,PICNIC-CAB-XL-NAVY,FBA,2,1,4,3,11,13,29,12,2,0,6,3,1,1,4,24,11,16,56,35,2,1,5,2,1,2,2,14,13,12,6,0,0,0,0,0,102.09,58.33,222.38,174.99,607.16,723.26,1522.43,703.28,120.82,0,274.98,162.49,52.49,58.33,233.32,1370.31,634.97,923.26,3157.03,1943.92,124.98,62.49,262.49,112.49,52.49,116.66,116.66,822.41,787.58,647.44,385,0,0,0,0,0
PICNIC-DES-LG-APPLTRT - B2B,PICNIC-DES-LG-APPLTRT,B2B,0,0,0,0,0,0,0,0,0,0,0,0,0,0,0,0,0,0,0,0,0,0,0,0,0,4,1,32,20,0,12,0,0,0,0,0,0,0,0,0,0,0,0,0,0,0,0,0,0,0,0,0,0,0,0,0,0,0,0,0,0,108.32,25,866.56,541.6,0,324.96,0,0,0,0,0
PICNIC-DES-LG-APPLTRT - DTC,PICNIC-DES-LG-APPLTRT,DTC,0,0,0,0,0,0,0,0,0,0,0,0,0,0,0,0,0,0,0,0,0,0,0,0,0,2,19,82,128,104,90,0,0,0,0,0,0,0,0,0,0,0,0,0,0,0,0,0,0,0,0,0,0,0,0,0,0,0,0,0,0,108.34,945.86,4248.49,6445.8,5340.02,4696.73,0,0,0,0,0
PICNIC-DES-LG-APPLTRT - FBA,PICNIC-DES-LG-APPLTRT,FBA,0,0,0,0,0,0,0,0,0,0,0,0,0,0,0,0,0,0,0,0,0,0,0,0,0,0,0,10,13,67,7,0,0,0,0,0,0,0,0,0,0,0,0,0,0,0,0,0,0,0,0,0,0,0,0,0,0,0,0,0,0,0,0,536.18,693.24,3113.88,333.08,0,0,0,0,0
PICNIC-DES-LG-BANARAM - B2B,PICNIC-DES-LG-BANARAM,B2B,0,0,0,0,0,0,0,0,0,0,0,0,2,0,0,0,8,4,3,0,0,0,0,0,0,0,0,0,0,0,0,0,0,0,0,0,0,0,0,0,0,0,0,0,0,0,0,0,20.92,1250,0,518.35,201.25,100,75,0,0,0,0,0,0,0,0,0,0,0,0,0,0,0,0,0
PICNIC-DES-LG-BANARAM - DTC,PICNIC-DES-LG-BANARAM,DTC,0,0,0,0,0,0,0,0,0,0,0,0,0,1,7,21,30,16,29,39,24,9,77,85,53,4,36,15,3,0,0,0,0,0,0,0,0,0,0,0,0,0,0,0,0,0,0,0,0,45,280,1011.48,1370.14,734.17,1300.84,1675.16,939.32,337.98,2242.15,2469.9,1483.18,166.99,1512.41,641.12,125.66,0,0,0,0,0,0,0
PICNIC-DES-LG-BANARAM - FBA,PICNIC-DES-LG-BANARAM,FBA,0,0,0,0,0,0,0,0,0,0,0,0,0,0,2,6,9,13,12,11,1,4,17,4,0,0,1,14,0,0,0,0,0,0,0,0,0,0,0,0,0,0,0,0,0,0,0,0,0,0,99.98,294.94,439.91,596.56,590.67,502.27,43.33,160.33,535.84,155.44,0,0,49.99,628.26,0,0,0,0,0,0,0,0
PICNIC-DES-LG-BRGTSIDE - B2B,PICNIC-DES-LG-BRGTSIDE,B2B,0,0,0,0,0,0,0,0,0,0,0,0,0,0,0,0,0,0,0,0,0,0,0,0,0,5,9,20,4,24,8,0,0,0,0,0,0,0,0,0,0,0,0,0,0,0,0,0,0,0,0,0,0,0,0,0,0,0,0,0,0,674.92,251.53,541.6,108.32,649.92,216.64,0,0,0,0,0
PICNIC-DES-LG-BRGTSIDE - DTC,PICNIC-DES-LG-BRGTSIDE,DTC,0,0,0,0,0,0,0,0,0,0,0,0,0,0,0,0,0,0,0,0,0,0,0,0,0,0,49,185,239,63,89,0,0,0,0,0,0,0,0,0,0,0,0,0,0,0,0,0,0,0,0,0,0,0,0,0,0,0,0,0,0,0,2508.79,9594.75,11850.03,3210.62,4635.82,0,0,0,0,0
PICNIC-DES-LG-BRGTSIDE - FBA,PICNIC-DES-LG-BRGTSIDE,FBA,0,0,0,0,0,0,0,0,0,0,0,0,0,0,0,0,0,0,0,0,0,0,0,0,0,0,4,26,31,16,7,0,0,0,0,0,0,0,0,0,0,0,0,0,0,0,0,0,0,0,0,0,0,0,0,0,0,0,0,0,0,0,216.64,1362.13,1655.47,845.85,388.32,0,0,0,0,0
PICNIC-DES-LG-CANDSTR - B2B,PICNIC-DES-LG-CANDSTR,B2B,0,0,0,0,0,0,0,0,0,0,0,0,4,9,11,12,29,7,29,60,0,0,0,0,4,5,4,32,28,8,4,0,0,0,0,0,0,0,0,0,0,0,0,0,0,0,0,0,19.74,1459.14,226.52,784.84,716.64,175,692,1303.08,0,0,0,0,99.51,4981.57,108.32,866.56,758.24,216.64,108.32,0,0,0,0,0
PICNIC-DES-LG-CANDSTR - DTC,PICNIC-DES-LG-CANDSTR,DTC,0,0,0,0,0,0,0,0,0,0,0,0,0,2,12,59,46,63,107,1,13,6,14,12,4,6,16,62,81,82,84,0,0,0,0,0,0,0,0,0,0,0,0,0,0,0,0,0,0,95,572.5,2807.51,2113.35,2799.71,4935.55,50,601.5,291.25,622.43,593.95,184.17,319.18,794.19,3200.94,4038.33,4197.8,4280.52,0,0,0,0,0
PICNIC-DES-LG-CANDSTR - FBA,PICNIC-DES-LG-CANDSTR,FBA,0,0,0,0,0,0,0,0,0,0,0,0,0,0,2,4,12,14,29,2,1,1,3,5,2,4,5,25,19,56,24,0,0,0,0,0,0,0,0,0,0,0,0,0,0,0,0,0,0,0,99.98,202.46,594.92,695.27,1380.59,93.33,54.16,54.16,129.99,270.8,89.98,199.96,249.95,1314.79,1010.48,2658.72,1284.22,0,0,0,0,0
PICNIC-DES-LG-GRCSHR - B2B,PICNIC-DES-LG-GRCSHR,B2B,0,0,0,0,0,0,0,0,0,0,0,0,0,0,0,0,0,0,0,0,0,0,0,0,0,0,0,16,4,74,0,0,0,0,0,0,0,0,0,0,0,0,0,0,0,0,0,0,0,0,0,0,0,0,0,0,0,0,0,0,0,812.4,0,422.45,108.32,1971.43,0,0,0,0,0,0
PICNIC-DES-LG-GRCSHR - DTC,PICNIC-DES-LG-GRCSHR,DTC,0,0,0,0,0,0,0,0,0,0,0,0,0,0,0,0,0,0,0,0,0,0,0,0,0,2,12,59,100,101,10,0,0,0,0,0,0,0,0,0,0,0,0,0,0,0,0,0,0,0,0,0,0,0,0,0,0,0,0,0,0,102.92,640.45,3046.75,4840.51,5207.39,539.6,0,0,0,0,0
PICNIC-DES-LG-GRCSHR - FBA,PICNIC-DES-LG-GRCSHR,FBA,0,0,0,0,0,0,0,0,0,0,0,0,0,0,0,0,0,0,0,0,0,0,0,0,0,0,2,13,21,22,1,0,0,0,0,0,0,0,0,0,0,0,0,0,0,0,0,0,0,0,0,0,0,0,0,0,0,0,0,0,0,0,108.32,693.24,1126.52,1107.58,54.16,0,0,0,0,0
PICNIC-DES-LG-MARGMAD - B2B,PICNIC-DES-LG-MARGMAD,B2B,0,0,0,0,0,0,0,1,0,0,0,0,23,0,6,6,12,0,1,0,0,0,0,0,0,0,0,0,0,0,0,0,0,0,0,0,0,0,0,0,0,0,0,0,0,0,0,0,497.63,1250,121.26,635.76,304.68,0,25,0,0,0,0,0,0,0,0,0,0,0,0,0,0,0,0,0
PICNIC-DES-LG-MARGMAD - DTC,PICNIC-DES-LG-MARGMAD,DTC,0,0,0,0,0,0,0,0,0,0,0,0,1,1,8,34,31,48,46,62,31,7,7,22,21,7,11,0,0,0,0,0,0,0,0,0,0,0,0,0,0,0,0,0,0,0,0,0,0,50,345,1622.03,1424.18,2069.68,2095.83,2462.41,1133.31,269.82,269.82,742.77,759.64,286.15,462.8,0,0,0,0,0,0,0,0,0
PICNIC-DES-LG-MARGMAD - FBA,PICNIC-DES-LG-MARGMAD,FBA,0,0,0,0,0,0,0,0,0,0,0,0,0,0,3,5,11,14,17,17,8,2,12,3,0,1,0,19,2,0,0,0,0,0,0,0,0,0,0,0,0,0,0,0,0,0,0,0,0,0,149.97,244.95,535.96,691.54,811.26,797.37,342.46,86.66,451.74,125.65,0,49.99,0,845.57,86.66,0,0,0,0,0,0,0
PICNIC-DES-LG-PKTSUN - FBA,PICNIC-DES-LG-PKTSUN,FBA,0,0,0,0,0,0,0,0,0,0,0,0,0,0,0,0,0,0,0,0,0,0,0,0,0,0,0,0,0,1,0,0,0,0,0,0,0,0,0,0,0,0,0,0,0,0,0,0,0,0,0,0,0,0,0,0,0,0,0,0,0,0,0,0,0,31.68,0,0,0,0,0,0
PICNIC-DES-LG-SORBET - B2B,PICNIC-DES-LG-SORBET,B2B,0,0,0,0,0,0,0,0,0,0,0,0,0,0,0,0,0,0,0,0,0,0,0,0,0,0,28,39,64,17,16,0,0,0,0,0,0,0,0,0,0,0,0,0,0,0,0,0,0,0,0,0,0,0,0,0,0,0,0,0,0,812.4,696.85,1008.73,1726.63,427.87,433.28,0,0,0,0,0
PICNIC-DES-LG-SORBET - DTC,PICNIC-DES-LG-SORBET,DTC,0,0,0,0,0,0,0,0,0,0,0,0,0,0,0,0,0,0,0,0,0,0,0,0,0,0,7,36,57,78,71,0,0,0,0,0,0,0,0,0,0,0,0,0,0,0,0,0,0,0,0,0,0,0,0,0,0,0,0,0,0,0,370.01,1871.91,2802.24,3929.28,3506.33,0,0,0,0,0
PICNIC-DES-LG-SORBET - FBA,PICNIC-DES-LG-SORBET,FBA,0,0,0,0,0,0,0,0,0,0,0,0,0,0,0,0,0,0,0,0,0,0,0,0,0,0,0,8,24,19,8,0,0,0,0,0,0,0,0,0,0,0,0,0,0,0,0,0,0,0,0,0,0,0,0,0,0,0,0,0,0,0,0,433.28,1267.08,956.31,444.11,0,0,0,0,0
PICNIC-DES-LG-SPRCLUB - B2B,PICNIC-DES-LG-SPRCLUB,B2B,0,0,0,0,0,0,0,0,0,0,0,0,0,0,0,0,0,0,0,0,0,0,0,0,0,0,10,24,31,39,0,0,0,0,0,0,0,0,0,0,0,0,0,0,0,0,0,0,0,0,0,0,0,0,0,0,0,0,0,0,0,677,257.26,622.84,841.18,1056.12,0,0,0,0,0,0
PICNIC-DES-LG-SPRCLUB - DTC,PICNIC-DES-LG-SPRCLUB,DTC,0,0,0,0,0,0,0,0,0,0,0,0,0,0,0,0,0,0,0,0,0,0,0,0,0,0,11,46,78,134,1,0,0,0,0,0,0,0,0,0,0,0,0,0,0,0,0,0,0,0,0,0,0,0,0,0,0,0,0,0,0,0,549.81,2333,3923.81,6787.73,0,0,0,0,0,0
PICNIC-DES-LG-SPRCLUB - FBA,PICNIC-DES-LG-SPRCLUB,FBA,0,0,0,0,0,0,0,0,0,0,0,0,0,0,0,0,0,0,0,0,0,0,0,0,0,0,2,10,14,24,0,0,0,0,0,0,0,0,0,0,0,0,0,0,0,0,0,0,0,0,0,0,0,0,0,0,0,0,0,0,0,0,108.32,530.77,731.14,1140.7,0,0,0,0,0,0
PICNIC-DES-LG-STRIPLIFE - B2B,PICNIC-DES-LG-STRIPLIFE,B2B,0,0,0,0,0,0,0,1,0,0,0,0,3,3,17,2,32,24,10,60,25,4,0,16,4,0,0,16,52,304,27,0,0,0,0,0,0,0,0,0,0,0,0,0,0,0,0,0,-2.37,1327.26,391.93,556.1,789.88,598.75,250,1500,582.38,100,0,433.28,99.51,0,0,422.45,1408.16,8232.32,731.16,0,0,0,0,0
PICNIC-DES-LG-STRIPLIFE - DTC,PICNIC-DES-LG-STRIPLIFE,DTC,0,0,0,0,0,0,0,0,0,0,0,0,0,7,31,56,62,116,29,0,4,4,20,25,5,7,25,71,140,166,161,0,0,0,0,0,0,0,0,0,0,0,0,0,0,0,0,0,0,317.91,1443.51,2711.76,2957.55,5340.79,1349.17,0,192.5,173.33,867.89,1121.11,192.3,289.8,1254.23,3735.57,7002.01,8630.29,8463.49,0,0,0,0,0
PICNIC-DES-LG-STRIPLIFE - FBA,PICNIC-DES-LG-STRIPLIFE,FBA,0,0,0,0,0,0,0,0,0,0,0,0,0,0,3,8,16,16,23,1,0,0,1,2,0,1,4,25,18,15,0,0,0,0,0,0,0,0,0,0,0,0,0,0,0,0,0,0,0,0,159.97,374.23,788.22,813.14,1087.29,42.49,0,0,54.16,97.48,0,49.99,199.96,1299.8,976.95,805.29,0,0,0,0,0,0
PICNIC-DES-LG-TERATROP - B2B,PICNIC-DES-LG-TERATROP,B2B,0,0,0,0,2,0,0,0,2,0,0,0,0,0,0,0,0,0,0,0,0,0,0,0,0,0,0,0,0,0,0,0,0,0,0,0,0,0,0,0,48.75,0,0,0,50,0,0,0,0,0,0,0,0,0,0,0,0,0,0,0,0,0,0,0,0,0,0,0,0,0,0,0
PICNIC-DES-LG-TERATROP - DTC,PICNIC-DES-LG-TERATROP,DTC,0,1,2,5,21,11,24,88,48,15,20,153,4,8,28,11,0,0,0,0,0,0,0,0,0,0,0,0,0,0,0,0,0,0,0,0,0,42.5,100,232.5,962.5,492.16,1116.67,3291.92,1786.55,548.66,750.34,3672.67,81.68,304.66,1046.99,438.33,0,0,0,0,0,0,0,0,0,0,0,0,0,0,0,0,0,0,0,0
PICNIC-DES-LG-TERATROP - FBA,PICNIC-DES-LG-TERATROP,FBA,0,0,0,1,3,1,3,3,3,1,7,0,1,0,0,5,10,0,0,0,0,0,0,0,0,0,0,0,1,0,0,0,0,0,0,0,0,0,0,40,149.97,49.99,139.97,149.97,129.97,39.99,260.65,0,39.99,0,0,244.95,494.9,0,0,0,0,0,0,0,0,0,0,0,40.62,0,0,0,0,0,0,0
PICNIC-DES-XL-APPLTRT - B2B,PICNIC-DES-XL-APPLTRT,B2B,0,0,0,0,0,0,0,0,0,0,0,0,0,0,0,0,0,0,0,0,0,0,0,0,0,0,1,0,0,5,7,0,0,0,0,0,0,0,0,0,0,0,0,0,0,0,0,0,0,0,0,0,0,0,0,0,0,0,0,0,0,0,29.16,0,0,125,218.75,0,0,0,0,0
PICNIC-DES-XL-APPLTRT - DTC,PICNIC-DES-XL-APPLTRT,DTC,0,0,0,0,0,0,0,0,0,0,0,0,0,0,0,0,0,0,0,0,0,0,0,0,0,0,35,118,210,225,165,0,0,0,0,0,0,0,0,0,0,0,0,0,0,0,0,0,0,0,0,0,0,0,0,0,0,0,0,0,0,0,2036.26,7094.28,12015.38,13206.65,9863.91,0,0,0,0,0
PICNIC-DES-XL-APPLTRT - FBA,PICNIC-DES-XL-APPLTRT,FBA,0,0,0,0,0,0,0,0,0,0,0,0,0,0,0,0,0,0,0,0,0,0,0,0,0,0,3,15,14,10,5,0,0,0,0,0,0,0,0,0,0,0,0,0,0,0,0,0,0,0,0,0,0,0,0,0,0,0,0,0,0,0,187.47,893.59,856.13,587.4,303.08,0,0,0,0,0
PICNIC-DES-XL-BANARAM - B2B,PICNIC-DES-XL-BANARAM,B2B,0,0,0,0,0,0,0,0,0,0,0,0,2,0,0,2,0,0,0,0,0,0,0,0,0,0,0,0,0,0,0,0,0,0,0,0,0,0,0,0,0,0,0,0,0,0,0,0,-2.77,2041.2,0,684.72,0,0,0,0,0,0,0,0,0,0,0,0,0,0,0,0,0,0,0,0
PICNIC-DES-XL-BANARAM - DTC,PICNIC-DES-XL-BANARAM,DTC,0,0,0,0,0,0,0,0,0,0,0,0,0,3,11,50,47,59,114,85,11,0,4,26,4,4,12,0,0,0,0,0,0,0,0,0,0,0,0,0,0,0,0,0,0,0,0,0,0,174.99,616.06,2844.57,2471.16,3085.23,5858.97,3946.81,498.02,0,193.33,1019.54,156.66,185,556.67,0,0,0,0,0,0,0,0,0
PICNIC-DES-XL-BANARAM - FBA,PICNIC-DES-XL-BANARAM,FBA,0,0,0,0,0,0,0,0,0,0,0,0,0,0,3,4,15,16,36,12,2,1,0,3,1,0,0,7,1,0,0,0,0,0,0,0,0,0,0,0,0,0,0,0,0,0,0,0,0,0,174.99,243.31,864.96,901.56,1955.84,667.87,108.32,49.99,0,139.97,35,0,0,385.79,49.99,0,0,0,0,0,0,0
PICNIC-DES-XL-BRGTSIDE - B2B,PICNIC-DES-XL-BRGTSIDE,B2B,0,0,0,0,0,0,0,0,0,0,0,0,0,0,0,0,0,0,0,0,0,0,0,0,0,0,9,0,75,80,0,0,0,0,0,0,0,0,0,0,0,0,0,0,0,0,0,0,0,0,0,0,0,0,0,0,0,0,0,0,0,2031.25,266.68,0,2087.09,2500,0,0,0,0,0,0
PICNIC-DES-XL-BRGTSIDE - DTC,PICNIC-DES-XL-BRGTSIDE,DTC,0,0,0,0,0,0,0,0,0,0,0,0,0,0,0,0,0,0,0,0,0,0,0,0,0,1,76,329,283,160,0,0,0,0,0,0,0,0,0,0,0,0,0,0,0,0,0,0,0,0,0,0,0,0,0,0,0,0,0,0,0,62.5,4333.81,19783.77,17122.55,9579.1,0,0,0,0,0,0
PICNIC-DES-XL-BRGTSIDE - FBA,PICNIC-DES-XL-BRGTSIDE,FBA,0,0,0,0,0,0,0,0,0,0,0,0,0,0,0,0,0,0,0,0,0,0,0,0,0,0,3,8,9,14,6,0,0,0,0,0,0,0,0,0,0,0,0,0,0,0,0,0,0,0,0,0,0,0,0,0,0,0,0,0,0,0,187.47,474.93,512.43,810.43,365.57,0,0,0,0,0
PICNIC-DES-XL-CANDSTR - B2B,PICNIC-DES-XL-CANDSTR,B2B,0,0,0,0,0,0,0,0,0,0,0,0,3,0,2,1,5,1,23,162,0,0,0,0,0,1,2,4,40,2,0,0,0,0,0,0,0,0,0,0,0,0,0,0,0,0,0,0,-2.77,2041.2,25.52,465.08,140.84,29.16,447.02,4723.92,0,0,0,0,0,8436.17,62.5,125,736.68,0,0,0,0,0,0,0
PICNIC-DES-XL-CANDSTR - DTC,PICNIC-DES-XL-CANDSTR,DTC,0,0,0,0,0,0,0,0,0,0,0,0,0,7,30,46,98,167,0,6,5,15,33,24,6,4,27,114,256,245,213,0,0,0,0,0,0,0,0,0,0,0,0,0,0,0,0,0,0,376.82,1697.48,2605.1,5229.75,8596.14,0,349.98,256.66,882.3,1671.13,1254.38,268.75,224.34,1640.63,6739.48,14372.51,14499.86,12682.71,0,0,0,0,0
PICNIC-DES-XL-CANDSTR - FBA,PICNIC-DES-XL-CANDSTR,FBA,0,0,0,0,0,0,0,0,0,0,0,0,0,0,3,15,28,28,0,3,9,2,5,7,2,1,7,8,14,7,0,0,0,0,0,0,0,0,0,0,0,0,0,0,0,0,0,0,0,0,174.99,841.01,1641.17,1666.12,0,172.48,546.17,128.31,262.49,422.44,99.16,58.33,395.59,470.8,844.4,424.93,0,0,0,0,0,0
PICNIC-DES-XL-GRCSHR - B2B,PICNIC-DES-XL-GRCSHR,B2B,0,0,0,0,0,0,0,0,0,0,0,0,0,0,0,0,0,0,0,0,0,0,0,0,0,0,4,0,0,75,0,0,0,0,0,0,0,0,0,0,0,0,0,0,0,0,0,0,0,0,0,0,0,0,0,0,0,0,0,0,0,2500,118.76,0,0,2343.75,0,0,0,0,0,0
PICNIC-DES-XL-GRCSHR - DTC,PICNIC-DES-XL-GRCSHR,DTC,0,0,0,0,0,0,0,0,0,0,0,0,0,0,0,0,0,0,0,0,0,0,0,0,0,1,22,122,215,171,0,0,0,0,0,0,0,0,0,0,0,0,0,0,0,0,0,0,0,0,0,0,0,0,0,0,0,0,0,0,0,59.17,1293.75,7311.11,12171.58,10014.27,0,0,0,0,0,0
PICNIC-DES-XL-GRCSHR - FBA,PICNIC-DES-XL-GRCSHR,FBA,0,0,0,0,0,0,0,0,0,0,0,0,0,0,0,0,0,0,0,0,0,0,0,0,0,0,0,7,7,7,2,0,0,0,0,0,0,0,0,0,0,0,0,0,0,0,0,0,0,0,0,0,0,0,0,0,0,0,0,0,0,0,0,393.7,425.38,421.82,124.98,0,0,0,0,0
PICNIC-DES-XL-MARGMAD - B2B,PICNIC-DES-XL-MARGMAD,B2B,0,0,0,0,0,0,0,0,0,0,0,0,3,0,22,1,2,0,4,0,0,0,0,0,0,0,0,0,0,0,0,0,0,0,0,0,0,0,0,0,0,0,0,0,0,0,0,0,-2.77,2041.2,608.72,642.07,52.13,0,116.64,0,0,0,0,0,0,0,0,0,0,0,0,0,0,0,0,0
PICNIC-DES-XL-MARGMAD - DTC,PICNIC-DES-XL-MARGMAD,DTC,0,0,0,0,0,0,0,0,0,0,0,0,0,1,8,37,42,49,64,0,0,0,5,8,10,2,0,0,0,0,0,0,0,0,0,0,0,0,0,0,0,0,0,0,0,0,0,0,0,58.33,423.49,2086.38,1999.8,2555.7,3348.45,0,0,0,196.66,390.84,482.5,85,0,0,0,0,0,0,0,0,0,0
PICNIC-DES-XL-MARGMAD - FBA,PICNIC-DES-XL-MARGMAD,FBA,0,0,0,0,0,0,0,0,0,0,0,0,0,0,2,2,11,17,23,5,0,0,0,1,2,0,0,3,0,0,0,0,0,0,0,0,0,0,0,0,0,0,0,0,0,0,0,0,0,0,116.66,122.9,644.96,976.11,1232.99,295.8,0,0,0,49.99,79.99,0,0,174.99,0,0,0,0,0,0,0,0
PICNIC-DES-XL-SORBET - B2B,PICNIC-DES-XL-SORBET,B2B,0,0,0,0,0,0,0,0,0,0,0,0,0,0,0,0,0,0,0,0,0,0,0,0,0,1,6,8,0,0,31,0,0,0,0,0,0,0,0,0,0,0,0,0,0,0,0,0,0,0,0,0,0,0,0,0,0,0,0,0,0,3154.16,177.08,250,0,0,968.75,0,0,0,0,0
PICNIC-DES-XL-SORBET - DTC,PICNIC-DES-XL-SORBET,DTC,0,0,0,0,0,0,0,0,0,0,0,0,0,0,0,0,0,0,0,0,0,0,0,0,0,0,19,52,123,192,171,0,0,0,0,0,0,0,0,0,0,0,0,0,0,0,0,0,0,0,0,0,0,0,0,0,0,0,0,0,0,0,768.76,3114.13,6975.1,11034.68,10376.67,0,0,0,0,0
PICNIC-DES-XL-SORBET - FBA,PICNIC-DES-XL-SORBET,FBA,0,0,0,0,0,0,0,0,0,0,0,0,0,0,0,0,0,0,0,0,0,0,0,0,0,0,2,0,9,7,0,0,0,0,0,0,0,0,0,0,0,0,0,0,0,0,0,0,0,0,0,0,0,0,0,0,0,0,0,0,0,0,128.1,0,524.94,415.48,0,0,0,0,0,0
PICNIC-DES-XL-SPRCLUB - B2B,PICNIC-DES-XL-SPRCLUB,B2B,0,0,0,0,0,0,0,0,0,0,0,0,0,0,0,0,0,0,0,0,0,0,0,0,0,0,4,4,0,25,0,0,0,0,0,0,0,0,0,0,0,0,0,0,0,0,0,0,0,0,0,0,0,0,0,0,0,0,0,0,0,2500,118.76,125,0,625,0,0,0,0,0,0
PICNIC-DES-XL-SPRCLUB - DTC,PICNIC-DES-XL-SPRCLUB,DTC,0,0,0,0,0,0,0,0,0,0,0,0,0,0,0,0,0,0,0,0,0,0,0,0,0,1,25,110,184,242,0,0,0,0,0,0,0,0,0,0,0,0,0,0,0,0,0,0,0,0,0,0,0,0,0,0,0,0,0,0,0,56.25,1347.66,6633.47,10266.95,14251.78,0,0,0,0,0,0
PICNIC-DES-XL-SPRCLUB - FBA,PICNIC-DES-XL-SPRCLUB,FBA,0,0,0,0,0,0,0,0,0,0,0,0,0,0,0,0,0,0,0,0,0,0,0,0,0,0,4,9,12,6,8,0,0,0,0,0,0,0,0,0,0,0,0,0,0,0,0,0,0,0,0,0,0,0,0,0,0,0,0,0,0,0,240.6,543.67,715.73,369.11,487.43,0,0,0,0,0
PICNIC-DES-XL-STRIPLIFE - B2B,PICNIC-DES-XL-STRIPLIFE,B2B,0,0,0,0,0,0,0,0,0,0,0,0,3,0,3,3,2,3,0,241,4,0,0,0,0,0,0,8,0,9,4,0,0,0,0,0,0,0,0,0,0,0,0,0,0,0,0,0,-2.77,2041.2,54.68,441.81,56.07,87.48,0,7027.56,116.64,0,0,0,0,0,0,243.75,0,243.75,125,0,0,0,0,0
PICNIC-DES-XL-STRIPLIFE - DTC,PICNIC-DES-XL-STRIPLIFE,DTC,0,0,0,0,0,0,0,0,0,0,0,0,0,7,39,47,119,116,1,7,8,13,68,40,9,8,41,172,356,382,259,0,0,0,0,0,0,0,0,0,0,0,0,0,0,0,0,0,0,389.15,2155.98,2540.39,6582.98,6140.99,56,323.74,441.65,710.88,3311.04,1863.86,491.25,434.39,2303.15,10357.13,20254.87,22508.37,15635.2,0,0,0,0,0
PICNIC-DES-XL-STRIPLIFE - FBA,PICNIC-DES-XL-STRIPLIFE,FBA,0,0,0,0,0,0,0,0,1,0,0,0,0,0,5,2,43,29,1,0,5,0,11,0,2,1,7,6,7,14,3,0,0,0,0,0,0,0,0,0,0,0,0,0,37.91,0,0,0,0,0,277.49,105,2476.05,1667.37,58.33,0,312.45,0,562.49,0,116.66,58.33,390.82,362.46,428.27,862.78,187.88,0,0,0,0,0
PICNIC-DES-XL-TERATROP - B2B,PICNIC-DES-XL-TERATROP,B2B,0,3,0,4,0,0,0,0,0,0,0,0,0,0,0,0,0,0,0,0,0,0,0,0,0,0,0,0,0,0,0,0,0,0,0,0,0,90.72,0,110.04,0,0,0,0,0,0,0,0,0,0,0,0,0,0,0,0,0,0,0,0,0,0,0,0,0,0,0,0,0,0,0,0
PICNIC-DES-XL-TERATROP - DTC,PICNIC-DES-XL-TERATROP,DTC,0,1,7,13,44,21,55,178,5,0,0,0,3,4,6,5,0,0,0,0,0,0,0,0,0,0,0,0,0,0,0,0,0,0,0,0,0,58.33,367.5,659.14,2280.74,1118.48,2950.66,8290.97,235.68,0,0,0,135.34,170.34,275.35,210.47,0,0,0,0,0,0,0,0,0,0,0,0,0,0,0,0,0,0,0,0
PICNIC-DES-XL-TERATROP - FBA,PICNIC-DES-XL-TERATROP,FBA,0,0,0,2,3,6,14,7,0,0,0,0,0,0,1,8,0,0,0,0,0,0,0,0,0,0,0,0,0,0,0,0,0,0,0,0,0,0,0,105,163.33,340.4,711.61,408.31,0,0,0,0,0,0,58.33,443.68,0,0,0,0,0,0,0,0,0,0,0,0,0,0,0,0,0,0,0,0
PICNIC-GIN-LG-BLUE - B2B,PICNIC-GIN-LG-BLUE,B2B,0,2,2,0,0,3,25,0,1,0,0,0,0,0,0,2,0,0,0,0,0,0,0,0,0,0,0,0,0,0,0,0,0,0,0,0,0,47.5,50,0,0,77.44,625,0,25,0,0,0,0,0,0,53.4,0,0,0,0,0,0,0,0,0,0,0,0,0,0,0,0,0,0,0,0
PICNIC-GIN-LG-BLUE - DTC,PICNIC-GIN-LG-BLUE,DTC,0,3,2,4,6,8,22,65,24,2,41,82,5,5,36,21,0,0,0,0,0,0,0,0,0,0,0,0,0,0,0,0,0,0,0,0,0,100,45,125.83,240,385.51,957.28,2487.65,873.88,85.84,1323.83,2016.56,100.66,192.17,1383.3,750.59,0,0,0,0,0,0,0,0,0,0,0,0,0,0,0,0,0,0,0,0
PICNIC-GIN-LG-BLUE - FBA,PICNIC-GIN-LG-BLUE,FBA,0,1,2,3,1,3,8,9,2,0,0,3,0,0,0,8,0,0,0,0,0,0,0,0,0,0,0,0,0,0,0,0,0,0,0,0,0,45.83,91.66,118.85,45.83,137.49,357.48,412.47,79.98,0,0,107.76,0,0,0,343.72,0,0,0,0,0,0,0,0,0,0,0,0,0,0,0,0,0,0,0,0
PICNIC-GIN-LG-PINK - B2B,PICNIC-GIN-LG-PINK,B2B,2,0,0,0,0,9,25,0,0,0,0,0,0,0,0,0,0,0,0,0,0,0,0,0,0,0,0,0,0,0,0,0,0,0,0,0,47.49,0,0,0,0,227.44,625,0,0,0,0,0,0,0,0,0,0,0,0,0,0,0,0,0,0,0,0,0,0,0,0,0,0,0,0,0
PICNIC-GIN-LG-PINK - DTC,PICNIC-GIN-LG-PINK,DTC,1,1,3,11,13,28,55,56,15,3,49,40,3,0,13,4,0,0,0,0,0,0,0,0,0,0,0,0,0,0,0,0,0,0,0,0,50,4.29,145,472.5,547.5,1306.34,1421.33,2102.81,522.27,116,1568.34,1012.74,60.35,0,495.49,160.66,0,0,0,0,0,0,0,0,0,0,0,0,0,0,0,0,0,0,0,0
PICNIC-GIN-LG-PINK - FBA,PICNIC-GIN-LG-PINK,FBA,1,2,1,6,6,13,12,14,4,0,2,5,0,1,6,15,2,0,0,0,0,0,0,0,0,0,0,0,0,0,0,0,0,0,0,0,45.83,82.48,45.83,265.81,274.98,567.86,504.73,621.01,159.96,0,73.98,199.95,0,45.83,277.26,673.68,85.82,0,0,0,0,0,0,0,0,0,0,0,0,0,0,0,0,0,0,0
PICNIC-GIN-XL-BLUE - B2B,PICNIC-GIN-XL-BLUE,B2B,0,0,0,3,0,1,25,0,1,0,0,0,0,0,0,0,0,0,0,0,0,0,0,0,0,0,0,0,0,0,0,0,0,0,0,0,0,0,0,82.53,0,29.16,729,0,29.16,0,0,0,0,0,0,0,0,0,0,0,0,0,0,0,0,0,0,0,0,0,0,0,0,0,0,0
PICNIC-GIN-XL-BLUE - DTC,PICNIC-GIN-XL-BLUE,DTC,2,1,7,0,19,22,31,113,23,9,58,86,6,1,44,8,0,10,0,0,0,0,0,0,0,0,0,0,0,0,0,0,0,0,0,0,47.26,0,279.99,0,898.3,1202.4,1306.95,5055.99,990.61,396.69,2030.21,2717.07,140.83,46.95,1965.99,331.84,0,438.68,0,0,0,0,0,0,0,0,0,0,0,0,0,0,0,0,0,0
PICNIC-GIN-XL-BLUE - FBA,PICNIC-GIN-XL-BLUE,FBA,2,0,1,1,2,3,7,13,9,2,4,4,0,0,1,13,3,3,0,0,0,0,0,0,0,0,0,0,0,0,0,0,0,0,0,0,102.07,0,59.04,46.66,104.98,151.68,362.57,734.97,424.11,97.49,164.66,190.8,0,0,58.33,758.29,145.81,153.31,0,0,0,0,0,0,0,0,0,0,0,0,0,0,0,0,0,0
PICNIC-GIN-XL-PINK - B2B,PICNIC-GIN-XL-PINK,B2B,0,0,2,3,5,0,31,0,0,1,0,0,0,0,0,0,0,0,0,0,0,0,0,0,0,0,0,0,0,0,0,0,0,0,0,0,0,0,58.32,82.53,145.8,0,903.96,0,0,29.16,0,0,0,0,0,0,0,0,0,0,0,0,0,0,0,0,0,0,0,0,0,0,0,0,0,0
PICNIC-GIN-XL-PINK - DTC,PICNIC-GIN-XL-PINK,DTC,0,2,2,9,42,39,66,81,20,3,28,173,9,0,15,0,0,12,1,0,0,0,1,0,0,0,0,0,0,0,0,0,0,0,0,0,0,107.91,58.33,335.4,2202.89,2053.29,3185.87,3583.55,825.14,140.01,1035.51,4496.09,207.55,0,618.13,0,0,539.03,46.67,0,0,0,46.88,0,0,0,0,0,0,0,0,0,0,0,0,0
PICNIC-GIN-XL-PINK - FBA,PICNIC-GIN-XL-PINK,FBA,0,1,3,4,7,9,6,2,0,1,6,5,1,0,6,5,1,1,0,0,0,0,0,0,0,0,0,0,0,0,0,0,0,0,0,0,0,58.33,174.99,221.66,375.4,529.12,280.31,120.82,0,50.83,246.81,224.02,46.66,0,349.98,274.13,58.33,46.66,0,0,0,0,0,0,0,0,0,0,0,0,0,0,0,0,0,0
PICNIC-SGW-LG-GETWAV - B2B,PICNIC-SGW-LG-GETWAV,B2B,1,0,0,2,1,4,2,2,0,0,0,0,0,0,0,0,0,0,0,0,0,0,0,0,0,0,0,0,0,0,0,0,0,0,0,0,23.75,0,0,50,23.75,100,50,50,0,0,0,0,0,0,0,0,0,0,0,0,0,0,0,0,0,0,0,0,0,0,0,0,0,0,0,0
PICNIC-SGW-LG-GETWAV - DTC,PICNIC-SGW-LG-GETWAV,DTC,11,10,27,29,52,91,49,60,11,1,0,0,1,0,0,0,0,0,0,0,0,0,0,0,0,0,0,0,0,0,0,0,0,0,0,0,381.81,270,891.83,1251.33,1929.95,3830.87,1971.73,2814.49,498,50,0,0,43.33,0,0,0,0,0,0,0,0,0,0,0,0,0,0,0,0,0,0,0,0,0,0,0
PICNIC-SGW-LG-GETWAV - FBA,PICNIC-SGW-LG-GETWAV,FBA,3,2,6,6,2,8,27,4,0,0,0,0,0,0,0,0,0,0,0,0,0,0,0,0,0,0,0,0,0,0,0,0,0,0,0,0,137.49,90.82,229.16,229.16,99.98,379.12,1044.82,191.64,0,0,0,0,0,0,0,0,0,0,0,0,0,0,0,0,0,0,0,0,0,0,0,0,0,0,0,0
PICNIC-SGW-XL-GETWAV - B2B,PICNIC-SGW-XL-GETWAV,B2B,1,0,1,0,0,3,0,0,0,0,0,0,0,0,0,0,0,0,0,0,0,0,0,0,0,0,0,0,0,0,0,0,0,0,0,0,0,0,29.16,0,0,87.48,0,0,0,0,0,0,0,0,0,0,0,0,0,0,0,0,0,0,0,0,0,0,0,0,0,0,0,0,0,0
PICNIC-SGW-XL-GETWAV - DTC,PICNIC-SGW-XL-GETWAV,DTC,17,19,29,48,22,132,5,12,0,0,0,0,0,0,0,0,0,0,0,0,0,0,0,0,0,4,0,0,0,0,0,0,0,0,0,0,758.3,761.21,969.49,1402.87,1152.02,6664.45,193.99,582.11,0,0,0,0,0,0,0,0,0,0,0,0,0,0,0,0,0,195,0,0,0,0,0,0,0,0,0,0
PICNIC-SGW-XL-GETWAV - FBA,PICNIC-SGW-XL-GETWAV,FBA,0,2,0,0,0,23,2,0,0,0,0,0,0,0,0,0,0,0,0,0,0,0,0,0,0,0,0,0,0,0,0,0,0,0,0,0,0,124.98,0,0,0,1259.92,105.01,0,0,0,0,0,0,0,0,0,0,0,0,0,0,0,0,0,0,0,0,0,0,0,0,0,0,0,0,0
PICNIC-SUM-LG-SANDSEA - B2B,PICNIC-SUM-LG-SANDSEA,B2B,2,151,192,9,4,7,8,0,0,0,0,0,3,2,8,6,25,22,7,0,0,0,0,0,0,0,0,0,0,0,0,0,0,0,0,0,46.93,3455.75,4372.2,230.56,97.5,152.58,200,0,0,0,0,0,49.46,52.26,175.52,117.07,627.62,546.25,175,0,0,0,0,0,0,0,0,0,0,0,0,0,0,0,0,0
PICNIC-SUM-LG-SANDSEA - DTC,PICNIC-SUM-LG-SANDSEA,DTC,0,3,14,15,38,52,79,66,10,5,14,12,2,2,11,41,66,33,44,0,0,1,1,0,0,0,0,0,0,0,0,0,0,0,0,0,0,128,652.5,705,1815,2369.66,3729.68,3179.7,477.99,187.5,576.33,566.5,100,95,520.5,1930.41,3032.63,1429.51,2031.55,0,0,42.33,47.5,0,0,0,0,0,0,0,0,0,0,0,0,0
PICNIC-SUM-LG-SANDSEA - FBA,PICNIC-SUM-LG-SANDSEA,FBA,0,0,0,0,5,9,11,2,0,0,2,2,1,1,1,7,11,12,20,0,0,0,2,0,0,0,0,0,0,0,0,0,0,0,0,0,0,0,0,0,229.97,439.95,523.3,99.98,0,0,99.98,92.48,49.99,49.99,49.99,344.93,551.57,595.98,964.8,0,0,0,112.48,0,0,0,0,0,0,0,0,0,0,0,0,0
PICNIC-SUM-LG-UNICN - B2B,PICNIC-SUM-LG-UNICN,B2B,0,3,0,1,2,0,0,0,0,0,0,0,2,0,3,2,9,172,3,8,0,0,0,0,4,1,0,0,0,5,0,0,0,0,0,0,0,71.25,0,25,47.5,0,0,0,0,0,0,0,-2.37,0,70.74,53.4,232.92,4300,75,200,0,0,0,0,99.51,3519.25,0,0,0,130.72,0,0,0,0,0,0
PICNIC-SUM-LG-UNICN - DTC,PICNIC-SUM-LG-UNICN,DTC,0,1,1,7,11,20,29,18,1,3,4,1,4,5,7,25,45,33,52,51,7,4,6,7,4,4,12,22,37,24,33,0,0,0,0,0,0,42.51,60,275,520,949.18,1257.17,830.68,50,66.83,171.67,50,136.16,182.5,328.01,1171.17,1973.9,1444.57,2193.11,2263.95,327.93,182.51,263.79,327.69,159.9,195.44,457.92,1147.33,1761.69,1214.52,1736.53,0,0,0,0,0
PICNIC-SUM-LG-UNICN - FBA,PICNIC-SUM-LG-UNICN,FBA,0,0,1,0,3,0,3,11,1,1,2,2,0,1,1,9,7,14,24,33,5,0,3,0,1,1,3,8,29,30,29,0,0,0,0,0,0,0,53.27,0,149.97,0,130,549.89,49.99,49.99,71.66,85.82,0,49.99,49.99,449.91,334.94,684.91,1137.26,1580.49,262.46,0,129.99,0,44.99,49.99,134.97,416.6,1551.05,1595.01,1548.97,0,0,0,0,0
PICNIC-SUM-XL-SANDSEA - B2B,PICNIC-SUM-XL-SANDSEA,B2B,0,4,3,8,0,4,0,0,0,1,2,0,1,0,2,6,10,0,0,0,0,0,0,0,0,0,0,0,0,0,0,0,0,0,0,0,0,118.42,87.48,223.39,0,119.48,0,0,0,29.16,58.32,0,0,0,25.52,126.49,286.39,0,0,0,0,0,0,0,0,0,0,0,0,0,0,0,0,0,0,0
PICNIC-SUM-XL-SANDSEA - DTC,PICNIC-SUM-XL-SANDSEA,DTC,0,5,9,23,83,106,130,2,9,4,26,18,10,1,15,111,126,0,4,0,0,0,5,0,0,0,0,0,0,0,0,0,0,0,0,0,0,256.66,475.99,1254.11,4553.62,5604.79,7085.58,116.66,485.4,163.33,1287.38,946.26,462.65,58.33,800.31,6286.58,6727.79,0,221.66,0,0,0,218.33,0,0,0,0,0,0,0,0,0,0,0,0,0
PICNIC-SUM-XL-SANDSEA - FBA,PICNIC-SUM-XL-SANDSEA,FBA,0,0,0,6,9,6,24,1,0,0,0,3,2,0,2,14,6,9,4,1,0,0,0,0,0,0,0,0,0,0,0,0,0,0,0,0,0,0,0,337.18,513.32,338.32,1292.03,58.33,0,0,0,174.99,117.43,0,99.16,814.94,369.98,501.61,233.32,52.49,0,0,0,0,0,0,0,0,0,0,0,0,0,0,0,0
PICNIC-SUM-XL-UNICN - B2B,PICNIC-SUM-XL-UNICN,B2B,0,3,1,6,0,0,0,0,0,0,0,0,3,0,0,6,3,0,0,0,0,0,0,0,0,0,0,43,0,8,4,0,0,0,0,0,0,88.18,29.16,165.07,0,0,0,0,0,0,0,0,-4.16,0,0,178.53,90.24,0,0,0,0,0,0,0,0,7843.75,0,125,0,125,125,0,0,0,0,0
PICNIC-SUM-XL-UNICN - DTC,PICNIC-SUM-XL-UNICN,DTC,0,0,5,14,41,52,44,62,9,0,9,5,5,5,19,76,99,83,101,1,1,0,2,0,0,3,7,44,85,108,78,0,0,0,0,0,0,0,279.99,697.07,2158.26,2712.81,2389.12,3408.64,485.48,0,452.08,268.76,268.91,218.74,1026.64,4229.31,5177.11,4214.66,5102.96,16.31,62.5,0,109.38,0,0,178.13,387.15,2642.09,4756.2,6388.21,4452.84,0,0,0,0,0
PICNIC-SUM-XL-UNICN - FBA,PICNIC-SUM-XL-UNICN,FBA,0,0,0,1,10,9,23,5,5,1,2,3,2,0,4,12,10,22,70,30,0,0,1,1,0,0,3,22,26,62,11,0,0,0,0,0,0,0,0,50.83,565.82,505.78,1238.91,298.31,291.65,58.33,87.49,162.49,116.66,0,215.83,680.37,587.58,1282.26,3862.2,1733.87,0,0,62.49,62.49,0,0,172.07,1276.12,1578.51,3281.82,660.31,0,0,0,0,0
PONCHA-CAB-LG-BLUE-NS - B2B,PONCHA-CAB-LG-BLUE-NS,B2B,0,0,0,0,0,0,0,0,0,0,0,0,0,0,6,2,0,0,0,0,0,0,0,0,0,1,0,0,6,6,6,0,0,0,0,0,0,0,0,0,0,0,0,0,0,0,0,0,0,0,92.25,29.16,0,0,0,0,0,0,0,0,0,-0.71,0,0,100.02,99.96,99.96,0,0,0,0,0
PONCHA-CAB-LG-BLUE-NS - DTC,PONCHA-CAB-LG-BLUE-NS,DTC,0,0,0,0,0,0,0,0,0,0,0,0,0,0,0,0,0,0,0,0,0,0,8,20,10,5,8,12,14,36,28,0,0,0,0,0,0,0,0,0,0,0,0,0,0,0,0,0,0,0,0,0,0,0,0,0,0,0,189.19,560.73,319.98,96.67,216.67,391.46,314.04,784.95,610.41,0,0,0,0,0
PONCHA-CAB-LG-BLUE-NS - FBA,PONCHA-CAB-LG-BLUE-NS,FBA,0,0,0,0,0,0,0,0,0,0,0,0,0,0,0,0,0,0,0,0,0,0,0,0,1,4,2,2,5,11,1,0,0,0,0,0,0,0,0,0,0,0,0,0,0,0,0,0,0,0,0,0,0,0,0,0,0,0,0,0,29.99,139.98,66.66,61.65,159.97,338.28,26.66,0,0,0,0,0
PONCHA-CAB-LG-BLUE-R - B2B,PONCHA-CAB-LG-BLUE-R,B2B,9,7,0,2,5,3,1,7,0,3,2,0,0,0,3,2,5,7,1,6,0,6,0,0,0,0,0,0,0,0,0,0,0,0,0,0,128.13,98.01,0,27.51,67.77,50.17,17.46,108.21,0,46.61,35.97,0,0,0,43.74,29.16,73.73,106.54,15.18,91.45,0,99.96,0,0,0,0,0,0,0,0,0,0,0,0,0,0
PONCHA-CAB-LG-BLUE-R - DTC,PONCHA-CAB-LG-BLUE-R,DTC,24,13,26,27,38,51,110,119,74,40,25,61,31,36,31,31,28,22,48,51,15,9,79,2,0,0,0,0,0,0,0,0,0,0,0,0,527.11,358.99,575.14,615.78,832.92,1189.91,2404.1,2625.58,1747.86,903.5,548.95,1479.36,807.3,689.63,719.6,677.34,807.33,602.69,1314.65,1133.42,377.54,254.98,1456.04,33.34,0,0,0,0,0,0,0,0,0,0,0,0
PONCHA-CAB-LG-BLUE-R - FBA,PONCHA-CAB-LG-BLUE-R,FBA,4,3,3,4,4,9,13,25,10,9,6,12,8,4,5,5,12,13,31,30,6,5,40,0,2,0,0,0,0,0,0,0,0,0,0,0,116.64,87.48,81.66,110.81,110.81,245.37,330.81,723.17,291.6,253.68,127.17,348.25,233.28,116.64,134.14,142.88,329.5,361.57,788.8,839.45,199.98,152.22,777.14,0,46.66,0,0,0,0,0,0,0,0,0,0,0
PONCHA-CAB-LG-GREEN-R - DTC,PONCHA-CAB-LG-GREEN-R,DTC,8,0,4,0,0,0,0,0,0,0,0,0,0,0,0,0,0,0,0,0,0,0,0,0,0,0,0,0,0,0,0,0,0,0,0,0,183.84,0,76.68,0,0,0,0,0,0,0,0,0,0,0,0,0,0,0,0,0,0,0,0,0,0,0,0,0,0,0,0,0,0,0,0,0
PONCHA-CAB-LG-GREY-R - DTC,PONCHA-CAB-LG-GREY-R,DTC,0,1,0,0,0,0,0,0,0,0,0,0,0,0,0,0,0,0,0,0,0,0,0,0,0,0,0,0,0,0,0,0,0,0,0,0,0,11.67,0,0,0,0,0,0,0,0,0,0,0,0,0,0,0,0,0,0,0,0,0,0,0,0,0,0,0,0,0,0,0,0,0,0
PONCHA-CAB-LG-LTPNK - B2B,PONCHA-CAB-LG-LTPNK,B2B,0,4,2,0,5,7,8,2,0,10,12,0,0,0,4,0,0,2,0,0,0,0,0,6,0,1,0,2,0,6,0,0,0,0,0,0,0,56.46,26.24,0,65.61,58.62,123.13,30.22,0,145.8,181.77,0,0,0,59.03,0,0,29.16,0,0,0,0,0,112.5,0,-0.71,0,0,0,119.96,0,0,0,0,0,0
PONCHA-CAB-LG-LTPNK - DTC,PONCHA-CAB-LG-LTPNK,DTC,13,7,21,28,31,33,56,60,16,10,12,31,73,12,26,31,33,30,34,34,9,7,92,54,46,8,13,0,1,4,5,0,0,0,0,0,363.29,138.55,616.3,601.86,734.46,750.55,1275.34,1280.96,387.67,205.64,243.03,604.75,1429.28,290.66,521.98,763.56,931.08,876.07,947.89,853.19,308.35,234.16,1677.84,889.75,942.78,234.99,371.67,0,32,104.48,111.92,0,0,0,0,0
PONCHA-CAB-LG-LTPNK - FBA,PONCHA-CAB-LG-LTPNK,FBA,3,6,1,2,5,12,10,18,6,4,4,1,4,5,2,2,8,10,15,12,10,5,22,8,1,1,3,0,23,23,13,0,0,0,0,0,87.48,151.81,29.16,52.5,145.8,332.45,274.1,513.22,174.96,116.64,88.66,29.16,116.64,145.8,52.49,55.4,217.04,278.32,420.62,332.41,332.45,159.97,414.92,258.3,33.33,33.33,99.99,0,609.87,592.31,340.58,0,0,0,0,0
PONCHA-CAB-LG-LTPNK-NS - B2B,PONCHA-CAB-LG-LTPNK-NS,B2B,0,0,0,0,0,0,0,0,0,0,0,0,0,2,0,0,3,4,3,0,0,0,0,0,0,0,0,0,0,86,0,0,0,0,0,0,0,0,0,0,0,0,0,0,0,0,0,0,0,29.16,0,0,43.74,62.8,47.21,0,0,0,0,0,0,1333.6,0,0,0,1453.51,0,0,0,0,0,0
PONCHA-CAB-LG-LTPNK-NS - DTC,PONCHA-CAB-LG-LTPNK-NS,DTC,0,0,0,0,0,0,0,0,0,0,0,0,0,0,0,0,0,0,8,4,3,1,3,0,0,1,3,9,17,18,22,0,0,0,0,0,0,0,0,0,0,0,0,0,0,0,0,0,0,0,0,0,0,0,187.92,80.5,78.75,20.42,66.47,0,0,16.88,100,273.32,463.35,381.95,562.54,0,0,0,0,0
PONCHA-CAB-LG-LTPNK-NS - FBA,PONCHA-CAB-LG-LTPNK-NS,FBA,0,0,0,0,0,0,0,0,0,0,0,0,0,0,0,0,0,0,0,0,0,0,0,0,2,0,2,0,0,1,1,0,0,0,0,0,0,0,0,0,0,0,0,0,0,0,0,0,0,0,0,0,0,0,0,0,0,0,0,0,59.98,0,64.99,0,0,33.33,19.99,0,0,0,0,0
PONCHA-CAB-LG-NAVY - B2B,PONCHA-CAB-LG-NAVY,B2B,12,4,0,3,8,39,25,11,0,1,22,10,0,0,6,2,0,0,0,0,0,0,0,0,0,0,0,0,0,0,0,0,0,0,0,0,154.62,62.4,0,27.51,110.38,186.39,366.89,127.91,0,15.93,327.57,0,0,0,87.48,29.16,0,0,0,0,0,0,0,0,0,0,0,0,0,0,0,0,0,0,0,0
PONCHA-CAB-LG-NAVY - DTC,PONCHA-CAB-LG-NAVY,DTC,35,36,65,77,80,90,164,147,10,19,66,39,2,0,13,26,0,1,0,0,0,0,1,0,0,2,2,0,0,0,0,0,0,0,0,0,830.65,878.77,1390.23,1771.43,1878.82,2012.63,3450.59,3283.34,186.97,531.7,1575.55,828.96,68.16,0,355,580.74,0,24.79,0,0,0,0,16.67,0,0,50,53.34,0,0,0,0,0,0,0,0,0
PONCHA-CAB-LG-NAVY - FBA,PONCHA-CAB-LG-NAVY,FBA,3,6,4,3,16,13,32,22,0,1,3,1,0,0,2,10,11,13,6,0,0,0,2,0,0,0,0,0,0,3,2,0,0,0,0,0,87.48,172.26,104.97,81.65,443.21,364.51,794.4,629.86,0,35.83,74.34,29.16,0,0,61.65,282.84,294.32,351.23,166.8,0,0,0,60.45,0,0,0,0,0,0,77.31,53.32,0,0,0,0,0
PONCHA-CAB-LG-NAVY-NS - B2B,PONCHA-CAB-LG-NAVY-NS,B2B,0,0,0,0,0,0,0,0,0,0,0,0,0,4,0,14,6,29,11,10,0,0,6,0,0,32,10,12,17,21,18,0,0,0,0,0,0,0,0,0,0,0,0,0,0,0,0,0,0,59.75,0,365.81,81.65,392.72,163.85,131.22,0,0,99.96,0,0,2294.43,155,161.74,267.14,376.63,270.06,0,0,0,0,0
PONCHA-CAB-LG-NAVY-NS - DTC,PONCHA-CAB-LG-NAVY-NS,DTC,0,0,0,0,0,0,0,0,0,0,0,0,0,6,11,42,57,25,34,39,21,15,38,49,19,11,1,17,47,33,42,0,0,0,0,0,0,0,0,0,0,0,0,0,0,0,0,0,0,173.5,205.43,1076.66,1518.59,636.93,929.23,930.37,594.67,431.19,995.13,1361.53,554.99,331.86,16.88,518.31,1300.67,904.55,815.68,0,0,0,0,0
PONCHA-CAB-LG-NAVY-NS - FBA,PONCHA-CAB-LG-NAVY-NS,FBA,0,0,0,0,0,0,0,0,0,0,0,0,0,0,0,0,0,0,0,0,0,0,0,1,1,0,2,3,2,0,1,0,0,0,0,0,0,0,0,0,0,0,0,0,0,0,0,0,0,0,0,0,0,0,0,0,0,0,0,36.66,33.33,0,66.66,106.65,61.66,0,31.66,0,0,0,0,0
PONCHA-CAB-LG-PINK-R - DTC,PONCHA-CAB-LG-PINK-R,DTC,10,1,4,0,1,7,0,0,0,0,0,0,0,0,0,0,0,0,0,0,0,0,0,0,0,0,0,0,0,0,0,0,0,0,0,0,221.17,21,80.36,0,21,169.83,0,0,0,0,0,0,0,0,0,0,0,0,0,0,0,0,0,0,0,0,0,0,0,0,0,0,0,0,0,0
PONCHA-CAB-MD-BLUE-NS - B2B,PONCHA-CAB-MD-BLUE-NS,B2B,0,0,0,0,0,0,0,0,0,0,0,0,1,2,0,6,1,6,0,0,0,0,0,0,0,0,0,0,0,0,0,0,0,0,0,0,0,0,0,0,0,0,0,0,0,0,0,0,-0.69,30.59,0,88.62,15.41,89.13,0,0,0,0,0,0,0,0,0,0,0,0,0,0,0,0,0,0
PONCHA-CAB-MD-BLUE-NS - DTC,PONCHA-CAB-MD-BLUE-NS,DTC,0,0,0,0,0,0,0,0,0,0,0,0,0,0,0,0,0,5,0,8,0,0,0,0,0,0,1,9,16,16,36,0,0,0,0,0,0,0,0,0,0,0,0,0,0,0,0,0,0,0,0,0,0,113.12,0,225.94,0,0,0,0,0,0,30,249.99,357.44,462.12,824.97,0,0,0,0,0
PONCHA-CAB-MD-BLUE-NS - FBA,PONCHA-CAB-MD-BLUE-NS,FBA,0,0,0,0,0,0,0,0,0,0,0,0,0,0,0,0,0,0,0,0,0,0,0,0,0,0,0,0,0,1,1,0,0,0,0,0,0,0,0,0,0,0,0,0,0,0,0,0,0,0,0,0,0,0,0,0,0,0,0,0,0,0,0,0,0,33.33,33.33,0,0,0,0,0
PONCHA-CAB-MD-BLUE-R - B2B,PONCHA-CAB-MD-BLUE-R,B2B,5,6,0,2,0,4,2,1,0,1,2,0,0,0,0,2,5,0,2,0,0,6,0,0,0,1,0,0,6,0,0,0,0,0,0,0,72.9,83.9,0,27.51,0,64.75,17.46,15.64,0,15.34,35.97,0,0,0,0,29.16,72.9,0,30.37,0,0,99.96,0,0,0,-0.71,0,0,90,0,0,0,0,0,0,0
PONCHA-CAB-MD-BLUE-R - DTC,PONCHA-CAB-MD-BLUE-R,DTC,1,5,8,19,28,29,49,27,17,6,18,16,4,6,19,13,13,7,31,41,12,3,70,40,29,6,5,1,11,7,9,0,0,0,0,0,14.58,146.67,171.04,519.77,704.11,704.02,1037.34,563.18,390.43,154.58,405.11,390.24,123.34,158.99,428.77,366.97,356.04,205.01,812.29,1055.77,309.58,108.75,1326.88,818.61,584.35,153.32,125.41,24,244.02,160.01,238.02,0,0,0,0,0
PONCHA-CAB-MD-BLUE-R - FBA,PONCHA-CAB-MD-BLUE-R,FBA,2,2,1,2,3,6,9,7,4,2,3,2,1,1,5,2,7,7,19,7,2,0,10,2,0,0,2,3,4,11,11,0,0,0,0,0,53.96,56.85,29.16,48.59,84.57,169.13,239.62,198.05,116.64,58.32,61.6,47.83,29.16,33.32,142.46,58.32,199.52,209.95,467.6,188.8,70.81,0,183.3,36.66,0,0,56.66,79.98,106.64,269.25,278.6,0,0,0,0,0
PONCHA-CAB-MD-GREEN-R - DTC,PONCHA-CAB-MD-GREEN-R,DTC,26,46,17,9,0,2,0,0,0,0,0,0,0,0,0,0,0,0,0,0,0,0,0,0,0,0,0,0,0,0,0,0,0,0,0,0,491.21,883.71,356.8,147.45,0,32.67,0,0,0,0,0,0,0,0,0,0,0,0,0,0,0,0,0,0,0,0,0,0,0,0,0,0,0,0,0,0
PONCHA-CAB-MD-GREY-R - B2B,PONCHA-CAB-MD-GREY-R,B2B,3,0,0,0,0,0,0,0,0,0,0,0,0,0,0,0,0,0,0,0,0,0,0,0,0,0,0,0,0,0,0,0,0,0,0,0,39.36,0,0,0,0,0,0,0,0,0,0,0,0,0,0,0,0,0,0,0,0,0,0,0,0,0,0,0,0,0,0,0,0,0,0,0
PONCHA-CAB-MD-GREY-R - DTC,PONCHA-CAB-MD-GREY-R,DTC,23,1,4,0,0,4,0,0,0,0,0,0,0,0,0,0,0,0,0,0,0,0,0,0,0,0,0,0,0,0,0,0,0,0,0,0,484.28,26.67,96.56,0,0,82.84,0,0,0,0,0,0,0,0,0,0,0,0,0,0,0,0,0,0,0,0,0,0,0,0,0,0,0,0,0,0
PONCHA-CAB-MD-LTPNK - B2B,PONCHA-CAB-MD-LTPNK,B2B,6,4,0,0,4,7,12,1,0,7,12,0,0,2,4,0,4,0,0,0,0,0,0,0,0,1,0,1,6,0,0,0,0,0,0,0,86.75,56.46,0,0,53.18,58.62,180.71,15.64,0,102.06,181.77,0,0,29.16,59.03,0,58.32,0,0,0,0,0,0,0,0,-0.71,0,0,90,0,0,0,0,0,0,0
PONCHA-CAB-MD-LTPNK - DTC,PONCHA-CAB-MD-LTPNK,DTC,7,8,16,19,29,28,36,36,18,7,25,28,49,12,31,38,24,23,39,47,13,8,92,50,39,12,16,9,10,2,5,0,0,0,0,0,167.51,191.08,307.26,466.06,772.83,688.05,795.43,794.33,373.95,134.26,487.92,580.5,1016.22,211.26,808.6,1060.22,611.08,621.07,1126.93,1131.96,349.98,266.67,1767.16,1095.32,824.28,361.65,457.67,251.01,249.21,24,130.95,0,0,0,0,0
PONCHA-CAB-MD-LTPNK - FBA,PONCHA-CAB-MD-LTPNK,FBA,3,0,6,3,6,6,14,12,8,4,3,4,1,4,5,4,17,17,14,4,1,4,18,9,2,6,3,2,15,28,16,0,0,0,0,0,80.25,0,153.68,67.49,163.31,166.21,358.19,341.17,233.28,116.64,71.16,116.64,29.16,116.64,145.8,116.64,479.67,489.88,403.85,112.26,33.33,113.31,344.94,269.97,66.66,199.97,89.98,53.32,393.38,734.55,420.38,0,0,0,0,0
PONCHA-CAB-MD-LTPNK-NS - B2B,PONCHA-CAB-MD-LTPNK-NS,B2B,0,0,0,0,0,0,0,0,0,0,0,0,0,0,0,0,0,0,1,0,0,0,0,0,0,0,0,0,0,6,0,0,0,0,0,0,0,0,0,0,0,0,0,0,0,0,0,0,0,0,0,0,0,0,16.02,0,0,0,0,0,0,1667,0,0,0,120.71,0,0,0,0,0,0
PONCHA-CAB-MD-LTPNK-NS - DTC,PONCHA-CAB-MD-LTPNK-NS,DTC,0,0,0,0,0,0,0,0,0,0,0,0,0,0,0,0,0,0,6,13,4,1,0,0,1,0,3,11,33,28,31,0,0,0,0,0,0,0,0,0,0,0,0,0,0,0,0,0,0,0,0,0,0,0,154.61,342.31,84.59,20.42,0,0,28.33,0,103.33,333.33,785.58,823.42,931.03,0,0,0,0,0
PONCHA-CAB-MD-LTPNK-NS - FBA,PONCHA-CAB-MD-LTPNK-NS,FBA,0,0,0,0,0,0,0,0,0,0,0,0,0,0,0,0,0,0,0,0,0,0,0,0,0,0,1,1,0,3,0,0,0,0,0,0,0,0,0,0,0,0,0,0,0,0,0,0,0,0,0,0,0,0,0,0,0,0,0,0,0,0,33.33,33.33,0,96.88,0,0,0,0,0,0
PONCHA-CAB-MD-NAVY - B2B,PONCHA-CAB-MD-NAVY,B2B,5,3,0,2,4,11,7,8,0,10,12,0,0,18,0,14,6,9,14,6,0,0,0,0,0,7,6,2,6,0,0,0,0,0,0,0,55.65,45.42,0,27.51,53.95,125.63,102.06,114.55,0,145.8,181.77,0,0,262.44,0,193.25,83.3,133.13,206.77,87.48,0,0,0,0,0,111.79,112.5,0,95.56,0,0,0,0,0,0,0
PONCHA-CAB-MD-NAVY - DTC,PONCHA-CAB-MD-NAVY,DTC,7,12,14,24,24,35,47,42,25,12,35,28,78,15,26,69,8,18,27,32,11,9,53,26,3,5,7,5,5,4,3,0,0,0,0,0,205.07,238.85,307.5,483.96,553.24,788.59,1098.78,959.54,652.46,276.97,783.27,636.72,1436.33,279.38,660.85,1511.98,234.98,432.13,685.78,817.74,312.65,266.11,983.29,529.24,98.55,143.33,157.12,130.01,146.01,104.54,79.34,0,0,0,0,0
PONCHA-CAB-MD-NAVY - FBA,PONCHA-CAB-MD-NAVY,FBA,2,2,3,3,2,8,10,11,6,1,3,2,1,0,6,4,7,8,6,8,1,0,13,2,2,1,4,0,16,13,12,0,0,0,0,0,58.32,50.6,69.97,81.66,52.49,227.44,262.45,311.07,174.96,29.16,61.6,52.49,33.32,0,169.13,116.64,195.36,228.67,164.17,225.66,29.16,0,266.47,66.66,50.47,33.33,119.71,0,410.54,315.91,319.92,0,0,0,0,0
PONCHA-CAB-MD-NAVY-NS - B2B,PONCHA-CAB-MD-NAVY-NS,B2B,0,0,0,0,0,0,0,0,0,0,0,0,0,2,0,0,0,10,0,10,0,0,6,0,0,0,36,10,8,12,6,0,0,0,0,0,0,0,0,0,0,0,0,0,0,0,0,0,0,29.16,0,196.61,0,108.3,0,134.87,0,0,99.96,0,0,1667,375.38,161.74,122.11,183.37,90.02,0,0,0,0,0
PONCHA-CAB-MD-NAVY-NS - DTC,PONCHA-CAB-MD-NAVY-NS,DTC,0,0,0,0,0,0,0,0,0,0,0,0,0,0,0,0,0,0,0,2,0,0,0,0,0,0,1,4,14,21,20,0,0,0,0,0,0,0,0,0,0,0,0,0,0,0,0,0,0,0,0,0,0,0,0,49.58,0,0,0,0,0,0,31.58,103.34,436.65,530.88,581.65,0,0,0,0,0
PONCHA-CAB-MD-PINK-R - B2B,PONCHA-CAB-MD-PINK-R,B2B,5,3,0,0,0,0,0,0,0,0,0,0,0,0,0,0,0,0,0,0,0,0,0,0,0,0,0,0,0,0,0,0,0,0,0,0,65.6,39.02,0,0,0,0,0,0,0,0,0,0,0,0,0,0,0,0,0,0,0,0,0,0,0,0,0,0,0,0,0,0,0,0,0,0
PONCHA-CAB-MD-PINK-R - DTC,PONCHA-CAB-MD-PINK-R,DTC,65,54,42,0,1,10,2,0,0,0,0,0,0,0,0,0,0,0,0,0,0,0,0,0,0,0,0,0,0,0,0,0,0,0,0,0,1268.98,1046.2,969.09,0,11.67,195.24,22.17,0,0,0,0,0,0,0,0,0,0,0,0,0,0,0,0,0,0,0,0,0,0,0,0,0,0,0,0,0
PONCHA-CAB-MD-RED-R - DTC,PONCHA-CAB-MD-RED-R,DTC,25,30,5,1,0,2,0,0,0,0,0,0,0,0,0,0,0,0,0,0,0,0,0,0,0,0,0,0,0,0,0,0,0,0,0,0,485.83,563.94,109.66,0,0,43.36,0,0,0,0,0,0,0,0,0,0,0,0,0,0,0,0,0,0,0,0,0,0,0,0,0,0,0,0,0,0
PONCHA-CAB-SM-BLUE-R - B2B,PONCHA-CAB-SM-BLUE-R,B2B,1,3,0,5,0,1,0,0,0,0,0,0,0,0,0,2,1,0,0,0,0,0,0,0,0,0,0,0,0,0,0,0,0,0,0,0,13.85,41.55,0,66.88,0,14.58,0,0,0,0,0,0,0,0,0,29.16,14.58,0,0,0,0,0,0,0,0,0,0,0,0,0,0,0,0,0,0,0
PONCHA-CAB-SM-BLUE-R - DTC,PONCHA-CAB-SM-BLUE-R,DTC,3,5,4,15,7,17,31,26,18,14,22,15,4,7,12,12,11,13,28,16,6,3,26,10,15,2,2,0,0,2,0,0,0,0,0,0,87.92,116.76,120.45,382.93,159.34,402.61,770.17,631.52,498.69,356.03,489.09,357.02,110.09,208.2,228.34,217.58,303.76,368.93,781.31,386.15,162.5,90,451.76,200.46,295.92,73.33,70,0,0,54.53,0,0,0,0,0,0
PONCHA-CAB-SM-BLUE-R - FBA,PONCHA-CAB-SM-BLUE-R,FBA,2,2,3,4,1,3,10,6,0,0,3,0,0,2,3,5,2,3,6,6,2,0,7,2,1,0,4,1,9,7,4,0,0,0,0,0,56.87,50.58,81.65,106.92,29.16,64.17,239.64,169.13,0,0,71.16,0,0,58.32,88.94,142.88,55.4,67.08,154.55,157.45,66.66,0,129.23,36.66,33.33,0,122.89,26.66,237.27,167.95,105.31,0,0,0,0,0
PONCHA-CAB-SM-GREEN-R - DTC,PONCHA-CAB-SM-GREEN-R,DTC,11,26,14,0,0,6,0,0,0,0,0,0,0,0,0,0,0,0,0,0,0,0,0,0,0,0,0,0,0,0,0,0,0,0,0,0,196.1,514.49,281.67,0,0,110.83,0,0,0,0,0,0,0,0,0,0,0,0,0,0,0,0,0,0,0,0,0,0,0,0,0,0,0,0,0,0
PONCHA-CAB-SM-GREY-R - DTC,PONCHA-CAB-SM-GREY-R,DTC,0,0,0,0,0,0,0,0,0,0,0,0,0,0,0,0,0,0,0,0,0,0,0,18,0,0,0,0,0,0,0,0,0,0,0,0,0,0,0,0,0,0,0,0,0,0,0,0,0,0,0,0,0,0,0,0,0,0,0,259.14,0,0,0,0,0,0,0,0,0,0,0,0
PONCHA-CAB-SM-LTPNK - B2B,PONCHA-CAB-SM-LTPNK,B2B,7,0,0,0,1,2,8,0,0,10,10,0,0,0,0,0,0,1,0,0,0,0,0,0,0,0,0,0,0,0,0,0,0,0,0,0,86.75,0,0,0,15.48,35.59,123.13,0,0,145.8,145.8,0,0,0,0,0,0,14.58,0,0,0,0,0,0,0,0,0,0,0,0,0,0,0,0,0,0
PONCHA-CAB-SM-LTPNK - DTC,PONCHA-CAB-SM-LTPNK,DTC,4,5,15,17,19,15,24,28,20,6,22,28,34,11,19,32,20,20,28,10,8,2,30,16,4,5,4,0,0,0,2,0,0,0,0,0,100.49,134.17,316.77,435.64,486.77,344.98,596.69,619.01,388.72,183.34,484.58,646.83,706.43,276.05,470.23,821.81,511.88,532.18,783.19,255.98,251.26,66.66,533.51,379.32,136.67,165,116.67,0,0,0,42.21,0,0,0,0,0
PONCHA-CAB-SM-LTPNK - FBA,PONCHA-CAB-SM-LTPNK,FBA,0,1,1,1,2,1,7,2,3,2,1,0,1,0,0,3,2,6,8,2,1,1,4,4,2,1,4,0,9,17,4,0,0,0,0,0,0,29.34,29.16,23.34,58.32,29.16,185.18,58.32,77.27,58.32,18.67,0,29.16,0,0,84.56,55.4,172.04,223.97,55.4,33.33,23.33,73.32,133.32,66.66,33.33,123.32,0,238.06,447.03,106.64,0,0,0,0,0
PONCHA-CAB-SM-NAVY - B2B,PONCHA-CAB-SM-NAVY,B2B,4,1,0,5,0,0,5,0,0,10,10,0,0,15,0,4,0,0,0,0,0,0,0,0,0,0,0,0,0,0,0,0,0,0,0,0,55.65,14.58,0,66.88,0,0,72.9,0,0,145.8,145.8,0,0,218.7,0,58.32,0,0,0,0,0,0,0,0,0,0,0,0,0,0,0,0,0,0,0,0
PONCHA-CAB-SM-NAVY - DTC,PONCHA-CAB-SM-NAVY,DTC,2,6,5,19,25,12,34,32,9,4,25,15,36,9,10,15,9,7,15,13,5,5,10,3,3,6,4,0,0,0,1,0,0,0,0,0,52.8,142.59,126.5,385.72,642.71,285.37,824.69,704.03,212.22,117.53,533.31,311.24,645.14,209.17,158.13,360.31,253.76,193.25,406.27,366.91,147.08,163.34,210.85,66.67,0,199.98,126.34,0,0,0,18.97,0,0,0,0,0
PONCHA-CAB-SM-NAVY - FBA,PONCHA-CAB-SM-NAVY,FBA,1,1,0,0,1,3,5,2,2,1,4,1,3,1,2,2,4,5,4,5,0,0,3,6,0,0,0,0,6,5,5,0,0,0,0,0,27.69,29.16,0,0,18.95,77.28,122.51,52.49,58.32,29.16,104.98,29.16,81.64,29.16,52.49,55.4,110.81,137.05,113.72,135.58,0,0,55.91,118.99,0,0,0,0,154.62,117.29,125.3,0,0,0,0,0
PONCHA-CAB-SM-PINK-R - B2B,PONCHA-CAB-SM-PINK-R,B2B,2,0,0,0,0,0,0,0,0,0,0,0,0,0,0,0,0,0,0,0,0,0,0,0,0,0,0,0,0,0,0,0,0,0,0,0,26.24,0,0,0,0,0,0,0,0,0,0,0,0,0,0,0,0,0,0,0,0,0,0,0,0,0,0,0,0,0,0,0,0,0,0,0
PONCHA-CAB-SM-PINK-R - DTC,PONCHA-CAB-SM-PINK-R,DTC,7,1,3,0,0,1,0,0,0,0,0,0,0,0,0,0,0,0,0,0,0,0,0,0,0,0,0,0,0,0,0,0,0,0,0,0,137.49,23.33,79.07,0,0,12.75,0,0,0,0,0,0,0,0,0,0,0,0,0,0,0,0,0,0,0,0,0,0,0,0,0,0,0,0,0,0
PONCHA-CAB-SM-RED-R - DTC,PONCHA-CAB-SM-RED-R,DTC,2,0,6,0,0,1,0,0,0,0,0,0,0,0,0,0,0,0,0,0,0,0,0,0,0,0,0,0,0,0,0,0,0,0,0,0,38.5,0,139.67,0,0,26.67,0,0,0,0,0,0,0,0,0,0,0,0,0,0,0,0,0,0,0,0,0,0,0,0,0,0,0,0,0,0
PONCHA-CAB-SM-YELL-R - DTC,PONCHA-CAB-SM-YELL-R,DTC,0,0,1,0,0,0,0,0,0,0,0,0,0,0,0,0,0,0,0,0,0,0,0,0,0,0,0,0,0,0,0,0,0,0,0,0,0,0,27.5,0,0,0,0,0,0,0,0,0,0,0,0,0,0,0,0,0,0,0,0,0,0,0,0,0,0,0,0,0,0,0,0,0
PONCHA-CAB-XL-LTPNK - B2B,PONCHA-CAB-XL-LTPNK,B2B,0,0,0,0,0,0,0,0,0,0,0,0,1,0,0,0,0,0,0,0,0,0,0,0,0,1,0,1,0,35,0,0,0,0,0,0,0,0,0,0,0,0,0,0,0,0,0,0,-0.69,0,0,0,0,0,0,0,0,0,0,0,0,666.09,0,0,0,583.1,0,0,0,0,0,0
PONCHA-CAB-XL-LTPNK - DTC,PONCHA-CAB-XL-LTPNK,DTC,0,0,0,0,0,0,0,0,0,0,0,0,0,0,14,34,6,0,20,46,1,0,10,7,0,3,10,6,15,18,18,0,0,0,0,0,0,0,0,0,0,0,0,0,0,0,0,0,0,0,280.81,892.53,173.74,0,567.08,1290.84,32.5,0,292.5,206.67,0,81.67,301.11,208.32,410,581.98,444.9,0,0,0,0,0
PONCHA-CAB-XL-LTPNK - FBA,PONCHA-CAB-XL-LTPNK,FBA,0,0,0,0,0,0,0,0,0,0,0,0,0,0,0,0,0,0,1,2,0,0,1,0,0,0,2,1,2,3,0,0,0,0,0,0,0,0,0,0,0,0,0,0,0,0,0,0,0,0,0,0,0,0,30.62,56.24,0,0,36.66,0,0,0,73.32,29.99,69.7,103.17,0,0,0,0,0,0
PONCHA-CAB-XL-NAVY - B2B,PONCHA-CAB-XL-NAVY,B2B,0,0,0,0,0,0,0,0,0,0,0,0,0,0,10,1,0,0,0,0,0,0,0,0,0,0,4,1,6,0,0,0,0,0,0,0,0,0,0,0,0,0,0,0,0,0,0,0,0,0,153.76,14.58,0,0,0,0,0,0,0,0,0,1000.2,60.02,0,100.02,0,0,0,0,0,0,0
PONCHA-CAB-XL-NAVY - DTC,PONCHA-CAB-XL-NAVY,DTC,0,0,0,0,0,0,0,0,0,0,0,0,0,0,39,7,30,1,50,6,0,0,4,0,0,13,15,34,51,87,82,0,0,0,0,0,0,0,0,0,0,0,0,0,0,0,0,0,0,0,830.92,163.34,854.26,23.33,1217.77,178.34,0,0,120,0,0,400.95,435.67,1048.04,1119.74,2206.81,2210.16,0,0,0,0,0
PONCHA-CAB-XL-NAVY - FBA,PONCHA-CAB-XL-NAVY,FBA,0,0,0,0,0,0,0,0,0,0,0,0,0,0,0,0,0,0,5,0,0,0,1,0,0,1,2,4,2,8,0,0,0,0,0,0,0,0,0,0,0,0,0,0,0,0,0,0,0,0,0,0,0,0,147.17,0,0,0,33.04,0,0,36.66,71.95,146.64,69.99,283.28,0,0,0,0,0,0
PONCHA-CLA-LG-BLACK - DTC,PONCHA-CLA-LG-BLACK,DTC,109,21,33,0,0,0,0,0,0,0,95,23,0,0,0,0,0,0,0,0,1,0,2,0,0,0,0,0,0,0,0,0,0,0,0,0,2077.98,354.75,626.79,0,0,0,0,0,0,0,1476.66,380.69,0,0,0,0,0,0,0,0,24,0,49.34,0,0,0,0,0,0,0,0,0,0,0,0,0
PONCHA-CLA-LG-BLACK - FBA,PONCHA-CLA-LG-BLACK,FBA,4,4,3,7,6,1,0,0,0,0,0,5,0,0,0,0,0,0,0,0,1,0,0,0,0,0,0,0,0,0,0,0,0,0,0,0,95.67,110.8,88,186.63,169.14,29.16,0,0,0,0,0,137.04,0,0,0,0,0,0,0,0,29.99,0,0,0,0,0,0,0,0,0,0,0,0,0,0,0
PONCHA-CLA-LG-DKGRN - DTC,PONCHA-CLA-LG-DKGRN,DTC,7,2,3,0,0,2,0,0,0,0,0,0,0,0,0,0,0,0,0,0,0,0,0,0,0,0,0,0,0,0,0,0,0,0,0,0,153.65,35,26.67,0,0,25.4,0,0,0,0,0,0,0,0,0,0,0,0,0,0,0,0,0,0,0,0,0,0,0,0,0,0,0,0,0,0
PONCHA-CLA-LG-NAVY - B2B,PONCHA-CLA-LG-NAVY,B2B,4,4,2,0,7,5,2,7,0,2,2,0,0,0,0,0,0,0,0,0,0,0,0,0,0,0,0,0,0,0,0,0,0,0,0,0,55.23,61.97,26.24,0,98.49,70.29,29.16,105,0,31.86,35.97,0,0,0,0,0,0,0,0,0,0,0,0,0,0,0,0,0,0,0,0,0,0,0,0,0
PONCHA-CLA-LG-NAVY - DTC,PONCHA-CLA-LG-NAVY,DTC,21,38,54,40,80,125,211,167,24,16,129,19,1,0,0,0,0,0,0,0,0,0,0,92,1,1,0,0,0,0,0,0,0,0,0,0,571.36,1046.61,1357.67,1101.58,1969.53,3036.79,4975.52,3968.82,596.56,397.84,3129.7,441.54,20.83,0,0,0,0,0,0,0,0,0,0,1613.47,36.67,16.67,0,0,0,0,0,0,0,0,0,0
PONCHA-CLA-LG-NAVY - FBA,PONCHA-CLA-LG-NAVY,FBA,1,3,9,13,14,24,20,19,2,0,5,11,0,0,0,0,0,0,0,0,0,0,0,0,0,0,0,0,0,0,0,0,0,0,0,0,29.16,78.73,250.78,344.15,384.92,693.58,501.85,542.38,58.32,0,141.42,324.92,0,0,0,0,0,0,0,0,0,0,0,0,0,0,0,0,0,0,0,0,0,0,0,0
PONCHA-CLA-LG-NAVY-NS - B2B,PONCHA-CLA-LG-NAVY-NS,B2B,0,0,0,0,0,0,0,0,0,0,0,0,0,0,0,0,0,1,0,0,0,0,0,0,0,0,0,0,0,0,0,0,0,0,0,0,0,0,0,0,0,0,0,0,0,0,0,0,0,0,0,0,0,15.69,0,0,0,0,0,0,0,0,0,0,0,0,0,0,0,0,0,0
PONCHA-CLA-LG-NAVY-NS - DTC,PONCHA-CLA-LG-NAVY-NS,DTC,0,0,0,0,0,0,0,0,0,0,0,0,0,0,38,27,1,79,103,66,45,27,28,0,0,11,13,31,46,66,49,0,0,0,0,0,0,0,0,0,0,0,0,0,0,0,0,0,0,0,882.65,720.63,24.79,1984.2,2707.47,1873.93,1217.36,661.28,785.48,0,0,312.22,434.99,899.66,1218.27,1560.89,1322.64,0,0,0,0,0
PONCHA-CLA-LG-NAVY-NS - FBA,PONCHA-CLA-LG-NAVY-NS,FBA,0,0,0,0,0,0,0,0,0,0,0,0,0,0,0,0,0,0,0,0,0,0,0,0,0,4,2,8,10,17,4,0,0,0,0,0,0,0,0,0,0,0,0,0,0,0,0,0,0,0,0,0,0,0,0,0,0,0,0,0,0,136.64,66.66,254.96,323.28,523.27,131.64,0,0,0,0,0
PONCHA-CLA-MD-BLACK - B2B,PONCHA-CLA-MD-BLACK,B2B,0,0,0,0,2,0,2,0,0,0,2,0,0,0,0,3,0,2,1,0,0,0,0,0,0,0,0,0,0,0,0,0,0,0,0,0,0,0,0,0,26.63,0,15.71,0,0,0,32.37,0,0,0,0,43.74,0,23.34,14.58,0,0,0,0,0,0,0,0,0,0,0,0,0,0,0,0,0
PONCHA-CLA-MD-BLACK - DTC,PONCHA-CLA-MD-BLACK,DTC,31,35,22,17,37,27,59,103,28,18,37,84,126,19,30,30,32,38,56,71,1,0,9,0,0,0,0,0,0,0,0,0,0,0,0,0,643.63,670.53,430.14,362.85,783.97,498.87,1040.26,1857.92,510.25,321.19,587.67,1226.78,1721.83,432.65,637.91,607.06,806.78,911.1,1321.58,1271.04,17.92,0,165.98,0,0,0,0,0,0,0,0,0,0,0,0,0
PONCHA-CLA-MD-BLACK - FBA,PONCHA-CLA-MD-BLACK,FBA,1,0,2,3,4,4,7,6,4,2,2,0,1,2,1,2,2,10,18,12,0,2,17,15,2,4,1,0,0,0,0,0,0,0,0,0,29.16,0,58.32,75.82,110.81,116.64,179.1,169.13,116.64,58.32,33.34,0,29.16,58.32,29.16,55.4,46.66,228.36,387.27,263.6,0,50.65,273.37,379.9,53.32,106.64,26.66,0,0,0,0,0,0,0,0,0
PONCHA-CLA-MD-DKGRN - DTC,PONCHA-CLA-MD-DKGRN,DTC,7,0,26,0,0,1,0,0,0,0,0,0,0,0,0,0,0,0,0,0,0,0,0,0,0,0,0,0,0,0,0,0,0,0,0,0,151.59,0,553.67,0,0,22.89,0,0,0,0,0,0,0,0,0,0,0,0,0,0,0,0,0,0,0,0,0,0,0,0,0,0,0,0,0,0
PONCHA-CLA-MD-NAVY - B2B,PONCHA-CLA-MD-NAVY,B2B,1,0,0,2,3,3,3,4,0,0,2,0,0,0,0,1,0,0,0,0,0,0,0,0,0,0,0,0,0,0,0,0,0,0,0,0,13.85,0,0,26.24,45.3,44.04,43.74,61.26,0,0,35.97,0,0,0,0,14.58,0,0,0,0,0,0,0,0,0,0,0,0,0,0,0,0,0,0,0,0
PONCHA-CLA-MD-NAVY - DTC,PONCHA-CLA-MD-NAVY,DTC,13,11,20,7,24,28,61,52,23,13,37,50,35,22,21,21,21,10,22,42,13,7,69,50,3,8,13,4,12,2,4,0,0,0,0,0,388.43,328.46,522.09,152.49,594.25,782.83,1591.76,1357.76,584.58,349.79,899.67,1190.72,785.58,623.59,535.73,546.68,627.54,263.75,659.61,1065.81,355.01,220.1,1315.22,1193.13,103.33,286.67,383,116.67,310.01,50.67,113.05,0,0,0,0,0
PONCHA-CLA-MD-NAVY - FBA,PONCHA-CLA-MD-NAVY,FBA,3,1,2,4,7,8,8,11,4,5,5,2,3,4,2,8,6,5,14,5,5,1,20,9,0,2,1,0,7,10,1,0,0,0,0,0,86.03,29.16,58.32,116.64,186.61,207.6,215.82,324.92,116.64,145.8,95.83,45.83,87.48,120.8,58.32,221.6,153.09,137.64,379.53,145.8,162.48,33.33,378.28,269.97,0,66.66,33.33,0,186.62,247.49,26.66,0,0,0,0,0
PONCHA-CLA-MD-NAVY-NS - DTC,PONCHA-CLA-MD-NAVY-NS,DTC,0,0,0,0,0,0,0,0,0,0,0,0,0,1,7,11,15,20,20,24,12,4,13,0,0,0,0,6,15,31,17,0,0,0,0,0,0,0,0,0,0,0,0,0,0,0,0,0,0,32.5,126.67,242.76,336.13,519.53,485.98,582.99,325.41,111.73,360.49,0,0,0,0,166.67,426.34,924.1,529.96,0,0,0,0,0
PONCHA-CLA-MD-NAVY-NS - FBA,PONCHA-CLA-MD-NAVY-NS,FBA,0,0,0,0,0,0,0,0,0,0,0,0,0,0,0,0,0,0,1,0,0,0,0,0,0,0,3,2,2,1,1,0,0,0,0,0,0,0,0,0,0,0,0,0,0,0,0,0,0,0,0,0,0,0,18.95,0,0,0,0,0,0,0,91.65,56.66,63.32,33.33,33.33,0,0,0,0,0
PONCHA-CLA-SM-BLACK - B2B,PONCHA-CLA-SM-BLACK,B2B,0,0,0,0,1,0,1,1,0,0,0,0,0,0,0,1,0,2,1,0,0,0,0,0,0,0,0,0,0,0,0,0,0,0,0,0,0,0,0,0,17.15,0,0,14.58,0,0,0,0,0,0,0,14.58,0,23.34,14.58,0,0,0,0,0,0,0,0,0,0,0,0,0,0,0,0,0
PONCHA-CLA-SM-BLACK - DTC,PONCHA-CLA-SM-BLACK,DTC,5,13,5,4,3,4,10,16,6,7,12,23,28,6,10,12,13,12,16,35,16,3,26,25,9,6,1,0,0,3,1,0,0,0,0,0,103.48,234.8,106.59,85.73,69.99,73.29,207.14,299.96,117.18,136.57,212.07,331.84,353.04,88.53,189.68,274.92,270.25,263.46,362.61,555.92,265.43,80.66,412,392.46,154.32,164.67,33.33,0,0,83.34,30,0,0,0,0,0
PONCHA-CLA-SM-BLACK - FBA,PONCHA-CLA-SM-BLACK,FBA,0,0,1,5,2,0,1,0,2,0,0,0,0,0,0,0,2,4,3,2,2,1,6,1,0,0,1,2,1,1,0,0,0,0,0,0,0,0,29.16,122.46,58.32,0,29.16,0,58.32,0,0,0,0,0,0,0,50.81,93.32,69.99,44.32,52.9,26.66,100,26.66,0,0,26.66,47.99,26.66,26.66,0,0,0,0,0,0
PONCHA-CLA-SM-DKGRN - B2B,PONCHA-CLA-SM-DKGRN,B2B,0,0,0,0,1,0,0,1,0,0,0,0,0,0,0,0,0,0,0,0,0,0,0,0,0,0,0,0,0,0,0,0,0,0,0,0,0,0,0,0,9.48,0,0,14.58,0,0,0,0,0,0,0,0,0,0,0,0,0,0,0,0,0,0,0,0,0,0,0,0,0,0,0,0
PONCHA-CLA-SM-DKGRN - DTC,PONCHA-CLA-SM-DKGRN,DTC,17,24,7,8,21,20,33,42,0,0,5,7,3,0,3,0,0,0,0,0,0,0,0,0,0,0,0,0,0,0,0,0,0,0,0,0,336.95,495.98,160.65,159.29,481.86,387.22,645.9,795.46,0,0,75.7,147.89,76.67,0,76.67,0,0,0,0,0,0,0,0,0,0,0,0,0,0,0,0,0,0,0,0,0
PONCHA-CLA-SM-DKGRN - FBA,PONCHA-CLA-SM-DKGRN,FBA,0,0,1,0,0,0,1,0,0,0,0,0,0,0,0,0,0,0,0,0,0,0,0,0,0,0,0,0,0,0,0,0,0,0,0,0,0,0,27.5,0,0,0,26.79,0,0,0,0,0,0,0,0,0,0,0,0,0,0,0,0,0,0,0,0,0,0,0,0,0,0,0,0,0
PONCHA-CLA-SM-NAVY - B2B,PONCHA-CLA-SM-NAVY,B2B,1,0,0,0,1,1,0,4,0,0,0,0,0,0,0,0,0,0,0,0,0,0,0,0,0,0,0,0,0,0,0,0,0,0,0,0,13.85,0,0,0,9.48,17.8,0,61.26,0,0,0,0,0,0,0,0,0,0,0,0,0,0,0,0,0,0,0,0,0,0,0,0,0,0,0,0
PONCHA-CLA-SM-NAVY - DTC,PONCHA-CLA-SM-NAVY,DTC,13,13,17,7,15,4,37,58,13,13,39,45,8,16,24,36,23,34,36,0,0,0,3,17,2,3,4,0,0,1,0,0,0,0,0,0,274.53,256.7,377.66,152.16,299.22,64.67,734.36,1104.29,255.96,284.51,645.02,801.39,207.58,386.18,571.96,845.12,537.27,783.34,817.96,0,0,0,67.33,299.7,38.63,62.66,84,0,0,30.61,0,0,0,0,0,0
PONCHA-CLA-SM-NAVY - FBA,PONCHA-CLA-SM-NAVY,FBA,1,2,0,1,1,3,1,0,4,2,0,0,0,0,2,3,4,5,10,4,5,1,2,4,1,0,3,0,0,0,4,0,0,0,0,0,29.16,39.36,0,23.32,29.16,91.64,29.16,0,118.03,58.32,0,0,0,0,58.32,84.57,96.23,118.72,207.62,86.6,137.46,26.66,50.65,105.35,26.66,0,79.98,0,0,0,105.31,0,0,0,0,0
PONCHA-DES-LG-CHECKMT - B2B,PONCHA-DES-LG-CHECKMT,B2B,0,0,0,0,0,0,0,0,0,0,0,0,2,0,12,4,2,19,7,18,0,0,0,0,0,0,0,0,0,0,0,0,0,0,0,0,0,0,0,0,0,0,0,0,0,0,0,0,-1.58,0,199.92,70.54,33.32,318.42,116.62,299.88,0,0,0,0,0,0,0,0,0,0,0,0,0,0,0,0
PONCHA-DES-LG-CHECKMT - DTC,PONCHA-DES-LG-CHECKMT,DTC,0,0,0,0,0,0,0,0,0,0,0,0,1,12,22,22,22,11,31,160,81,5,167,32,0,0,0,0,0,0,0,0,0,0,0,0,0,0,0,0,0,0,0,0,0,0,0,0,0,331.99,509.03,536.66,605.28,324.98,951.71,2808.5,1398.36,136.72,2736.46,510.97,0,0,0,0,0,0,0,0,0,0,0,0
PONCHA-DES-LG-CHECKMT - FBA,PONCHA-DES-LG-CHECKMT,FBA,0,0,0,0,0,0,0,0,0,0,0,0,0,0,3,0,7,3,6,10,4,2,27,1,0,0,0,0,0,0,0,0,0,0,0,0,0,0,0,0,0,0,0,0,0,0,0,0,0,0,99.99,0,226.63,83.31,200.79,306.64,121.46,56.98,473.99,29.99,0,0,0,0,0,0,0,0,0,0,0,0
PONCHA-DES-LG-FRUTLPS - B2B,PONCHA-DES-LG-FRUTLPS,B2B,0,0,0,0,0,0,0,0,0,0,0,0,2,2,0,5,2,10,7,18,0,0,0,0,0,0,0,0,0,0,0,0,0,0,0,0,0,0,0,0,0,0,0,0,0,0,0,0,-1.58,33.32,0,86.58,35.21,167.33,116.62,299.88,0,0,0,0,0,0,0,0,0,0,0,0,0,0,0,0
PONCHA-DES-LG-FRUTLPS - DTC,PONCHA-DES-LG-FRUTLPS,DTC,0,0,0,0,0,0,0,0,0,0,0,0,0,18,37,32,34,26,49,97,2,0,2,50,0,0,0,0,0,0,0,0,0,0,0,0,0,0,0,0,0,0,0,0,0,0,0,0,0,513.32,1125.02,920.29,1024.85,766.55,1498.14,1962.15,45.33,0,63.66,817.52,0,0,0,0,0,0,0,0,0,0,0,0
PONCHA-DES-LG-FRUTLPS - FBA,PONCHA-DES-LG-FRUTLPS,FBA,0,0,0,0,0,0,0,0,0,0,0,0,0,1,5,7,8,10,12,12,8,9,0,0,0,0,2,0,0,1,0,0,0,0,0,0,0,0,0,0,0,0,0,0,0,0,0,0,0,33.33,166.65,226.63,256.63,328.98,363.24,376.61,243.26,264.01,0,0,0,0,61.66,0,0,19.49,0,0,0,0,0,0
PONCHA-DES-LG-GROOVCH - B2B,PONCHA-DES-LG-GROOVCH,B2B,0,0,0,0,0,0,0,0,0,0,0,0,2,0,0,2,2,62,6,12,0,0,0,0,0,0,0,0,0,0,0,0,0,0,0,0,0,0,0,0,0,0,0,0,0,0,0,0,-1.58,0,0,37.22,33.32,199.92,99.96,199.92,0,0,0,0,0,0,0,0,0,0,0,0,0,0,0,0
PONCHA-DES-LG-GROOVCH - DTC,PONCHA-DES-LG-GROOVCH,DTC,0,0,0,0,0,0,0,0,0,0,0,0,0,5,11,16,17,10,12,93,64,4,86,67,48,16,16,32,26,0,0,0,0,0,0,0,0,0,0,0,0,0,0,0,0,0,0,0,0,150.75,279.82,444.99,493.26,332.33,370.76,1601.33,1183.03,123.11,1430.88,1302.69,1052.37,434.49,442.48,885.15,700.04,0,0,0,0,0,0,0
PONCHA-DES-LG-GROOVCH - FBA,PONCHA-DES-LG-GROOVCH,FBA,0,0,0,0,0,0,0,0,0,0,0,0,0,2,1,5,5,8,9,6,1,3,25,6,1,1,2,7,3,2,0,0,0,0,0,0,0,0,0,0,0,0,0,0,0,0,0,0,0,66.66,33.33,163.31,159.97,246.83,291.61,189.97,29.99,89.97,451.13,180.29,33.33,33.33,61.66,207.27,89.97,59.98,0,0,0,0,0,0
PONCHA-DES-LG-IBZAGLW - B2B,PONCHA-DES-LG-IBZAGLW,B2B,0,0,0,0,0,0,0,0,0,0,0,0,0,0,0,0,0,0,0,0,0,0,0,0,0,0,12,0,0,30,0,0,0,0,0,0,0,0,0,0,0,0,0,0,0,0,0,0,0,0,0,0,0,0,0,0,0,0,0,0,0,0,225,0,0,585.77,0,0,0,0,0,0
PONCHA-DES-LG-IBZAGLW - DTC,PONCHA-DES-LG-IBZAGLW,DTC,0,0,0,0,0,0,0,0,0,0,0,0,0,0,0,0,0,0,0,0,0,0,0,0,0,4,14,17,32,41,44,0,0,0,0,0,0,0,0,0,0,0,0,0,0,0,0,0,0,0,0,0,0,0,0,0,0,0,0,0,0,172.87,497.5,593.55,1079.48,1375.79,1575.46,0,0,0,0,0
PONCHA-DES-LG-IBZAGLW - FBA,PONCHA-DES-LG-IBZAGLW,FBA,0,0,0,0,0,0,0,0,0,0,0,0,0,0,0,0,0,0,0,0,0,0,0,0,0,1,1,1,1,13,5,0,0,0,0,0,0,0,0,0,0,0,0,0,0,0,0,0,0,0,0,0,0,0,0,0,0,0,0,0,0,39.8,37.49,37.49,33.74,419.87,185.58,0,0,0,0,0
PONCHA-DES-LG-PALMBCH - B2B,PONCHA-DES-LG-PALMBCH,B2B,0,9,0,0,3,3,3,2,0,1,0,1,0,0,0,0,0,0,0,0,0,0,0,0,0,0,0,0,0,0,0,0,0,0,0,0,0,148.35,0,0,52.04,20.34,56.56,34.69,0,17.53,0,0,0,0,0,0,0,0,0,0,0,0,0,0,0,0,0,0,0,0,0,0,0,0,0,0
PONCHA-DES-LG-PALMBCH - DTC,PONCHA-DES-LG-PALMBCH,DTC,0,3,11,14,17,33,56,20,14,15,73,107,2,0,0,0,1,1,1,0,0,0,0,0,0,0,0,0,0,0,0,0,0,0,0,0,0,80,289.64,365.83,472.01,1003.03,1616.62,564.27,318.37,315.2,1343.66,1816.75,15.38,0,0,0,24,30.83,24,0,0,0,0,0,0,0,0,0,0,0,0,0,0,0,0,0
PONCHA-DES-LG-PALMBCH - FBA,PONCHA-DES-LG-PALMBCH,FBA,0,0,0,0,0,0,2,0,0,1,1,2,0,0,0,0,0,1,0,0,0,0,0,0,0,0,0,0,0,0,0,0,0,0,0,0,0,0,0,0,0,0,61.66,0,0,30.83,26.83,53.32,0,0,0,0,0,29.99,0,0,0,0,0,0,0,0,0,0,0,0,0,0,0,0,0,0
PONCHA-DES-LG-TERATROP - B2B,PONCHA-DES-LG-TERATROP,B2B,2,13,0,0,0,0,1,0,0,0,0,0,0,0,0,0,0,0,0,0,0,0,0,0,0,0,0,0,0,0,0,0,0,0,0,0,31.46,215.17,0,0,0,0,16.66,0,0,0,0,0,0,0,0,0,0,0,0,0,0,0,0,0,0,0,0,0,0,0,0,0,0,0,0,0
PONCHA-DES-LG-TERATROP - DTC,PONCHA-DES-LG-TERATROP,DTC,0,5,34,34,6,10,59,100,9,23,42,5,2,0,0,0,0,35,3,0,0,0,2,0,0,0,0,0,0,0,0,0,0,0,0,0,0,126.67,1020.72,1101.59,169.99,298.31,1775.74,2452.72,207.83,554.43,873.08,133.33,65.76,0,0,0,0,948.91,79.61,0,0,0,60.33,0,0,0,0,0,0,0,0,0,0,0,0,0
PONCHA-DES-LG-TERATROP - FBA,PONCHA-DES-LG-TERATROP,FBA,0,0,0,0,0,0,0,1,0,2,8,1,0,0,0,0,0,4,0,0,0,0,2,0,0,0,0,0,0,0,0,0,0,0,0,0,0,0,0,0,0,0,0,37.49,0,61.66,221.96,26.66,0,0,0,0,0,111.1,0,0,0,0,66.66,0,0,0,0,0,0,0,0,0,0,0,0,0
PONCHA-DES-LG-WAVYBBY - B2B,PONCHA-DES-LG-WAVYBBY,B2B,0,0,0,0,0,0,0,0,0,0,0,0,0,0,0,0,0,0,0,0,0,0,0,0,0,0,0,2,0,6,6,0,0,0,0,0,0,0,0,0,0,0,0,0,0,0,0,0,0,0,0,0,0,0,0,0,0,0,0,0,0,0,0,0,0,135.77,112.5,0,0,0,0,0
PONCHA-DES-LG-WAVYBBY - DTC,PONCHA-DES-LG-WAVYBBY,DTC,0,0,0,0,0,0,0,0,0,0,0,0,0,0,0,0,0,0,0,0,0,0,0,0,0,7,27,32,49,64,44,0,0,0,0,0,0,0,0,0,0,0,0,0,0,0,0,0,0,0,0,0,0,0,0,0,0,0,0,0,0,250.75,888.75,1101.45,1721.93,2061.89,1534.42,0,0,0,0,0
PONCHA-DES-LG-WAVYBBY - FBA,PONCHA-DES-LG-WAVYBBY,FBA,0,0,0,0,0,0,0,0,0,0,0,0,0,0,0,0,0,0,0,0,0,0,0,0,0,0,6,4,8,22,6,0,0,0,0,0,0,0,0,0,0,0,0,0,0,0,0,0,0,0,0,0,0,0,0,0,0,0,0,0,0,0,226.41,138.71,292.42,697.28,223.07,0,0,0,0,0
PONCHA-DES-LG-WTRSUG - B2B,PONCHA-DES-LG-WTRSUG,B2B,0,0,0,0,0,0,0,0,0,0,0,0,0,0,0,0,0,0,0,0,0,0,0,0,0,0,0,1,0,6,0,0,0,0,0,0,0,0,0,0,0,0,0,0,0,0,0,0,0,0,0,0,0,0,0,0,0,0,0,0,0,0,0,0,0,134.93,0,0,0,0,0,0
PONCHA-DES-LG-WTRSUG - DTC,PONCHA-DES-LG-WTRSUG,DTC,0,0,0,0,0,0,0,0,0,0,0,0,0,0,0,0,0,0,0,0,0,0,0,0,0,2,8,19,19,30,36,0,0,0,0,0,0,0,0,0,0,0,0,0,0,0,0,0,0,0,0,0,0,0,0,0,0,0,0,0,0,55.83,284.54,694.79,670.44,905.7,1220.77,0,0,0,0,0
PONCHA-DES-LG-WTRSUG - FBA,PONCHA-DES-LG-WTRSUG,FBA,0,0,0,0,0,0,0,0,0,0,0,0,0,0,0,0,0,0,0,0,0,0,0,0,0,0,2,1,2,6,0,0,0,0,0,0,0,0,0,0,0,0,0,0,0,0,0,0,0,0,0,0,0,0,0,0,0,0,0,0,0,0,74.98,33.74,65.61,194.94,0,0,0,0,0,0
PONCHA-DES-MD-CHECKMT - B2B,PONCHA-DES-MD-CHECKMT,B2B,0,0,0,0,0,0,0,0,0,0,0,0,2,0,10,4,0,8,7,6,0,0,0,0,0,0,0,0,0,0,0,0,0,0,0,0,0,0,0,0,0,0,0,0,0,0,0,0,-1.58,0,166.6,70.54,0,133.28,116.62,99.96,0,0,0,0,0,0,0,0,0,0,0,0,0,0,0,0
PONCHA-DES-MD-CHECKMT - DTC,PONCHA-DES-MD-CHECKMT,DTC,0,0,0,0,0,0,0,0,0,0,0,0,1,2,8,6,20,14,21,87,52,7,106,59,9,2,0,0,1,0,0,0,0,0,0,0,0,0,0,0,0,0,0,0,0,0,0,0,0,66.66,229.98,190.64,611.29,400.91,575.02,1635.99,992.04,195.33,1762.51,1132.09,197.33,0,0,0,33.33,0,0,0,0,0,0,0
PONCHA-DES-MD-CHECKMT - FBA,PONCHA-DES-MD-CHECKMT,FBA,0,0,0,0,0,0,0,0,0,0,0,0,0,0,0,3,1,3,6,3,0,1,5,3,0,2,1,4,6,4,0,0,0,0,0,0,0,0,0,0,0,0,0,0,0,0,0,0,0,0,0,96.65,29.99,86.87,186.65,79.99,0,29.99,154.11,89.97,0,66.66,33.33,123.3,176.94,107.96,0,0,0,0,0,0
PONCHA-DES-MD-FRUTLPS - B2B,PONCHA-DES-MD-FRUTLPS,B2B,0,0,0,0,0,0,0,0,0,0,0,0,2,0,2,2,2,9,6,18,0,0,0,0,0,0,0,0,0,0,0,0,0,0,0,0,0,0,0,0,0,0,0,0,0,0,0,0,-1.58,0,33.32,34.62,35.21,152.67,99.96,299.88,0,0,0,0,0,0,0,0,0,0,0,0,0,0,0,0
PONCHA-DES-MD-FRUTLPS - DTC,PONCHA-DES-MD-FRUTLPS,DTC,0,0,0,0,0,0,0,0,0,0,0,0,0,10,19,21,20,18,28,130,58,0,5,54,0,0,0,0,0,0,0,0,0,0,0,0,0,0,0,0,0,0,0,0,0,0,0,0,0,288.09,509.49,619.16,617.21,549.53,830.53,2500.27,958.38,0,142.05,882.66,0,0,0,0,0,0,0,0,0,0,0,0
PONCHA-DES-MD-FRUTLPS - FBA,PONCHA-DES-MD-FRUTLPS,FBA,0,0,0,0,0,0,0,0,0,0,0,0,0,2,5,2,7,4,8,6,17,3,1,1,0,0,0,0,0,0,0,0,0,0,0,0,0,0,0,0,0,0,0,0,0,0,0,0,0,66.66,160.7,63.32,229.97,124.98,256.63,186.64,510.46,86.97,29.99,29.99,0,0,0,0,0,0,0,0,0,0,0,0
PONCHA-DES-MD-GROOVCH - B2B,PONCHA-DES-MD-GROOVCH,B2B,0,0,0,0,0,0,0,0,0,0,0,0,2,0,0,2,1,13,6,0,0,0,0,0,0,0,0,0,0,0,0,0,0,0,0,0,0,0,0,0,0,0,0,0,0,0,0,0,-1.58,0,0,37.22,16.66,216.58,99.96,0,0,0,0,0,0,0,0,0,0,0,0,0,0,0,0,0
PONCHA-DES-MD-GROOVCH - DTC,PONCHA-DES-MD-GROOVCH,DTC,0,0,0,0,0,0,0,0,0,0,0,0,0,6,6,11,11,4,22,65,47,2,84,43,26,15,22,15,11,0,1,0,0,0,0,0,0,0,0,0,0,0,0,0,0,0,0,0,0,185.75,163.34,377.38,319.94,114.99,652.13,1249.77,831.69,63.66,1439.04,881.35,616.77,325.32,648.11,385.33,270.91,0,30,0,0,0,0,0
PONCHA-DES-MD-GROOVCH - FBA,PONCHA-DES-MD-GROOVCH,FBA,0,0,0,0,0,0,0,0,0,0,0,0,0,0,0,2,2,3,4,7,3,3,22,2,1,0,4,5,4,1,0,0,0,0,0,0,0,0,0,0,0,0,0,0,0,0,0,0,0,0,0,56.66,60,99.99,129.97,233.81,89.97,86.97,397.48,66.66,33.33,0,124.98,162.63,119.96,29.99,0,0,0,0,0,0
PONCHA-DES-MD-IBZAGLW - B2B,PONCHA-DES-MD-IBZAGLW,B2B,0,0,0,0,0,0,0,0,0,0,0,0,0,0,0,0,0,0,0,0,0,0,0,0,0,0,12,0,0,36,0,0,0,0,0,0,0,0,0,0,0,0,0,0,0,0,0,0,0,0,0,0,0,0,0,0,0,0,0,0,0,0,225,0,0,720.7,0,0,0,0,0,0
PONCHA-DES-MD-IBZAGLW - DTC,PONCHA-DES-MD-IBZAGLW,DTC,0,0,0,0,0,0,0,0,0,0,0,0,0,0,0,0,0,0,0,0,0,0,0,0,0,1,12,22,38,57,32,0,0,0,0,0,0,0,0,0,0,0,0,0,0,0,0,0,0,0,0,0,0,0,0,0,0,0,0,0,0,37.5,394.37,805.6,1240.82,1968.51,1061.31,0,0,0,0,0
PONCHA-DES-MD-IBZAGLW - FBA,PONCHA-DES-MD-IBZAGLW,FBA,0,0,0,0,0,0,0,0,0,0,0,0,0,0,0,0,0,0,0,0,0,0,0,0,0,1,1,2,3,7,1,0,0,0,0,0,0,0,0,0,0,0,0,0,0,0,0,0,0,0,0,0,0,0,0,0,0,0,0,0,0,37.49,35.62,61.86,104.97,239.95,37.49,0,0,0,0,0
PONCHA-DES-MD-PALMBCH - B2B,PONCHA-DES-MD-PALMBCH,B2B,0,5,0,0,3,3,2,0,0,2,0,5,0,0,0,0,0,0,0,0,0,0,0,0,0,0,0,0,0,0,0,0,0,0,0,0,0,80.04,0,0,51.2,37,39.9,0,0,35.05,0,82.34,0,0,0,0,0,0,0,0,0,0,0,0,0,0,0,0,0,0,0,0,0,0,0,0
PONCHA-DES-MD-PALMBCH - DTC,PONCHA-DES-MD-PALMBCH,DTC,0,4,3,8,8,18,25,19,6,6,33,68,65,0,0,0,2,1,0,0,0,0,0,0,0,0,0,0,0,0,0,0,0,0,0,0,0,106.67,66.67,183.34,209.18,519.34,699.16,563.23,137.67,120.22,583.47,1105.4,880.64,0,0,0,50.67,24,0,0,0,0,0,0,0,0,0,0,0,0,0,0,0,0,0,0
PONCHA-DES-MD-PALMBCH - FBA,PONCHA-DES-MD-PALMBCH,FBA,0,0,0,1,0,1,1,1,0,1,1,1,1,0,0,0,0,1,0,0,0,0,0,0,0,0,0,0,0,0,0,0,0,0,0,0,0,0,0,30.83,0,33.33,37.49,37.49,0,30.83,22.66,26.66,26.66,0,0,0,0,23.29,0,0,0,0,0,0,0,0,0,0,0,0,0,0,0,0,0,0
PONCHA-DES-MD-TERATROP - B2B,PONCHA-DES-MD-TERATROP,B2B,0,8,0,2,0,14,1,4,0,2,0,0,0,0,0,0,0,0,0,0,0,0,0,0,0,0,0,0,0,0,0,0,0,0,0,0,0,130.2,0,33.32,0,241.47,19.95,67.33,0,35.05,0,0,0,0,0,0,0,0,0,0,0,0,0,0,0,0,0,0,0,0,0,0,0,0,0,0
PONCHA-DES-MD-TERATROP - DTC,PONCHA-DES-MD-TERATROP,DTC,0,6,23,28,5,1,55,94,6,19,122,32,5,0,0,0,3,1,0,0,0,0,0,0,0,0,0,0,0,0,0,0,0,0,0,0,0,196.66,662.24,789.2,145,33.33,1657.24,2281.24,126.79,402.56,2308.53,708.32,68.62,0,0,0,84.7,22.67,0,0,0,0,0,0,0,0,0,0,0,0,0,0,0,0,0,0
PONCHA-DES-MD-TERATROP - FBA,PONCHA-DES-MD-TERATROP,FBA,0,0,0,2,0,1,0,3,0,2,3,3,0,0,0,0,0,0,0,0,0,0,0,0,0,0,0,0,0,0,0,0,0,0,0,0,0,0,0,67.13,0,37.49,0,112.47,0,61.66,84.15,79.98,0,0,0,0,0,0,0,0,0,0,0,0,0,0,0,0,0,0,0,0,0,0,0,0
PONCHA-DES-MD-WAVYBBY - B2B,PONCHA-DES-MD-WAVYBBY,B2B,0,0,0,0,0,0,0,0,0,0,0,0,0,0,0,0,0,0,0,0,0,0,0,0,0,0,0,7,0,12,12,0,0,0,0,0,0,0,0,0,0,0,0,0,0,0,0,0,0,0,0,0,0,0,0,0,0,0,0,0,0,0,0,112.5,0,248.27,225,0,0,0,0,0
PONCHA-DES-MD-WAVYBBY - DTC,PONCHA-DES-MD-WAVYBBY,DTC,0,0,0,0,0,0,0,0,0,0,0,0,0,0,0,0,0,0,0,0,0,0,0,0,0,7,19,28,43,43,51,0,0,0,0,0,0,0,0,0,0,0,0,0,0,0,0,0,0,0,0,0,0,0,0,0,0,0,0,0,0,258.33,705.51,985.82,1488.69,1434.19,1852.95,0,0,0,0,0
PONCHA-DES-MD-WAVYBBY - FBA,PONCHA-DES-MD-WAVYBBY,FBA,0,0,0,0,0,0,0,0,0,0,0,0,0,0,0,0,0,0,0,0,0,0,0,0,0,2,1,4,4,13,4,0,0,0,0,0,0,0,0,0,0,0,0,0,0,0,0,0,0,0,0,0,0,0,0,0,0,0,0,0,0,78.32,37.49,129.53,134.98,419.87,148.09,0,0,0,0,0
PONCHA-DES-MD-WTRSUG - B2B,PONCHA-DES-MD-WTRSUG,B2B,0,0,0,0,0,0,0,0,0,0,0,0,0,0,0,0,0,0,0,0,0,0,0,0,0,0,0,1,6,6,0,0,0,0,0,0,0,0,0,0,0,0,0,0,0,0,0,0,0,0,0,0,0,0,0,0,0,0,0,0,0,0,0,0,112.5,134.93,0,0,0,0,0,0
PONCHA-DES-MD-WTRSUG - DTC,PONCHA-DES-MD-WTRSUG,DTC,0,0,0,0,0,0,0,0,0,0,0,0,0,0,0,0,0,0,0,0,0,0,0,0,0,1,13,19,26,43,41,0,0,0,0,0,0,0,0,0,0,0,0,0,0,0,0,0,0,0,0,0,0,0,0,0,0,0,0,0,0,37.5,469.68,702.29,741.66,1461.77,1333.11,0,0,0,0,0
PONCHA-DES-MD-WTRSUG - FBA,PONCHA-DES-MD-WTRSUG,FBA,0,0,0,0,0,0,0,0,0,0,0,0,0,0,0,0,0,0,0,0,0,0,0,0,0,1,3,0,1,6,4,0,0,0,0,0,0,0,0,0,0,0,0,0,0,0,0,0,0,0,0,0,0,0,0,0,0,0,0,0,0,37.49,110.6,0,37.49,187.44,150.58,0,0,0,0,0
PONCHA-FST-LG-BRT-R - DTC,PONCHA-FST-LG-BRT-R,DTC,0,4,3,0,0,0,0,0,0,0,0,0,0,0,0,0,0,0,0,0,0,0,0,0,0,0,0,0,0,0,0,0,0,0,0,0,0,87.73,69.89,0,0,0,0,0,0,0,0,0,0,0,0,0,0,0,0,0,0,0,0,0,0,0,0,0,0,0,0,0,0,0,0,0
PONCHA-FST-LG-GRY-R - DTC,PONCHA-FST-LG-GRY-R,DTC,6,0,4,0,0,0,0,0,0,0,0,0,0,0,0,0,0,0,0,0,0,0,0,0,0,0,0,0,0,0,0,0,0,0,0,0,143.01,0,68.73,0,0,0,0,0,0,0,0,0,0,0,0,0,0,0,0,0,0,0,0,0,0,0,0,0,0,0,0,0,0,0,0,0
PONCHA-FST-LG-PNK-R - DTC,PONCHA-FST-LG-PNK-R,DTC,38,1,14,1,0,1,0,0,0,0,0,0,0,0,0,0,0,0,0,0,0,0,0,0,0,0,0,0,0,0,0,0,0,0,0,0,783.34,23.17,307.74,26.67,0,10.5,0,0,0,0,0,0,0,0,0,0,0,0,0,0,0,0,0,0,0,0,0,0,0,0,0,0,0,0,0,0
PONCHA-FST-MD-BRT-R - DTC,PONCHA-FST-MD-BRT-R,DTC,30,33,14,0,0,4,1,0,0,0,0,0,0,0,0,0,0,0,0,0,0,0,0,0,0,0,0,0,0,0,0,0,0,0,0,0,597.32,617.77,284.06,0,0,72.58,12.62,0,0,0,0,0,0,0,0,0,0,0,0,0,0,0,0,0,0,0,0,0,0,0,0,0,0,0,0,0
PONCHA-FST-MD-GRN-R - DTC,PONCHA-FST-MD-GRN-R,DTC,0,6,3,0,0,0,0,0,0,0,0,0,0,0,0,0,0,0,0,0,0,0,0,0,0,0,0,0,0,0,0,0,0,0,0,0,0,150.1,64.5,0,0,0,0,0,0,0,0,0,0,0,0,0,0,0,0,0,0,0,0,0,0,0,0,0,0,0,0,0,0,0,0,0
PONCHA-FST-MD-GRY-R - B2B,PONCHA-FST-MD-GRY-R,B2B,0,0,0,0,5,2,0,1,0,0,0,0,0,0,0,0,0,0,0,0,0,0,0,0,0,0,0,0,0,0,0,0,0,0,0,0,0,0,0,0,54.15,26.22,0,14.58,0,0,0,0,0,0,0,0,0,0,0,0,0,0,0,0,0,0,0,0,0,0,0,0,0,0,0,0
PONCHA-FST-MD-GRY-R - DTC,PONCHA-FST-MD-GRY-R,DTC,8,20,8,12,11,28,37,60,23,7,8,0,3,0,11,5,0,0,0,0,0,0,0,0,0,0,0,0,0,0,0,0,0,0,0,0,162.41,322.75,143.17,210.68,204.25,506.02,703.83,972.69,421.19,136.36,138.18,0,31.5,0,205.83,119.5,0,0,0,0,0,0,0,0,0,0,0,0,0,0,0,0,0,0,0,0
PONCHA-FST-MD-GRY-R - FBA,PONCHA-FST-MD-GRY-R,FBA,0,1,1,0,0,0,0,0,0,0,0,0,0,0,0,0,0,0,0,0,0,0,0,0,0,0,0,0,0,0,0,0,0,0,0,0,0,17.13,33.32,0,0,0,0,0,0,0,0,0,0,0,0,0,0,0,0,0,0,0,0,0,0,0,0,0,0,0,0,0,0,0,0,0
PONCHA-FST-MD-NVY-R - DTC,PONCHA-FST-MD-NVY-R,DTC,0,5,15,0,0,0,0,0,0,0,0,0,0,0,0,0,0,0,0,0,0,0,0,0,0,0,0,0,0,0,0,0,0,0,0,0,0,123.43,283.03,0,0,0,0,0,0,0,0,0,0,0,0,0,0,0,0,0,0,0,0,0,0,0,0,0,0,0,0,0,0,0,0,0
PONCHA-FST-MD-PNK-R - DTC,PONCHA-FST-MD-PNK-R,DTC,27,31,16,0,0,9,2,0,0,0,0,0,0,0,0,0,0,0,0,0,0,0,0,0,0,0,0,0,0,0,0,0,0,0,0,0,549.53,626.9,355.31,0,0,170.07,32.67,0,0,0,0,0,0,0,0,0,0,0,0,0,0,0,0,0,0,0,0,0,0,0,0,0,0,0,0,0
PONCHA-FST-SM-BRT-R - B2B,PONCHA-FST-SM-BRT-R,B2B,0,0,0,2,7,3,0,0,0,0,0,0,0,0,0,0,0,0,0,0,0,0,0,0,0,0,0,0,0,0,0,0,0,0,0,0,0,0,0,26.24,94.56,30.62,0,0,0,0,0,0,0,0,0,0,0,0,0,0,0,0,0,0,0,0,0,0,0,0,0,0,0,0,0,0
PONCHA-FST-SM-BRT-R - DTC,PONCHA-FST-SM-BRT-R,DTC,14,18,15,12,28,33,51,0,0,0,0,0,3,4,1,0,0,0,0,0,0,0,0,0,0,0,0,0,0,0,0,0,0,0,0,0,285.91,361.98,330.6,226.8,565.08,624.53,850.07,0,0,0,0,0,78.58,92.07,26.67,0,0,0,0,0,0,0,0,0,0,0,0,0,0,0,0,0,0,0,0,0
PONCHA-FST-SM-GRN-R - DTC,PONCHA-FST-SM-GRN-R,DTC,7,1,10,0,0,1,0,0,0,0,0,0,0,0,0,0,0,0,0,0,0,0,0,0,0,0,0,0,0,0,0,0,0,0,0,0,168.71,21,174.79,0,0,21,0,0,0,0,0,0,0,0,0,0,0,0,0,0,0,0,0,0,0,0,0,0,0,0,0,0,0,0,0,0
PONCHA-FST-SM-GRY-R - B2B,PONCHA-FST-SM-GRY-R,B2B,0,0,0,0,0,1,0,1,0,0,0,0,0,0,0,1,0,1,0,0,0,0,0,0,0,0,0,0,0,0,0,0,0,0,0,0,0,0,0,0,0,10.21,0,14.58,0,0,0,0,0,0,0,14.58,0,11.67,0,0,0,0,0,0,0,0,0,0,0,0,0,0,0,0,0,0
PONCHA-FST-SM-GRY-R - DTC,PONCHA-FST-SM-GRY-R,DTC,2,3,6,4,7,6,18,31,5,6,23,22,23,6,10,13,12,17,22,16,8,0,16,17,50,5,4,6,1,11,10,0,0,0,0,0,46.67,40.67,112.09,80.56,156.31,122.23,312.57,571.48,92.01,110.86,363.67,378.04,295.33,143.82,141.77,236.38,272.38,375.95,509.67,248.3,115.31,0,244.3,244.98,460.61,91.72,89.34,123.21,26.67,262.02,262.77,0,0,0,0,0
PONCHA-FST-SM-GRY-R - FBA,PONCHA-FST-SM-GRY-R,FBA,1,0,0,0,0,0,0,0,0,0,0,0,0,0,0,0,0,0,0,0,0,0,0,0,0,0,0,0,0,0,0,0,0,0,0,0,33.33,0,0,0,0,0,0,0,0,0,0,0,0,0,0,0,0,0,0,0,0,0,0,0,0,0,0,0,0,0,0,0,0,0,0,0
PONCHA-FST-SM-NVY-R - B2B,PONCHA-FST-SM-NVY-R,B2B,0,0,0,0,1,1,0,0,0,0,0,0,0,0,0,0,0,0,0,0,0,0,0,0,0,0,0,0,0,0,0,0,0,0,0,0,0,0,0,0,10.83,10.21,0,0,0,0,0,0,0,0,0,0,0,0,0,0,0,0,0,0,0,0,0,0,0,0,0,0,0,0,0,0
PONCHA-FST-SM-NVY-R - DTC,PONCHA-FST-SM-NVY-R,DTC,16,14,11,22,18,28,30,0,0,0,2,0,10,0,0,0,0,0,0,0,0,0,0,0,0,0,0,0,0,0,0,0,0,0,0,0,330.02,257.75,227.72,458.33,375.4,511.21,627.04,0,0,0,31.25,0,120.04,0,0,0,0,0,0,0,0,0,0,0,0,0,0,0,0,0,0,0,0,0,0,0
PONCHA-FST-SM-PNK-R - DTC,PONCHA-FST-SM-PNK-R,DTC,30,18,13,0,0,7,11,0,0,0,0,0,0,0,0,0,0,0,0,0,0,0,0,0,0,0,0,0,0,0,0,0,0,0,0,0,588.73,350.82,277.92,0,0,145.95,223.56,0,0,0,0,0,0,0,0,0,0,0,0,0,0,0,0,0,0,0,0,0,0,0,0,0,0,0,0,0
PONCHA-MAR-LG-BLUE - B2B,PONCHA-MAR-LG-BLUE,B2B,2,1,0,2,2,13,0,0,0,0,0,0,0,0,0,0,0,0,0,0,0,0,0,0,0,0,0,0,0,0,0,0,0,0,0,0,28.31,16.66,0,31.44,27.49,158.3,0,0,0,0,0,0,0,0,0,0,0,0,0,0,0,0,0,0,0,0,0,0,0,0,0,0,0,0,0,0
PONCHA-MAR-LG-BLUE - DTC,PONCHA-MAR-LG-BLUE,DTC,47,101,49,39,61,57,5,0,0,0,33,5,1,0,0,0,0,0,0,0,0,0,0,0,0,0,0,0,0,0,0,0,0,0,0,0,1011.79,2136.82,1115.27,983.52,1342.97,1105.14,95.15,0,0,0,609.09,92.41,16.67,0,0,0,0,0,0,0,0,0,0,0,0,0,0,0,0,0,0,0,0,0,0,0
PONCHA-MAR-LG-BLUE - FBA,PONCHA-MAR-LG-BLUE,FBA,0,2,3,1,2,0,0,0,0,0,0,3,0,0,0,0,0,0,0,0,0,0,0,0,0,0,0,0,0,0,0,0,0,0,0,0,0,60,86.43,26.65,70.82,0,0,0,0,0,0,94.99,0,0,0,0,0,0,0,0,0,0,0,0,0,0,0,0,0,0,0,0,0,0,0,0
PONCHA-MAR-LG-PINK - B2B,PONCHA-MAR-LG-PINK,B2B,2,1,0,2,3,4,0,0,0,0,0,0,0,0,0,0,0,0,0,0,0,0,0,0,0,0,0,0,0,0,0,0,0,0,0,0,28.31,17.84,0,31.44,40.48,46.67,0,0,0,0,0,0,0,0,0,0,0,0,0,0,0,0,0,0,0,0,0,0,0,0,0,0,0,0,0,0
PONCHA-MAR-LG-PINK - DTC,PONCHA-MAR-LG-PINK,DTC,40,58,29,37,57,63,105,12,0,4,37,5,0,0,0,0,0,0,0,0,0,0,0,0,0,0,0,0,0,0,0,0,0,0,0,0,868.58,1261.92,710.99,934.4,1379.32,1367.41,2171.77,208.65,0,83.33,745.03,99.83,0,0,0,0,0,0,0,0,0,0,0,0,0,0,0,0,0,0,0,0,0,0,0,0
PONCHA-MAR-LG-PINK - FBA,PONCHA-MAR-LG-PINK,FBA,1,1,2,0,4,1,2,0,0,0,4,2,0,0,0,0,0,0,0,0,0,0,0,0,0,0,0,0,0,0,0,0,0,0,0,0,33.33,31.67,59.98,0,130.81,33.33,54.81,0,0,0,118.99,66.66,0,0,0,0,0,0,0,0,0,0,0,0,0,0,0,0,0,0,0,0,0,0,0,0
PONCHA-MAR-MD-BLUE - B2B,PONCHA-MAR-MD-BLUE,B2B,0,0,0,2,1,7,1,3,0,2,0,0,0,0,0,0,0,0,0,0,0,0,0,0,0,0,0,0,0,0,0,0,0,0,0,0,0,0,0,31.44,16.66,86.66,16.66,48.83,0,31.54,0,0,0,0,0,0,0,0,0,0,0,0,0,0,0,0,0,0,0,0,0,0,0,0,0,0
PONCHA-MAR-MD-BLUE - DTC,PONCHA-MAR-MD-BLUE,DTC,21,29,17,18,42,52,85,116,11,11,0,0,2,2,0,0,0,0,0,0,0,0,0,0,0,0,0,0,0,0,0,0,0,0,0,0,393.47,541.5,455,471.95,990.21,1148.28,1738.02,2484.34,227.83,243.99,0,0,48,52.67,0,0,0,0,0,0,0,0,0,0,0,0,0,0,0,0,0,0,0,0,0,0
PONCHA-MAR-MD-BLUE - FBA,PONCHA-MAR-MD-BLUE,FBA,1,0,2,1,4,3,5,6,1,0,0,0,0,0,0,0,0,0,0,0,0,0,0,0,0,0,0,0,0,0,0,0,0,0,0,0,33.33,0,60,33.33,130.79,93.33,144.99,199.98,24.99,0,0,0,0,0,0,0,0,0,0,0,0,0,0,0,0,0,0,0,0,0,0,0,0,0,0,0
PONCHA-MAR-MD-PINK - B2B,PONCHA-MAR-MD-PINK,B2B,0,2,0,4,1,8,0,2,0,0,0,0,0,0,0,0,0,0,0,0,0,0,0,0,0,0,0,0,0,0,0,0,0,0,0,0,0,35.67,0,61.42,16.66,103.32,0,32.17,0,0,0,0,0,0,0,0,0,0,0,0,0,0,0,0,0,0,0,0,0,0,0,0,0,0,0,0
PONCHA-MAR-MD-PINK - DTC,PONCHA-MAR-MD-PINK,DTC,20,16,19,11,26,49,76,150,35,14,26,5,3,0,2,0,0,2,0,0,0,0,0,0,0,0,0,0,0,0,0,0,0,0,0,0,402.55,341.86,458.65,289.9,625.1,1109.56,1568.21,3002.11,837.02,353.64,520.83,108.54,84,0,58.94,0,0,60,0,0,0,0,0,0,0,0,0,0,0,0,0,0,0,0,0,0
PONCHA-MAR-MD-PINK - FBA,PONCHA-MAR-MD-PINK,FBA,1,1,1,1,2,0,3,2,1,0,0,2,0,0,0,0,0,0,0,0,0,0,0,0,0,0,0,0,0,0,0,0,0,0,0,0,33.33,26.67,33.33,33.33,66.66,0,69.49,66.66,33.33,0,0,66.66,0,0,0,0,0,0,0,0,0,0,0,0,0,0,0,0,0,0,0,0,0,0,0,0
PONCHA-MAR-SM-BLUE - B2B,PONCHA-MAR-SM-BLUE,B2B,0,0,0,2,3,2,0,0,0,0,0,0,0,0,0,0,0,0,0,0,0,0,0,0,0,0,0,0,0,0,0,0,0,0,0,0,0,0,0,31.44,49.98,23.33,0,0,0,0,0,0,0,0,0,0,0,0,0,0,0,0,0,0,0,0,0,0,0,0,0,0,0,0,0,0
PONCHA-MAR-SM-BLUE - DTC,PONCHA-MAR-SM-BLUE,DTC,11,17,7,22,28,21,66,1,0,4,3,0,0,0,0,0,0,0,0,0,0,0,0,0,0,0,0,0,0,0,0,0,0,0,0,0,263.01,392.51,166.71,518.49,663.12,431.2,1477.79,0,0,103,42.67,0,0,0,0,0,0,0,0,0,0,0,0,0,0,0,0,0,0,0,0,0,0,0,0,0
PONCHA-MAR-SM-BLUE - FBA,PONCHA-MAR-SM-BLUE,FBA,0,0,0,0,2,0,6,2,0,0,0,0,0,0,0,0,0,0,0,0,0,0,0,0,0,0,0,0,0,0,0,0,0,0,0,0,0,0,0,0,60,0,167,59.99,0,0,0,0,0,0,0,0,0,0,0,0,0,0,0,0,0,0,0,0,0,0,0,0,0,0,0,0
PONCHA-MAR-SM-PINK - B2B,PONCHA-MAR-SM-PINK,B2B,0,1,0,2,4,6,0,1,0,0,0,0,0,0,0,0,0,0,0,0,0,0,0,0,0,0,0,0,0,0,0,0,0,0,0,0,0,17.84,0,31.44,60.81,79.99,0,16.66,0,0,0,0,0,0,0,0,0,0,0,0,0,0,0,0,0,0,0,0,0,0,0,0,0,0,0,0
PONCHA-MAR-SM-PINK - DTC,PONCHA-MAR-SM-PINK,DTC,10,10,12,13,14,15,46,23,0,6,14,0,2,0,0,0,0,0,1,0,0,0,1,0,0,0,0,0,0,0,0,0,0,0,0,0,217.21,196.75,273.75,337.24,372.56,329.99,1015.45,497.7,0,146.67,305.8,0,56.67,0,0,0,0,0,24,0,0,0,25.5,0,0,0,0,0,0,0,0,0,0,0,0,0
PONCHA-MAR-SM-PINK - FBA,PONCHA-MAR-SM-PINK,FBA,0,1,0,0,1,1,3,0,0,0,0,0,0,1,1,1,6,1,0,0,0,0,0,0,0,0,0,0,0,0,0,0,0,0,0,0,0,26.65,0,0,33.33,33.33,99.99,0,0,0,0,0,0,26.66,33.33,33.33,173.29,29.99,0,0,0,0,0,0,0,0,0,0,0,0,0,0,0,0,0,0
PONCHA-SGW-LG-GETWAV - B2B,PONCHA-SGW-LG-GETWAV,B2B,4,10,0,2,10,6,0,0,0,0,0,0,0,0,0,0,0,0,0,0,0,0,0,0,0,0,0,0,0,0,0,0,0,0,0,0,63.31,167.2,0,31.44,153.28,110.09,0,0,0,0,0,0,0,0,0,0,0,0,0,0,0,0,0,0,0,0,0,0,0,0,0,0,0,0,0,0
PONCHA-SGW-LG-GETWAV - DTC,PONCHA-SGW-LG-GETWAV,DTC,20,28,91,90,86,121,11,1,0,0,0,0,0,0,0,0,0,0,0,0,0,0,0,0,0,0,0,0,0,0,0,0,0,0,0,0,602.83,905.84,2732.29,2739.95,2595.5,3777.93,306.99,36.67,0,0,0,0,0,0,0,0,0,0,0,0,0,0,0,0,0,0,0,0,0,0,0,0,0,0,0,0
PONCHA-SGW-LG-GETWAV - FBA,PONCHA-SGW-LG-GETWAV,FBA,1,2,14,3,6,5,0,0,0,0,0,0,0,0,0,0,0,0,0,0,0,0,0,0,0,0,0,0,0,0,0,0,0,0,0,0,37.49,85.32,437.23,91.49,225.84,187.45,0,0,0,0,0,0,0,0,0,0,0,0,0,0,0,0,0,0,0,0,0,0,0,0,0,0,0,0,0,0
PONCHA-SGW-LG-RISSUN - B2B,PONCHA-SGW-LG-RISSUN,B2B,4,1,0,0,0,0,5,5,0,0,0,0,0,0,0,0,0,0,0,0,0,0,0,0,0,0,0,0,0,0,0,0,0,0,0,0,63.58,17.93,0,0,0,0,86.59,84.97,0,0,0,0,0,0,0,0,0,0,0,0,0,0,0,0,0,0,0,0,0,0,0,0,0,0,0,0
PONCHA-SGW-LG-RISSUN - DTC,PONCHA-SGW-LG-RISSUN,DTC,12,15,12,16,19,40,97,314,3,0,50,143,0,0,0,0,0,0,0,0,0,0,0,0,0,0,0,0,0,0,0,0,0,0,0,0,341.83,421.01,300.01,431.65,548.31,1056.05,2834.34,2876.93,41.19,0,903.63,2280.3,0,0,0,0,0,0,0,0,0,0,0,0,0,0,0,0,0,0,0,0,0,0,0,0
PONCHA-SGW-LG-RISSUN - FBA,PONCHA-SGW-LG-RISSUN,FBA,2,1,3,2,1,1,1,1,0,0,1,7,2,0,0,0,0,0,0,0,0,0,0,0,0,0,0,0,0,0,0,0,0,0,0,0,70.81,26.67,86.66,59.97,33.33,37.49,37.49,28.51,0,0,37.49,228.3,66.66,0,0,0,0,0,0,0,0,0,0,0,0,0,0,0,0,0,0,0,0,0,0,0
PONCHA-SGW-MD-GETWAV - B2B,PONCHA-SGW-MD-GETWAV,B2B,2,7,0,0,0,0,0,0,0,0,0,0,0,0,0,0,0,0,0,0,0,0,0,0,0,0,0,0,0,0,0,0,0,0,0,0,31.65,115.3,0,0,0,0,0,0,0,0,0,0,0,0,0,0,0,0,0,0,0,0,0,0,0,0,0,0,0,0,0,0,0,0,0,0
PONCHA-SGW-MD-GETWAV - DTC,PONCHA-SGW-MD-GETWAV,DTC,15,20,43,56,43,0,1,0,0,0,0,0,0,0,0,0,0,0,0,0,0,0,0,0,0,0,0,0,0,0,0,0,0,0,0,0,501.66,611.67,1321.23,1638.33,1373.29,0,31.4,0,0,0,0,0,0,0,0,0,0,0,0,0,0,0,0,0,0,0,0,0,0,0,0,0,0,0,0,0
PONCHA-SGW-MD-GETWAV - FBA,PONCHA-SGW-MD-GETWAV,FBA,0,0,0,2,3,0,0,0,0,0,0,0,0,0,0,0,0,0,0,0,0,0,0,0,0,0,0,0,0,0,0,0,0,0,0,0,0,0,0,58.15,112.47,0,0,0,0,0,0,0,0,0,0,0,0,0,0,0,0,0,0,0,0,0,0,0,0,0,0,0,0,0,0,0
PONCHA-SGW-MD-RISSUN - B2B,PONCHA-SGW-MD-RISSUN,B2B,3,2,0,2,1,1,4,1,0,0,0,0,0,0,0,0,0,0,0,0,0,0,0,0,0,0,0,0,0,0,0,0,0,0,0,0,47.76,35.67,0,33.32,16.66,16.66,69.93,16.66,0,0,0,0,0,0,0,0,0,0,0,0,0,0,0,0,0,0,0,0,0,0,0,0,0,0,0,0
PONCHA-SGW-MD-RISSUN - DTC,PONCHA-SGW-MD-RISSUN,DTC,6,6,7,5,12,24,32,448,4,3,32,90,43,0,0,0,0,0,0,0,2,0,1,0,0,0,0,0,0,0,0,0,0,0,0,0,160,167.8,207.5,178.33,371.66,721.65,869.16,3357.01,88.48,100,647.72,1642.81,611.2,0,0,0,0,0,0,0,57,0,33.33,0,0,0,0,0,0,0,0,0,0,0,0,0
PONCHA-SGW-MD-RISSUN - FBA,PONCHA-SGW-MD-RISSUN,FBA,0,0,1,2,3,6,3,6,2,2,3,0,0,1,3,2,4,5,0,0,0,0,1,0,0,0,0,0,0,0,0,0,0,0,0,0,0,0,33.33,60,99.98,193.32,84.16,199.97,67.35,66.66,83.33,0,0,33.33,89.99,59.98,106.97,122.63,0,0,0,0,29.99,0,0,0,0,0,0,0,0,0,0,0,0,0
PONCHA-SGW-SM-GETWAV - B2B,PONCHA-SGW-SM-GETWAV,B2B,0,4,2,2,0,0,0,0,0,0,0,0,0,0,0,0,0,0,0,0,0,0,0,0,0,0,0,0,0,0,0,0,0,0,0,0,0,65.32,33.32,31.44,0,0,0,0,0,0,0,0,0,0,0,0,0,0,0,0,0,0,0,0,0,0,0,0,0,0,0,0,0,0,0,0
PONCHA-SGW-SM-GETWAV - DTC,PONCHA-SGW-SM-GETWAV,DTC,4,4,19,12,31,25,3,0,2,0,0,0,0,0,0,0,0,0,0,0,0,0,0,0,0,0,0,0,0,0,0,0,0,0,0,0,133.33,130,641.67,384.14,1002.78,691.45,101.98,0,72.5,0,0,0,0,0,0,0,0,0,0,0,0,0,0,0,0,0,0,0,0,0,0,0,0,0,0,0
PONCHA-SGW-SM-GETWAV - FBA,PONCHA-SGW-SM-GETWAV,FBA,0,2,1,3,0,1,0,0,0,0,0,0,0,0,0,0,0,0,0,0,0,0,0,0,0,0,0,0,0,0,0,0,0,0,0,0,0,65,33.33,86.67,0,37.49,0,0,0,0,0,0,0,0,0,0,0,0,0,0,0,0,0,0,0,0,0,0,0,0,0,0,0,0,0,0
PONCHA-SGW-SM-RISSUN - B2B,PONCHA-SGW-SM-RISSUN,B2B,3,2,2,0,0,0,0,1,0,0,0,0,0,0,0,0,0,0,0,0,0,0,0,0,0,0,0,0,0,0,0,0,0,0,0,0,47.76,35.67,33.32,0,0,0,0,16.66,0,0,0,0,0,0,0,0,0,0,0,0,0,0,0,0,0,0,0,0,0,0,0,0,0,0,0,0
PONCHA-SGW-SM-RISSUN - DTC,PONCHA-SGW-SM-RISSUN,DTC,1,2,3,4,2,9,13,308,0,4,27,23,1,0,1,0,0,0,0,0,0,0,0,0,0,0,0,0,0,0,0,0,0,0,0,0,16.67,66.17,80,101.68,60,256.66,417.55,2223.18,0,133.32,536.8,454.78,30,0,24,0,0,0,0,0,0,0,0,0,0,0,0,0,0,0,0,0,0,0,0,0
PONCHA-SGW-SM-RISSUN - FBA,PONCHA-SGW-SM-RISSUN,FBA,0,0,0,0,0,2,2,1,1,1,2,0,0,0,0,0,2,2,0,0,0,0,0,0,0,0,0,0,0,0,0,0,0,0,0,0,0,0,0,0,0,59.98,66.66,33.33,33.33,33.33,40,0,0,0,0,0,56.65,45.32,0,0,0,0,0,0,0,0,0,0,0,0,0,0,0,0,0,0
PONCHA-SUM-LG-CSTCANDY - B2B,PONCHA-SUM-LG-CSTCANDY,B2B,0,0,0,0,0,0,0,0,0,0,0,10,2,2,16,2,4,15,1,0,0,6,0,0,0,1,16,2,6,49,36,0,0,0,0,0,0,0,0,0,0,0,0,0,0,0,0,166.6,-1.58,1199.52,267.37,37.22,1065.53,258.01,17.35,0,0,112.5,0,0,0,2624.2,292.5,0,101.25,899.93,641.25,0,0,0,0,0
PONCHA-SUM-LG-CSTCANDY - DTC,PONCHA-SUM-LG-CSTCANDY,DTC,0,0,0,0,0,0,0,0,0,0,0,0,0,42,94,84,34,80,104,56,26,16,29,27,11,24,27,19,47,73,49,0,0,0,0,0,0,0,0,0,0,0,0,0,0,0,0,0,0,1291.63,2634.49,2585.94,985.42,2291.36,3021.57,1700.15,785.93,492.29,917.38,842.72,405.86,823.76,962.48,666.24,1558.42,2410.82,1654.41,0,0,0,0,0
PONCHA-SUM-LG-CSTCANDY - FBA,PONCHA-SUM-LG-CSTCANDY,FBA,0,0,0,0,0,0,0,0,0,0,0,0,0,3,13,11,22,25,12,23,3,1,6,12,6,5,10,7,14,25,15,0,0,0,0,0,0,0,0,0,0,0,0,0,0,0,0,0,0,99.99,427.15,336.62,699.03,823.36,388.6,748.21,108.31,28.78,194.98,413.27,196.64,166.65,329.97,232.04,517.73,802.25,503.75,0,0,0,0,0
PONCHA-SUM-LG-LAZRIV - B2B,PONCHA-SUM-LG-LAZRIV,B2B,0,0,0,0,0,0,0,0,0,0,0,10,2,4,9,7,4,1,11,6,0,0,0,0,0,1,18,3,0,34,36,0,0,0,0,0,0,0,0,0,0,0,0,0,0,0,0,166.6,-1.58,1232.84,151.56,121.82,66.64,16.66,178.26,99.96,0,0,0,0,0,1686.7,331.88,18.75,0,637.5,225,0,0,0,0,0
PONCHA-SUM-LG-LAZRIV - DTC,PONCHA-SUM-LG-LAZRIV,DTC,0,0,0,0,0,0,0,0,0,0,0,0,0,32,60,43,25,26,53,50,15,12,34,29,10,10,23,12,27,45,37,0,0,0,0,0,0,0,0,0,0,0,0,0,0,0,0,0,0,900.83,1734.05,1216.61,711.65,764.87,1540.63,1577.83,502.67,359.16,1001.36,927.2,334.79,332.03,783.08,416.25,897.36,1531.68,1203.98,0,0,0,0,0
PONCHA-SUM-LG-LAZRIV - FBA,PONCHA-SUM-LG-LAZRIV,FBA,0,0,0,0,0,0,0,0,0,0,0,0,0,2,5,4,3,14,21,15,2,7,5,6,4,1,2,3,7,16,3,0,0,0,0,0,0,0,0,0,0,0,0,0,0,0,0,0,0,66.66,166.65,116.64,93.32,459.94,614.88,479.91,74.98,258.68,144.4,196.35,126.64,33.33,63.32,97.06,238.27,539.43,92.34,0,0,0,0,0
PONCHA-SUM-LG-PCHSUN - B2B,PONCHA-SUM-LG-PCHSUN,B2B,0,7,0,0,2,5,5,2,0,0,0,0,0,0,0,0,0,0,0,0,0,0,0,0,0,0,0,0,0,0,0,0,0,0,0,0,0,113.09,0,0,33.32,56.47,80.33,35.38,0,0,0,0,0,0,0,0,0,0,0,0,0,0,0,0,0,0,0,0,0,0,0,0,0,0,0,0
PONCHA-SUM-LG-PCHSUN - DTC,PONCHA-SUM-LG-PCHSUN,DTC,0,2,20,32,27,38,84,291,56,58,103,70,8,0,0,0,2,0,0,0,0,0,0,0,0,0,0,0,0,0,0,0,0,0,0,0,0,67.43,556.66,961.14,845.79,1111.98,2514.31,6737.66,1094.04,1178.9,2015.03,1309.05,112.28,0,0,0,46.67,0,0,0,0,0,0,0,0,0,0,0,0,0,0,0,0,0,0,0
PONCHA-SUM-LG-PCHSUN - FBA,PONCHA-SUM-LG-PCHSUN,FBA,0,0,0,0,0,4,14,4,3,0,6,2,0,0,0,0,1,0,0,0,0,0,0,0,0,0,0,0,0,0,0,0,0,0,0,0,0,0,0,0,0,124.26,401.32,144.98,98.65,0,147.96,53.32,0,0,0,0,27.04,0,0,0,0,0,0,0,0,0,0,0,0,0,0,0,0,0,0,0
PONCHA-SUM-LG-UNICN - B2B,PONCHA-SUM-LG-UNICN,B2B,0,2,0,0,1,0,9,7,3,7,0,0,0,9,3,10,4,9,11,0,0,0,0,0,0,0,0,0,0,0,0,0,0,0,0,0,0,34.5,0,0,16.66,0,144.94,109.51,46.4,125.71,0,0,0,145.06,49.98,153.13,59.98,156.59,183.26,0,0,0,0,0,0,0,0,0,0,0,0,0,0,0,0,0
PONCHA-SUM-LG-UNICN - DTC,PONCHA-SUM-LG-UNICN,DTC,16,17,40,35,48,30,103,120,39,26,32,57,134,22,28,22,26,17,30,26,3,4,11,8,5,2,4,0,0,2,2,0,0,0,0,0,508.32,513.45,1190.04,1004.89,1433.99,899.2,3033.47,3691.05,1199.35,824.37,834.7,1391.7,2906.19,699.05,819.21,656.64,832.49,563.57,968.53,708.14,78.33,135.01,271.23,179.24,187.91,76.25,150.54,0,0,78.75,33.75,0,0,0,0,0
PONCHA-SUM-LG-UNICN - FBA,PONCHA-SUM-LG-UNICN,FBA,1,1,4,4,13,11,29,28,18,7,6,8,7,2,13,11,14,13,34,13,2,7,41,6,1,2,3,1,3,8,0,0,0,0,0,0,33.33,37.49,126.66,120,429.94,336.54,847.87,917.74,599.94,229.97,167.91,264.14,234.84,66.66,433.29,333.93,449.95,408.28,1031.16,411.1,74.98,232.04,879.2,157.5,37.49,74.98,112.47,33.74,108.72,277.42,0,0,0,0,0,0
PONCHA-SUM-LG-UNICN-NS - B2B,PONCHA-SUM-LG-UNICN-NS,B2B,0,0,0,0,0,0,0,0,0,0,0,0,0,0,0,0,0,0,0,10,0,0,0,0,0,1,0,0,0,0,0,0,0,0,0,0,0,0,0,0,0,0,0,0,0,0,0,0,0,0,0,0,0,0,0,149.94,0,0,0,0,0,-0.8,0,0,0,0,0,0,0,0,0,0
PONCHA-SUM-LG-UNICN-NS - DTC,PONCHA-SUM-LG-UNICN-NS,DTC,0,0,0,0,0,0,0,0,0,0,0,0,0,0,0,0,0,0,0,2,1,0,10,14,0,1,3,7,12,27,17,0,0,0,0,0,0,0,0,0,0,0,0,0,0,0,0,0,0,0,0,0,0,0,0,36.67,0,0,322.04,514.55,0,37.5,71.25,218.96,438.3,979.36,531.08,0,0,0,0,0
PONCHA-SUM-LG-UNICN-NS - FBA,PONCHA-SUM-LG-UNICN-NS,FBA,0,0,0,0,0,0,0,0,0,0,0,0,0,0,0,0,0,0,0,1,0,0,0,0,0,1,2,1,0,2,2,0,0,0,0,0,0,0,0,0,0,0,0,0,0,0,0,0,0,0,0,0,0,0,0,19.99,0,0,0,0,0,33.33,66.66,33.33,0,62.07,70.82,0,0,0,0,0
PONCHA-SUM-MD-CSTCANDY - B2B,PONCHA-SUM-MD-CSTCANDY,B2B,0,0,0,0,0,0,0,0,0,0,0,10,0,2,14,2,11,13,14,12,0,6,6,0,0,1,22,3,12,31,36,0,0,0,0,0,0,0,0,0,0,0,0,0,0,0,0,166.6,0,866.32,234.05,37.22,1181.32,221.19,230.62,204.45,0,112.5,112.5,0,0,2624.2,399.38,18.75,213.75,551.25,663.75,0,0,0,0,0
PONCHA-SUM-MD-CSTCANDY - DTC,PONCHA-SUM-MD-CSTCANDY,DTC,0,0,0,0,0,0,0,0,0,0,0,0,0,36,41,42,27,77,110,57,27,22,41,37,9,19,27,22,47,68,61,0,0,0,0,0,0,0,0,0,0,0,0,0,0,0,0,0,0,1101.73,1278.48,1288.18,791.97,2200.8,3234.58,1783.31,945.27,791.38,1269.03,1275.22,319.29,704.37,889.79,753.97,1582.2,2500.01,2087.09,0,0,0,0,0
PONCHA-SUM-MD-CSTCANDY - FBA,PONCHA-SUM-MD-CSTCANDY,FBA,0,0,0,0,0,0,0,0,0,0,0,0,0,1,7,4,4,10,32,15,0,4,7,8,6,5,10,5,6,16,6,0,0,0,0,0,0,0,0,0,0,0,0,0,0,0,0,0,0,33.33,209.99,123.7,133.02,320.66,1020.8,472.22,0,147.25,224.98,275.79,186.62,166.65,328.29,167.06,213.69,542.77,217.46,0,0,0,0,0
PONCHA-SUM-MD-LAZRIV - B2B,PONCHA-SUM-MD-LAZRIV,B2B,0,0,0,0,0,0,0,0,0,0,0,10,0,2,2,3,7,3,1,6,0,0,0,0,0,1,12,3,6,34,6,0,0,0,0,0,0,0,0,0,0,0,0,0,0,0,0,166.6,0,1032.92,34.13,49.98,118.51,49.98,16.66,99.96,0,0,0,0,0,936.7,225,18.75,112.5,637.5,112.5,0,0,0,0,0
PONCHA-SUM-MD-LAZRIV - DTC,PONCHA-SUM-MD-LAZRIV,DTC,0,0,0,0,0,0,0,0,0,0,0,0,0,11,18,12,17,25,40,17,14,7,16,20,6,13,5,7,21,35,32,0,0,0,0,0,0,0,0,0,0,0,0,0,0,0,0,0,0,367.93,589.43,365,481.68,764.42,1138.87,523.74,496.77,264.29,483.48,658.69,156.52,449.18,177.26,215.67,673.11,1221.57,1125.93,0,0,0,0,0
PONCHA-SUM-MD-LAZRIV - FBA,PONCHA-SUM-MD-LAZRIV,FBA,0,0,0,0,0,0,0,0,0,0,0,0,0,0,2,5,4,5,14,7,0,1,2,0,2,2,6,0,2,4,3,0,0,0,0,0,0,0,0,0,0,0,0,0,0,0,0,0,0,0,66.66,159.97,134.15,159.99,439.94,219.96,0,37.49,57.76,0,63.32,66.65,198.32,0,71.23,134.96,99.99,0,0,0,0,0
PONCHA-SUM-MD-PCHSUN - B2B,PONCHA-SUM-MD-PCHSUN,B2B,0,5,2,0,2,3,1,4,0,0,0,0,0,0,0,0,0,0,0,0,0,0,0,0,0,0,0,0,0,0,0,0,0,0,0,0,0,79.13,33.32,0,34.35,20.34,0,70.07,0,0,0,0,0,0,0,0,0,0,0,0,0,0,0,0,0,0,0,0,0,0,0,0,0,0,0,0
PONCHA-SUM-MD-PCHSUN - DTC,PONCHA-SUM-MD-PCHSUN,DTC,0,2,16,23,33,39,65,140,13,12,101,83,8,0,0,0,0,1,0,0,0,0,0,0,0,0,0,0,0,0,0,0,0,0,0,0,0,63.33,456.64,714.12,988.66,1202.02,1924.18,3479.79,244.49,219.54,1884.63,1685.23,150.01,0,0,0,0,30,0,0,0,0,0,0,0,0,0,0,0,0,0,0,0,0,0,0
PONCHA-SUM-MD-PCHSUN - FBA,PONCHA-SUM-MD-PCHSUN,FBA,0,0,0,1,1,6,12,6,0,0,1,2,2,0,0,0,0,1,0,0,0,0,0,0,0,0,0,0,0,0,0,0,0,0,0,0,0,0,0,37.49,29.22,193.33,351.63,205.85,0,0,33.33,66.66,66.66,0,0,0,0,27.04,0,0,0,0,0,0,0,0,0,0,0,0,0,0,0,0,0,0
PONCHA-SUM-MD-UNICN - B2B,PONCHA-SUM-MD-UNICN,B2B,0,6,1,2,1,2,3,10,0,2,0,0,0,3,0,13,4,0,2,6,0,0,0,0,0,1,0,0,0,0,0,0,0,0,0,0,0,101.9,16.66,33.32,16.66,33.32,46.65,159.49,0,36.06,0,0,0,47.54,0,203.35,66.64,0,33.32,104.49,0,0,0,0,0,-0.8,0,0,0,0,0,0,0,0,0,0
PONCHA-SUM-MD-UNICN - DTC,PONCHA-SUM-MD-UNICN,DTC,15,8,25,35,45,39,66,78,22,22,23,50,77,22,22,28,17,19,22,32,17,5,64,38,4,4,3,2,1,0,4,0,0,0,0,0,443.64,230.37,763.33,1006.18,1423.94,1151.46,1995.46,2277.18,653.23,642.48,583.26,1199.41,1747.87,574.97,669.99,843.25,534.66,618.49,715.73,944.29,500.85,173.18,1292.55,805.58,112.5,156.66,115.83,71.25,37.5,0,105,0,0,0,0,0
PONCHA-SUM-MD-UNICN - FBA,PONCHA-SUM-MD-UNICN,FBA,2,3,6,6,8,15,17,25,8,8,7,5,0,2,0,8,14,16,19,17,0,2,27,6,4,1,1,2,6,12,5,0,0,0,0,0,64.97,93.33,186.66,186.65,253.31,463.33,535.48,807.14,266.64,269.96,206.67,159.99,0,66.66,0,243.94,450.93,513.27,617.56,541.58,0,74.98,560.46,157.5,151.83,37.49,37.49,71.23,209.95,393.63,183.72,0,0,0,0,0
PONCHA-SUM-MD-UNICN-NS - B2B,PONCHA-SUM-MD-UNICN-NS,B2B,0,0,0,0,0,0,0,0,0,0,0,0,0,0,0,0,0,10,6,21,0,0,0,0,0,0,0,0,0,0,0,0,0,0,0,0,0,0,0,0,0,0,0,0,0,0,0,0,0,0,0,0,0,166.6,100.65,333.22,0,0,0,0,0,0,0,0,0,0,0,0,0,0,0,0
PONCHA-SUM-MD-UNICN-NS - DTC,PONCHA-SUM-MD-UNICN-NS,DTC,0,0,0,0,0,0,0,0,0,0,0,0,0,0,0,0,0,0,14,4,2,1,3,0,0,0,5,11,16,32,30,0,0,0,0,0,0,0,0,0,0,0,0,0,0,0,0,0,0,0,0,0,0,0,357.86,99.99,53.79,28.33,80.01,0,0,0,182.91,406.69,580.83,1124.17,972.93,0,0,0,0,0
PONCHA-SUM-MD-UNICN-NS - FBA,PONCHA-SUM-MD-UNICN-NS,FBA,0,0,0,0,0,0,0,0,0,0,0,0,0,0,0,0,0,0,0,0,0,0,0,0,0,0,0,0,1,1,0,0,0,0,0,0,0,0,0,0,0,0,0,0,0,0,0,0,0,0,0,0,0,0,0,0,0,0,0,0,0,0,0,0,37.49,26.24,0,0,0,0,0,0
PONCHA-SUM-SM-UNICN - B2B,PONCHA-SUM-SM-UNICN,B2B,0,2,0,0,0,1,3,1,0,0,0,0,0,1,0,0,0,4,12,0,0,0,0,0,0,0,0,0,0,0,0,0,0,0,0,0,0,35.67,0,0,0,16.66,49.98,16.66,0,0,0,0,0,16.66,0,0,0,66.64,199.92,0,0,0,0,0,0,0,0,0,0,0,0,0,0,0,0,0
PONCHA-SUM-SM-UNICN - DTC,PONCHA-SUM-SM-UNICN,DTC,9,4,10,17,30,22,49,52,21,11,45,47,37,17,24,18,17,17,18,18,4,4,28,15,12,2,3,0,1,1,1,0,0,0,0,0,263.65,117.96,273.32,474.96,938.3,694.26,1482.2,1502.08,554.07,327.71,1181.67,1178.54,784.5,535.32,711.66,518.31,531.11,474.98,594.66,483.41,108.75,143.6,575.69,284.6,227.69,52.5,110.21,0,0,33.75,25.16,0,0,0,0,0
PONCHA-SUM-SM-UNICN - FBA,PONCHA-SUM-SM-UNICN,FBA,1,0,2,2,2,2,11,5,4,7,3,6,0,1,2,4,3,2,9,6,4,3,14,3,4,3,4,5,8,1,0,0,0,0,0,0,31.66,0,53.12,60,66.66,66.66,325.34,151.65,133.32,233.3,74.67,175.98,0,33.33,66.66,129.98,96.65,63.32,296.62,181.63,149.96,101.22,306.7,95.61,150.37,112.47,144.34,179.95,277.43,39.43,0,0,0,0,0,0
PONCHA-SUM-XL-UNICN - B2B,PONCHA-SUM-XL-UNICN,B2B,0,0,0,0,0,0,0,0,0,0,0,0,0,0,8,0,0,0,0,4,0,0,0,0,0,0,0,0,0,0,0,0,0,0,0,0,0,0,0,0,0,0,0,0,0,0,0,0,0,0,140.55,0,0,0,0,66.64,0,0,0,0,0,0,0,0,0,0,0,0,0,0,0,0
PONCHA-SUM-XL-UNICN - DTC,PONCHA-SUM-XL-UNICN,DTC,0,0,0,0,0,0,0,0,0,0,0,0,0,0,34,13,7,5,24,33,0,1,1,0,0,5,7,16,35,45,26,0,0,0,0,0,0,0,0,0,0,0,0,0,0,0,0,0,0,0,1062.55,412.91,188.33,158.33,738.09,1019.28,0,40.83,36.67,0,0,188.12,259.79,544.37,1237.91,1601.43,939.55,0,0,0,0,0
PONCHA-SUM-XL-UNICN - FBA,PONCHA-SUM-XL-UNICN,FBA,0,0,0,0,0,0,0,0,0,0,0,0,0,0,0,0,0,0,1,0,0,0,0,0,0,0,2,5,5,5,0,0,0,0,0,0,0,0,0,0,0,0,0,0,0,0,0,0,0,0,0,0,0,0,33.33,0,0,0,0,0,0,0,81.66,188.28,196.36,194.48,0,0,0,0,0,0
PONCHK-CAB-MD-BLUE-NS - B2B,PONCHK-CAB-MD-BLUE-NS,B2B,0,0,0,13,0,0,8,6,0,15,2,0,11,7,0,15,6,2,23,6,0,0,0,0,0,1,0,4,3,8,6,0,0,0,0,0,0,0,0,140.39,0,0,89.01,52.63,0,128.67,27.14,0,109.56,61.64,0,156.45,61.6,23.24,222.2,68.99,0,0,0,0,0,-0.53,0,46.67,33.75,90.83,67.5,0,0,0,0,0
PONCHK-CAB-MD-BLUE-NS - DTC,PONCHK-CAB-MD-BLUE-NS,DTC,0,0,20,25,0,0,0,39,20,20,10,0,14,24,19,27,62,72,205,164,59,9,314,64,4,22,21,19,40,51,80,0,0,0,0,0,0,0,266.08,308.36,0,0,0,560.08,321.83,267.76,174.02,0,256.88,312.84,237.06,452.49,1265.6,1427.97,4030.23,2983.61,1200.81,197.86,3993.18,740.6,76.99,428.93,450.98,312.79,803.32,896.25,1274.13,0,0,0,0,0
PONCHK-CAB-MD-BLUE-NS - FBA,PONCHK-CAB-MD-BLUE-NS,FBA,0,0,0,0,0,0,0,0,0,0,0,0,0,0,0,0,0,0,0,0,0,0,0,0,4,1,0,0,3,3,1,0,0,0,0,0,0,0,0,0,0,0,0,0,0,0,0,0,0,0,0,0,0,0,0,0,0,0,0,0,79.14,20.83,0,0,58.31,69.82,23.38,0,0,0,0,0
PONCHK-CAB-MD-BLUE-R - B2B,PONCHK-CAB-MD-BLUE-R,B2B,2,2,0,12,4,9,5,0,0,0,0,0,0,1,0,0,0,0,0,0,0,0,0,0,0,0,0,0,0,0,0,0,0,0,0,0,20.77,19.8,0,102.18,47.88,63.28,43.52,0,0,0,0,0,0,10.59,0,0,0,0,0,0,0,0,0,0,0,0,0,0,0,0,0,0,0,0,0,0
PONCHK-CAB-MD-BLUE-R - DTC,PONCHK-CAB-MD-BLUE-R,DTC,46,50,87,35,76,27,62,0,0,0,71,72,3,5,27,0,12,1,0,0,0,0,0,0,0,0,0,0,0,0,0,0,0,0,0,0,726.35,710.39,1228.3,455.04,1139.48,340.77,794.46,0,0,0,773.2,895.1,69.9,53.88,431.72,0,242.88,16.5,0,0,0,0,0,0,0,0,0,0,0,0,0,0,0,0,0,0
PONCHK-CAB-MD-BLUE-R - FBA,PONCHK-CAB-MD-BLUE-R,FBA,0,7,14,11,18,23,53,3,0,1,2,3,3,1,6,25,4,0,0,0,0,0,0,0,0,0,0,0,0,0,0,0,0,0,0,0,0,118.88,215.9,186.93,317.05,386.91,812.11,51.32,0,22.49,33.9,54.99,54.99,18.33,107.22,419.54,84.52,0,0,0,0,0,0,0,0,0,0,0,0,0,0,0,0,0,0,0
PONCHK-CAB-MD-LTPNK - B2B,PONCHK-CAB-MD-LTPNK,B2B,0,0,3,14,2,9,6,1,0,0,0,0,6,0,0,0,0,2,0,0,0,0,0,0,0,0,0,0,0,0,0,0,0,0,0,0,0,0,29.7,107.8,25.88,57.75,53.92,11,0,0,0,0,66,0,0,0,0,15.4,0,0,0,0,0,0,0,0,0,0,0,0,0,0,0,0,0,0
PONCHK-CAB-MD-LTPNK - DTC,PONCHK-CAB-MD-LTPNK,DTC,23,32,40,27,32,24,77,97,16,24,66,88,19,14,31,43,36,31,129,109,8,0,8,0,0,0,0,0,0,0,0,0,0,0,0,0,380.17,508.92,600.08,412.95,450.99,326.06,1233.23,1565.93,283.72,369.7,792.38,1163.28,388.49,261.52,546.53,711.9,682.94,555.79,2078.16,1467.76,71.97,0,34.64,0,0,0,0,0,0,0,0,0,0,0,0,0
PONCHK-CAB-MD-LTPNK - FBA,PONCHK-CAB-MD-LTPNK,FBA,6,5,8,13,17,11,43,27,3,0,2,5,8,3,9,19,20,25,36,11,7,5,93,15,2,7,12,11,34,0,0,0,0,0,0,0,108.13,89.81,135.31,212.61,291.72,194.77,661.94,483.44,63.31,0,34.81,91.65,146.64,59.15,164.81,327.56,352.47,433.32,628.29,197.27,116.34,81.63,649.33,171.65,33.32,116.62,184.88,174.91,531.23,0,0,0,0,0,0,0
PONCHK-CAB-MD-LTPNK-NS - B2B,PONCHK-CAB-MD-LTPNK-NS,B2B,0,0,0,3,0,5,18,1,0,17,2,0,1,22,5,2,0,3,10,0,0,0,0,0,0,1,12,20,6,18,0,0,0,0,0,0,0,0,0,31.35,0,31.2,204.51,0,0,145.17,27.14,0,-0.44,227.83,55.95,22,0,34.24,82.5,0,0,0,0,0,0,2499.47,118.75,241.25,79.63,239.96,0,0,0,0,0,0
PONCHK-CAB-MD-LTPNK-NS - DTC,PONCHK-CAB-MD-LTPNK-NS,DTC,0,0,8,10,18,3,0,0,0,0,0,0,1,0,0,0,0,3,28,6,21,8,172,76,10,11,14,12,13,31,40,0,0,0,0,0,0,0,127.28,165.12,273.46,54.41,0,0,0,0,0,0,14.85,0,0,0,0,59.38,433.33,81.92,397.11,149.66,2092.03,989.21,165.58,205.87,298.45,199.52,246.1,538.13,641.81,0,0,0,0,0
PONCHK-CAB-MD-LTPNK-NS - FBA,PONCHK-CAB-MD-LTPNK-NS,FBA,0,0,0,0,1,0,0,0,0,0,0,0,0,0,0,0,0,1,0,0,0,0,0,0,0,0,2,2,4,20,2,0,0,0,0,0,0,0,0,0,11.91,0,0,0,0,0,0,0,0,0,0,0,0,11.91,0,0,0,0,0,0,0,0,40.61,41.66,83.78,360.5,40.61,0,0,0,0,0
PONCHK-CAB-MD-NAVY - B2B,PONCHK-CAB-MD-NAVY,B2B,5,1,0,11,3,11,20,0,0,0,0,0,3,1,0,0,0,0,0,0,0,0,0,0,0,0,0,0,0,0,0,0,0,0,0,0,49.5,10.77,0,84.7,36.88,91.09,202.37,0,0,0,0,0,33,10.59,0,0,0,0,0,0,0,0,0,0,0,0,0,0,0,0,0,0,0,0,0,0
PONCHK-CAB-MD-NAVY - DTC,PONCHK-CAB-MD-NAVY,DTC,53,56,88,68,71,27,99,137,23,21,76,33,6,3,28,0,6,0,1,0,0,0,0,0,0,0,0,0,0,0,0,0,0,0,0,0,977.72,942.08,1403.91,1031.07,1133.2,371.13,1492.36,1913.06,389.43,323.01,883.55,319.36,121.13,38.3,463.34,0,115.1,0,27,0,0,0,0,0,0,0,0,0,0,0,0,0,0,0,0,0
PONCHK-CAB-MD-NAVY - FBA,PONCHK-CAB-MD-NAVY,FBA,3,0,15,17,16,14,83,5,5,1,4,3,5,0,1,0,0,0,0,0,0,0,0,0,0,0,0,0,0,0,0,0,0,0,0,0,44.49,0,252.54,289.54,280.4,249.23,1337.15,101.55,91.65,18.33,70.56,54.99,91.65,0,21.66,0,0,0,0,0,0,0,0,0,0,0,0,0,0,0,0,0,0,0,0,0
PONCHK-CAB-MD-NAVY-NS - B2B,PONCHK-CAB-MD-NAVY-NS,B2B,0,0,3,3,0,5,18,0,0,0,2,0,1,43,4,0,7,5,9,0,6,0,0,0,0,7,33,20,7,18,0,0,0,0,0,0,0,0,29.7,31.35,0,31.2,204.51,0,0,0,27.14,0,-0.44,472.58,43.88,0,77,55,101.17,0,75,0,0,0,0,3049.45,358.75,232.25,79.63,245.91,0,0,0,0,0,0
PONCHK-CAB-MD-NAVY-NS - DTC,PONCHK-CAB-MD-NAVY-NS,DTC,0,0,6,0,0,0,0,0,0,0,0,0,14,35,46,167,50,49,3,1,26,16,50,47,43,22,17,35,52,65,76,0,0,0,0,0,0,0,134.62,0,0,0,0,0,0,0,0,0,263.56,639.42,553.31,2369.98,998.42,940.32,0,24.47,532.73,372.82,986.08,783.02,821.69,443.38,368.91,594.86,768.97,1138.38,1204.44,0,0,0,0,0
PONCHK-CAB-MD-NAVY-NS - FBA,PONCHK-CAB-MD-NAVY-NS,FBA,0,0,0,0,0,0,0,0,1,0,0,0,0,0,0,0,0,0,0,0,0,0,0,1,0,6,13,6,18,42,5,0,0,0,0,0,0,0,0,0,0,0,0,0,10.82,0,0,0,0,0,0,0,0,0,0,0,0,0,0,23.38,0,124.98,255.16,118.37,360.33,776.57,115.48,0,0,0,0,0
PONCHK-CAB-MD-YELL-R - DTC,PONCHK-CAB-MD-YELL-R,DTC,7,3,1,0,0,0,0,0,0,0,0,0,0,0,0,0,0,0,0,0,0,0,0,0,0,0,0,0,0,0,0,0,0,0,0,0,75.05,24.01,4.95,0,0,0,0,0,0,0,0,0,0,0,0,0,0,0,0,0,0,0,0,0,0,0,0,0,0,0,0,0,0,0,0,0
PONCHK-CAB-SM-BLUE-NS - B2B,PONCHK-CAB-SM-BLUE-NS,B2B,0,0,0,13,10,3,3,6,2,15,2,0,11,5,1,15,8,7,16,0,6,0,0,0,0,1,0,4,2,1,0,0,0,0,0,0,0,0,0,140.39,20.32,31.2,39.51,51.7,20.43,128.67,27.14,0,109.56,41.25,12.07,155.53,85.8,77.84,176,0,75,0,0,0,0,-0.53,0,46.67,22.5,11.67,0,0,0,0,0,0
PONCHK-CAB-SM-BLUE-NS - DTC,PONCHK-CAB-SM-BLUE-NS,DTC,0,0,15,3,5,1,0,0,0,0,1,1,0,10,13,13,23,25,35,32,11,4,76,37,13,2,7,16,17,32,20,0,0,0,0,0,0,0,189.15,43.67,70.5,9.17,0,0,0,0,9.17,20.83,0,185.92,162.64,226.26,463.21,484.26,753.12,571.54,223.79,100.13,1027.38,546.4,239.92,31.25,116.97,264.62,260.22,507.2,229.61,0,0,0,0,0
PONCHK-CAB-SM-BLUE-R - B2B,PONCHK-CAB-SM-BLUE-R,B2B,7,6,0,6,7,10,13,0,0,0,0,0,0,1,0,0,0,0,0,0,0,0,0,0,0,0,0,0,0,0,0,0,0,0,0,0,68.19,58.45,0,49.38,78.68,71.13,128.31,0,0,0,0,0,0,10.59,0,0,0,0,0,0,0,0,0,0,0,0,0,0,0,0,0,0,0,0,0,0
PONCHK-CAB-SM-BLUE-R - DTC,PONCHK-CAB-SM-BLUE-R,DTC,61,80,77,49,59,24,60,53,16,15,84,18,7,7,20,27,0,0,1,0,0,0,0,1,0,0,0,0,0,0,0,0,0,0,0,0,979.97,1311.66,1252.54,751.86,967.27,383.28,861.44,764.52,326.47,239.41,940.85,177.91,139.68,91.1,265.35,410.08,0,0,15.58,0,0,0,0,0,0,0,0,0,0,0,0,0,0,0,0,0
PONCHK-CAB-SM-BLUE-R - FBA,PONCHK-CAB-SM-BLUE-R,FBA,2,4,10,4,15,10,49,31,0,0,2,5,4,0,0,6,0,0,0,0,0,0,0,0,0,0,0,0,0,0,0,0,0,0,0,0,45.58,64.12,157.55,58.64,267.75,164.09,759.75,548.64,0,0,31.14,91.65,71.48,0,0,104.46,0,0,0,0,0,0,0,0,0,0,0,0,0,0,0,0,0,0,0,0
PONCHK-CAB-SM-GREY-R - DTC,PONCHK-CAB-SM-GREY-R,DTC,0,2,1,0,0,0,0,0,0,0,0,0,0,0,0,0,0,0,0,0,0,0,0,0,0,0,0,0,0,0,0,0,0,0,0,0,0,20.5,9.7,0,0,0,0,0,0,0,0,0,0,0,0,0,0,0,0,0,0,0,0,0,0,0,0,0,0,0,0,0,0,0,0,0
PONCHK-CAB-SM-LTPNK - B2B,PONCHK-CAB-SM-LTPNK,B2B,5,3,0,17,8,9,17,0,0,0,0,0,14,0,0,0,0,0,0,0,0,0,0,0,0,0,0,0,0,0,0,0,0,0,0,0,49.5,28.75,0,141.9,87.48,68.2,163.42,0,0,0,0,0,154,0,0,0,0,0,0,0,0,0,0,0,0,0,0,0,0,0,0,0,0,0,0,0
PONCHK-CAB-SM-LTPNK - DTC,PONCHK-CAB-SM-LTPNK,DTC,23,15,65,30,34,13,37,40,12,14,49,75,16,20,16,0,2,0,0,0,0,0,0,0,0,0,0,0,0,0,0,0,0,0,0,0,457.85,244.16,982.81,443.26,560.16,204.59,578.6,604.42,184.19,231.21,563.19,992.74,310.53,375.52,272.9,0,45.89,0,0,0,0,0,0,0,0,0,0,0,0,0,0,0,0,0,0,0
PONCHK-CAB-SM-LTPNK - FBA,PONCHK-CAB-SM-LTPNK,FBA,3,1,4,5,11,13,36,11,2,1,3,7,2,3,0,1,3,12,12,0,0,0,0,0,0,0,0,0,0,0,0,0,0,0,0,0,52.25,18.33,58.65,76.98,194.76,231.53,575.27,192.2,40.81,18.33,54.99,129.21,36.66,54.98,0,16.36,51.31,208.69,209.32,0,0,0,0,0,0,0,0,0,0,0,0,0,0,0,0,0
PONCHK-CAB-SM-LTPNK-NS - B2B,PONCHK-CAB-SM-LTPNK-NS,B2B,0,0,0,3,0,11,18,1,0,15,12,0,1,21,10,6,2,8,7,6,6,0,0,0,0,1,11,26,0,32,0,0,0,0,0,0,0,0,0,31.35,0,102.48,204.51,0,0,128.67,109.64,0,-0.44,217.04,110.31,66,22,88,78.08,66,75,0,0,0,0,499.47,118.75,312.5,0,414.96,0,0,0,0,0,0
PONCHK-CAB-SM-LTPNK-NS - DTC,PONCHK-CAB-SM-LTPNK-NS,DTC,0,0,2,0,0,0,0,0,0,1,0,0,0,0,0,0,33,21,41,17,8,12,55,23,6,3,8,12,19,16,18,0,0,0,0,0,0,0,32.92,0,0,0,0,0,0,12.33,0,0,0,0,0,0,574.35,380.31,771.47,338.43,158.58,193.48,770.45,311.74,72.17,34.66,132.13,241.16,409.37,284.09,271.37,0,0,0,0,0
PONCHK-CAB-SM-LTPNK-NS - FBA,PONCHK-CAB-SM-LTPNK-NS,FBA,0,0,0,0,0,0,0,0,0,0,0,0,0,0,0,0,0,0,0,0,0,0,0,0,1,3,1,3,5,9,2,0,0,0,0,0,0,0,0,0,0,0,0,0,0,0,0,0,0,0,0,0,0,0,0,0,0,0,0,0,14.57,62.49,17.7,62.49,98.08,156.05,34.35,0,0,0,0,0
PONCHK-CAB-SM-NAVY - B2B,PONCHK-CAB-SM-NAVY,B2B,2,0,2,7,4,8,18,2,0,0,0,5,7,1,0,0,0,0,0,0,0,0,0,0,0,0,0,0,0,0,0,0,0,0,0,0,20.77,0,19.8,53.9,47.71,60.5,173.32,22,0,0,0,41.42,77,10.59,0,0,0,0,0,0,0,0,0,0,0,0,0,0,0,0,0,0,0,0,0,0
PONCHK-CAB-SM-NAVY - DTC,PONCHK-CAB-SM-NAVY,DTC,0,7,63,51,30,27,51,57,17,9,75,66,22,3,27,15,26,5,1,0,0,0,1,0,0,0,0,0,0,0,0,0,0,0,0,0,0,108.93,961.91,822.08,548.52,472.65,788.17,847.74,316.07,161.96,925.04,878.85,449.54,33,430.95,200.45,519.22,92.36,21.6,0,0,0,20.83,0,0,0,0,0,0,0,0,0,0,0,0,0
PONCHK-CAB-SM-NAVY - FBA,PONCHK-CAB-SM-NAVY,FBA,4,1,7,8,10,9,29,3,1,0,1,4,2,2,5,19,23,9,0,0,0,0,5,0,0,0,0,0,0,0,0,0,0,0,0,0,73.32,18.33,109.95,131.96,176.54,160.38,474.94,59.15,18.33,0,18.33,73.31,36.66,36.66,90.85,327.89,392.15,157.61,0,0,0,0,85.79,0,0,0,0,0,0,0,0,0,0,0,0,0
PONCHK-CAB-SM-NAVY-NS - B2B,PONCHK-CAB-SM-NAVY-NS,B2B,0,0,0,3,0,7,18,0,0,0,2,0,1,42,15,1,11,9,7,0,0,0,0,0,0,7,11,26,0,43,0,0,0,0,0,0,0,0,0,31.35,0,61.75,204.51,0,0,0,27.14,0,-0.44,461.79,165.63,11,121,99,77,0,0,0,0,0,0,674.45,118.75,303.5,0,534.46,0,0,0,0,0,0
PONCHK-CAB-SM-NAVY-NS - DTC,PONCHK-CAB-SM-NAVY-NS,DTC,0,0,9,6,7,1,0,0,0,0,0,0,1,10,15,66,11,16,40,22,17,5,10,8,5,5,7,8,14,25,20,0,0,0,0,0,0,0,140.83,94.83,103.25,16.5,0,0,0,0,0,0,0,191.45,261.91,988.46,216,312.36,754.4,402.99,351.62,91.05,194.93,147.58,80.21,76.33,122.61,144.79,238.39,539.5,401.99,0,0,0,0,0
PONCHK-CAB-SM-NAVY-NS - FBA,PONCHK-CAB-SM-NAVY-NS,FBA,0,0,0,0,0,0,0,0,0,0,0,0,0,0,0,0,0,0,0,0,0,0,0,0,0,2,3,0,0,0,0,0,0,0,0,0,0,0,0,0,0,0,0,0,0,0,0,0,0,0,0,0,0,0,0,0,0,0,0,0,0,41.66,60.4,0,0,0,0,0,0,0,0,0
PONCHK-CAB-SM-PINK-R - DTC,PONCHK-CAB-SM-PINK-R,DTC,0,10,3,0,0,0,0,0,0,0,0,0,0,0,0,0,0,0,0,0,0,0,0,0,0,0,0,0,0,0,0,0,0,0,0,0,0,104.1,34.17,0,0,0,0,0,0,0,0,0,0,0,0,0,0,0,0,0,0,0,0,0,0,0,0,0,0,0,0,0,0,0,0,0
PONCHK-CAB-SM-YELL-R - DTC,PONCHK-CAB-SM-YELL-R,DTC,73,3,3,0,0,0,0,0,0,0,0,0,0,0,0,0,0,0,0,0,0,0,0,0,0,0,0,0,0,0,0,0,0,0,0,0,904.83,35.5,28.55,0,0,0,0,0,0,0,0,0,0,0,0,0,0,0,0,0,0,0,0,0,0,0,0,0,0,0,0,0,0,0,0,0
PONCHK-CAB-XS-BLUE-R - B2B,PONCHK-CAB-XS-BLUE-R,B2B,0,2,0,12,2,6,2,0,0,0,0,0,0,0,0,0,0,2,0,0,0,0,0,0,0,0,0,0,0,0,0,0,0,0,0,0,0,19.82,0,102.18,25.88,38.5,20.81,0,0,0,0,0,0,0,0,0,0,15.4,0,0,0,0,0,0,0,0,0,0,0,0,0,0,0,0,0,0
PONCHK-CAB-XS-BLUE-R - DTC,PONCHK-CAB-XS-BLUE-R,DTC,23,29,61,30,20,26,40,31,17,14,41,50,4,15,38,35,19,7,0,0,0,1,0,0,2,0,0,0,0,0,0,0,0,0,0,0,385.98,469.86,910.12,468.16,309.27,388.51,592.65,500.71,309.78,237.06,469.95,632.41,70.07,243.48,613.06,520.74,364.36,124.56,0,0,0,20.63,0,0,44.73,0,0,0,0,0,0,0,0,0,0,0
PONCHK-CAB-XS-BLUE-R - FBA,PONCHK-CAB-XS-BLUE-R,FBA,1,0,6,7,6,13,17,15,1,1,2,1,2,1,7,10,16,10,23,19,7,1,23,14,2,0,1,2,3,7,3,0,0,0,0,0,18.33,0,95.25,109.95,106.32,230.1,271.78,276.03,18.33,24.99,37.02,18.33,36.66,18.33,128.31,163.1,279.51,179,404.6,324.8,127.53,18.33,177.77,179.59,36.66,0,18.33,32.99,53.15,105,53.91,0,0,0,0,0
PONCHK-CAB-XS-GREY-R - B2B,PONCHK-CAB-XS-GREY-R,B2B,0,0,0,0,0,0,0,0,0,0,0,0,0,0,0,0,0,0,0,0,0,0,0,0,1,0,0,0,0,0,0,0,0,0,0,0,0,0,0,0,0,0,0,0,0,0,0,0,0,0,0,0,0,0,0,0,0,0,0,0,18.33,0,0,0,0,0,0,0,0,0,0,0
PONCHK-CAB-XS-GREY-R - DTC,PONCHK-CAB-XS-GREY-R,DTC,0,2,2,0,0,0,0,0,0,0,0,0,0,0,0,0,0,0,0,0,0,0,0,0,0,0,0,0,0,0,0,0,0,0,0,0,0,19.13,21.22,0,0,0,0,0,0,0,0,0,0,0,0,0,0,0,0,0,0,0,0,0,0,0,0,0,0,0,0,0,0,0,0,0
PONCHK-CAB-XS-LTPNK - B2B,PONCHK-CAB-XS-LTPNK,B2B,0,0,0,14,4,9,12,4,0,0,0,0,8,0,0,0,0,4,0,0,0,0,0,0,1,0,0,0,0,0,0,0,0,0,0,0,0,0,0,121,41.8,64.72,119.81,41.8,0,0,0,0,88,0,0,0,0,30.8,0,0,0,0,0,0,18.33,0,0,0,0,0,0,0,0,0,0,0
PONCHK-CAB-XS-LTPNK - DTC,PONCHK-CAB-XS-LTPNK,DTC,24,16,36,22,23,18,45,35,11,7,47,31,6,17,22,24,13,24,40,72,24,6,105,44,9,6,6,1,2,11,2,0,0,0,0,0,382.83,236.26,541.71,342.73,361.34,288.14,660.31,545.75,190.24,123.48,486.4,413.04,117.46,250.01,360.62,369.21,250.37,465.59,680.91,844.4,338.78,91.56,850.8,334.8,117.33,81.81,98.83,24,33,174.15,15,0,0,0,0,0
PONCHK-CAB-XS-LTPNK - FBA,PONCHK-CAB-XS-LTPNK,FBA,2,4,3,6,9,7,15,13,4,0,2,2,1,0,10,4,13,13,16,13,4,2,26,3,3,1,8,7,18,9,5,0,0,0,0,0,36.66,62.32,47.65,102.63,153.62,120.93,229.83,237.51,73.01,0,37.7,36.66,18.33,0,179.16,67.8,228.18,229.44,277.31,231.71,66.64,33.32,196.76,49.98,44.14,16.66,131.26,111.61,288.67,133.77,81.18,0,0,0,0,0
PONCHK-CAB-XS-NAVY - B2B,PONCHK-CAB-XS-NAVY,B2B,0,0,6,20,3,10,1,2,0,0,0,0,4,0,0,0,0,2,0,0,0,0,0,0,0,0,0,0,0,0,0,0,0,0,0,0,0,0,59.4,187,36.71,91.69,11,22,0,0,0,0,44,0,0,0,0,15.4,0,0,0,0,0,0,0,0,0,0,0,0,0,0,0,0,0,0
PONCHK-CAB-XS-NAVY - DTC,PONCHK-CAB-XS-NAVY,DTC,23,20,41,32,36,23,45,33,9,11,52,39,11,14,15,31,15,15,54,47,29,10,92,44,4,5,3,1,4,12,3,0,0,0,0,0,397.57,385.64,639.3,540.79,577.97,353.21,682.12,540.47,121.77,171.98,663.9,528.94,208,187.65,207.45,466.62,285.1,295.44,852.6,634.63,385.84,171.7,779.85,384.19,52.42,67.33,54.34,15,53.17,138.27,26.73,0,0,0,0,0
PONCHK-CAB-XS-NAVY - FBA,PONCHK-CAB-XS-NAVY,FBA,3,2,3,9,9,2,11,12,3,2,1,0,0,3,7,3,7,14,16,7,6,4,24,3,3,1,4,7,11,13,6,0,0,0,0,0,53.14,34.5,47.65,150.14,153.94,36.66,193.52,219.65,54.99,36.66,18.33,0,0,54.99,128.31,54.99,120.95,241.92,283.35,123.55,100.79,59.97,187.75,28.75,49.98,16.66,63.28,113.11,182.18,206.58,98.03,0,0,0,0,0
PONCHK-CAB-XS-YELL-R - DTC,PONCHK-CAB-XS-YELL-R,DTC,121,33,11,0,0,0,0,0,0,0,0,0,0,0,0,0,0,0,0,0,0,0,0,0,0,0,0,0,0,0,0,0,0,0,0,0,1457.28,384.68,97.21,0,0,0,0,0,0,0,0,0,0,0,0,0,0,0,0,0,0,0,0,0,0,0,0,0,0,0,0,0,0,0,0,0
PONCHK-JUN-MD-FLAMG-R - DTC,PONCHK-JUN-MD-FLAMG-R,DTC,0,3,1,0,0,1,0,0,0,0,0,0,0,0,0,0,0,0,0,0,0,0,0,0,0,0,0,0,0,0,0,0,0,0,0,0,0,37.15,7.5,0,0,29.15,0,0,0,0,0,0,0,0,0,0,0,0,0,0,0,0,0,0,0,0,0,0,0,0,0,0,0,0,0,0
PONCHK-JUN-MD-MONKY-R - DTC,PONCHK-JUN-MD-MONKY-R,DTC,27,36,7,0,0,0,0,0,0,0,0,0,0,0,0,0,0,0,0,0,0,0,0,0,0,0,0,0,0,0,0,0,0,0,0,0,475.95,469.53,96.82,0,0,0,0,0,0,0,0,0,0,0,0,0,0,0,0,0,0,0,0,0,0,0,0,0,0,0,0,0,0,0,0,0
PONCHK-JUN-MD-TIGER-R - DTC,PONCHK-JUN-MD-TIGER-R,DTC,20,4,3,0,0,1,1,0,0,0,0,0,0,0,0,0,0,0,0,0,0,0,0,0,0,0,0,0,0,0,0,0,0,0,0,0,350.82,56.48,49.29,0,0,29.15,26.67,0,0,0,0,0,0,0,0,0,0,0,0,0,0,0,0,0,0,0,0,0,0,0,0,0,0,0,0,0
PONCHK-JUN-MD-TOUCN-R - DTC,PONCHK-JUN-MD-TOUCN-R,DTC,5,1,4,0,0,1,0,0,0,0,0,0,0,0,0,0,0,0,0,0,0,0,0,0,0,0,0,0,0,0,0,0,0,0,0,0,86.87,18.89,33.76,0,0,24,0,0,0,0,0,0,0,0,0,0,0,0,0,0,0,0,0,0,0,0,0,0,0,0,0,0,0,0,0,0
PONCHK-JUN-XS-FLAMG-R - DTC,PONCHK-JUN-XS-FLAMG-R,DTC,1,1,5,0,0,0,0,0,0,0,0,0,0,0,0,0,0,0,0,0,0,0,0,0,0,0,0,0,0,0,0,0,0,0,0,0,19.39,4.13,49.66,0,0,0,0,0,0,0,0,0,0,0,0,0,0,0,0,0,0,0,0,0,0,0,0,0,0,0,0,0,0,0,0,0
PONCHK-JUN-XS-MONKY-R - DTC,PONCHK-JUN-XS-MONKY-R,DTC,8,2,2,0,0,0,0,0,0,0,0,0,0,0,0,0,0,0,0,0,1,1,8,0,0,0,0,0,0,0,0,0,0,0,0,0,103.96,12.38,14.62,0,0,0,0,0,0,0,0,0,0,0,0,0,0,0,0,0,16.67,15,92.76,0,0,0,0,0,0,0,0,0,0,0,0,0
PONCHK-JUN-XS-TIGER-R - DTC,PONCHK-JUN-XS-TIGER-R,DTC,6,3,2,0,0,0,0,0,0,0,0,0,0,0,0,0,0,0,0,0,0,0,0,0,0,0,0,0,0,0,0,0,0,0,0,0,70.84,21.6,12.44,0,0,0,0,0,0,0,0,0,0,0,0,0,0,0,0,0,0,0,0,0,0,0,0,0,0,0,0,0,0,0,0,0
PONCHK-JUN-XS-TOUCN-R - DTC,PONCHK-JUN-XS-TOUCN-R,DTC,7,2,2,0,0,0,0,0,0,0,0,0,0,0,0,0,0,0,0,0,0,0,0,0,0,0,0,0,0,0,0,0,0,0,0,0,86.7,20.13,20.39,0,0,0,0,0,0,0,0,0,0,0,0,0,0,0,0,0,0,0,0,0,0,0,0,0,0,0,0,0,0,0,0,0
PONCHK-JUN-XS-TOUCN-R - FBA,PONCHK-JUN-XS-TOUCN-R,FBA,0,0,0,0,0,0,0,0,0,0,0,0,0,0,0,0,0,1,0,0,0,0,0,0,0,0,0,0,0,0,0,0,0,0,0,0,0,0,0,0,0,0,0,0,0,0,0,0,0,0,0,0,0,15.62,0,0,0,0,0,0,0,0,0,0,0,0,0,0,0,0,0,0
PONCHK-KID-MD-BUBDRM - B2B,PONCHK-KID-MD-BUBDRM,B2B,0,0,0,0,0,0,0,0,0,0,0,0,3,3,1,5,2,2,14,100,0,0,0,0,0,0,0,0,0,0,0,0,0,0,0,0,0,0,0,0,0,0,0,0,0,0,0,0,32.28,975,12.5,66.88,25,25,175,1250,0,0,0,0,0,0,0,0,0,0,0,0,0,0,0,0
PONCHK-KID-MD-BUBDRM - DTC,PONCHK-KID-MD-BUBDRM,DTC,0,0,0,0,0,0,0,0,0,0,0,0,0,39,47,65,43,75,142,166,57,14,82,11,0,1,0,0,0,0,0,0,0,0,0,0,0,0,0,0,0,0,0,0,0,0,0,0,0,782.1,881.37,1257.39,775.66,1498.7,2749.83,2411.79,646.25,247.18,965.14,178.15,0,26.4,0,0,0,0,0,0,0,0,0,0
PONCHK-KID-MD-BUBDRM - FBA,PONCHK-KID-MD-BUBDRM,FBA,0,0,0,0,0,0,0,0,0,0,0,0,0,0,8,6,7,9,21,31,13,15,63,2,0,1,0,0,0,0,0,0,0,0,0,0,0,0,0,0,0,0,0,0,0,0,0,0,0,0,169.48,134.41,139.55,197.84,424.47,616.2,246.87,272.29,494.53,37.34,0,20.83,0,0,0,0,0,0,0,0,0,0
PONCHK-KID-MD-CAMO - B2B,PONCHK-KID-MD-CAMO,B2B,0,0,0,0,3,0,0,0,0,0,0,0,0,0,0,0,0,0,0,0,0,0,0,0,0,0,0,0,0,0,0,0,0,0,0,0,0,0,0,0,37.5,0,0,0,0,0,0,0,0,0,0,0,0,0,0,0,0,0,0,0,0,0,0,0,0,0,0,0,0,0,0,0
PONCHK-KID-MD-CAMO - DTC,PONCHK-KID-MD-CAMO,DTC,0,2,0,8,25,0,0,0,0,0,0,0,0,0,0,0,0,0,0,0,8,0,0,0,0,0,0,0,0,0,0,0,0,0,0,0,0,7.58,0,141.94,500.24,0,0,0,0,0,0,0,0,0,0,0,0,0,0,0,175.76,0,0,0,0,0,0,0,0,0,0,0,0,0,0,0
PONCHK-KID-MD-CAMO - FBA,PONCHK-KID-MD-CAMO,FBA,0,0,0,0,2,0,0,0,0,0,0,0,0,0,0,0,0,0,0,0,0,0,0,0,0,0,0,0,0,0,0,0,0,0,0,0,0,0,0,0,47.98,0,0,0,0,0,0,0,0,0,0,0,0,0,0,0,0,0,0,0,0,0,0,0,0,0,0,0,0,0,0,0
PONCHK-KID-MD-CAMO-NS - B2B,PONCHK-KID-MD-CAMO-NS,B2B,0,0,2,0,0,5,0,5,0,2,0,0,0,1,0,2,0,0,0,0,0,0,0,0,1,0,0,0,0,0,0,0,0,0,0,0,0,0,25,0,0,35.46,0,62.5,0,24.55,0,0,0,13.37,0,25,0,0,0,0,0,0,0,0,20.83,0,0,0,0,0,0,0,0,0,0,0
PONCHK-KID-MD-CAMO-NS - DTC,PONCHK-KID-MD-CAMO-NS,DTC,0,0,55,0,16,69,188,191,54,28,101,147,81,1,34,3,0,0,0,0,0,0,0,0,0,0,0,0,0,0,0,0,0,0,0,0,0,0,1118.11,0,314.11,1194.51,3354.84,2820.98,765.43,381.78,1314.35,1608.34,774.93,0,519.93,30.14,0,0,0,0,0,0,0,0,0,0,0,0,0,0,0,0,0,0,0,0
PONCHK-KID-MD-CAMOCUBE - B2B,PONCHK-KID-MD-CAMOCUBE,B2B,0,0,0,0,0,0,0,0,0,0,0,0,1,0,2,5,0,3,0,0,0,0,0,0,0,0,0,0,0,0,0,0,0,0,0,0,0,0,0,0,0,0,0,0,0,0,0,0,-0.49,625,25,290.35,0,37.5,0,0,0,0,0,0,0,0,0,0,0,0,0,0,0,0,0,0
PONCHK-KID-MD-CAMOCUBE - DTC,PONCHK-KID-MD-CAMOCUBE,DTC,0,0,0,0,0,0,0,0,0,0,0,0,0,17,46,61,1,53,159,1,0,0,2,1,0,0,0,0,0,0,0,0,0,0,0,0,0,0,0,0,0,0,0,0,0,0,0,0,0,327.06,897.57,1149.58,18.75,1068.32,3136.32,21.25,0,0,42.27,10.2,0,0,0,0,0,0,0,0,0,0,0,0
PONCHK-KID-MD-CAMOCUBE - FBA,PONCHK-KID-MD-CAMOCUBE,FBA,0,0,0,0,0,0,0,0,0,0,0,0,0,1,5,6,0,3,20,0,0,0,1,0,0,0,0,0,0,0,0,0,0,0,0,0,0,0,0,0,0,0,0,0,0,0,0,0,0,20.83,102.05,125.44,0,70.14,401.1,0,0,0,22,0,0,0,0,0,0,0,0,0,0,0,0,0
PONCHK-KID-MD-CHECKOUT - B2B,PONCHK-KID-MD-CHECKOUT,B2B,0,0,0,0,0,0,0,0,0,0,0,0,0,0,0,0,0,0,0,0,0,0,0,0,0,0,18,6,6,13,0,0,0,0,0,0,0,0,0,0,0,0,0,0,0,0,0,0,0,0,0,0,0,0,0,0,0,0,0,0,0,1820,252,84,84,184.75,0,0,0,0,0,0
PONCHK-KID-MD-CHECKOUT - DTC,PONCHK-KID-MD-CHECKOUT,DTC,0,0,0,0,0,0,0,0,0,0,0,0,0,0,0,0,0,0,0,0,0,0,0,0,0,2,11,20,35,48,49,0,0,0,0,0,0,0,0,0,0,0,0,0,0,0,0,0,0,0,0,0,0,0,0,0,0,0,0,0,0,23.33,228.35,286.09,736.89,854,907.61,0,0,0,0,0
PONCHK-KID-MD-CHECKOUT - FBA,PONCHK-KID-MD-CHECKOUT,FBA,0,0,0,0,0,0,0,0,0,0,0,0,0,0,0,0,0,0,0,0,0,0,0,0,0,1,0,4,1,7,0,0,0,0,0,0,0,0,0,0,0,0,0,0,0,0,0,0,0,0,0,0,0,0,0,0,0,0,0,0,0,26.66,0,90.98,20.99,139.96,0,0,0,0,0,0
PONCHK-KID-MD-CROC - B2B,PONCHK-KID-MD-CROC,B2B,0,5,2,7,2,3,12,0,0,0,0,0,0,0,0,2,0,0,0,0,0,0,0,0,0,0,0,0,0,0,0,0,0,0,0,0,0,60.05,26.7,82.8,32.68,30.52,154.93,0,0,0,0,0,0,0,0,25,0,0,0,0,0,0,0,0,0,0,0,0,0,0,0,0,0,0,0,0
PONCHK-KID-MD-CROC - DTC,PONCHK-KID-MD-CROC,DTC,0,32,86,69,86,62,195,173,43,37,136,195,361,0,0,0,20,0,23,0,0,0,0,0,0,0,0,0,0,0,0,0,0,0,0,0,0,565.23,1468.4,1316.21,1537.09,1084.97,3473.84,2590.27,674.1,566.74,1705.27,2211.71,3409.07,0,0,0,383.87,0,437.58,0,0,0,0,0,0,0,0,0,0,0,0,0,0,0,0,0
PONCHK-KID-MD-DOODMOOD - B2B,PONCHK-KID-MD-DOODMOOD,B2B,0,2,4,6,6,3,12,6,0,0,0,0,0,0,0,0,0,2,0,0,0,0,0,0,1,0,0,0,0,0,0,0,0,0,0,0,0,23.75,50,73.13,82.68,35.46,154.93,75,0,0,0,0,0,0,0,0,0,25,0,0,0,0,0,0,20.83,0,0,0,0,0,0,0,0,0,0,0
PONCHK-KID-MD-DOODMOOD - DTC,PONCHK-KID-MD-DOODMOOD,DTC,0,17,21,25,36,28,111,90,36,15,67,93,22,0,0,0,9,22,0,0,0,0,1,0,0,0,0,0,0,0,0,0,0,0,0,0,0,269.26,359.72,411.15,694.79,505.73,1913.02,1281.42,512.36,165.91,935.47,1028.24,211.8,0,0,0,174.62,401.58,0,0,0,0,20.16,0,0,0,0,0,0,0,0,0,0,0,0,0
PONCHK-KID-MD-FIVEDAY - B2B,PONCHK-KID-MD-FIVEDAY,B2B,0,1,8,0,2,1,0,0,0,2,0,0,0,0,0,0,0,5,0,0,0,0,0,0,0,0,0,0,0,0,0,0,0,0,0,0,0,11.88,101.7,0,25,12.5,0,0,0,24.55,0,0,0,0,0,0,0,43.75,0,0,0,0,0,0,0,0,0,0,0,0,0,0,0,0,0,0
PONCHK-KID-MD-FIVEDAY - DTC,PONCHK-KID-MD-FIVEDAY,DTC,0,8,11,16,15,11,57,50,16,7,25,45,224,11,20,27,41,24,56,83,5,0,1,0,0,0,0,0,0,0,0,0,0,0,0,0,0,153.95,250.61,282.69,212.79,192.88,940.41,758.76,234.91,87.56,327.64,435.08,2183.61,181.28,241.75,421.36,751.1,435.09,1024.37,1065.43,50.01,0,17.5,0,0,0,0,0,0,0,0,0,0,0,0,0
PONCHK-KID-MD-FLAM - B2B,PONCHK-KID-MD-FLAM,B2B,0,5,2,7,0,1,10,5,0,0,0,0,0,1,0,0,0,0,0,0,0,0,0,0,0,0,0,0,0,0,0,0,0,0,0,0,0,60.05,25,82.8,0,0,125,62.5,0,0,0,0,0,13.37,0,0,0,0,0,0,0,0,0,0,0,0,0,0,0,0,0,0,0,0,0,0
PONCHK-KID-MD-FLAM - DTC,PONCHK-KID-MD-FLAM,DTC,0,26,91,75,94,62,193,197,81,35,198,181,7,0,0,0,2,38,1,0,0,0,0,0,0,0,0,0,0,0,0,0,0,0,0,0,0,516.93,1850.09,1517.91,1720.25,1126.51,3496.5,2865.15,1225.72,544.55,2555.63,2244.55,63.15,0,0,0,44,685.85,19.9,0,0,0,0,0,0,0,0,0,0,0,0,0,0,0,0,0
PONCHK-KID-MD-GVCLUB - B2B,PONCHK-KID-MD-GVCLUB,B2B,0,0,0,0,0,0,0,0,0,0,0,0,0,0,0,0,0,0,0,0,0,0,0,0,0,0,26,0,0,12,6,0,0,0,0,0,0,0,0,0,0,0,0,0,0,0,0,0,0,0,0,0,0,0,0,0,0,0,0,0,0,0,336,0,0,184.75,84,0,0,0,0,0
PONCHK-KID-MD-GVCLUB - DTC,PONCHK-KID-MD-GVCLUB,DTC,0,0,0,0,0,0,0,0,0,0,0,0,0,0,0,0,0,0,0,0,0,0,0,0,0,5,21,24,43,93,81,0,0,0,0,0,0,0,0,0,0,0,0,0,0,0,0,0,0,0,0,0,0,0,0,0,0,0,0,0,0,127.86,493.37,439.14,953.08,1767.61,1607.98,0,0,0,0,0
PONCHK-KID-MD-GVCLUB - FBA,PONCHK-KID-MD-GVCLUB,FBA,0,0,0,0,0,0,0,0,0,0,0,0,0,0,0,0,0,0,0,0,0,0,0,0,0,0,0,6,6,15,2,0,0,0,0,0,0,0,0,0,0,0,0,0,0,0,0,0,0,0,0,0,0,0,0,0,0,0,0,0,0,0,0,137.64,131.83,306.57,45.49,0,0,0,0,0
PONCHK-KID-MD-INTOWILD - B2B,PONCHK-KID-MD-INTOWILD,B2B,0,0,0,0,0,0,0,0,0,0,0,0,0,0,0,0,0,0,0,0,0,0,0,0,0,0,14,12,12,0,6,0,0,0,0,0,0,0,0,0,0,0,0,0,0,0,0,0,0,0,0,0,0,0,0,0,0,0,0,0,0,0,168,168,168,0,84,0,0,0,0,0
PONCHK-KID-MD-INTOWILD - DTC,PONCHK-KID-MD-INTOWILD,DTC,0,0,0,0,0,0,0,0,0,0,0,0,0,0,0,0,0,0,0,0,0,0,0,0,0,3,24,33,54,65,55,0,0,0,0,0,0,0,0,0,0,0,0,0,0,0,0,0,0,0,0,0,0,0,0,0,0,0,0,0,0,67,417.79,779.2,1183.22,1332.68,957.32,0,0,0,0,0
PONCHK-KID-MD-INTOWILD - FBA,PONCHK-KID-MD-INTOWILD,FBA,0,0,0,0,0,0,0,0,0,0,0,0,0,0,0,0,0,0,0,0,0,0,0,0,0,0,7,3,6,6,0,0,0,0,0,0,0,0,0,0,0,0,0,0,0,0,0,0,0,0,0,0,0,0,0,0,0,0,0,0,0,0,151.62,62.98,130.62,121.3,0,0,0,0,0,0
PONCHK-KID-MD-JELLY - B2B,PONCHK-KID-MD-JELLY,B2B,0,0,0,0,0,0,0,0,0,0,0,0,0,0,0,0,0,0,0,0,0,0,0,0,0,0,15,12,0,0,0,0,0,0,0,0,0,0,0,0,0,0,0,0,0,0,0,0,0,0,0,0,0,0,0,0,0,0,0,0,0,840,194.88,168,0,0,0,0,0,0,0,0
PONCHK-KID-MD-JELLY - DTC,PONCHK-KID-MD-JELLY,DTC,0,0,0,0,0,0,0,0,0,0,0,0,0,0,0,0,0,0,0,0,0,0,0,0,0,13,45,43,73,21,11,0,0,0,0,0,0,0,0,0,0,0,0,0,0,0,0,0,0,0,0,0,0,0,0,0,0,0,0,0,0,354.85,949.05,844.23,1602.84,442.08,224.68,0,0,0,0,0
PONCHK-KID-MD-JELLY - FBA,PONCHK-KID-MD-JELLY,FBA,0,0,0,0,0,0,0,0,0,0,0,0,0,0,0,0,0,0,0,0,0,0,0,0,0,0,1,4,7,3,2,0,0,0,0,0,0,0,0,0,0,0,0,0,0,0,0,0,0,0,0,0,0,0,0,0,0,0,0,0,0,0,23.33,90.98,169.44,62.99,49.39,0,0,0,0,0
PONCHK-KID-MD-KARMCHAM - B2B,PONCHK-KID-MD-KARMCHAM,B2B,0,0,0,0,0,0,0,0,0,0,0,0,1,4,21,9,2,34,10,0,0,0,0,0,0,0,0,0,0,0,0,0,0,0,0,0,0,0,0,0,0,0,0,0,0,0,0,0,-0.49,47.8,264.51,320.79,25,412.46,122,0,0,0,0,0,0,0,0,0,0,0,0,0,0,0,0,0
PONCHK-KID-MD-KARMCHAM - DTC,PONCHK-KID-MD-KARMCHAM,DTC,0,0,0,0,0,0,0,0,0,0,0,0,0,54,85,48,81,111,68,0,0,0,1,0,0,0,0,0,0,0,0,0,0,0,0,0,0,0,0,0,0,0,0,0,0,0,0,0,0,934.29,1646.18,946.2,1634.13,2119.75,1369.99,0,0,0,24.16,0,0,0,0,0,0,0,0,0,0,0,0,0
PONCHK-KID-MD-KARMCHAM - FBA,PONCHK-KID-MD-KARMCHAM,FBA,0,0,0,0,0,0,0,0,0,0,0,0,0,3,4,0,6,10,11,1,0,0,1,0,0,0,0,0,0,0,0,0,0,0,0,0,0,0,0,0,0,0,0,0,0,0,0,0,0,65.73,79.48,0,137.21,221.82,231.96,20.83,0,0,22,0,0,0,0,0,0,0,0,0,0,0,0,0
PONCHK-KID-MD-LEOP - B2B,PONCHK-KID-MD-LEOP,B2B,0,0,0,0,1,0,0,0,0,0,0,0,0,0,0,0,0,0,0,0,0,0,0,0,0,0,0,0,0,0,0,0,0,0,0,0,0,0,0,0,12.31,0,0,0,0,0,0,0,0,0,0,0,0,0,0,0,0,0,0,0,0,0,0,0,0,0,0,0,0,0,0,0
PONCHK-KID-MD-LEOP - DTC,PONCHK-KID-MD-LEOP,DTC,27,3,0,0,0,5,0,0,0,2,0,0,0,0,0,0,0,0,0,0,0,0,0,0,0,0,0,0,0,0,0,0,0,0,0,0,372.92,20.71,0,0,0,64.61,0,0,0,22,0,0,0,0,0,0,0,0,0,0,0,0,0,0,0,0,0,0,0,0,0,0,0,0,0,0
PONCHK-KID-MD-POWER - B2B,PONCHK-KID-MD-POWER,B2B,0,0,0,0,1,0,0,0,0,0,0,0,0,0,0,0,0,0,0,0,0,0,0,0,0,0,0,0,0,0,0,0,0,0,0,0,0,0,0,0,10.13,0,0,0,0,0,0,0,0,0,0,0,0,0,0,0,0,0,0,0,0,0,0,0,0,0,0,0,0,0,0,0
PONCHK-KID-MD-POWER - DTC,PONCHK-KID-MD-POWER,DTC,125,3,2,0,0,6,0,0,0,0,21,4,0,0,0,0,0,0,0,0,5,2,12,0,0,0,0,0,0,0,0,0,0,0,0,0,1603.32,37.92,31.78,0,0,148.52,0,0,0,0,269.69,52.75,0,0,0,0,0,0,0,0,108.76,39.37,114.75,0,0,0,0,0,0,0,0,0,0,0,0,0
PONCHK-KID-MD-POWER - FBA,PONCHK-KID-MD-POWER,FBA,1,1,7,1,8,4,0,0,0,0,1,2,2,0,0,0,0,0,0,0,0,0,0,0,0,0,0,0,0,0,0,0,0,0,0,0,20.83,16.67,128.81,20.82,154.13,79.88,0,0,0,0,23.99,41.66,41.66,0,0,0,0,0,0,0,0,0,0,0,0,0,0,0,0,0,0,0,0,0,0,0
PONCHK-KID-MD-POWER-NS - B2B,PONCHK-KID-MD-POWER-NS,B2B,0,0,2,2,0,5,0,0,0,0,0,0,0,0,2,1,0,1,0,0,0,0,0,0,0,0,0,0,0,0,0,0,0,0,0,0,0,0,25,23.59,0,35.46,0,0,0,0,0,0,0,0,22.5,12.5,0,12.5,0,0,0,0,0,0,0,0,0,0,0,0,0,0,0,0,0,0
PONCHK-KID-MD-POWER-NS - DTC,PONCHK-KID-MD-POWER-NS,DTC,0,0,22,1,5,23,98,50,14,6,37,81,147,36,36,75,75,52,103,67,33,2,8,1,0,0,0,0,0,0,0,0,0,0,0,0,0,0,425.63,10.42,72.75,483.73,1673.83,789.29,188.99,98.91,460.04,952.97,1586.69,445.25,373.12,1073.74,1315.18,946.19,1870.52,954.35,340.87,19.8,147.12,26.4,0,0,0,0,0,0,0,0,0,0,0,0
PONCHK-KID-MD-RAINB - B2B,PONCHK-KID-MD-RAINB,B2B,0,0,0,0,0,1,0,0,0,0,0,0,0,0,0,0,0,0,0,0,0,0,0,0,0,0,0,0,0,0,0,0,0,0,0,0,0,0,0,0,0,12.5,0,0,0,0,0,0,0,0,0,0,0,0,0,0,0,0,0,0,0,0,0,0,0,0,0,0,0,0,0,0
PONCHK-KID-MD-RAINB - DTC,PONCHK-KID-MD-RAINB,DTC,82,115,32,1,14,15,13,0,0,0,9,52,65,0,0,0,0,0,0,0,0,0,19,2,0,0,0,0,0,0,0,0,0,0,0,0,1082.21,1231.59,352.95,10.42,145.31,195.96,163.16,0,0,0,108.35,559.93,571.04,0,0,0,0,0,0,0,0,0,183.96,54.8,0,0,0,0,0,0,0,0,0,0,0,0
PONCHK-KID-MD-RAINB - FBA,PONCHK-KID-MD-RAINB,FBA,1,0,1,0,0,3,5,8,1,1,1,0,0,4,0,0,1,2,6,0,0,2,1,0,0,0,0,0,0,0,0,0,0,0,0,0,14.57,0,20.83,0,0,62.49,99.97,153.09,20.83,20.83,20.83,0,0,83.32,0,0,20.83,41.66,120.8,0,0,37.34,18.67,0,0,0,0,0,0,0,0,0,0,0,0,0
PONCHK-KID-MD-SKATER - B2B,PONCHK-KID-MD-SKATER,B2B,0,0,0,0,0,0,0,0,0,0,0,0,0,0,0,0,0,0,0,0,0,0,0,0,0,0,0,6,6,0,0,0,0,0,0,0,0,0,0,0,0,0,0,0,0,0,0,0,0,0,0,0,0,0,0,0,0,0,0,0,0,0,0,84,84,0,0,0,0,0,0,0
PONCHK-KID-MD-SKATER - DTC,PONCHK-KID-MD-SKATER,DTC,0,0,0,0,0,0,0,0,0,0,0,0,0,0,0,0,0,0,0,0,0,0,0,0,0,7,32,43,81,104,98,0,0,0,0,0,0,0,0,0,0,0,0,0,0,0,0,0,0,0,0,0,0,0,0,0,0,0,0,0,0,196.06,782.97,846.9,1651.16,2162.39,1892.95,0,0,0,0,0
PONCHK-KID-MD-SKATER - FBA,PONCHK-KID-MD-SKATER,FBA,0,0,0,0,0,0,0,0,0,0,0,0,0,0,0,0,0,0,0,0,0,0,0,0,0,0,4,7,8,14,2,0,0,0,0,0,0,0,0,0,0,0,0,0,0,0,0,0,0,0,0,0,0,0,0,0,0,0,0,0,0,0,92.13,163.31,180.57,275.12,46.66,0,0,0,0,0
PONCHK-KID-MD-SQUIG - B2B,PONCHK-KID-MD-SQUIG,B2B,0,0,0,0,2,0,0,0,0,0,0,0,0,0,0,0,0,0,0,0,0,0,0,0,0,0,0,0,0,0,0,0,0,0,0,0,0,0,0,0,25,0,0,0,0,0,0,0,0,0,0,0,0,0,0,0,0,0,0,0,0,0,0,0,0,0,0,0,0,0,0,0
PONCHK-KID-MD-SQUIG - DTC,PONCHK-KID-MD-SQUIG,DTC,219,106,0,6,38,0,0,0,0,0,0,0,0,0,0,0,0,0,0,0,5,5,0,0,0,0,0,0,0,0,0,0,0,0,0,0,2776.49,1323.22,0,56.43,498.85,0,0,0,0,0,0,0,0,0,0,0,0,0,0,0,114.67,120.26,0,0,0,0,0,0,0,0,0,0,0,0,0,0
PONCHK-KID-MD-SQUIG - FBA,PONCHK-KID-MD-SQUIG,FBA,1,1,4,4,0,0,0,0,0,0,0,0,0,0,0,0,0,0,0,0,0,1,0,0,0,0,0,0,0,0,0,0,0,0,0,0,20.83,20.83,74.97,74.98,0,0,0,0,0,0,0,0,0,0,0,0,0,0,0,0,0,23.38,0,0,0,0,0,0,0,0,0,0,0,0,0,0
PONCHK-KID-MD-TURTROP - B2B,PONCHK-KID-MD-TURTROP,B2B,0,0,0,0,0,0,0,0,0,0,0,0,7,2,21,7,5,17,6,0,0,0,0,0,0,0,0,0,0,0,0,0,0,0,0,0,0,0,0,0,0,0,0,0,0,0,0,0,73.95,21.58,264.51,312.67,62.5,213.91,75,0,0,0,0,0,0,0,0,0,0,0,0,0,0,0,0,0
PONCHK-KID-MD-TURTROP - DTC,PONCHK-KID-MD-TURTROP,DTC,0,0,0,0,0,0,0,0,0,0,0,0,0,24,58,93,66,97,117,70,5,0,2,0,0,0,0,0,0,0,0,0,0,0,0,0,0,0,0,0,0,0,0,0,0,0,0,0,0,459.45,1107.27,1881.82,1357.28,1885.89,2242.93,1129.31,88.01,0,28,0,0,0,0,0,0,0,0,0,0,0,0,0
PONCHK-KID-MD-TURTROP - FBA,PONCHK-KID-MD-TURTROP,FBA,0,0,0,0,0,0,0,0,0,0,0,0,0,2,4,2,9,8,20,17,5,2,4,0,0,0,0,0,0,0,0,0,0,0,0,0,0,0,0,0,0,0,0,0,0,0,0,0,0,41.66,82.97,41.66,190.91,171.86,405.14,326.31,93.35,33.6,74.68,0,0,0,0,0,0,0,0,0,0,0,0,0
PONCHK-KID-SM-BUBDRM - B2B,PONCHK-KID-SM-BUBDRM,B2B,0,0,0,0,0,0,0,0,0,0,0,0,1,3,1,7,3,4,2,0,0,0,0,0,0,0,0,0,0,6,0,0,0,0,0,0,0,0,0,0,0,0,0,0,0,0,0,0,-0.49,1287.5,12.5,91.88,37.5,50,25,0,0,0,0,0,0,0,0,0,0,90.68,0,0,0,0,0,0
PONCHK-KID-SM-BUBDRM - DTC,PONCHK-KID-SM-BUBDRM,DTC,0,0,0,0,0,0,0,0,0,0,0,0,0,9,13,16,11,14,22,46,19,6,46,20,12,8,11,17,19,25,17,0,0,0,0,0,0,0,0,0,0,0,0,0,0,0,0,0,0,149.83,254.9,322.54,194.7,261.68,395.36,759.43,246.83,116.01,515.75,233.69,168.54,113.6,195.23,254.51,287.14,417.97,214.19,0,0,0,0,0
PONCHK-KID-SM-BUBDRM - FBA,PONCHK-KID-SM-BUBDRM,FBA,0,0,0,0,0,0,0,0,0,0,0,0,0,1,6,3,7,5,16,14,0,0,19,5,1,1,1,0,1,8,5,0,0,0,0,0,0,0,0,0,0,0,0,0,0,0,0,0,0,20.83,124.98,60.4,135.84,96.77,315.39,279.9,0,0,159.35,61.92,18.67,20.83,20.83,0,18.67,142.41,91.48,0,0,0,0,0
PONCHK-KID-SM-CAMO - B2B,PONCHK-KID-SM-CAMO,B2B,0,0,0,0,3,6,3,0,0,0,0,0,0,0,0,0,0,0,0,0,0,0,0,0,0,0,0,0,0,0,0,0,0,0,0,0,0,0,0,0,37.5,54.17,29.68,0,0,0,0,0,0,0,0,0,0,0,0,0,0,0,0,0,0,0,0,0,0,0,0,0,0,0,0,0
PONCHK-KID-SM-CAMO - DTC,PONCHK-KID-SM-CAMO,DTC,121,1,0,0,18,10,34,114,0,3,0,0,0,0,0,0,0,0,0,0,4,6,1,0,0,0,0,0,0,0,0,0,0,0,0,0,1486.13,9.38,0,0,332.57,185.57,550.92,913.05,0,25,0,0,0,0,0,0,0,0,0,0,71.31,115.97,18.67,0,0,0,0,0,0,0,0,0,0,0,0,0
PONCHK-KID-SM-CAMO - FBA,PONCHK-KID-SM-CAMO,FBA,0,0,0,0,2,1,1,2,0,0,0,0,0,0,0,0,0,0,0,0,0,1,0,0,0,0,0,0,0,0,0,0,0,0,0,0,0,0,0,0,42.24,23.99,23.99,47.98,0,0,0,0,0,0,0,0,0,0,0,0,0,23.38,0,0,0,0,0,0,0,0,0,0,0,0,0,0
PONCHK-KID-SM-CAMO-NS - B2B,PONCHK-KID-SM-CAMO-NS,B2B,0,0,0,5,0,4,0,3,0,0,0,0,4,0,0,5,0,3,0,0,0,0,0,0,0,0,0,0,6,0,0,0,0,0,0,0,0,0,0,59.22,0,35.46,0,37.5,0,0,0,0,50,0,0,62.5,0,26.25,0,0,0,0,0,0,0,0,0,0,84,0,0,0,0,0,0,0
PONCHK-KID-SM-CAMO-NS - DTC,PONCHK-KID-SM-CAMO-NS,DTC,0,0,11,9,4,0,0,9,6,6,19,37,64,15,29,37,21,20,30,38,20,1,35,49,23,6,5,8,6,16,6,0,0,0,0,0,0,0,219.37,166.11,82.13,0,0,129.14,143.15,121.83,289.94,428.87,644.95,171.75,312.4,399.17,403.19,368.66,497.9,459.85,282.35,15,382.6,570.25,288.01,90.92,83.3,114.94,50.4,172.34,68.7,0,0,0,0,0
PONCHK-KID-SM-CAMO-NS - FBA,PONCHK-KID-SM-CAMO-NS,FBA,0,0,0,0,0,0,0,0,0,0,0,0,0,0,0,0,0,0,0,0,0,0,0,0,4,0,4,2,4,3,0,0,0,0,0,0,0,0,0,0,0,0,0,0,0,0,0,0,0,0,0,0,0,0,0,0,0,0,0,0,84.38,0,74.99,40.43,70.93,47.61,0,0,0,0,0,0
PONCHK-KID-SM-CAMOCUBE - B2B,PONCHK-KID-SM-CAMOCUBE,B2B,0,0,0,0,0,0,0,0,0,0,0,0,1,0,0,3,0,2,0,0,0,0,0,0,0,0,0,0,0,1,0,0,0,0,0,0,0,0,0,0,0,0,0,0,0,0,0,0,-0.49,625,0,264.02,0,25,0,0,0,0,0,0,0,0,0,0,0,0,0,0,0,0,0,0
PONCHK-KID-SM-CAMOCUBE - DTC,PONCHK-KID-SM-CAMOCUBE,DTC,0,0,0,0,0,0,0,0,0,0,0,0,0,3,5,16,16,6,23,34,12,5,46,23,16,8,12,8,7,10,8,0,0,0,0,0,0,0,0,0,0,0,0,0,0,0,0,0,0,58.33,80.21,339.05,296.39,97.75,401.43,494.08,151.93,82.14,540.39,287.88,251.7,110.4,197.08,121.87,66.27,100.62,95.73,0,0,0,0,0
PONCHK-KID-SM-CAMOCUBE - FBA,PONCHK-KID-SM-CAMOCUBE,FBA,0,0,0,0,0,0,0,0,0,0,0,0,0,0,5,2,7,3,17,8,1,1,34,7,1,0,1,0,4,0,0,0,0,0,0,0,0,0,0,0,0,0,0,0,0,0,0,0,0,0,104.15,41.66,130.16,60.4,336.68,146.5,18.67,16.8,275.78,99.41,18.67,0,11.54,0,69.06,0,0,0,0,0,0,0
PONCHK-KID-SM-CHECKOUT - B2B,PONCHK-KID-SM-CHECKOUT,B2B,0,0,0,0,0,0,0,0,0,0,0,0,0,0,0,0,0,0,0,0,0,0,0,0,0,0,18,6,6,12,0,0,0,0,0,0,0,0,0,0,0,0,0,0,0,0,0,0,0,0,0,0,0,0,0,0,0,0,0,0,0,420,252,84,84,184.75,0,0,0,0,0,0
PONCHK-KID-SM-CHECKOUT - DTC,PONCHK-KID-SM-CHECKOUT,DTC,0,0,0,0,0,0,0,0,0,0,0,0,0,0,0,0,0,0,0,0,0,0,0,0,0,1,0,3,10,22,8,0,0,0,0,0,0,0,0,0,0,0,0,0,0,0,0,0,0,0,0,0,0,0,0,0,0,0,0,0,0,0,0,68.13,216.53,485.29,152.93,0,0,0,0,0
PONCHK-KID-SM-CHECKOUT - FBA,PONCHK-KID-SM-CHECKOUT,FBA,0,0,0,0,0,0,0,0,0,0,0,0,0,0,0,0,0,0,0,0,0,0,0,0,0,0,0,0,1,1,0,0,0,0,0,0,0,0,0,0,0,0,0,0,0,0,0,0,0,0,0,0,0,0,0,0,0,0,0,0,0,0,0,0,20.99,23.33,0,0,0,0,0,0
PONCHK-KID-SM-CROC - B2B,PONCHK-KID-SM-CROC,B2B,0,2,2,4,6,6,10,0,0,2,0,0,0,0,0,4,0,0,0,0,0,0,0,0,0,0,0,0,0,0,0,0,0,0,0,0,0,23.75,25,47.17,82.61,65.98,125,0,0,24.55,0,0,0,0,0,50,0,0,0,0,0,0,0,0,0,0,0,0,0,0,0,0,0,0,0,0
PONCHK-KID-SM-CROC - DTC,PONCHK-KID-SM-CROC,DTC,0,24,78,49,68,50,118,115,47,42,127,174,219,0,0,0,6,34,17,0,0,0,1,0,0,0,0,0,0,0,0,0,0,0,0,0,0,475.87,1450.08,904.89,1374.71,995.55,1931.59,1747.53,738.51,558.23,1586,1968.62,2050.45,0,0,0,99.86,630.53,310.42,0,0,0,18.67,0,0,0,0,0,0,0,0,0,0,0,0,0
PONCHK-KID-SM-DOODMOOD - B2B,PONCHK-KID-SM-DOODMOOD,B2B,0,2,6,6,7,9,11,0,0,0,0,0,0,2,0,2,0,4,0,0,0,0,0,0,0,0,0,0,0,0,0,0,0,0,0,0,0,23.75,75,73.13,95.83,110.46,139.97,0,0,0,0,0,0,25,0,25,0,45.54,0,0,0,0,0,0,0,0,0,0,0,0,0,0,0,0,0,0
PONCHK-KID-SM-DOODMOOD - DTC,PONCHK-KID-SM-DOODMOOD,DTC,0,5,11,12,6,13,31,42,15,4,19,46,88,11,31,32,37,16,34,34,18,3,90,34,20,3,1,0,0,0,0,0,0,0,0,0,0,114.5,177.26,214.95,105.7,212.26,563.44,670.03,207.42,64,232.93,477.28,879.27,137.08,371.38,309.69,705.02,306.87,561.4,433.19,227.92,57.87,777.85,306.98,204.66,42.83,17.24,0,0,0,0,0,0,0,0,0
PONCHK-KID-SM-FIVEDAY - B2B,PONCHK-KID-SM-FIVEDAY,B2B,0,1,4,0,3,0,0,0,0,0,0,0,0,0,0,3,0,2,0,0,0,0,0,0,6,0,0,0,0,0,0,0,0,0,0,0,0,11.88,50.85,0,37.5,0,0,0,0,0,0,0,0,0,0,36.69,0,17.5,0,0,0,0,0,0,125,0,0,0,0,0,0,0,0,0,0,0
PONCHK-KID-SM-FIVEDAY - DTC,PONCHK-KID-SM-FIVEDAY,DTC,0,2,5,6,11,4,12,18,3,2,17,23,53,2,15,17,21,14,24,27,18,2,47,38,9,5,4,10,11,16,11,0,0,0,0,0,0,18.76,108.44,76.33,212.34,94.17,263.49,255.02,49.65,30.17,220.94,248.59,493.11,16.67,219.98,267.45,381.04,253.12,427.63,384.28,226.97,35.47,383.28,364.42,113.46,86.55,74.13,135.07,187.39,257.47,182.86,0,0,0,0,0
PONCHK-KID-SM-FLAM - B2B,PONCHK-KID-SM-FLAM,B2B,0,2,3,4,2,4,10,6,0,0,0,0,0,0,0,4,0,3,0,0,0,0,0,0,0,0,0,0,0,0,0,0,0,0,0,0,0,23.75,39.2,47.17,25.55,35.46,125,75,0,0,0,0,0,0,0,50,0,26.25,0,0,0,0,0,0,0,0,0,0,0,0,0,0,0,0,0,0
PONCHK-KID-SM-FLAM - DTC,PONCHK-KID-SM-FLAM,DTC,0,12,48,32,62,44,71,77,36,32,91,135,230,29,63,62,46,35,23,0,0,0,3,1,0,0,0,0,0,0,0,0,0,0,0,0,0,230.18,776.13,585.06,1159.96,860.7,1305.11,1116.3,514.36,418.11,1171.99,1425.08,2250.59,495.56,760.57,839.59,832.45,618.51,404.16,0,0,0,75.2,18.67,0,0,0,0,0,0,0,0,0,0,0,0
PONCHK-KID-SM-GVCLUB - B2B,PONCHK-KID-SM-GVCLUB,B2B,0,0,0,0,0,0,0,0,0,0,0,0,0,0,0,0,0,0,0,0,0,0,0,0,0,0,19,0,0,6,0,0,0,0,0,0,0,0,0,0,0,0,0,0,0,0,0,0,0,0,0,0,0,0,0,0,0,0,0,0,0,0,252,0,0,84,0,0,0,0,0,0
PONCHK-KID-SM-GVCLUB - DTC,PONCHK-KID-SM-GVCLUB,DTC,0,0,0,0,0,0,0,0,0,0,0,0,0,0,0,0,0,0,0,0,0,0,0,0,0,2,10,7,9,25,21,0,0,0,0,0,0,0,0,0,0,0,0,0,0,0,0,0,0,0,0,0,0,0,0,0,0,0,0,0,0,38.66,234.53,127.56,174.83,512.98,389.19,0,0,0,0,0
PONCHK-KID-SM-GVCLUB - FBA,PONCHK-KID-SM-GVCLUB,FBA,0,0,0,0,0,0,0,0,0,0,0,0,0,0,0,0,0,0,0,0,0,0,0,0,0,1,1,1,1,5,0,0,0,0,0,0,0,0,0,0,0,0,0,0,0,0,0,0,0,0,0,0,0,0,0,0,0,0,0,0,0,23.33,23.33,20.99,23.33,102.64,0,0,0,0,0,0
PONCHK-KID-SM-INTOWILD - B2B,PONCHK-KID-SM-INTOWILD,B2B,0,0,0,0,0,0,0,0,0,0,0,0,0,0,0,0,0,0,0,0,0,0,0,0,0,0,7,18,0,0,0,0,0,0,0,0,0,0,0,0,0,0,0,0,0,0,0,0,0,0,0,0,0,0,0,0,0,0,0,0,0,0,84,252,0,0,0,0,0,0,0,0
PONCHK-KID-SM-INTOWILD - DTC,PONCHK-KID-SM-INTOWILD,DTC,0,0,0,0,0,0,0,0,0,0,0,0,0,0,0,0,0,0,0,0,0,0,0,0,0,2,6,10,15,27,19,0,0,0,0,0,0,0,0,0,0,0,0,0,0,0,0,0,0,0,0,0,0,0,0,0,0,0,0,0,0,31.5,98.49,208.99,309.86,550.19,376.97,0,0,0,0,0
PONCHK-KID-SM-INTOWILD - FBA,PONCHK-KID-SM-INTOWILD,FBA,0,0,0,0,0,0,0,0,0,0,0,0,0,0,0,0,0,0,0,0,0,0,0,0,0,0,1,0,0,3,0,0,0,0,0,0,0,0,0,0,0,0,0,0,0,0,0,0,0,0,0,0,0,0,0,0,0,0,0,0,0,0,23.33,0,0,60.65,0,0,0,0,0,0
PONCHK-KID-SM-JELLY - B2B,PONCHK-KID-SM-JELLY,B2B,0,0,0,0,0,0,0,0,0,0,0,0,0,0,0,0,0,0,0,0,0,0,0,0,0,0,6,24,6,35,12,0,0,0,0,0,0,0,0,0,0,0,0,0,0,0,0,0,0,0,0,0,0,0,0,0,0,0,0,0,0,280,84,336,84,490,168,0,0,0,0,0
PONCHK-KID-SM-JELLY - DTC,PONCHK-KID-SM-JELLY,DTC,0,0,0,0,0,0,0,0,0,0,0,0,0,0,0,0,0,0,0,0,0,0,0,0,0,6,14,28,32,32,41,0,0,0,0,0,0,0,0,0,0,0,0,0,0,0,0,0,0,0,0,0,0,0,0,0,0,0,0,0,0,130.69,323.27,630.35,695.48,600.36,811.28,0,0,0,0,0
PONCHK-KID-SM-JELLY - FBA,PONCHK-KID-SM-JELLY,FBA,0,0,0,0,0,0,0,0,0,0,0,0,0,0,0,0,0,0,0,0,0,0,0,0,0,0,0,1,4,6,0,0,0,0,0,0,0,0,0,0,0,0,0,0,0,0,0,0,0,0,0,0,0,0,0,0,0,0,0,0,0,0,0,18.66,88.65,124.8,0,0,0,0,0,0
PONCHK-KID-SM-KARMCHAM - B2B,PONCHK-KID-SM-KARMCHAM,B2B,0,0,0,0,0,0,0,0,0,0,0,0,1,3,12,10,8,20,18,12,0,0,0,0,0,0,0,0,0,0,0,0,0,0,0,0,0,0,0,0,0,0,0,0,0,0,0,0,-0.49,37.01,147.74,346.68,100,251.37,222,150,0,0,0,0,0,0,0,0,0,0,0,0,0,0,0,0
PONCHK-KID-SM-KARMCHAM - DTC,PONCHK-KID-SM-KARMCHAM,DTC,0,0,0,0,0,0,0,0,0,0,0,0,0,38,73,69,52,70,96,10,0,2,0,0,0,0,0,0,0,0,0,0,0,0,0,0,0,0,0,0,0,0,0,0,0,0,0,0,0,632.12,1319.55,1255.73,1078.78,1363.36,1894.9,186.24,0,32.68,0,0,0,0,0,0,0,0,0,0,0,0,0,0
PONCHK-KID-SM-KARMCHAM - FBA,PONCHK-KID-SM-KARMCHAM,FBA,0,0,0,0,0,0,0,0,0,0,0,0,0,1,11,7,5,6,21,22,8,2,0,0,0,0,0,0,0,0,0,0,0,0,0,0,0,0,0,0,0,0,0,0,0,0,0,0,0,20.83,234.51,143.56,101.23,125.94,436.39,423.81,158.17,35.47,0,0,0,0,0,0,0,0,0,0,0,0,0,0
PONCHK-KID-SM-LEOP - B2B,PONCHK-KID-SM-LEOP,B2B,0,3,0,0,2,0,0,0,0,0,0,0,0,0,0,0,0,0,0,0,0,0,0,0,0,0,0,0,0,0,0,0,0,0,0,0,0,32.67,0,0,25,0,0,0,0,0,0,0,0,0,0,0,0,0,0,0,0,0,0,0,0,0,0,0,0,0,0,0,0,0,0,0
PONCHK-KID-SM-LEOP - DTC,PONCHK-KID-SM-LEOP,DTC,117,112,1,0,0,7,0,0,0,0,0,0,0,0,0,0,0,0,0,0,1,4,44,3,0,0,0,0,0,0,0,0,0,0,0,0,1492.87,1302.89,16.5,0,0,86.15,0,0,0,0,0,0,0,0,0,0,0,0,0,0,19.73,82.53,448.76,32.86,0,0,0,0,0,0,0,0,0,0,0,0
PONCHK-KID-SM-LEOP - FBA,PONCHK-KID-SM-LEOP,FBA,1,2,2,3,3,2,4,6,1,1,2,3,0,0,2,0,0,0,0,0,0,0,0,0,0,0,0,0,0,0,0,0,0,0,0,0,20.83,41.66,41.66,54.15,46.64,37.48,70.8,129.14,20.83,20.83,41.66,62.49,0,0,41.66,0,0,0,0,0,0,0,0,0,0,0,0,0,0,0,0,0,0,0,0,0
PONCHK-KID-SM-POWER - DTC,PONCHK-KID-SM-POWER,DTC,61,3,0,0,0,2,0,0,0,1,0,0,0,0,0,0,0,0,0,0,1,2,7,0,0,0,0,0,0,0,0,0,0,0,0,0,808.39,39.72,0,0,0,50.58,0,0,0,18.75,0,0,0,0,0,0,0,0,0,0,24.29,41.07,72.67,0,0,0,0,0,0,0,0,0,0,0,0,0
PONCHK-KID-SM-POWER - FBA,PONCHK-KID-SM-POWER,FBA,0,2,4,3,4,2,2,0,0,0,0,0,0,0,0,0,0,0,0,0,0,0,0,0,0,0,0,0,0,0,0,0,0,0,0,0,0,37.48,70.82,50,68.74,41.66,25.02,0,0,0,0,0,0,0,0,0,0,0,0,0,0,0,0,0,0,0,0,0,0,0,0,0,0,0,0,0
PONCHK-KID-SM-POWER-NS - B2B,PONCHK-KID-SM-POWER-NS,B2B,0,0,2,5,0,4,0,0,0,0,0,0,0,0,0,2,0,1,0,0,0,0,0,0,0,0,0,0,0,0,0,0,0,0,0,0,0,0,25,59.22,0,35.46,0,0,0,0,0,0,0,0,0,25,0,8.75,0,0,0,0,0,0,0,0,0,0,0,0,0,0,0,0,0,0
PONCHK-KID-SM-POWER-NS - DTC,PONCHK-KID-SM-POWER-NS,DTC,0,0,12,8,5,6,13,12,7,6,10,32,41,14,17,42,30,21,36,28,9,4,62,30,29,8,11,11,10,0,0,0,0,0,0,0,0,0,232.62,146.91,101.05,89.59,210.4,195.61,76.95,91.99,122.77,362.53,453.35,151.91,243.34,550.68,584.3,401.41,670.52,382.21,141.32,70.67,551.35,344.28,363.77,126.17,217.1,177.34,176.17,0,0,0,0,0,0,0
PONCHK-KID-SM-RAINB - B2B,PONCHK-KID-SM-RAINB,B2B,0,3,0,0,0,0,0,0,0,0,0,0,0,1,0,0,0,0,0,0,0,0,0,0,0,0,0,0,0,0,0,0,0,0,0,0,0,32.67,0,0,0,0,0,0,0,0,0,0,0,12.03,0,0,0,0,0,0,0,0,0,0,0,0,0,0,0,0,0,0,0,0,0,0
PONCHK-KID-SM-RAINB - DTC,PONCHK-KID-SM-RAINB,DTC,87,94,0,1,17,14,1,0,0,0,18,13,1,0,0,0,0,13,7,0,0,0,0,0,0,0,0,0,0,0,0,0,0,0,0,0,1099.86,1174.62,0,0,254.86,183.69,11.14,0,0,0,202.43,177.19,6.75,0,0,0,0,242.4,126.52,0,0,0,0,0,0,0,0,0,0,0,0,0,0,0,0,0
PONCHK-KID-SM-RAINB - FBA,PONCHK-KID-SM-RAINB,FBA,1,0,2,1,1,3,1,3,0,0,0,0,1,0,3,4,6,7,4,0,0,0,0,0,0,0,0,0,0,0,0,0,0,0,0,0,14.57,0,37.49,20.83,20.83,62.49,20.83,58.32,0,0,0,0,20.83,0,62.49,79.14,117.68,141.63,74.97,0,0,0,0,0,0,0,0,0,0,0,0,0,0,0,0,0
PONCHK-KID-SM-SKATER - B2B,PONCHK-KID-SM-SKATER,B2B,0,0,0,0,0,0,0,0,0,0,0,0,0,0,0,0,0,0,0,0,0,0,0,0,0,0,0,6,0,0,0,0,0,0,0,0,0,0,0,0,0,0,0,0,0,0,0,0,0,0,0,0,0,0,0,0,0,0,0,0,0,0,0,84,0,0,0,0,0,0,0,0
PONCHK-KID-SM-SKATER - DTC,PONCHK-KID-SM-SKATER,DTC,0,0,0,0,0,0,0,0,0,0,0,0,0,0,0,0,0,0,0,0,0,0,0,0,0,1,7,12,13,19,8,0,0,0,0,0,0,0,0,0,0,0,0,0,0,0,0,0,0,0,0,0,0,0,0,0,0,0,0,0,0,23.33,134,268.43,239,394.92,151.01,0,0,0,0,0
PONCHK-KID-SM-SKATER - FBA,PONCHK-KID-SM-SKATER,FBA,0,0,0,0,0,0,0,0,0,0,0,0,0,0,0,0,0,0,0,0,0,0,0,0,0,1,1,0,2,4,0,0,0,0,0,0,0,0,0,0,0,0,0,0,0,0,0,0,0,0,0,0,0,0,0,0,0,0,0,0,0,23.33,23.33,0,41.99,79.31,0,0,0,0,0,0
PONCHK-KID-SM-SQUIG - B2B,PONCHK-KID-SM-SQUIG,B2B,0,0,0,0,2,6,7,0,0,0,0,0,0,1,0,0,0,0,0,0,0,0,0,0,0,0,0,0,0,0,0,0,0,0,0,0,0,0,0,0,25,59.38,71.96,0,0,0,0,0,0,12.03,0,0,0,0,0,0,0,0,0,0,0,0,0,0,0,0,0,0,0,0,0,0
PONCHK-KID-SM-SQUIG - DTC,PONCHK-KID-SM-SQUIG,DTC,197,21,0,1,40,49,20,0,0,3,0,0,0,0,0,0,0,0,0,0,2,4,10,0,0,0,0,0,0,0,0,0,0,0,0,0,2490.11,289.2,0,5.21,596.34,748.87,212.03,0,0,58,0,0,0,0,0,0,0,0,0,0,39.28,72.86,111.88,0,0,0,0,0,0,0,0,0,0,0,0,0
PONCHK-KID-SM-SQUIG - FBA,PONCHK-KID-SM-SQUIG,FBA,0,0,3,7,3,4,12,4,1,0,0,0,0,0,0,0,0,0,0,0,0,0,0,0,0,0,0,0,0,0,0,0,0,0,0,0,0,0,58.33,140.81,56.22,76.02,212.42,87.48,20.83,0,0,0,0,0,0,0,0,0,0,0,0,0,0,0,0,0,0,0,0,0,0,0,0,0,0,0
PONCHK-KID-SM-TURTROP - B2B,PONCHK-KID-SM-TURTROP,B2B,0,0,0,0,0,0,0,0,0,0,0,0,5,1,13,9,3,15,6,0,0,0,0,0,0,0,0,0,0,0,0,0,0,0,0,0,0,0,0,0,0,0,0,0,0,0,0,0,49.51,10.79,160.24,337.67,37.5,188.11,75,0,0,0,0,0,0,0,0,0,0,0,0,0,0,0,0,0
PONCHK-KID-SM-TURTROP - DTC,PONCHK-KID-SM-TURTROP,DTC,0,0,0,0,0,0,0,0,0,0,0,0,0,16,27,32,35,31,54,62,23,4,3,31,5,0,0,0,0,0,0,0,0,0,0,0,0,0,0,0,0,0,0,0,0,0,0,0,0,307.27,519.06,593.84,723.04,576.68,1084.89,815.96,252.76,76.06,46.67,396.61,38.73,0,0,0,0,0,0,0,0,0,0,0
PONCHK-KID-SM-TURTROP - FBA,PONCHK-KID-SM-TURTROP,FBA,0,0,0,0,0,0,0,0,0,0,0,0,0,2,3,6,9,4,9,6,4,1,33,6,1,2,2,0,0,0,0,0,0,0,0,0,0,0,0,0,0,0,0,0,0,0,0,0,0,43.74,65.64,118.72,180.48,83.86,184.01,112.46,76.84,18.67,274.16,55.3,20.83,41.66,37.48,0,0,0,0,0,0,0,0,0
PONCHK-KID-XS-CAMO - B2B,PONCHK-KID-XS-CAMO,B2B,0,0,0,0,1,0,0,0,0,0,0,0,0,0,0,0,0,5,0,0,0,0,0,0,0,0,0,0,0,0,0,0,0,0,0,0,0,0,0,0,12.5,0,0,0,0,0,0,0,0,0,0,0,0,53.06,0,0,0,0,0,0,0,0,0,0,0,0,0,0,0,0,0,0
PONCHK-KID-XS-CAMO - DTC,PONCHK-KID-XS-CAMO,DTC,106,1,4,0,5,12,19,159,14,9,31,49,84,17,27,28,29,19,11,14,9,1,16,2,0,0,0,0,0,0,0,0,0,0,0,0,1353.21,7.14,47.83,0,96.33,217.71,345.32,1240.62,203.97,130.98,416.2,562.46,886.98,181.02,225.09,380.83,536.61,391.88,179.65,172.76,147.25,16.8,222.32,28,0,0,0,0,0,0,0,0,0,0,0,0
PONCHK-KID-XS-CAMO - FBA,PONCHK-KID-XS-CAMO,FBA,0,1,1,5,2,3,6,3,2,1,0,0,0,0,1,1,1,2,2,1,3,4,6,0,0,0,0,0,0,0,0,0,0,0,0,0,0,14.57,20.83,103.31,37.48,62.47,116.65,62.49,41.66,20.83,0,0,0,0,20.83,20.83,15.62,41.66,39.57,20.83,56.01,72.8,46.2,0,0,0,0,0,0,0,0,0,0,0,0,0
PONCHK-KID-XS-LEOP - B2B,PONCHK-KID-XS-LEOP,B2B,0,0,0,0,0,1,0,0,0,0,0,0,0,0,0,0,0,3,0,0,0,0,0,0,0,0,0,0,0,0,0,0,0,0,0,0,0,0,0,0,0,7.29,0,0,0,0,0,0,0,0,0,0,0,32.34,0,0,0,0,0,0,0,0,0,0,0,0,0,0,0,0,0,0
PONCHK-KID-XS-LEOP - DTC,PONCHK-KID-XS-LEOP,DTC,34,43,38,0,12,6,18,15,5,5,16,15,31,7,10,8,9,9,5,8,6,0,24,12,9,2,3,4,6,8,3,0,0,0,0,0,464.35,518.01,354.83,0,186.4,78.64,241.48,178.59,81.5,60.3,187.53,149.21,306.73,106.5,140,69.53,169.51,157.56,98.68,82.14,78.72,0,189.91,90.33,78.9,36.15,25.2,80.71,115.65,156.08,36.82,0,0,0,0,0
PONCHK-KID-XS-LEOP - FBA,PONCHK-KID-XS-LEOP,FBA,1,0,0,1,3,0,4,0,1,0,0,0,0,0,0,0,0,0,0,0,0,1,0,0,1,1,0,1,1,1,0,0,0,0,0,0,17.5,0,0,16.67,52.48,0,71.02,0,20.83,0,0,0,0,0,0,0,0,0,0,0,0,16.79,0,0,18.67,18.67,0,16.8,18.67,18.67,0,0,0,0,0,0
PONCHK-KID-XS-POWER - B2B,PONCHK-KID-XS-POWER,B2B,0,0,0,0,0,3,0,0,0,0,0,0,0,0,0,0,0,0,0,0,0,0,0,0,1,0,0,0,0,0,0,0,0,0,0,0,0,0,0,0,0,32.29,0,0,0,0,0,0,0,0,0,0,0,0,0,0,0,0,0,0,20.83,0,0,0,0,0,0,0,0,0,0,0
PONCHK-KID-XS-POWER - DTC,PONCHK-KID-XS-POWER,DTC,70,39,5,0,4,5,3,11,6,4,13,29,33,20,15,24,13,0,4,0,0,0,0,0,0,0,0,0,0,0,0,0,0,0,0,0,904.13,456.97,40.22,0,81.99,110.94,55.8,206.63,146.23,79.94,203,341.75,345.89,240.62,193.06,350.52,253.58,0,76.07,0,0,0,0,0,0,0,0,0,0,0,0,0,0,0,0,0
PONCHK-KID-XS-POWER - FBA,PONCHK-KID-XS-POWER,FBA,0,0,2,1,2,1,4,0,1,0,0,0,1,2,2,0,0,3,4,0,1,2,2,2,0,0,0,0,1,0,1,0,0,0,0,0,0,0,41.66,16.65,39.57,16.65,71.33,0,20.83,0,0,0,20.83,41.66,42.91,0,0,60.4,72.58,0,18.67,37.34,24.5,24.49,0,0,0,0,18.67,0,18.67,0,0,0,0,0
PONCHK-KID-XS-RAINB - B2B,PONCHK-KID-XS-RAINB,B2B,0,0,0,0,0,1,0,0,0,0,0,0,0,0,0,0,0,0,0,0,0,0,0,0,0,0,0,0,0,0,0,0,0,0,0,0,0,0,0,0,0,7.29,0,0,0,0,0,0,0,0,0,0,0,0,0,0,0,0,0,0,0,0,0,0,0,0,0,0,0,0,0,0
PONCHK-KID-XS-RAINB - DTC,PONCHK-KID-XS-RAINB,DTC,60,55,98,60,30,6,27,33,15,7,24,44,23,3,21,10,1,0,0,0,0,0,0,0,0,0,0,0,0,0,0,0,0,0,0,0,717.54,638.06,895.86,650.51,368.64,81.4,374.53,413.27,189.23,102.34,295.41,450.83,201.72,52,277.75,179.71,20,0,0,0,0,0,0,0,0,0,0,0,0,0,0,0,0,0,0,0
PONCHK-KID-XS-RAINB - FBA,PONCHK-KID-XS-RAINB,FBA,0,0,1,1,4,1,5,4,0,0,0,0,0,1,0,2,4,3,4,1,0,0,0,0,0,0,0,0,0,0,0,0,0,0,0,0,0,0,20.83,20.83,79.15,20.83,94.99,74.99,0,0,0,0,0,20.83,0,35.4,80.92,58.32,74.35,20.83,0,0,0,0,0,0,0,0,0,0,0,0,0,0,0,0
PONCHK-KID-XS-SQUIG - B2B,PONCHK-KID-XS-SQUIG,B2B,0,0,0,0,0,1,0,3,0,2,0,0,0,0,0,0,0,0,0,0,0,0,0,0,0,0,0,0,0,0,0,0,0,0,0,0,0,0,0,0,0,7.29,0,33.75,0,24.55,0,0,0,0,0,0,0,0,0,0,0,0,0,0,0,0,0,0,0,0,0,0,0,0,0,0
PONCHK-KID-XS-SQUIG - DTC,PONCHK-KID-XS-SQUIG,DTC,99,113,3,0,17,29,42,40,5,1,0,0,0,0,0,0,0,0,0,0,1,0,23,0,0,0,0,0,0,0,0,0,0,0,0,0,1226.45,1301.17,29.05,0,277.17,449.01,516.48,543.01,48.57,9.13,0,0,0,0,0,0,0,0,0,0,18.67,0,216.27,0,0,0,0,0,0,0,0,0,0,0,0,0
PONCHK-KID-XS-SQUIG - FBA,PONCHK-KID-XS-SQUIG,FBA,2,1,1,2,1,0,7,2,1,0,1,5,0,2,0,0,0,0,0,0,0,0,0,0,0,0,0,0,0,0,0,0,0,0,0,0,41.66,17.72,20.83,37.5,20.83,0,103.84,37.49,20.83,0,20.83,103.09,0,41.65,0,0,0,0,0,0,0,0,0,0,0,0,0,0,0,0,0,0,0,0,0,0
PONCHK-SUM-MD-CSTCANDY - B2B,PONCHK-SUM-MD-CSTCANDY,B2B,0,0,0,0,0,0,0,0,0,0,0,0,2,7,14,9,13,8,0,66,0,0,0,0,0,6,2,18,12,12,12,0,0,0,0,0,0,0,0,0,0,0,0,0,0,0,0,0,11.45,711.48,170.49,339.02,162.5,100,0,825,0,0,0,0,0,2575.98,0,252,153.3,176.35,159.6,0,0,0,0,0
PONCHK-SUM-MD-CSTCANDY - DTC,PONCHK-SUM-MD-CSTCANDY,DTC,0,0,0,0,0,0,0,0,0,0,0,0,0,30,64,48,52,42,40,81,6,0,3,0,0,14,21,38,63,101,115,0,0,0,0,0,0,0,0,0,0,0,0,0,0,0,0,0,0,598.95,1113.17,883.99,1057.68,833.83,827.27,1607.36,125.58,0,56,0,0,260.04,464.63,855.76,1350.16,1895.94,2398.2,0,0,0,0,0
PONCHK-SUM-MD-CSTCANDY - FBA,PONCHK-SUM-MD-CSTCANDY,FBA,0,0,0,0,0,0,0,0,0,0,0,0,0,2,9,12,24,7,4,38,3,3,14,4,5,10,9,14,15,41,6,0,0,0,0,0,0,0,0,0,0,0,0,0,0,0,0,0,0,41.66,188.97,245.05,488.86,141.62,87.12,730.49,67.49,69.99,293.5,88.66,100.13,205.78,181.17,273.1,321.2,821.51,132.66,0,0,0,0,0
PONCHK-SUM-MD-UNICN - B2B,PONCHK-SUM-MD-UNICN,B2B,3,10,9,3,8,19,6,0,0,0,0,0,0,0,0,0,0,0,0,0,0,0,0,0,0,0,0,0,0,0,0,0,0,0,0,0,33.75,112.5,102.78,34.87,95,154.38,60.71,0,0,0,0,0,0,0,0,0,0,0,0,0,0,0,0,0,0,0,0,0,0,0,0,0,0,0,0,0
PONCHK-SUM-MD-UNICN - DTC,PONCHK-SUM-MD-UNICN,DTC,41,45,102,64,87,66,113,0,0,9,107,6,2,1,3,30,1,1,1,0,0,0,0,0,0,0,0,0,0,0,0,0,0,0,0,0,835.79,897.94,1947.8,1258.14,1675.07,1191.37,2018.09,0,0,177.4,1501.32,80.42,39.34,16.67,21.9,413.49,24,15,22,0,0,0,0,0,0,0,0,0,0,0,0,0,0,0,0,0
PONCHK-SUM-MD-UNICN - FBA,PONCHK-SUM-MD-UNICN,FBA,8,2,11,6,4,22,14,1,0,1,4,1,0,0,1,4,1,0,1,0,0,0,0,0,0,0,0,0,0,0,0,0,0,0,0,0,165.14,36.46,204.13,117.05,86.03,418.1,244.34,20.65,0,23.99,83,17.7,0,0,23.38,85.82,19.82,0,20.83,0,0,0,0,0,0,0,0,0,0,0,0,0,0,0,0,0
PONCHK-SUM-MD-UNICN-NS - B2B,PONCHK-SUM-MD-UNICN-NS,B2B,0,0,1,15,0,13,8,3,0,0,1,0,13,4,0,15,6,13,18,16,6,0,0,0,0,21,28,20,6,12,0,0,0,0,0,0,0,0,12.5,183.12,0,151.87,91.52,35.48,0,0,0,0,162.5,48.17,0,619.02,67.5,162.5,220,190.9,84,0,0,0,0,3498.35,376,266,89.19,150,0,0,0,0,0,0
PONCHK-SUM-MD-UNICN-NS - DTC,PONCHK-SUM-MD-UNICN-NS,DTC,0,0,7,0,0,0,0,77,31,29,8,0,30,51,94,107,93,80,143,62,54,17,87,51,36,29,21,34,59,78,94,0,0,0,0,0,0,0,148.03,0,0,0,0,1581.35,700.46,562.66,148.9,0,683.51,1046.46,1833.49,2203.97,2019.81,1836.88,3255.15,1377,1096.21,390.33,1986,1119.41,895.03,575.27,459.66,621.99,1272.68,1700.49,2033.51,0,0,0,0,0
PONCHK-SUM-MD-UNICN-NS - FBA,PONCHK-SUM-MD-UNICN-NS,FBA,0,0,1,0,0,0,0,0,0,0,0,0,0,0,0,0,0,0,0,0,0,0,0,0,0,0,0,0,0,0,0,0,0,0,0,0,0,0,15.62,0,0,0,0,0,0,0,0,0,0,0,0,0,0,0,0,0,0,0,0,0,0,0,0,0,0,0,0,0,0,0,0,0
PONCHK-SUM-SM-CSTCANDY - B2B,PONCHK-SUM-SM-CSTCANDY,B2B,0,0,0,0,0,0,0,0,0,0,0,0,1,7,27,15,15,13,12,0,0,0,0,0,0,13,2,6,6,18,0,0,0,0,0,0,0,0,0,0,0,0,0,0,0,0,0,0,-0.49,1023.98,334.21,414.91,187.5,162.5,150,0,0,0,0,0,0,979.38,0,84,75.6,260.35,0,0,0,0,0,0
PONCHK-SUM-SM-CSTCANDY - DTC,PONCHK-SUM-SM-CSTCANDY,DTC,0,0,0,0,0,0,0,0,0,0,0,0,0,16,37,33,32,30,55,44,11,7,11,10,4,4,11,13,20,23,29,0,0,0,0,0,0,0,0,0,0,0,0,0,0,0,0,0,0,296.7,700.16,596.5,603.75,516.72,1101.76,896.58,186.87,157.4,243.99,226.19,78.2,38.67,222.82,279.76,439.41,437.45,661.71,0,0,0,0,0
PONCHK-SUM-SM-CSTCANDY - FBA,PONCHK-SUM-SM-CSTCANDY,FBA,0,0,0,0,0,0,0,0,0,0,0,0,0,3,9,9,16,6,20,22,2,5,0,3,2,1,5,1,5,14,0,0,0,0,0,0,0,0,0,0,0,0,0,0,0,0,0,0,0,65.65,183.18,182.03,326.67,122.21,397.21,441.54,46.66,116.65,0,62.99,42.07,23.98,98.92,18.74,116.65,279.91,0,0,0,0,0,0
PONCHK-SUM-SM-UNICN - B2B,PONCHK-SUM-SM-UNICN,B2B,0,0,10,1,11,15,15,0,0,0,0,0,0,0,0,0,0,0,0,0,0,0,0,0,0,0,0,0,0,0,0,0,0,0,0,0,0,0,110.76,12.37,128.75,122.5,161.96,0,0,0,0,0,0,0,0,0,0,0,0,0,0,0,0,0,0,0,0,0,0,0,0,0,0,0,0,0
PONCHK-SUM-SM-UNICN - DTC,PONCHK-SUM-SM-UNICN,DTC,44,50,115,59,100,35,93,101,22,5,0,0,4,0,0,0,0,0,0,0,0,0,0,0,0,0,0,0,0,0,0,0,0,0,0,0,827.55,1010.6,2217.37,1230.94,1944.96,729.8,1771.67,2072.54,453.64,120.81,0,0,76,0,0,0,0,0,0,0,0,0,0,0,0,0,0,0,0,0,0,0,0,0,0,0
PONCHK-SUM-SM-UNICN - FBA,PONCHK-SUM-SM-UNICN,FBA,2,7,3,11,10,15,51,28,5,6,0,2,6,3,2,0,0,0,0,0,0,0,0,0,0,0,0,0,0,0,0,0,0,0,0,0,38.53,139.35,54.17,212.41,199.22,278.02,903.92,564.5,104.15,116.64,0,45.82,126.37,62.49,38.17,0,0,0,0,0,0,0,0,0,0,0,0,0,0,0,0,0,0,0,0,0
PONCHK-SUM-SM-UNICN-NS - B2B,PONCHK-SUM-SM-UNICN-NS,B2B,0,0,0,16,14,4,0,3,2,0,0,0,11,2,12,16,2,13,20,0,0,0,0,0,0,16,28,26,0,42,0,0,0,0,0,0,0,0,0,195.62,70.88,35.46,0,33.75,23.21,0,0,0,124.51,25,150,632.16,25,163.13,250,0,0,0,0,0,0,803.61,376,345.8,0,570,0,0,0,0,0,0
PONCHK-SUM-SM-UNICN-NS - DTC,PONCHK-SUM-SM-UNICN-NS,DTC,0,0,3,0,0,0,0,0,0,1,18,36,9,17,55,91,53,41,44,31,15,6,21,12,6,5,7,22,33,29,36,0,0,0,0,0,0,0,52.5,0,0,0,0,0,0,27.86,391.77,793.23,221.49,372.32,1113.81,1869.33,1162.86,882.67,979.61,715.7,372.48,158.67,486.08,277.6,153.06,97.99,167.21,515.6,685.02,662.99,776.34,0,0,0,0,0
PONCHK-SUM-SM-UNICN-NS - FBA,PONCHK-SUM-SM-UNICN-NS,FBA,0,1,0,0,0,0,0,0,0,0,0,0,0,0,0,0,0,0,0,0,0,0,0,0,0,0,0,0,0,0,0,0,0,0,0,0,0,15.62,0,0,0,0,0,0,0,0,0,0,0,0,0,0,0,0,0,0,0,0,0,0,0,0,0,0,0,0,0,0,0,0,0,0
PONCHK-SUM-XS-UNICN - B2B,PONCHK-SUM-XS-UNICN,B2B,0,0,4,19,7,11,0,0,0,0,0,0,0,0,0,0,0,4,0,0,0,0,0,0,1,0,0,0,0,0,0,0,0,0,0,0,0,0,45,214.87,81.25,94.1,0,0,0,0,0,0,0,0,0,0,0,41.27,0,0,0,0,0,0,20.83,0,0,0,0,0,0,0,0,0,0,0
PONCHK-SUM-XS-UNICN - DTC,PONCHK-SUM-XS-UNICN,DTC,25,20,36,44,52,26,64,41,19,14,59,81,121,47,77,105,77,57,58,70,33,4,68,28,5,1,11,1,0,0,0,0,0,0,0,0,480.7,447.62,779.06,891.93,1053.5,500.65,1272.82,793.21,424.87,276.14,755.72,957.16,1474.47,607.13,1111.29,1444.27,1395.08,1083.81,1107.66,1015.05,480.07,87.34,616.09,317.75,61.4,32,213.44,26.4,0,0,0,0,0,0,0,0
PONCHK-SUM-XS-UNICN - FBA,PONCHK-SUM-XS-UNICN,FBA,5,3,5,6,5,6,15,19,1,2,2,1,2,1,4,7,13,18,12,9,3,2,21,2,0,0,1,4,23,11,17,0,0,0,0,0,101.02,60.39,91.63,119.13,105.19,120.8,273.57,398.91,20.83,41.31,41.66,13.53,39.57,20.83,81.22,139.54,253.9,333.32,234.41,173.9,56.01,37.34,172.67,37.34,0,0,23.33,81.66,399.84,185.25,301.49,0,0,0,0,0
POS-DIS-LG-FULL-TOWLB-EN-24 - B2B,POS-DIS-LG-FULL-TOWLB-EN-24,B2B,0,0,1,1,2,2,0,0,0,0,0,0,1,7,3,0,0,0,1,0,0,0,1,0,0,0,6,3,0,0,1,0,0,0,0,0,0,0,0,20,20,41.02,0,0,0,0,0,0,21.88,64,20,192,0,0,0,0,0,0,21.34,0,0,0,52.51,31.81,0,0,20,0,0,0,0,0
POS-DIS-LG-FULL-TOWLB-STOCKED-SS26 - B2B,POS-DIS-LG-FULL-TOWLB-STOCKED-SS26,B2B,0,0,0,0,0,0,0,0,0,0,0,0,0,0,0,0,0,0,0,0,0,0,0,0,0,0,2,1,0,0,0,0,0,0,0,0,0,0,0,0,0,0,0,0,0,0,0,0,0,0,0,0,0,0,0,0,0,0,0,0,0,0,1556.9,732.26,0,0,0,0,0,0,0,0
POS-DIS-PREM-1SIDE-24 - B2B,POS-DIS-PREM-1SIDE-24,B2B,0,0,0,0,0,1,0,0,0,0,0,2,1,0,7,5,2,0,0,0,0,0,0,0,0,0,0,0,0,0,0,0,0,0,0,0,0,0,0,0,0,0,0,0,0,0,0,320,0,0,1028.58,1190.92,320,0,0,0,0,0,0,0,0,0,0,0,0,0,0,0,0,0,0,0
POS-DIS-PREM-1SIDE-STOCKED-SS25 - B2B,POS-DIS-PREM-1SIDE-STOCKED-SS25,B2B,0,0,0,0,0,0,0,0,0,0,0,0,1,0,2,3,0,0,0,0,0,0,0,0,0,0,0,0,0,0,0,0,0,0,0,0,0,0,0,0,0,0,0,0,0,0,0,0,0,0,2041.13,3119.87,0,0,0,0,0,0,0,0,0,0,0,0,0,0,0,0,0,0,0,0
POS-DIS-PREM-3X-PRONGS - B2B,POS-DIS-PREM-3X-PRONGS,B2B,0,0,0,0,0,2,0,0,0,0,0,0,0,0,0,0,0,0,0,0,0,0,0,0,0,0,0,0,0,0,0,0,0,0,0,0,0,0,0,0,0,0,0,0,0,0,0,0,0,0,0,0,0,0,0,0,0,0,0,0,0,0,0,0,0,0,0,0,0,0,0,0
POS-DIS-PREM-WIRE-BASKET - B2B,POS-DIS-PREM-WIRE-BASKET,B2B,0,0,0,0,0,0,0,0,0,0,2,0,0,0,0,0,2,0,0,0,0,0,0,0,0,0,0,0,0,0,0,0,0,0,0,0,0,0,0,0,0,0,0,0,0,0,0,0,0,0,0,0,0,0,0,0,0,0,0,0,0,0,0,0,0,0,0,0,0,0,0,0
POS-DIS-SM-DOGTWL-EN-24 - B2B,POS-DIS-SM-DOGTWL-EN-24,B2B,0,0,0,0,2,0,0,2,0,0,0,0,1,2,3,4,0,2,0,0,0,1,0,0,0,3,0,0,0,0,0,0,0,0,0,0,0,0,0,0,20.71,0,0,11.3,0,0,0,0,-0.2,21.74,21.35,19.84,0,20.97,0,0,0,10.84,0,0,0,21.64,0,0,0,0,0,0,0,0,0,0
POS-DIS-SM-DOGTWL-STOCKED-AW24 - B2B,POS-DIS-SM-DOGTWL-STOCKED-AW24,B2B,0,0,0,0,0,0,0,0,0,0,0,0,0,1,2,2,0,1,0,0,0,0,0,0,0,0,0,0,0,0,0,0,0,0,0,0,0,0,0,0,0,0,0,0,0,0,0,0,0,350,661.86,653.34,0,340,0,0,0,0,0,0,0,0,0,0,0,0,0,0,0,0,0,0
POS-DIS-SM-DOGTWL-STOCKED-AW25 - B2B,POS-DIS-SM-DOGTWL-STOCKED-AW25,B2B,0,0,0,0,0,0,0,0,0,0,0,0,0,0,0,0,0,0,0,0,0,0,0,0,0,2,0,0,0,0,0,0,0,0,0,0,0,0,0,0,0,0,0,0,0,0,0,0,0,0,0,0,0,0,0,0,0,0,0,0,0,671.02,0,0,0,0,0,0,0,0,0,0
POS-DIS-SM-DOGTWL-STOCKED-EN-24 - B2B,POS-DIS-SM-DOGTWL-STOCKED-EN-24,B2B,0,0,0,0,0,0,0,2,0,0,0,0,0,0,0,0,0,0,0,0,0,0,0,0,0,0,0,0,0,0,0,0,0,0,0,0,0,0,0,0,0,0,0,0,0,0,0,0,0,0,0,0,0,0,0,0,0,0,0,0,0,0,0,0,0,0,0,0,0,0,0,0
POS-DIS-SM-FULL-BAGF-EN-24 - B2B,POS-DIS-SM-FULL-BAGF-EN-24,B2B,0,0,0,0,0,1,0,0,0,0,0,0,0,0,0,0,1,0,0,0,0,0,1,0,0,0,1,1,0,0,0,0,0,0,0,0,0,0,0,0,0,10,0,0,0,0,0,0,0,0,0,0,0,0,0,0,0,0,10.67,0,0,0,0,10,0,0,0,0,0,0,0,0
POS-DIS-SM-FULL-BAGF-STOCKED-EN-24 - B2B,POS-DIS-SM-FULL-BAGF-STOCKED-EN-24,B2B,0,0,0,2,0,0,1,0,0,0,0,0,0,0,0,0,0,0,0,0,0,0,0,0,0,0,0,0,0,0,0,0,0,0,0,0,0,0,0,480,0,0,232.42,0,0,0,0,0,0,0,0,0,0,0,0,0,0,0,0,0,0,0,0,0,0,0,0,0,0,0,0,0
POS-DIS-SM-FULL-BAGF-STOCKED-SS25 - B2B,POS-DIS-SM-FULL-BAGF-STOCKED-SS25,B2B,0,0,0,0,0,0,0,0,0,0,0,0,0,0,2,0,0,0,0,0,0,0,0,0,0,0,0,0,0,0,0,0,0,0,0,0,0,0,0,0,0,0,0,0,0,0,0,0,0,0,415.95,0,0,0,0,0,0,0,0,0,0,0,0,0,0,0,0,0,0,0,0,0
POS-DIS-SM-FULL-BAGF-STOCKED-SS26 - B2B,POS-DIS-SM-FULL-BAGF-STOCKED-SS26,B2B,0,0,0,0,0,0,0,0,0,0,0,0,0,0,0,0,0,0,0,0,0,0,0,0,0,0,1,0,0,0,0,0,0,0,0,0,0,0,0,0,0,0,0,0,0,0,0,0,0,0,0,0,0,0,0,0,0,0,0,0,0,0,272.5,0,0,0,0,0,0,0,0,0
POS-DIS-SM-FULL-HAIRW-EN-24 - B2B,POS-DIS-SM-FULL-HAIRW-EN-24,B2B,0,0,0,1,3,2,2,0,0,4,0,0,1,1,6,1,1,1,0,1,0,0,1,0,0,2,2,2,1,1,0,0,0,0,0,0,0,0,0,10,33.78,10,5.5,0,0,32.36,0,0,-0.47,0,13.81,0,4.44,0,0,10,0,0,10.67,0,0,12.06,12.05,16.34,6.34,10.89,0,0,0,0,0,0
POS-DIS-SM-FULL-HAIRW-EN-24 - DTC,POS-DIS-SM-FULL-HAIRW-EN-24,DTC,0,0,0,0,0,0,0,0,0,0,0,0,0,0,0,1,0,0,0,0,0,0,0,0,0,0,0,0,0,0,0,0,0,0,0,0,0,0,0,0,0,0,0,0,0,0,0,0,0,0,0,10,0,0,0,0,0,0,0,0,0,0,0,0,0,0,0,0,0,0,0,0
POS-DIS-SM-FULL-HAIRW-STOCKED-AW24 - B2B,POS-DIS-SM-FULL-HAIRW-STOCKED-AW24,B2B,0,0,0,0,0,0,0,0,0,0,0,0,0,0,4,0,1,0,0,0,0,0,0,0,0,0,0,0,0,0,0,0,0,0,0,0,0,0,0,0,0,0,0,0,0,0,0,0,0,0,471.84,0,115.22,0,0,0,0,0,0,0,0,0,0,0,0,0,0,0,0,0,0,0
POS-DIS-SM-FULL-HAIRW-STOCKED-AW25 - B2B,POS-DIS-SM-FULL-HAIRW-STOCKED-AW25,B2B,0,0,0,0,0,0,0,0,0,0,0,0,0,0,0,0,0,0,0,0,0,0,0,0,0,2,2,1,1,0,0,0,0,0,0,0,0,0,0,0,0,0,0,0,0,0,0,0,0,0,0,0,0,0,0,0,0,0,0,0,0,301.36,301.36,158.58,158.53,0,0,0,0,0,0,0
POS-DIS-SM-FULL-HAIRW-STOCKED-EN-24 - B2B,POS-DIS-SM-FULL-HAIRW-STOCKED-EN-24,B2B,0,1,0,0,0,1,2,0,0,0,0,0,0,0,0,0,0,0,0,0,0,0,0,0,0,0,0,0,0,0,0,0,0,0,0,0,0,250,0,0,0,250,484.21,0,0,0,0,0,0,0,0,0,0,0,0,0,0,0,0,0,0,0,0,0,0,0,0,0,0,0,0,0
POS-DIS-SM-FULL-MAKUP-EN-24 - B2B,POS-DIS-SM-FULL-MAKUP-EN-24,B2B,0,0,0,2,1,1,1,0,0,0,0,0,0,0,0,0,0,0,0,0,0,0,0,0,0,0,0,0,0,0,0,0,0,0,0,0,0,0,0,0,10,0,6.29,0,0,0,0,0,0,0,0,0,0,0,0,0,0,0,0,0,0,0,0,0,0,0,0,0,0,0,0,0
POS-DIS-SM-FULL-PICNIC-EN-24 - B2B,POS-DIS-SM-FULL-PICNIC-EN-24,B2B,0,0,0,0,0,1,0,0,0,0,0,0,0,0,0,0,1,0,0,0,0,0,0,0,0,0,0,0,0,0,0,0,0,0,0,0,0,0,0,0,0,10,0,0,0,0,0,0,0,0,0,0,24,0,0,0,0,0,0,0,0,0,0,0,0,0,0,0,0,0,0,0
POS-DIS-SM-FULL-PICNIC-STOCKED-SS25 - B2B,POS-DIS-SM-FULL-PICNIC-STOCKED-SS25,B2B,0,0,0,0,0,0,0,0,0,0,0,0,0,0,0,0,1,0,0,0,0,0,0,0,0,0,0,0,0,0,0,0,0,0,0,0,0,0,0,0,0,0,0,0,0,0,0,0,0,0,0,0,336.07,0,0,0,0,0,0,0,0,0,0,0,0,0,0,0,0,0,0,0
POS-DIS-SM-FULL-PONCHA-EN-24 - B2B,POS-DIS-SM-FULL-PONCHA-EN-24,B2B,0,0,0,0,0,0,0,0,0,0,0,0,0,0,0,0,0,10,0,0,0,0,0,0,0,0,0,1,0,0,0,0,0,0,0,0,0,0,0,0,0,0,0,0,0,0,0,0,0,0,0,0,0,0,0,0,0,0,0,0,0,0,0,0,0,0,0,0,0,0,0,0
POS-DIS-SM-FULL-PONCHA-STOCKED-EN-24 - B2B,POS-DIS-SM-FULL-PONCHA-STOCKED-EN-24,B2B,0,0,0,0,0,1,0,0,0,0,0,0,0,0,0,0,0,0,0,0,0,0,0,0,0,0,0,0,0,0,0,0,0,0,0,0,0,0,0,0,0,330,0,0,0,0,0,0,0,0,0,0,0,0,0,0,0,0,0,0,0,0,0,0,0,0,0,0,0,0,0,0
POS-DIS-SM-FULL-PONCHA-STOCKED-SS26 - B2B,POS-DIS-SM-FULL-PONCHA-STOCKED-SS26,B2B,0,0,0,0,0,0,0,0,0,0,0,0,0,0,0,0,0,0,0,0,0,0,0,0,0,0,0,1,0,0,0,0,0,0,0,0,0,0,0,0,0,0,0,0,0,0,0,0,0,0,0,0,0,0,0,0,0,0,0,0,0,0,0,0,0,0,0,0,0,0,0,0
POS-DIS-SM-FULL-PONCHK-EN-24 - B2B,POS-DIS-SM-FULL-PONCHK-EN-24,B2B,0,0,1,0,0,0,0,0,0,0,0,0,1,0,0,0,0,0,0,0,0,0,0,0,0,0,1,0,0,0,0,0,0,0,0,0,0,0,10,0,0,0,0,0,0,0,0,0,0,0,0,0,0,0,0,0,0,0,0,0,0,0,0,0,0,0,0,0,0,0,0,0
POS-DIS-SM-FULL-PONCHK-STOCKED-EN-24 - B2B,POS-DIS-SM-FULL-PONCHK-STOCKED-EN-24,B2B,0,0,0,0,0,1,0,0,0,0,0,0,0,0,0,0,0,0,0,0,0,0,0,0,0,0,0,0,0,0,0,0,0,0,0,0,0,0,0,0,0,200,0,0,0,0,0,0,0,0,0,0,0,0,0,0,0,0,0,0,0,0,0,0,0,0,0,0,0,0,0,0
POS-DIS-SM-FULL-PONCHK-STOCKED-SS25 - B2B,POS-DIS-SM-FULL-PONCHK-STOCKED-SS25,B2B,0,0,0,0,0,0,0,0,0,0,0,0,0,1,1,0,0,0,0,0,0,0,0,0,0,0,0,0,0,0,0,0,0,0,0,0,0,0,0,0,0,0,0,0,0,0,0,0,0,183.43,174.12,0,0,0,0,0,0,0,0,0,0,0,0,0,0,0,0,0,0,0,0,0
POS-DIS-SM-FULL-PONCHK-STOCKED-SS26 - B2B,POS-DIS-SM-FULL-PONCHK-STOCKED-SS26,B2B,0,0,0,0,0,0,0,0,0,0,0,0,0,0,0,0,0,0,0,0,0,0,0,0,0,0,1,0,0,0,0,0,0,0,0,0,0,0,0,0,0,0,0,0,0,0,0,0,0,0,0,0,0,0,0,0,0,0,0,0,0,0,189.16,0,0,0,0,0,0,0,0,0
POS-DIS-SM-FULL-TOWLB-EN-24 - B2B,POS-DIS-SM-FULL-TOWLB-EN-24,B2B,0,0,3,6,7,4,3,0,0,3,0,0,1,1,5,7,6,12,0,3,1,1,1,1,0,5,2,2,1,1,0,0,0,0,0,0,0,0,10,10.94,31.7,10.77,10.94,0,0,26.68,0,0,5,11.51,22.28,10.63,52.07,0,0,30,10,0,10.67,0,0,31.17,22.13,0,10.82,10.89,0,0,0,0,0,0
POS-DIS-SM-FULL-TOWLB-EN-24 - DTC,POS-DIS-SM-FULL-TOWLB-EN-24,DTC,0,0,0,0,0,0,0,0,0,0,0,0,0,0,0,1,0,0,0,0,0,0,0,0,0,0,0,0,0,0,0,0,0,0,0,0,0,0,0,0,0,0,0,0,0,0,0,0,0,0,0,10,0,0,0,0,0,0,0,0,0,0,0,0,0,0,0,0,0,0,0,0
POS-DIS-SM-FULL-TOWLB-KID-EN-24 - B2B,POS-DIS-SM-FULL-TOWLB-KID-EN-24,B2B,0,0,1,0,1,0,0,0,0,1,0,0,1,0,0,0,0,0,0,0,0,0,0,0,0,0,1,0,1,0,0,0,0,0,0,0,0,0,10,0,10,0,0,0,0,10.36,0,0,0,0,0,0,0,0,0,0,0,0,0,0,0,0,10.11,0,10.44,0,0,0,0,0,0,0
POS-DIS-SM-FULL-TOWLB-KID-STOCKED-EN-24 - B2B,POS-DIS-SM-FULL-TOWLB-KID-STOCKED-EN-24,B2B,0,0,0,2,0,0,0,0,0,0,0,0,0,0,0,0,0,0,0,0,0,0,0,0,0,0,0,0,0,0,0,0,0,0,0,0,0,0,0,400,0,0,0,0,0,0,0,0,0,0,0,0,0,0,0,0,0,0,0,0,0,0,0,0,0,0,0,0,0,0,0,0
POS-DIS-SM-FULL-TOWLB-KID-STOCKED-SS26 - B2B,POS-DIS-SM-FULL-TOWLB-KID-STOCKED-SS26,B2B,0,0,0,0,0,0,0,0,0,0,0,0,0,0,0,0,0,0,0,0,0,0,0,0,0,0,1,0,1,0,0,0,0,0,0,0,0,0,0,0,0,0,0,0,0,0,0,0,0,0,0,0,0,0,0,0,0,0,0,0,0,0,201.66,0,219.27,0,0,0,0,0,0,0
POS-DIS-SM-FULL-TOWLB-STOCKED-EN-24 - B2B,POS-DIS-SM-FULL-TOWLB-STOCKED-EN-24,B2B,0,0,0,2,2,0,2,0,0,0,0,0,0,0,0,0,0,0,0,0,0,0,0,0,0,0,0,0,0,0,0,0,0,0,0,0,0,0,0,700,720,0,677.9,0,0,0,0,0,0,0,0,0,0,0,0,0,0,0,0,0,0,0,0,0,0,0,0,0,0,0,0,0
POS-DIS-SM-FULL-TOWLB-STOCKED-SS25 - B2B,POS-DIS-SM-FULL-TOWLB-STOCKED-SS25,B2B,0,0,0,0,0,0,0,0,0,0,0,0,0,4,6,0,2,0,0,0,0,0,0,0,0,0,0,0,0,0,0,0,0,0,0,0,0,0,0,0,0,0,0,0,0,0,0,0,0,1414.61,2049.84,0,686.07,0,0,0,0,0,0,0,0,0,0,0,0,0,0,0,0,0,0,0
POS-DIS-SM-FULL-TOWLB-STOCKED-SS26 - B2B,POS-DIS-SM-FULL-TOWLB-STOCKED-SS26,B2B,0,0,0,0,0,0,0,0,0,0,0,0,0,0,0,0,0,0,0,0,0,0,0,0,0,1,1,1,0,0,0,0,0,0,0,0,0,0,0,0,0,0,0,0,0,0,0,0,0,0,0,0,0,0,0,0,0,0,0,0,0,451.66,400.22,471.66,0,0,0,0,0,0,0,0
POS-DIS-SM-HEAD-BAGF-EN-24 - B2B,POS-DIS-SM-HEAD-BAGF-EN-24,B2B,0,0,0,2,0,1,1,0,0,0,0,0,2,0,0,0,1,0,0,0,0,0,0,0,0,0,0,0,0,0,0,0,0,0,0,0,0,0,0,0,0,0,6.29,0,0,0,0,0,-0.17,0,0,0,5,0,0,0,0,0,0,0,0,0,0,0,0,0,0,0,0,0,0,0
POS-DIS-SM-HEAD-PICNIC-EN-24 - B2B,POS-DIS-SM-HEAD-PICNIC-EN-24,B2B,0,0,0,0,0,1,0,0,0,0,0,0,1,0,0,0,0,0,0,0,0,0,0,0,0,0,0,0,0,0,0,0,0,0,0,0,0,0,0,0,0,0,0,0,0,0,0,0,-0.15,0,0,0,0,0,0,0,0,0,0,0,0,0,0,0,0,0,0,0,0,0,0,0
POS-DIS-SM-HEAD-PONCHA-EN-24 - B2B,POS-DIS-SM-HEAD-PONCHA-EN-24,B2B,0,0,0,0,0,1,0,0,0,0,0,0,0,0,0,0,0,0,0,0,0,0,0,0,0,0,0,0,0,0,0,0,0,0,0,0,0,0,0,0,0,0,0,0,0,0,0,0,0,0,0,0,0,0,0,0,0,0,0,0,0,0,0,0,0,0,0,0,0,0,0,0
POS-DIS-SM-HEAD-PONCHK-EN-24 - B2B,POS-DIS-SM-HEAD-PONCHK-EN-24,B2B,0,0,1,0,0,1,0,0,0,0,0,0,2,0,0,0,0,0,0,0,0,0,0,0,0,0,0,0,0,0,0,0,0,0,0,0,0,0,0,0,0,0,0,0,0,0,0,0,4.85,0,0,0,0,0,0,0,0,0,0,0,0,0,0,0,0,0,0,0,0,0,0,0
POS-DIS-SM-HEAD-TOWLB-KID-EN-24 - B2B,POS-DIS-SM-HEAD-TOWLB-KID-EN-24,B2B,0,0,1,4,2,0,0,0,0,1,0,0,1,0,0,0,0,0,0,0,0,0,0,0,0,0,0,0,0,0,0,0,0,0,0,0,0,0,0,-0.34,0,0,0,0,0,5.18,0,0,5,0,0,0,0,0,0,0,0,0,0,0,0,0,0,0,0,0,0,0,0,0,0,0
POS-DISPLAY-LG-R - B2B,POS-DISPLAY-LG-R,B2B,0,0,2,0,0,0,0,0,0,0,0,0,0,0,0,0,0,0,0,0,0,0,0,0,0,0,0,0,0,0,0,0,0,0,0,0,0,0,68,0,0,0,0,0,0,0,0,0,0,0,0,0,0,0,0,0,0,0,0,0,0,0,0,0,0,0,0,0,0,0,0,0
POS-DISPLAY-SM-R - B2B,POS-DISPLAY-SM-R,B2B,0,0,2,0,0,0,0,0,0,0,0,0,0,0,0,0,0,0,1,1,0,0,0,0,0,0,0,0,0,0,0,0,0,0,0,0,0,0,37.4,0,0,0,0,0,0,0,0,0,0,0,0,0,0,0,0,10,0,0,0,0,0,0,0,0,0,0,0,0,0,0,0,0
POS-STOCK-REFILL-LG-TOWLB-SS25 - B2B,POS-STOCK-REFILL-LG-TOWLB-SS25,B2B,0,0,0,0,0,0,0,0,0,0,0,0,0,0,0,1,0,0,0,0,0,0,0,0,0,0,0,0,0,0,0,0,0,0,0,0,0,0,0,0,0,0,0,0,0,0,0,0,0,0,0,700,0,0,0,0,0,0,0,0,0,0,0,0,0,0,0,0,0,0,0,0
PP-TEATWL-MD-3SET-SPRKSHNE - B2B,PP-TEATWL-MD-3SET-SPRKSHNE,B2B,0,0,0,0,0,0,0,0,0,0,0,0,0,0,0,0,0,0,0,0,0,0,0,0,0,0,0,0,0,1,0,0,0,0,0,0,0,0,0,0,0,0,0,0,0,0,0,0,0,0,0,0,0,0,0,0,0,0,0,0,0,0,0,0,0,0,0,0,0,0,0,0
PP01BS-C - DTC,PP01BS-C,DTC,0,0,0,0,0,2,16,0,0,0,0,0,0,0,0,0,0,0,0,0,0,0,0,0,0,0,0,0,0,0,0,0,0,0,0,0,0,0,0,0,0,28.67,290.01,0,0,0,0,0,0,0,0,0,0,0,0,0,0,0,0,0,0,0,0,0,0,0,0,0,0,0,0,0
ROBE-CBH-MD-NAVY - B2B,ROBE-CBH-MD-NAVY,B2B,7,2,6,0,0,3,0,30,0,3,0,0,0,0,0,0,0,0,0,0,0,0,0,0,0,0,0,0,0,0,0,0,0,0,0,0,214.43,61.3,176.78,0,0,72.52,0,874.8,0,86.48,0,0,0,0,0,0,0,0,0,0,0,0,0,0,0,0,0,0,0,0,0,0,0,0,0,0
ROBE-CBH-MD-NAVY - DTC,ROBE-CBH-MD-NAVY,DTC,28,30,3,6,5,4,7,28,47,45,45,0,8,15,6,2,0,16,0,0,0,0,0,0,0,0,0,0,0,0,0,0,0,0,0,0,1277.96,1179.86,58.33,309.17,218.74,212.91,380.41,1158.68,1750.73,1817.61,1774.77,0,251,525.9,209.49,65.25,0,543.41,0,0,0,0,0,0,0,0,0,0,0,0,0,0,0,0,0,0
ROBE-CBH-MD-NAVY - FBA,ROBE-CBH-MD-NAVY,FBA,0,0,0,0,1,0,0,0,0,0,0,0,0,0,0,0,0,0,0,0,0,0,0,0,0,0,0,0,0,0,0,0,0,0,0,0,0,0,0,0,62.49,0,0,0,0,0,0,0,0,0,0,0,0,0,0,0,0,0,0,0,0,0,0,0,0,0,0,0,0,0,0,0
ROBE-CLA-MD-NAVY - B2B,ROBE-CLA-MD-NAVY,B2B,6,2,0,0,0,2,0,20,1,0,0,0,0,0,0,0,0,0,0,0,0,0,0,0,0,0,0,0,0,0,0,0,0,0,0,0,158.84,52.56,0,0,0,42.5,0,500,21.85,0,0,0,0,0,0,0,0,0,0,0,0,0,0,0,0,0,0,0,0,0,0,0,0,0,0,0
ROBE-CLA-MD-NAVY - DTC,ROBE-CLA-MD-NAVY,DTC,5,13,6,11,7,7,5,27,18,0,0,0,9,3,1,0,0,0,0,0,0,0,0,0,0,0,0,0,0,0,0,0,0,0,0,0,180,408,235,325,285,286.11,232.5,989.98,586.41,0,0,0,279.6,90,25.5,0,0,0,0,0,0,0,0,0,0,0,0,0,0,0,0,0,0,0,0,0
ROBE-CLA-MD-NAVY - FBA,ROBE-CLA-MD-NAVY,FBA,1,0,2,0,0,0,1,1,1,0,0,0,0,0,0,0,0,0,0,0,0,0,0,0,0,0,0,0,0,0,0,0,0,0,0,0,54.16,0,86.66,0,0,0,43.33,54.16,50,0,0,0,0,0,0,0,0,0,0,0,0,0,0,0,0,0,0,0,0,0,0,0,0,0,0,0
ROBE-CLA-MD-WHITE - B2B,ROBE-CLA-MD-WHITE,B2B,1,0,0,0,2,0,2,20,0,1,0,0,0,0,0,0,0,0,0,0,0,0,0,0,0,0,0,0,0,0,0,0,0,0,0,0,26.79,0,0,0,54.7,0,59.87,500,0,25,0,0,0,0,0,0,0,0,0,0,0,0,0,0,0,0,0,0,0,0,0,0,0,0,0,0
ROBE-CLA-MD-WHITE - DTC,ROBE-CLA-MD-WHITE,DTC,7,0,8,7,5,3,4,15,22,15,1,0,6,6,0,0,0,0,0,0,0,0,0,0,0,0,0,0,0,0,0,0,0,0,0,0,145,0,142.5,225,195,126.25,126.25,501.74,728.4,509.91,0,0,196.65,189.39,0,0,0,0,0,0,0,0,0,0,0,0,0,0,0,0,0,0,0,0,0,0
ROBE-CLA-MD-WHITE - FBA,ROBE-CLA-MD-WHITE,FBA,0,2,0,0,0,0,1,0,0,0,0,0,0,0,0,0,0,0,0,0,0,0,0,0,0,0,0,0,0,0,0,0,0,0,0,0,0,102.9,0,0,0,0,54.16,0,0,0,0,0,0,0,0,0,0,0,0,0,0,0,0,0,0,0,0,0,0,0,0,0,0,0,0,0
ROBE-GEO-MD-PINK - B2B,ROBE-GEO-MD-PINK,B2B,0,0,5,0,0,3,0,31,1,0,0,0,0,0,0,0,0,0,0,0,0,0,0,0,0,0,0,0,0,0,0,0,0,0,0,0,0,0,145.8,0,0,72.52,0,906.84,25.58,0,0,0,0,0,0,0,0,0,0,0,0,0,0,0,0,0,0,0,0,0,0,0,0,0,0,0
ROBE-GEO-MD-PINK - DTC,ROBE-GEO-MD-PINK,DTC,21,22,5,4,2,4,13,23,17,0,0,0,17,11,15,2,0,0,0,0,0,0,1,0,0,0,0,0,0,0,0,0,0,0,0,0,885.13,849.52,215.82,201.24,107.91,212.91,685.93,924.51,661.42,0,0,0,577.01,396.23,519.25,66.5,0,0,0,0,0,0,38.33,0,0,0,0,0,0,0,0,0,0,0,0,0
ROBE-GEO-MD-PINK - FBA,ROBE-GEO-MD-PINK,FBA,0,0,0,0,0,0,0,1,0,0,0,0,0,0,0,1,0,0,0,0,0,0,0,0,0,0,0,0,0,0,0,0,0,0,0,0,0,0,0,0,0,0,0,64.99,0,0,0,0,0,0,0,40.83,0,0,0,0,0,0,0,0,0,0,0,0,0,0,0,0,0,0,0,0
ROBE-RET-MD-MONT - DTC,ROBE-RET-MD-MONT,DTC,0,0,5,17,20,1,2,0,0,0,0,0,0,0,0,0,0,0,0,0,0,0,0,0,0,0,0,0,0,0,0,0,0,0,0,0,0,0,219.35,788.72,673.14,35,65.71,0,0,0,0,0,0,0,0,0,0,0,0,0,0,0,0,0,0,0,0,0,0,0,0,0,0,0,0,0
ROBE-RET-MD-SINH - B2B,ROBE-RET-MD-SINH,B2B,0,1,0,0,0,0,0,0,0,0,0,0,0,0,0,0,0,0,0,0,0,0,0,0,0,0,0,0,0,0,0,0,0,0,0,0,0,30.65,0,0,0,0,0,0,0,0,0,0,0,0,0,0,0,0,0,0,0,0,0,0,0,0,0,0,0,0,0,0,0,0,0,0
ROBE-RET-MD-SINH - DTC,ROBE-RET-MD-SINH,DTC,1,0,1,0,0,0,0,0,0,0,0,0,0,0,0,0,0,0,0,0,0,0,0,0,0,0,0,0,0,0,0,0,0,0,0,0,0,0,43,0,0,0,0,0,0,0,0,0,0,0,0,0,0,0,0,0,0,0,0,0,0,0,0,0,0,0,0,0,0,0,0,0
SHORTS-BOT-LG-BANA - B2B,SHORTS-BOT-LG-BANA,B2B,0,0,0,0,0,0,0,0,60,0,0,0,0,0,0,0,0,0,0,0,0,0,0,0,0,0,0,0,0,0,0,0,0,0,0,0,0,0,0,0,0,0,0,0,273.27,0,0,0,0,0,0,0,0,0,0,0,0,0,0,0,0,289.41,0,0,0,0,0,0,0,0,0,0
SHORTS-BOT-LG-BANA - DTC,SHORTS-BOT-LG-BANA,DTC,7,1,2,0,0,1,0,0,0,0,0,0,0,0,0,0,0,0,0,0,0,0,0,0,0,0,0,0,0,0,0,0,0,0,0,0,60.79,9.67,18.53,0,0,6.48,0,0,0,0,0,0,0,0,0,0,0,0,0,0,0,0,0,0,0,0,0,0,0,0,0,0,0,0,0,0
SHORTS-BOT-LG-PALM - B2B,SHORTS-BOT-LG-PALM,B2B,0,0,0,0,0,15,1,40,0,0,30,0,0,0,0,0,0,0,0,0,30,0,0,0,0,0,0,0,0,0,0,0,0,0,0,0,0,0,0,0,0,122.95,10.66,335.34,0,0,259.96,0,0,0,0,0,0,0,0,0,294.95,0,0,0,0,289.41,0,0,0,0,0,0,0,0,0,0
SHORTS-BOT-LG-PALM - DTC,SHORTS-BOT-LG-PALM,DTC,33,30,17,25,54,50,55,132,55,14,0,0,16,0,1,0,0,0,0,0,0,0,0,0,0,0,0,0,0,0,0,0,0,0,0,0,325.11,284,149.98,215.88,458.4,408.7,430.05,1066.7,481.56,115.56,0,0,125.58,0,11.33,0,0,0,0,0,0,0,0,0,0,0,0,0,0,0,0,0,0,0,0,0
SHORTS-BOT-LG-PALM - FBA,SHORTS-BOT-LG-PALM,FBA,0,3,0,0,2,1,0,0,0,0,0,0,0,0,0,0,0,0,0,0,0,0,0,0,0,0,0,0,0,0,0,0,0,0,0,0,0,33.27,0,0,31.64,12.65,0,0,0,0,0,0,0,0,0,0,0,0,0,0,0,0,0,0,0,0,0,0,0,0,0,0,0,0,0,0
SHORTS-BOT-LG-PARA - B2B,SHORTS-BOT-LG-PARA,B2B,0,0,0,0,0,0,0,0,60,0,0,0,0,0,0,0,0,0,0,0,0,0,0,0,0,0,0,0,0,0,0,0,0,0,0,0,0,0,0,0,0,0,0,0,273.27,0,0,0,0,0,0,0,0,0,0,0,0,0,0,0,0,289.41,0,0,0,0,0,0,0,0,0,0
SHORTS-BOT-LG-PARA - DTC,SHORTS-BOT-LG-PARA,DTC,0,0,3,0,0,0,0,0,0,0,0,0,0,0,0,0,0,0,0,0,0,0,0,0,0,0,0,0,0,0,0,0,0,0,0,0,0,0,27.8,0,0,0,0,0,0,0,0,0,0,0,0,0,0,0,0,0,0,0,0,0,0,0,0,0,0,0,0,0,0,0,0,0
SHORTS-BOT-MD-BANA - B2B,SHORTS-BOT-MD-BANA,B2B,0,0,0,0,0,0,0,0,60,0,0,0,0,0,0,0,0,0,0,0,0,0,0,0,0,0,0,0,0,0,0,0,0,0,0,0,0,0,0,0,0,0,0,0,273.27,0,0,0,0,0,0,0,0,0,0,0,0,0,0,0,0,289.41,0,0,0,0,0,0,0,0,0,0
SHORTS-BOT-MD-PALM - B2B,SHORTS-BOT-MD-PALM,B2B,0,0,0,0,0,5,6,30,0,0,40,0,0,0,0,0,0,0,0,0,23,0,0,0,0,0,0,0,0,0,0,0,0,0,0,0,0,0,0,0,0,40.98,58.63,239.4,0,0,346.62,0,0,0,0,0,0,0,0,0,226.13,0,0,0,0,289.41,0,0,0,0,0,0,0,0,0,0
SHORTS-BOT-MD-PALM - DTC,SHORTS-BOT-MD-PALM,DTC,36,39,32,33,45,55,50,0,0,0,5,0,1,0,0,0,0,0,0,0,0,0,0,0,0,0,0,0,0,0,0,0,0,0,0,0,341.21,373,266.03,275.55,384.71,465.75,397.8,0,0,0,40.83,0,6.8,0,0,0,0,0,0,0,0,0,0,0,0,0,0,0,0,0,0,0,0,0,0,0
SHORTS-BOT-MD-PALM - FBA,SHORTS-BOT-MD-PALM,FBA,3,1,0,0,2,0,2,0,0,0,0,0,0,0,0,0,0,0,0,0,0,0,0,0,0,0,0,0,0,0,0,0,0,0,0,0,47.46,12.65,0,0,31.64,0,25.32,0,0,0,0,0,0,0,0,0,0,0,0,0,0,0,0,0,0,0,0,0,0,0,0,0,0,0,0,0
SHORTS-BOT-MD-PARA - B2B,SHORTS-BOT-MD-PARA,B2B,0,0,0,0,0,0,0,0,60,0,0,0,0,0,0,0,0,0,0,0,0,0,0,0,0,0,0,0,0,0,0,0,0,0,0,0,0,0,0,0,0,0,0,0,273.27,0,0,0,0,0,0,0,0,0,0,0,0,0,0,0,0,289.41,0,0,0,0,0,0,0,0,0,0
SHORTS-BOT-SM-BANA - B2B,SHORTS-BOT-SM-BANA,B2B,0,0,0,0,0,0,0,0,60,0,0,0,0,0,0,0,0,0,0,0,0,0,0,0,0,0,0,0,0,0,0,0,0,0,0,0,0,0,0,0,0,0,0,0,273.27,0,0,0,0,0,0,0,0,0,0,0,0,0,0,0,0,144.71,0,0,0,0,0,0,0,0,0,0
SHORTS-BOT-SM-PALM - B2B,SHORTS-BOT-SM-PALM,B2B,0,0,0,0,0,0,0,10,0,0,30,0,0,0,0,0,0,0,0,0,10,0,0,0,0,0,0,0,0,0,0,0,0,0,0,0,0,0,0,0,0,0,0,79.8,0,0,259.96,0,0,0,0,0,0,0,0,0,98.32,0,0,0,0,140.32,0,0,0,0,0,0,0,0,0,0
SHORTS-BOT-SM-PALM - DTC,SHORTS-BOT-SM-PALM,DTC,21,17,23,17,26,29,20,0,0,1,6,0,1,0,0,0,0,0,0,0,0,0,0,0,0,0,0,0,0,0,0,0,0,0,0,0,186.97,147.98,196.45,135.08,206.58,241.09,164.57,0,0,7.27,50.81,0,7.83,0,0,0,0,0,0,0,0,0,0,0,0,0,0,0,0,0,0,0,0,0,0,0
SHORTS-BOT-SM-PALM - FBA,SHORTS-BOT-SM-PALM,FBA,3,1,0,0,0,1,0,0,0,0,0,0,0,0,0,0,0,0,0,0,0,0,0,0,0,0,0,0,0,0,0,0,0,0,0,0,39.55,7.91,0,0,0,12.65,0,0,0,0,0,0,0,0,0,0,0,0,0,0,0,0,0,0,0,0,0,0,0,0,0,0,0,0,0,0
SHORTS-BOT-SM-PARA - B2B,SHORTS-BOT-SM-PARA,B2B,0,0,0,0,0,0,0,0,60,0,0,0,0,0,0,0,0,0,0,0,0,0,0,0,0,0,0,0,0,0,0,0,0,0,0,0,0,0,0,0,0,0,0,0,273.27,0,0,0,0,0,0,0,0,0,0,0,0,0,0,0,0,140.32,0,0,0,0,0,0,0,0,0,0
SHORTS-BOT-XL-BANA - B2B,SHORTS-BOT-XL-BANA,B2B,0,0,0,0,0,0,0,0,60,0,0,0,0,0,0,0,0,0,0,0,0,0,0,0,0,0,0,0,0,0,0,0,0,0,0,0,0,0,0,0,0,0,0,0,273.27,0,0,0,0,0,0,0,0,0,0,0,0,0,0,0,0,289.41,0,0,0,0,0,0,0,0,0,0
SHORTS-BOT-XL-BANA - DTC,SHORTS-BOT-XL-BANA,DTC,5,4,4,0,0,1,0,0,0,0,0,0,0,0,0,0,0,0,0,0,0,0,0,0,0,0,0,0,0,0,0,0,0,0,0,0,48.75,40.29,37.31,0,0,9.11,0,0,0,0,0,0,0,0,0,0,0,0,0,0,0,0,0,0,0,0,0,0,0,0,0,0,0,0,0,0
SHORTS-BOT-XL-PALM - B2B,SHORTS-BOT-XL-PALM,B2B,0,0,5,0,0,0,0,0,30,0,0,0,0,0,0,0,0,0,0,0,30,0,0,0,0,0,0,0,0,0,0,0,0,0,0,0,0,0,59.98,0,0,0,0,0,136.64,0,0,0,0,0,0,0,0,0,0,0,294.95,0,0,0,0,289.41,0,0,0,0,0,0,0,0,0,0
SHORTS-BOT-XL-PALM - DTC,SHORTS-BOT-XL-PALM,DTC,19,32,14,14,25,8,0,0,0,0,0,0,0,0,0,0,0,0,0,0,0,0,0,0,0,0,0,0,0,0,0,0,0,0,0,0,166.9,301.39,124.21,125.6,203.48,65.34,0,0,0,0,0,0,0,0,0,0,0,0,0,0,0,0,0,0,0,0,0,0,0,0,0,0,0,0,0,0
SHORTS-BOT-XL-PARA - B2B,SHORTS-BOT-XL-PARA,B2B,0,0,0,0,0,0,0,0,60,0,0,0,0,0,0,0,0,0,0,0,0,0,0,0,0,0,0,0,0,0,0,0,0,0,0,0,0,0,0,0,0,0,0,0,273.27,0,0,0,0,0,0,0,0,0,0,0,0,0,0,0,0,289.41,0,0,0,0,0,0,0,0,0,0
SHORTS-CAB-LG-BLUE - B2B,SHORTS-CAB-LG-BLUE,B2B,0,0,0,0,0,0,0,0,0,0,0,0,0,0,0,0,0,0,0,0,0,0,0,0,0,0,0,0,0,0,0,0,0,0,0,0,0,0,0,0,0,0,0,0,0,0,0,0,0,0,0,0,0,0,0,0,0,0,0,0,0,140.32,0,0,0,0,0,0,0,0,0,0
SHORTS-CAB-LG-BLUE - DTC,SHORTS-CAB-LG-BLUE,DTC,64,16,3,0,9,0,0,0,0,0,0,0,0,0,0,0,0,0,0,0,0,0,0,0,0,0,0,0,0,0,0,0,0,0,0,0,590.55,181.37,23.07,0,68.32,0,0,0,0,0,0,0,0,0,0,0,0,0,0,0,0,0,0,0,0,0,0,0,0,0,0,0,0,0,0,0
SHORTS-CAB-LG-RAIN - DTC,SHORTS-CAB-LG-RAIN,DTC,7,1,2,0,0,0,0,0,0,0,0,0,0,0,0,0,0,0,0,0,0,0,0,0,0,0,0,0,0,0,0,0,0,0,0,0,53.73,9.11,15.07,0,0,0,0,0,0,0,0,0,0,0,0,0,0,0,0,0,0,0,0,0,0,0,0,0,0,0,0,0,0,0,0,0
SHORTS-CAB-LG-RED - B2B,SHORTS-CAB-LG-RED,B2B,0,0,0,0,0,11,0,22,30,0,0,0,0,0,0,0,0,0,0,0,0,0,0,0,0,0,0,0,0,0,0,0,0,0,0,0,0,0,0,0,0,90.16,0,175.56,136.64,0,0,0,0,0,0,0,0,0,0,0,0,0,0,0,0,0,0,0,0,0,0,0,0,0,0,0
SHORTS-CAB-LG-RED - DTC,SHORTS-CAB-LG-RED,DTC,25,36,13,22,32,41,55,0,0,0,0,0,0,0,0,0,0,0,0,0,0,0,0,0,0,0,0,0,0,0,0,0,0,0,0,0,234.31,329.1,122.95,185.28,266.83,350.91,431.56,0,0,0,0,0,0,0,0,0,0,0,0,0,0,0,0,0,0,0,0,0,0,0,0,0,0,0,0,0
SHORTS-CAB-MD-BLUE - B2B,SHORTS-CAB-MD-BLUE,B2B,0,0,0,0,0,0,0,0,0,0,0,0,0,0,0,0,0,0,0,0,0,0,0,0,0,0,0,0,0,0,0,0,0,0,0,0,0,0,0,0,0,0,0,0,0,0,0,0,0,0,0,0,0,0,0,0,0,0,0,0,0,135.94,0,0,0,0,0,0,0,0,0,0
SHORTS-CAB-MD-BLUE - DTC,SHORTS-CAB-MD-BLUE,DTC,26,6,4,0,4,0,0,0,0,0,0,0,0,0,0,0,0,0,0,0,0,0,0,0,0,0,0,0,0,0,0,0,0,0,0,0,209.74,49.37,32.62,0,36.11,0,0,0,0,0,0,0,0,0,0,0,0,0,0,0,0,0,0,0,0,0,0,0,0,0,0,0,0,0,0,0
SHORTS-CAB-MD-RAIN - DTC,SHORTS-CAB-MD-RAIN,DTC,9,1,4,0,2,0,0,0,0,0,0,0,0,0,0,0,0,0,0,0,0,0,0,0,0,0,0,0,0,0,0,0,0,0,0,0,74.91,9.67,42.6,0,16.62,0,0,0,0,0,0,0,0,0,0,0,0,0,0,0,0,0,0,0,0,0,0,0,0,0,0,0,0,0,0,0
SHORTS-CAB-MD-RED - B2B,SHORTS-CAB-MD-RED,B2B,0,0,0,0,0,0,0,0,30,0,0,0,0,0,0,0,0,0,0,0,8,0,0,0,0,0,0,0,0,0,0,0,0,0,0,0,0,0,0,0,0,0,0,0,136.64,0,0,0,0,0,0,0,0,0,0,0,78.65,0,0,0,0,0,0,0,0,0,0,0,0,0,0,0
SHORTS-CAB-MD-RED - DTC,SHORTS-CAB-MD-RED,DTC,35,48,36,31,43,25,2,1,1,0,0,0,0,0,0,0,0,0,0,0,0,0,0,0,0,0,0,0,0,0,0,0,0,0,0,0,334.03,429.14,305.86,258.42,359.93,221.75,18.97,8.63,11.33,0,0,0,0,0,0,0,0,0,0,0,0,0,0,0,0,0,0,0,0,0,0,0,0,0,0,0
SHORTS-CAB-SM-BLUE - B2B,SHORTS-CAB-SM-BLUE,B2B,0,0,0,0,0,0,0,0,0,0,0,0,0,0,0,0,0,0,0,0,0,0,0,0,0,0,0,0,0,0,0,0,0,0,0,0,0,0,0,0,0,0,0,0,0,0,0,0,0,0,0,0,0,0,0,0,0,0,0,0,0,144.71,0,0,0,0,0,0,0,0,0,0
SHORTS-CAB-SM-BLUE - DTC,SHORTS-CAB-SM-BLUE,DTC,43,21,3,0,0,3,0,0,0,0,0,0,0,0,0,0,0,0,0,0,0,0,0,0,0,0,0,0,0,0,0,0,0,0,0,0,409.6,206.98,24.41,0,0,28.61,0,0,0,0,0,0,0,0,0,0,0,0,0,0,0,0,0,0,0,0,0,0,0,0,0,0,0,0,0,0
SHORTS-CAB-SM-RAIN - DTC,SHORTS-CAB-SM-RAIN,DTC,0,4,6,0,0,0,0,0,0,0,0,0,0,0,0,0,0,0,0,0,0,0,0,0,0,0,0,0,0,0,0,0,0,0,0,0,0,31.27,50.52,0,0,0,0,0,0,0,0,0,0,0,0,0,0,0,0,0,0,0,0,0,0,0,0,0,0,0,0,0,0,0,0,0
SHORTS-CAB-SM-RED - B2B,SHORTS-CAB-SM-RED,B2B,0,0,0,0,0,0,0,0,30,0,0,0,0,0,0,0,0,0,0,0,0,0,0,0,0,0,0,0,0,0,0,0,0,0,0,0,0,0,0,0,0,0,0,0,136.64,0,0,0,0,0,0,0,0,0,0,0,0,0,0,0,0,0,0,0,0,0,0,0,0,0,0,0
SHORTS-CAB-SM-RED - DTC,SHORTS-CAB-SM-RED,DTC,20,25,25,11,5,2,0,0,0,0,0,0,0,0,0,0,0,0,0,0,0,0,0,0,0,0,0,0,0,0,0,0,0,0,0,0,186.61,226.83,205.99,95.87,47.59,15.2,0,0,0,0,0,0,0,0,0,0,0,0,0,0,0,0,0,0,0,0,0,0,0,0,0,0,0,0,0,0
SHORTS-CAB-SM-RED - FBA,SHORTS-CAB-SM-RED,FBA,3,2,0,0,2,1,0,0,0,0,0,0,0,0,0,0,0,0,0,0,0,0,0,0,0,0,0,0,0,0,0,0,0,0,0,0,47.46,15.82,0,0,32.17,15.82,0,0,0,0,0,0,0,0,0,0,0,0,0,0,0,0,0,0,0,0,0,0,0,0,0,0,0,0,0,0
SHORTS-CAB-XL-BLUE - B2B,SHORTS-CAB-XL-BLUE,B2B,0,0,0,0,0,0,0,0,0,0,0,0,0,0,0,0,0,0,0,0,0,0,0,0,0,0,0,0,0,0,0,0,0,0,0,0,0,0,0,0,0,0,0,0,0,0,0,0,0,0,0,0,0,0,0,0,0,0,0,0,0,135.94,0,0,0,0,0,0,0,0,0,0
SHORTS-CAB-XL-BLUE - DTC,SHORTS-CAB-XL-BLUE,DTC,18,0,5,0,2,0,0,0,0,0,0,0,0,0,0,0,0,0,0,0,0,0,1,0,0,0,0,0,0,0,0,0,0,0,0,0,157.64,0,42.35,0,15.67,0,0,0,0,0,0,0,0,0,0,0,0,0,0,0,0,0,11.33,0,0,0,0,0,0,0,0,0,0,0,0,0
SHORTS-CAB-XL-RAIN - DTC,SHORTS-CAB-XL-RAIN,DTC,11,0,5,0,1,0,0,0,0,0,0,0,0,0,0,0,0,0,0,0,0,0,0,0,0,0,0,0,0,0,0,0,0,0,0,0,96.18,0,48.91,0,8.87,0,0,0,0,0,0,0,0,0,0,0,0,0,0,0,0,0,0,0,0,0,0,0,0,0,0,0,0,0,0,0
SHORTS-CAB-XL-RED - B2B,SHORTS-CAB-XL-RED,B2B,0,0,0,0,0,4,0,0,30,0,0,0,0,0,0,0,0,0,0,0,10,0,0,0,0,0,0,0,0,0,0,0,0,0,0,0,0,0,0,0,0,32.79,0,0,136.64,0,0,0,0,0,0,0,0,0,0,0,98.32,0,0,0,0,0,0,0,0,0,0,0,0,0,0,0
SHORTS-CAB-XL-RED - DTC,SHORTS-CAB-XL-RED,DTC,17,30,9,14,21,21,2,10,0,0,0,0,0,0,0,0,0,0,0,0,0,0,0,0,0,0,0,0,0,0,0,0,0,0,0,0,167.15,277.86,73.38,123.69,178.69,172.08,15.36,93.05,0,0,0,0,0,0,0,0,0,0,0,0,0,0,0,0,0,0,0,0,0,0,0,0,0,0,0,0
SHORTS-CAB-XL-RED - FBA,SHORTS-CAB-XL-RED,FBA,1,1,1,0,2,0,0,0,0,0,0,0,0,0,0,0,0,0,0,0,0,0,0,0,0,0,0,0,0,0,0,0,0,0,0,0,7.91,12.65,12.65,0,31.64,0,0,0,0,0,0,0,0,0,0,0,0,0,0,0,0,0,0,0,0,0,0,0,0,0,0,0,0,0,0,0
SHORTS-PIN-LG-BLACK - B2B,SHORTS-PIN-LG-BLACK,B2B,0,0,5,0,10,8,0,0,30,0,0,0,0,0,0,0,0,0,0,0,30,0,0,0,0,0,0,0,0,0,0,0,0,0,0,0,0,0,59.98,0,102.64,69.08,0,0,136.64,0,0,0,0,0,0,0,0,0,0,0,294.95,0,0,0,0,280.64,0,0,0,0,0,0,0,0,0,0
SHORTS-PIN-LG-BLACK - DTC,SHORTS-PIN-LG-BLACK,DTC,43,32,21,35,47,34,0,31,3,0,0,0,0,0,0,0,0,0,0,0,0,0,0,0,0,0,0,0,0,0,0,0,0,0,0,0,379.96,304.35,180.05,312.72,415.55,281.18,0,262.46,24.07,0,0,0,0,0,0,0,0,0,0,0,0,0,0,0,0,0,0,0,0,0,0,0,0,0,0,0
SHORTS-PIN-LG-BLACK - FBA,SHORTS-PIN-LG-BLACK,FBA,0,1,1,0,1,1,0,0,0,0,0,0,0,0,0,0,0,0,0,0,0,0,0,0,0,0,0,0,0,0,0,0,0,0,0,0,0,25.33,26.66,0,26.66,21.33,0,0,0,0,0,0,0,0,0,0,0,0,0,0,0,0,0,0,0,0,0,0,0,0,0,0,0,0,0,0
SHORTS-PIN-LG-KHAKI - DTC,SHORTS-PIN-LG-KHAKI,DTC,2,1,2,0,1,1,0,0,0,0,0,0,0,0,0,0,0,0,0,0,0,0,0,0,0,0,0,0,0,0,0,0,0,0,0,0,18.64,9.67,15.7,0,8.87,9.67,0,0,0,0,0,0,0,0,0,0,0,0,0,0,0,0,0,0,0,0,0,0,0,0,0,0,0,0,0,0
SHORTS-PIN-LG-KHAKI - FBA,SHORTS-PIN-LG-KHAKI,FBA,6,2,3,2,9,1,0,0,0,0,0,0,0,0,0,0,0,0,0,0,0,0,0,0,0,0,0,0,0,0,0,0,0,0,0,0,85.88,30.84,47.46,31.64,142.38,15.82,0,0,0,0,0,0,0,0,0,0,0,0,0,0,0,0,0,0,0,0,0,0,0,0,0,0,0,0,0,0
SHORTS-PIN-LG-LTBLU - B2B,SHORTS-PIN-LG-LTBLU,B2B,0,0,0,0,0,0,0,0,30,0,0,0,0,0,0,0,0,0,0,0,0,0,0,0,0,0,0,0,0,0,0,0,0,0,0,0,0,0,0,0,0,0,0,0,136.64,0,0,0,0,0,0,0,0,0,0,0,0,0,0,0,0,0,0,0,0,0,0,0,0,0,0,0
SHORTS-PIN-LG-LTBLU - DTC,SHORTS-PIN-LG-LTBLU,DTC,0,16,3,0,0,0,0,0,0,0,0,0,0,0,0,0,0,0,0,0,0,0,0,0,0,0,0,0,0,0,0,0,0,0,0,0,0,161.99,24.74,0,0,0,0,0,0,0,0,0,0,0,0,0,0,0,0,0,0,0,0,0,0,0,0,0,0,0,0,0,0,0,0,0
SHORTS-PIN-LG-NAVY - B2B,SHORTS-PIN-LG-NAVY,B2B,0,0,0,0,0,0,0,0,30,0,0,0,0,0,0,0,0,0,0,0,0,0,0,0,0,0,0,0,0,0,0,0,0,0,0,0,0,0,0,0,0,0,0,0,136.64,0,0,0,0,0,0,0,0,0,0,0,0,0,0,0,0,263.1,0,0,0,0,0,0,0,0,0,0
SHORTS-PIN-LG-NAVY - DTC,SHORTS-PIN-LG-NAVY,DTC,11,1,2,0,3,0,0,1,2,0,0,0,0,0,0,0,0,0,0,0,0,0,0,0,0,0,0,0,0,0,0,0,0,0,0,0,89.19,9.67,15.07,0,25.67,0,0,7.35,14.4,0,0,0,0,0,0,0,0,0,0,0,0,0,0,0,0,0,0,0,0,0,0,0,0,0,0,0
SHORTS-PIN-LG-NAVY - FBA,SHORTS-PIN-LG-NAVY,FBA,1,2,0,1,1,1,0,0,0,0,0,0,0,0,0,0,0,0,0,0,0,0,0,0,0,0,0,0,0,0,0,0,0,0,0,0,13.11,53.32,0,26.66,26.66,26.66,0,0,0,0,0,0,0,0,0,0,0,0,0,0,0,0,0,0,0,0,0,0,0,0,0,0,0,0,0,0
SHORTS-PIN-LG-ORNG - DTC,SHORTS-PIN-LG-ORNG,DTC,6,0,3,0,0,0,0,0,0,0,0,0,0,0,0,0,0,0,0,0,0,0,0,0,0,0,0,0,0,0,0,0,0,0,0,0,47.03,0,27.21,0,0,0,0,0,0,0,0,0,0,0,0,0,0,0,0,0,0,0,0,0,0,0,0,0,0,0,0,0,0,0,0,0
SHORTS-PIN-MD-BLACK - B2B,SHORTS-PIN-MD-BLACK,B2B,0,0,5,0,5,0,0,0,30,0,0,0,0,0,0,0,0,0,0,0,15,0,0,0,0,0,0,0,0,0,0,0,0,0,0,0,0,0,59.98,0,51.32,0,0,0,136.64,0,0,0,0,0,0,0,0,0,0,0,147.48,0,0,0,0,280.64,0,0,0,0,0,0,0,0,0,0
SHORTS-PIN-MD-BLACK - DTC,SHORTS-PIN-MD-BLACK,DTC,49,45,34,33,33,0,1,0,0,0,0,0,0,0,0,0,0,0,0,0,0,0,0,0,0,0,0,0,0,0,0,0,0,0,0,0,464.26,425,283.86,270.4,279.4,0,7.2,0,0,0,0,0,0,0,0,0,0,0,0,0,0,0,0,0,0,0,0,0,0,0,0,0,0,0,0,0
SHORTS-PIN-MD-LTBLU - B2B,SHORTS-PIN-MD-LTBLU,B2B,0,0,0,0,0,0,0,0,60,0,0,0,0,0,0,0,0,0,0,0,0,0,0,0,0,0,0,0,0,0,0,0,0,0,0,0,0,0,0,0,0,0,0,0,273.27,0,0,0,0,0,0,0,0,0,0,0,0,0,0,0,0,0,0,0,0,0,0,0,0,0,0,0
SHORTS-PIN-MD-NAVY - B2B,SHORTS-PIN-MD-NAVY,B2B,0,0,0,0,0,0,0,0,60,0,0,0,0,0,0,0,0,0,0,0,0,0,0,0,0,0,0,0,0,0,0,0,0,0,0,0,0,0,0,0,0,0,0,0,273.27,0,0,0,0,0,0,0,0,0,0,0,0,0,0,0,0,254.33,0,0,0,0,0,0,0,0,0,0
SHORTS-PIN-MD-NAVY - DTC,SHORTS-PIN-MD-NAVY,DTC,0,0,3,0,2,0,0,0,0,0,0,0,0,0,0,0,0,0,0,0,0,0,0,0,0,0,0,0,0,0,0,0,0,0,0,0,0,0,25.01,0,16.47,0,0,0,0,0,0,0,0,0,0,0,0,0,0,0,0,0,0,0,0,0,0,0,0,0,0,0,0,0,0,0
SHORTS-PIN-MD-NAVY - FBA,SHORTS-PIN-MD-NAVY,FBA,2,2,0,1,0,0,0,0,0,0,0,0,0,0,0,0,0,0,0,0,0,0,0,0,0,0,0,0,0,0,0,0,0,0,0,0,26.64,37.46,0,21.33,0,0,0,0,0,0,0,0,0,0,0,0,0,0,0,0,0,0,0,0,0,0,0,0,0,0,0,0,0,0,0,0
SHORTS-PIN-SM-BLACK - B2B,SHORTS-PIN-SM-BLACK,B2B,0,0,5,0,10,0,0,5,0,0,0,0,0,0,0,0,0,0,0,0,20,0,0,0,0,0,0,0,0,0,0,0,0,0,0,0,0,0,59.98,0,102.64,0,0,39.9,0,0,0,0,0,0,0,0,0,0,0,0,196.63,0,0,0,0,135.94,0,0,0,0,0,0,0,0,0,0
SHORTS-PIN-SM-BLACK - DTC,SHORTS-PIN-SM-BLACK,DTC,26,30,29,27,24,29,8,0,0,1,0,0,0,0,0,0,0,0,0,0,0,0,0,0,0,0,0,0,0,0,0,0,0,0,0,0,256.95,277.39,243.95,249.42,200.83,242.81,62.52,0,0,8.92,0,0,0,0,0,0,0,0,0,0,0,0,0,0,0,0,0,0,0,0,0,0,0,0,0,0
SHORTS-PIN-SM-KHAKI - DTC,SHORTS-PIN-SM-KHAKI,DTC,7,0,3,0,0,0,0,0,0,0,0,0,0,0,0,0,0,0,0,0,0,0,0,0,0,0,0,0,0,0,0,0,0,0,0,0,59.16,0,15.3,0,0,0,0,0,0,0,0,0,0,0,0,0,0,0,0,0,0,0,0,0,0,0,0,0,0,0,0,0,0,0,0,0
SHORTS-PIN-SM-LTBLU - B2B,SHORTS-PIN-SM-LTBLU,B2B,0,0,0,0,0,0,0,0,30,0,0,0,0,0,0,0,0,0,0,0,0,0,0,0,0,0,0,0,0,0,0,0,0,0,0,0,0,0,0,0,0,0,0,0,136.64,0,0,0,0,0,0,0,0,0,0,0,0,0,0,0,0,0,0,0,0,0,0,0,0,0,0,0
SHORTS-PIN-SM-NAVY - B2B,SHORTS-PIN-SM-NAVY,B2B,0,0,0,0,0,0,0,0,30,0,0,0,0,0,0,0,0,0,0,0,0,0,0,0,0,0,0,0,0,0,0,0,0,0,0,0,0,0,0,0,0,0,0,0,136.64,0,0,0,0,0,0,0,0,0,0,0,0,0,0,0,0,135.94,0,0,0,0,0,0,0,0,0,0
SHORTS-PIN-SM-NAVY - DTC,SHORTS-PIN-SM-NAVY,DTC,19,0,3,0,3,0,0,2,0,0,0,0,0,0,0,0,0,0,0,0,0,0,0,0,0,0,0,0,0,0,0,0,0,0,0,0,154.27,0,13.68,0,24.07,0,0,18.53,0,0,0,0,0,0,0,0,0,0,0,0,0,0,0,0,0,0,0,0,0,0,0,0,0,0,0,0
SHORTS-PIN-SM-NAVY - FBA,SHORTS-PIN-SM-NAVY,FBA,1,0,0,1,0,0,1,0,0,0,0,0,0,0,0,0,0,0,0,0,0,0,0,0,0,0,0,0,0,0,0,0,0,0,0,0,26.66,0,0,26.66,0,0,26.66,0,0,0,0,0,0,0,0,0,0,0,0,0,0,0,0,0,0,0,0,0,0,0,0,0,0,0,0,0
SHORTS-PIN-SM-ORNG - DTC,SHORTS-PIN-SM-ORNG,DTC,1,0,3,0,0,0,0,0,0,0,0,0,0,0,0,0,0,0,0,0,0,0,0,0,0,0,0,0,0,0,0,0,0,0,0,0,6.8,0,22.1,0,0,0,0,0,0,0,0,0,0,0,0,0,0,0,0,0,0,0,0,0,0,0,0,0,0,0,0,0,0,0,0,0
SHORTS-PIN-XL-BLACK - B2B,SHORTS-PIN-XL-BLACK,B2B,0,0,0,0,10,3,0,0,30,0,0,0,0,0,0,0,0,0,0,0,30,0,0,0,0,0,0,0,0,0,0,0,0,0,0,0,0,0,0,0,102.64,24.59,0,0,136.64,0,0,0,0,0,0,0,0,0,0,0,294.95,0,0,0,0,276.26,0,0,0,0,0,0,0,0,0,0
SHORTS-PIN-XL-BLACK - DTC,SHORTS-PIN-XL-BLACK,DTC,22,35,3,0,0,14,9,0,0,0,0,0,0,0,0,0,0,0,0,0,0,0,0,0,0,0,0,0,0,0,0,0,0,0,0,0,204.66,347.43,25.73,0,0,119.65,77.14,0,0,0,0,0,0,0,0,0,0,0,0,0,0,0,0,0,0,0,0,0,0,0,0,0,0,0,0,0
SHORTS-PIN-XL-BRIT - DTC,SHORTS-PIN-XL-BRIT,DTC,7,0,3,0,0,1,0,0,0,0,0,0,0,0,0,0,0,0,0,0,0,0,0,0,0,0,0,0,0,0,0,0,0,0,0,0,56.88,0,23.11,0,0,7.47,0,0,0,0,0,0,0,0,0,0,0,0,0,0,0,0,0,0,0,0,0,0,0,0,0,0,0,0,0,0
SHORTS-PIN-XL-KHAKI - DTC,SHORTS-PIN-XL-KHAKI,DTC,2,0,3,0,1,0,0,0,0,0,0,0,0,0,0,0,0,0,0,0,0,0,0,0,0,0,0,0,0,0,0,0,0,0,0,0,30.58,0,21.6,0,8,0,0,0,0,0,0,0,0,0,0,0,0,0,0,0,0,0,0,0,0,0,0,0,0,0,0,0,0,0,0,0
SHORTS-PIN-XL-LTBLU - B2B,SHORTS-PIN-XL-LTBLU,B2B,0,0,0,0,0,0,0,0,30,0,0,0,0,0,0,0,0,0,0,0,0,0,0,0,0,0,0,0,0,0,0,0,0,0,0,0,0,0,0,0,0,0,0,0,136.64,0,0,0,0,0,0,0,0,0,0,0,0,0,0,0,0,0,0,0,0,0,0,0,0,0,0,0
SHORTS-PIN-XL-NAVY - B2B,SHORTS-PIN-XL-NAVY,B2B,0,0,0,0,0,0,0,0,30,0,0,0,0,0,0,0,0,0,0,0,0,0,0,0,0,0,0,0,0,0,0,0,0,0,0,0,0,0,0,0,0,0,0,0,136.64,0,0,0,0,0,0,0,0,0,0,0,0,0,0,0,0,263.1,0,0,0,0,0,0,0,0,0,0
SHORTS-PIN-XL-NAVY - DTC,SHORTS-PIN-XL-NAVY,DTC,26,3,2,0,1,0,0,13,0,0,0,0,0,0,0,0,0,0,0,0,0,0,0,0,0,0,0,0,0,0,0,0,0,0,0,0,225.13,9.67,13.28,0,9.67,0,0,117.84,0,0,0,0,0,0,0,0,0,0,0,0,0,0,0,0,0,0,0,0,0,0,0,0,0,0,0,0
SHORTS-PIN-XL-NAVY - FBA,SHORTS-PIN-XL-NAVY,FBA,0,0,0,0,2,1,0,0,0,0,0,0,0,0,0,0,0,0,0,0,0,0,0,0,0,0,0,0,0,0,0,0,0,0,0,0,0,0,0,0,53.32,26.66,0,0,0,0,0,0,0,0,0,0,0,0,0,0,0,0,0,0,0,0,0,0,0,0,0,0,0,0,0,0
SHORTS-PIN-XL-ORNG - DTC,SHORTS-PIN-XL-ORNG,DTC,5,0,4,1,0,0,0,0,0,0,0,0,0,0,0,0,0,0,0,0,0,0,0,0,0,0,0,0,0,0,0,0,0,0,0,0,35.6,0,37.76,8,0,0,0,0,0,0,0,0,0,0,0,0,0,0,0,0,0,0,0,0,0,0,0,0,0,0,0,0,0,0,0,0
SHORTSSTRIPE-LAR-GREEN - DTC,SHORTSSTRIPE-LAR-GREEN,DTC,0,0,0,0,0,0,0,0,0,0,0,0,0,0,0,0,0,0,0,0,1,0,0,0,0,0,0,0,0,0,0,0,0,0,0,0,0,0,0,0,0,0,0,0,0,0,0,0,0,0,0,0,0,0,0,0,10.13,0,0,0,0,0,0,0,0,0,0,0,0,0,0,0
SPAREPOUCH-LAR - DTC,SPAREPOUCH-LAR,DTC,0,0,0,0,0,0,0,0,0,0,0,3,3,2,0,2,1,0,0,0,0,0,0,0,0,0,0,0,0,0,0,0,0,0,0,0,0,0,0,0,0,0,0,0,0,0,0,24.09,19.33,12.5,0,14.29,10,0,0,0,0,0,0,0,0,0,0,0,0,0,0,0,0,0,0,0
SPAREPOUCH-XLG - DTC,SPAREPOUCH-XLG,DTC,0,0,0,0,0,0,0,0,0,0,0,1,0,0,4,0,3,2,0,0,0,0,0,0,0,0,0,0,0,0,0,0,0,0,0,0,0,0,0,0,0,0,0,0,0,0,0,7.42,0,0,24,0,23.33,14,0,0,0,0,0,0,0,0,0,0,0,0,0,0,0,0,0,0
TEATWL-MD-2SET-CHEFKISS - DTC,TEATWL-MD-2SET-CHEFKISS,DTC,0,0,0,0,0,0,0,0,0,0,0,0,0,0,0,0,0,9,10,17,26,13,0,0,0,0,0,0,0,0,0,0,0,0,0,0,0,0,0,0,0,0,0,0,0,0,0,0,0,0,0,0,0,-6.2,-17.64,8.04,1.59,139.74,0,0,0,0,0,0,0,0,0,0,0,0,0,0
TEATWL-MD-2SET-COOLMAR - DTC,TEATWL-MD-2SET-COOLMAR,DTC,0,0,0,0,0,0,0,0,0,0,0,0,0,0,0,0,3,6,6,20,31,20,26,0,0,0,0,0,0,0,0,0,0,0,0,0,0,0,0,0,0,0,0,0,0,0,0,0,0,0,0,0,0,-6.01,0,18.25,-3.69,2.72,94.86,0,0,0,0,0,0,0,0,0,0,0,0,0
TEATWL-MD-2SET-FRUITY - DTC,TEATWL-MD-2SET-FRUITY,DTC,0,0,0,0,0,0,0,0,0,0,0,0,0,0,0,0,6,8,25,19,20,18,31,54,33,37,36,39,36,21,0,0,0,0,0,0,0,0,0,0,0,0,0,0,0,0,0,0,0,0,0,0,65.33,-2.33,12.21,-18.37,20.93,12.96,138.34,246.44,20,40,0,32.59,40.22,-8,0,0,0,0,0,0
TEATWL-MD-2SETA - DTC,TEATWL-MD-2SETA,DTC,2,0,1,2,9,4,5,0,0,0,0,0,0,0,0,0,0,0,0,0,0,0,0,0,0,0,0,0,0,0,0,0,0,0,0,0,42.18,0,17.85,45.33,171.65,-3.34,-3.34,0,0,0,0,0,0,0,0,0,0,0,0,0,0,0,0,0,0,0,0,0,0,0,0,0,0,0,0,0
TEATWL-MD-2SETB - DTC,TEATWL-MD-2SETB,DTC,3,0,2,1,9,0,0,0,0,0,0,0,0,0,0,0,0,0,0,0,0,0,0,0,0,0,0,0,0,0,0,0,0,0,0,0,62.17,0,35.91,24.33,167.74,0,0,0,0,0,0,0,0,0,0,0,0,0,0,0,0,0,0,0,0,0,0,0,0,0,0,0,0,0,0,0
TEATWL-MD-2SETC - DTC,TEATWL-MD-2SETC,DTC,0,0,0,0,0,0,0,0,10,3,0,0,23,15,20,4,1,0,8,1,0,0,0,0,0,0,0,0,0,0,0,0,0,0,0,0,0,0,0,0,0,0,0,0,-1.91,0,0,0,24.34,-4.66,-9.32,0,0,0,14.78,0,0,0,0,0,0,0,0,0,0,0,0,0,0,0,0,0
TEATWL-MD-3SET-ARTDIN - DTC,TEATWL-MD-3SET-ARTDIN,DTC,0,0,0,0,0,0,0,0,0,0,0,0,0,0,0,0,0,0,0,0,0,0,0,0,0,0,16,21,21,36,13,0,0,0,0,0,0,0,0,0,0,0,0,0,0,0,0,0,0,0,0,0,0,0,0,0,0,0,0,0,0,0,0,-6.36,-12.72,-28.87,64.81,0,0,0,0,0
TEATWL-MD-3SET-ARTDIN - FBA,TEATWL-MD-3SET-ARTDIN,FBA,0,0,0,0,0,0,0,0,0,0,0,0,0,0,0,0,0,0,0,0,0,0,0,0,0,0,3,0,2,1,0,0,0,0,0,0,0,0,0,0,0,0,0,0,0,0,0,0,0,0,0,0,0,0,0,0,0,0,0,0,0,0,0,0,0,-4.47,0,0,0,0,0,0
TEATWL-MD-3SET-BERRYGD - DTC,TEATWL-MD-3SET-BERRYGD,DTC,0,0,0,0,0,0,0,0,11,20,0,0,21,18,11,4,0,0,7,5,0,0,1,0,0,0,0,0,0,0,0,0,0,0,0,0,0,0,0,0,0,0,0,0,39.8,14.43,0,0,-26.83,30.36,26.77,23.8,0,0,20.09,-12.62,0,0,0,0,0,0,0,0,0,0,0,0,0,0,0,0
TEATWL-MD-3SET-BLISS - DTC,TEATWL-MD-3SET-BLISS,DTC,7,0,3,9,10,14,2,0,0,0,0,0,0,0,0,0,0,0,0,0,0,0,0,0,0,0,0,0,0,0,0,0,0,0,0,0,187.16,0,82.21,238.46,201.05,-16.27,-2,0,0,0,0,0,0,0,0,0,0,0,0,0,0,0,0,0,0,0,0,0,0,0,0,0,0,0,0,0
TEATWL-MD-3SET-BLISS - FBA,TEATWL-MD-3SET-BLISS,FBA,0,0,0,1,0,0,0,0,0,0,0,0,0,0,0,0,0,0,0,0,0,0,0,0,0,0,0,0,0,0,0,0,0,0,0,0,0,0,0,24.22,0,0,0,0,0,0,0,0,0,0,0,0,0,0,0,0,0,0,0,0,0,0,0,0,0,0,0,0,0,0,0,0
TEATWL-MD-3SET-BLUJAM - DTC,TEATWL-MD-3SET-BLUJAM,DTC,4,12,20,0,5,6,14,29,0,0,0,0,0,0,0,0,0,0,0,0,0,0,0,0,0,0,0,0,0,0,0,0,0,0,0,0,103.67,304.61,535.74,0,120.66,-9,-22.86,18.83,0,0,0,0,0,0,0,0,0,0,0,0,0,0,0,0,0,0,0,0,0,0,0,0,0,0,0,0
TEATWL-MD-3SET-FINDIN - DTC,TEATWL-MD-3SET-FINDIN,DTC,0,0,0,0,0,0,0,0,0,0,0,0,0,0,0,0,0,0,0,0,33,24,0,0,0,0,0,0,0,0,0,0,0,0,0,0,0,0,0,0,0,0,0,0,0,0,0,0,0,0,0,0,0,0,0,0,25.74,229.05,0,0,0,0,0,0,0,0,0,0,0,0,0,0
TEATWL-MD-3SET-FRTSLD - DTC,TEATWL-MD-3SET-FRTSLD,DTC,8,7,0,1,6,6,25,3,0,0,0,0,0,0,0,0,0,0,0,0,0,0,0,0,0,0,0,0,0,0,0,0,0,0,0,0,219.42,177.8,0,28.08,124.01,-3,-47.02,-8.32,0,0,0,0,0,0,0,0,0,0,0,0,0,0,0,0,0,0,0,0,0,0,0,0,0,0,0,0
TEATWL-MD-3SET-FRTSLD - FBA,TEATWL-MD-3SET-FRTSLD,FBA,0,0,0,0,0,2,1,0,0,0,0,0,0,0,0,0,0,0,0,0,0,0,0,0,0,0,0,0,0,0,0,0,0,0,0,0,0,0,0,0,0,25.45,-10.77,0,0,0,0,0,0,0,0,0,0,0,0,0,0,0,0,0,0,0,0,0,0,0,0,0,0,0,0,0
TEATWL-MD-3SET-HOTSAUC - DTC,TEATWL-MD-3SET-HOTSAUC,DTC,0,0,0,0,0,0,0,0,0,0,0,0,0,0,0,0,0,4,1,0,4,0,0,0,0,0,0,0,0,0,0,0,0,0,0,0,0,0,0,0,0,0,0,0,0,0,0,0,0,0,0,0,0,0,0,0,-5.09,0,0,0,0,0,0,0,0,0,0,0,0,0,0,0
TEATWL-MD-3SET-HOTSTF - DTC,TEATWL-MD-3SET-HOTSTF,DTC,0,0,0,0,0,0,0,0,31,46,46,0,15,20,13,22,14,5,5,12,13,3,0,0,0,0,0,0,0,0,0,0,0,0,0,0,0,0,0,0,0,0,0,0,31.17,46.8,14.11,0,-8.02,-5.94,-8.91,87.55,59.48,0,-5.94,-24.5,-23.03,23.91,0,0,0,0,0,0,0,0,0,0,0,0,0,0
TEATWL-MD-3SET-KITCREW - DTC,TEATWL-MD-3SET-KITCREW,DTC,0,0,0,0,0,0,0,0,0,0,0,0,0,0,0,0,0,0,0,0,0,0,0,0,0,0,11,19,15,31,14,0,0,0,0,0,0,0,0,0,0,0,0,0,0,0,0,0,0,0,0,0,0,0,0,0,0,0,0,0,0,0,0,-6.36,25.67,12.79,-15.9,0,0,0,0,0
TEATWL-MD-3SET-KTCHDISC - DTC,TEATWL-MD-3SET-KTCHDISC,DTC,0,0,0,0,0,0,0,0,0,0,0,0,0,0,0,0,0,0,0,0,7,5,0,0,0,0,0,0,0,0,0,0,0,0,0,0,0,0,0,0,0,0,0,0,0,0,0,0,0,0,0,0,0,0,0,0,-9.91,-6.74,0,0,0,0,0,0,0,0,0,0,0,0,0,0
TEATWL-MD-3SET-MANIA - DTC,TEATWL-MD-3SET-MANIA,DTC,0,0,0,0,0,0,0,0,0,0,0,0,0,0,0,0,9,15,21,30,12,6,0,0,0,0,0,0,0,0,0,0,0,0,0,0,0,0,0,0,0,0,0,0,0,0,0,0,0,0,0,0,-6.44,-5.94,35.35,-32.31,7.4,53.63,0,0,0,0,0,0,0,0,0,0,0,0,0,0
TEATWL-MD-3SET-MOJMNT - DTC,TEATWL-MD-3SET-MOJMNT,DTC,0,0,0,0,0,0,0,0,47,43,51,0,27,20,17,11,1,0,9,4,0,0,0,0,0,0,0,0,0,0,0,0,0,0,0,0,0,0,0,0,0,0,0,0,26.87,47.98,56.88,0,-21.17,-8.91,7.64,17.86,0,0,22.3,-8.9,0,0,0,0,0,0,0,0,0,0,0,0,0,0,0,0
TEATWL-MD-3SET-PATCHP - DTC,TEATWL-MD-3SET-PATCHP,DTC,0,0,0,0,0,0,0,0,58,58,61,0,77,54,41,0,0,0,19,0,0,0,0,0,0,0,0,0,0,0,0,0,0,0,0,0,0,0,0,0,0,0,0,0,40.91,5.92,89.22,0,2.19,19.53,67.49,0,0,0,-4.09,0,0,0,0,0,0,0,0,0,0,0,0,0,0,0,0,0
TEATWL-MD-3SET-PNKLEM - DTC,TEATWL-MD-3SET-PNKLEM,DTC,0,0,0,0,0,0,0,0,18,15,0,0,20,22,13,5,2,0,7,2,0,0,0,0,0,0,0,0,0,0,0,0,0,0,0,0,0,0,0,0,0,0,0,0,24.58,13.14,0,0,25.77,-17.84,50.57,17.86,0,0,-12.26,0,0,0,0,0,0,0,0,0,0,0,0,0,0,0,0,0
TEATWL-MD-3SET-SALSA - DTC,TEATWL-MD-3SET-SALSA,DTC,0,0,0,0,0,0,0,0,0,0,0,0,0,0,0,0,5,14,25,36,33,17,37,20,1,0,0,0,0,0,0,0,0,0,0,0,0,0,0,0,0,0,0,0,0,0,0,0,0,0,0,0,25.47,25.28,-25.28,-62.97,-16.18,71.5,68.52,101.66,30,0,0,0,0,0,0,0,0,0,0,0
TEATWL-MD-3SET-SPICPEEL - DTC,TEATWL-MD-3SET-SPICPEEL,DTC,0,0,0,0,0,0,0,0,0,0,0,0,0,0,0,0,13,25,34,41,32,14,0,0,0,0,0,0,0,0,0,0,0,0,0,0,0,0,0,0,0,0,0,0,0,0,0,0,0,0,0,0,49.27,14.6,-28.83,-21.63,7.14,85.13,0,0,0,0,0,0,0,0,0,0,0,0,0,0
TEATWL-MD-3SET-SPILTEA - DTC,TEATWL-MD-3SET-SPILTEA,DTC,0,0,0,0,0,0,0,0,6,18,2,0,3,13,6,15,12,0,2,0,0,0,0,0,0,0,0,0,0,0,0,0,0,0,0,0,0,0,0,0,0,0,0,0,-3.18,44.13,0,0,-2.97,94.89,-5.94,53.54,23.8,0,0,0,0,0,0,0,0,0,0,0,0,0,0,0,0,0,0,0
TEATWL-MD-3SET-SPRPEEL - DTC,TEATWL-MD-3SET-SPRPEEL,DTC,0,0,0,0,0,0,0,0,0,0,0,0,0,0,0,0,1,4,4,3,8,2,0,0,0,0,0,0,0,0,0,0,0,0,0,0,0,0,0,0,0,0,0,0,0,0,0,0,0,0,0,0,0,0,0,-6.31,57.99,0,0,0,0,0,0,0,0,0,0,0,0,0,0,0
TEATWL-MD-3SET-STRAWFZ - DTC,TEATWL-MD-3SET-STRAWFZ,DTC,0,0,0,0,0,0,0,0,0,0,0,0,0,0,0,0,0,0,0,0,9,2,0,0,0,0,0,0,0,0,0,0,0,0,0,0,0,0,0,0,0,0,0,0,0,0,0,0,0,0,0,0,0,0,0,0,-19.11,0,0,0,0,0,0,0,0,0,0,0,0,0,0,0
TEATWL-MD-3SET-TART - DTC,TEATWL-MD-3SET-TART,DTC,0,0,0,0,0,0,0,0,0,0,0,0,0,0,0,0,0,0,0,0,13,5,0,0,0,0,0,0,0,0,0,0,0,0,0,0,0,0,0,0,0,0,0,0,0,0,0,0,0,0,0,0,0,0,0,0,-31.43,20.73,0,0,0,0,0,0,0,0,0,0,0,0,0,0
TEATWL-MD-3SET-TRIOTOM - DTC,TEATWL-MD-3SET-TRIOTOM,DTC,0,0,0,0,0,0,0,0,0,0,0,0,0,0,0,0,5,15,10,12,16,8,0,0,0,0,0,0,0,0,0,0,0,0,0,0,0,0,0,0,0,0,0,0,0,0,0,0,0,0,0,0,0,26.4,18.97,-15.41,-5.45,-6.37,0,0,0,0,0,0,0,0,0,0,0,0,0,0
TEATWL-MD-3SET-WASHDRY - DTC,TEATWL-MD-3SET-WASHDRY,DTC,0,0,0,0,0,0,0,0,25,34,47,1,23,23,7,4,10,1,4,0,0,0,0,0,0,0,0,0,0,0,0,0,0,0,0,0,0,0,0,0,0,0,0,0,30.75,-2.61,15.3,0,-39.29,-5.94,0,-5.94,12.41,0,-12.25,0,0,0,0,0,0,0,0,0,0,0,0,0,0,0,0,0
TEATWL-MD-3SET-ZEST - DTC,TEATWL-MD-3SET-ZEST,DTC,8,0,0,4,5,8,9,0,0,0,0,0,0,0,0,0,0,0,0,0,0,0,0,0,0,0,0,0,0,0,0,0,0,0,0,0,226.15,0,0,110.58,90.34,-6,-10,0,0,0,0,0,0,0,0,0,0,0,0,0,0,0,0,0,0,0,0,0,0,0,0,0,0,0,0,0
TEATWL-MD-3SET-ZEST - FBA,TEATWL-MD-3SET-ZEST,FBA,0,0,0,0,0,1,0,0,0,0,0,0,0,0,0,0,0,0,0,0,0,0,0,0,0,0,0,0,0,0,0,0,0,0,0,0,0,0,0,0,0,0,0,0,0,0,0,0,0,0,0,0,0,0,0,0,0,0,0,0,0,0,0,0,0,0,0,0,0,0,0,0
TEATWL-MD-3SET-ZESTCHK - DTC,TEATWL-MD-3SET-ZESTCHK,DTC,0,0,0,0,0,0,0,0,0,0,0,0,0,0,0,0,4,41,65,82,62,18,44,0,0,0,0,0,0,0,0,0,0,0,0,0,0,0,0,0,0,0,0,0,0,0,0,0,0,0,0,0,-5.94,-7.8,-59.32,138.61,-32.18,62.98,285.58,0,0,0,0,0,0,0,0,0,0,0,0,0
TEATWL-MD-3SETA - DTC,TEATWL-MD-3SETA,DTC,5,0,0,8,7,3,1,0,0,0,0,0,0,0,0,0,0,0,0,0,0,0,0,0,0,0,0,0,0,0,0,0,0,0,0,0,139.9,0,0,206.84,174.68,0,-2,0,0,0,0,0,0,0,0,0,0,0,0,0,0,0,0,0,0,0,0,0,0,0,0,0,0,0,0,0
TEATWL-MD-3SETA - FBA,TEATWL-MD-3SETA,FBA,0,0,0,1,0,0,0,0,0,0,0,0,0,0,0,0,0,0,0,0,0,0,0,0,0,0,0,0,0,0,0,0,0,0,0,0,0,0,0,26.5,0,0,0,0,0,0,0,0,0,0,0,0,0,0,0,0,0,0,0,0,0,0,0,0,0,0,0,0,0,0,0,0
TEATWL-MD-3SETB - DTC,TEATWL-MD-3SETB,DTC,0,0,0,0,0,0,0,0,32,42,0,0,47,40,42,4,0,0,12,2,0,0,0,0,0,0,0,0,0,0,0,0,0,0,0,0,0,0,0,0,0,0,0,0,45.43,9.12,0,0,55.51,11.44,80.44,26.77,0,0,-18.19,-4.47,0,0,0,0,0,0,0,0,0,0,0,0,0,0,0,0
TEATWL-MD-3SETC - DTC,TEATWL-MD-3SETC,DTC,0,0,0,0,0,0,0,0,37,56,68,2,21,23,22,7,3,0,2,0,0,0,0,0,0,0,0,0,0,0,0,0,0,0,0,0,0,0,0,0,0,0,0,0,53,37.15,-1.97,-2.55,-14.42,28.77,-5.94,84.8,0,0,0,0,0,0,0,0,0,0,0,0,0,0,0,0,0,0,0,0
TEATWL-MD-4SETA - DTC,TEATWL-MD-4SETA,DTC,6,0,2,12,8,16,3,0,0,0,0,0,0,0,0,0,0,0,0,0,0,0,0,0,0,0,0,0,0,0,0,0,0,0,0,0,209.94,0,73.33,411.08,250.96,0,-5.08,0,0,0,0,0,0,0,0,0,0,0,0,0,0,0,0,0,0,0,0,0,0,0,0,0,0,0,0,0
TEATWL-MD-4SETA - FBA,TEATWL-MD-4SETA,FBA,0,0,0,1,0,1,0,0,0,0,0,0,0,0,0,0,0,0,0,0,0,0,0,0,0,0,0,0,0,0,0,0,0,0,0,0,0,0,0,28.86,0,-4.75,0,0,0,0,0,0,0,0,0,0,0,0,0,0,0,0,0,0,0,0,0,0,0,0,0,0,0,0,0,0
TEATWL-MD-4SETB - DTC,TEATWL-MD-4SETB,DTC,0,0,0,0,0,0,0,0,80,6,0,0,46,20,29,9,1,0,16,4,0,0,0,0,0,0,0,0,0,0,0,0,0,0,0,0,0,0,0,0,0,0,0,0,83.86,23.33,0,0,-38.93,29.87,-33.58,67.48,0,0,-18.41,-3.87,0,0,0,0,0,0,0,0,0,0,0,0,0,0,0,0
TEATWL-MD-5SET-CULDEL - DTC,TEATWL-MD-5SET-CULDEL,DTC,0,0,0,0,0,0,0,0,0,0,0,0,0,0,0,0,0,0,0,0,31,19,0,0,0,0,0,0,0,0,0,0,0,0,0,0,0,0,0,0,0,0,0,0,0,0,0,0,0,0,0,0,0,0,0,0,-81.36,286.01,0,0,0,0,0,0,0,0,0,0,0,0,0,0
TEATWL-MD-5SET-DNRPTY - DTC,TEATWL-MD-5SET-DNRPTY,DTC,0,0,0,0,0,0,0,0,0,0,0,0,0,0,0,0,12,38,55,86,43,11,0,0,0,0,0,0,0,0,0,0,0,0,0,0,0,0,0,0,0,0,0,0,0,0,0,0,0,0,0,0,18.67,84,-13.34,58.12,-67.57,11.74,0,0,0,0,0,0,0,0,0,0,0,0,0,0
TEATWL-MD-5SET-HOST - DTC,TEATWL-MD-5SET-HOST,DTC,0,0,0,0,0,0,0,0,0,0,0,0,0,0,0,0,0,0,0,0,15,13,0,0,0,0,0,0,0,0,0,0,0,0,0,0,0,0,0,0,0,0,0,0,0,0,0,0,0,0,0,0,0,0,0,0,-24.26,206.27,0,0,0,0,0,0,0,0,0,0,0,0,0,0
TEATWL-MD-5SET-LOVBIT - DTC,TEATWL-MD-5SET-LOVBIT,DTC,0,0,0,0,0,0,0,0,0,0,0,0,0,0,0,0,0,0,0,0,0,0,0,0,0,0,11,17,15,26,14,0,0,0,0,0,0,0,0,0,0,0,0,0,0,0,0,0,0,0,0,0,0,0,0,0,0,0,0,0,0,0,0,0,87.2,-18.72,37.51,0,0,0,0,0
TEATWL-MD-5SET-LOVBIT - FBA,TEATWL-MD-5SET-LOVBIT,FBA,0,0,0,0,0,0,0,0,0,0,0,0,0,0,0,0,0,0,0,0,0,0,0,0,0,0,0,2,1,2,0,0,0,0,0,0,0,0,0,0,0,0,0,0,0,0,0,0,0,0,0,0,0,0,0,0,0,0,0,0,0,0,0,50.21,50.21,50.21,0,0,0,0,0,0
TEATWL-MD-5SET-ONTHEM - DTC,TEATWL-MD-5SET-ONTHEM,DTC,0,0,0,0,0,0,0,0,0,0,0,0,0,0,0,0,0,0,0,0,0,0,0,0,0,0,5,11,9,13,6,0,0,0,0,0,0,0,0,0,0,0,0,0,0,0,0,0,0,0,0,0,0,0,0,0,0,0,0,0,0,0,0,-9.36,-9.36,-4.68,0,0,0,0,0,0
TEATWL-MD-5SET-ONTHEM - FBA,TEATWL-MD-5SET-ONTHEM,FBA,0,0,0,0,0,0,0,0,0,0,0,0,0,0,0,0,0,0,0,0,0,0,0,0,0,0,0,1,2,0,0,0,0,0,0,0,0,0,0,0,0,0,0,0,0,0,0,0,0,0,0,0,0,0,0,0,0,0,0,0,0,0,0,0,36.06,0,0,0,0,0,0,0
TEATWL-MD-5SET-PICKY - DTC,TEATWL-MD-5SET-PICKY,DTC,0,0,0,0,0,0,0,0,0,0,0,0,0,0,0,0,0,0,0,0,7,3,0,0,0,0,0,0,0,0,0,0,0,0,0,0,0,0,0,0,0,0,0,0,0,0,0,0,0,0,0,0,0,0,0,0,-21.65,46.88,0,0,0,0,0,0,0,0,0,0,0,0,0,0
TEATWL-MD-5SETA - DTC,TEATWL-MD-5SETA,DTC,0,0,0,0,0,0,0,0,155,0,0,0,51,79,81,0,0,0,12,0,0,0,0,0,0,0,0,0,0,0,0,0,0,0,0,0,0,0,0,0,0,0,0,0,226.08,0,0,0,-66.3,256.67,83.98,0,0,0,64.2,0,0,0,0,0,0,0,0,0,0,0,0,0,0,0,0,0
TEATWL-MD-6SET-AFTPTY - DTC,TEATWL-MD-6SET-AFTPTY,DTC,0,0,0,0,0,0,0,0,0,0,0,0,0,0,0,0,0,0,0,0,8,14,0,0,0,0,0,0,0,0,0,0,0,0,0,0,0,0,0,0,0,0,0,0,0,0,0,0,0,0,0,0,0,0,0,0,45.22,20.91,0,0,0,0,0,0,0,0,0,0,0,0,0,0
TEATWL-MD-6SET-FRTCTL - DTC,TEATWL-MD-6SET-FRTCTL,DTC,0,0,0,0,0,0,0,0,0,0,0,0,0,0,0,0,0,0,0,0,6,4,0,0,0,0,0,0,0,0,0,0,0,0,0,0,0,0,0,0,0,0,0,0,0,0,0,0,0,0,0,0,0,0,0,0,-20.11,135.69,0,0,0,0,0,0,0,0,0,0,0,0,0,0
TEATWL-MD-6SET-GRAZSET - DTC,TEATWL-MD-6SET-GRAZSET,DTC,0,0,0,0,0,0,0,0,0,0,0,0,0,0,0,0,0,0,0,0,0,0,0,0,0,0,1,10,8,8,5,0,0,0,0,0,0,0,0,0,0,0,0,0,0,0,0,0,0,0,0,0,0,0,0,0,0,0,0,0,0,0,0,0,-5.03,-15.09,0,0,0,0,0,0
TEATWL-MD-6SET-SPGHTNI - DTC,TEATWL-MD-6SET-SPGHTNI,DTC,0,0,0,0,0,0,0,0,0,0,0,0,0,0,0,0,0,0,0,0,0,0,0,0,0,0,9,7,8,8,4,0,0,0,0,0,0,0,0,0,0,0,0,0,0,0,0,0,0,0,0,0,0,0,0,0,0,0,0,0,0,0,50.25,-10.06,-15.09,50.25,-5.03,0,0,0,0,0
TEATWL-MD-APPLTRT - B2B,TEATWL-MD-APPLTRT,B2B,0,0,0,0,0,0,0,0,0,0,0,0,0,0,0,0,0,0,0,0,12,0,0,0,0,2,0,18,0,0,6,0,0,0,0,0,0,0,0,0,0,0,0,0,0,0,0,0,0,0,0,0,0,0,0,0,72.48,0,0,0,0,-0.53,0,113.97,0,0,37.5,0,0,0,0,0
TEATWL-MD-APPLTRT - DTC,TEATWL-MD-APPLTRT,DTC,0,0,0,0,0,0,0,0,0,0,0,0,0,0,0,0,0,0,0,0,149,116,142,118,246,93,55,69,76,92,72,0,0,0,0,0,0,0,0,0,0,0,0,0,0,0,0,0,0,0,0,0,0,0,0,0,1494.06,1239.13,2065.72,1367.12,3453.49,1440.14,916.75,920.19,913.58,1201.72,938.01,0,0,0,0,0
TEATWL-MD-APPLTRT - FBA,TEATWL-MD-APPLTRT,FBA,0,0,0,0,0,0,0,0,0,0,0,0,0,0,0,0,0,0,0,0,6,7,15,24,24,17,26,18,21,26,1,0,0,0,0,0,0,0,0,0,0,0,0,0,0,0,0,0,0,0,0,0,0,0,0,0,62,75.89,198.91,282.55,313.85,255.09,364.07,197.55,273.14,291.61,11.87,0,0,0,0,0
TEATWL-MD-BAKEME - B2B,TEATWL-MD-BAKEME,B2B,0,0,0,0,0,0,0,0,0,0,0,0,0,0,0,0,0,0,0,0,0,0,0,0,0,0,0,0,0,14,0,0,0,0,0,0,0,0,0,0,0,0,0,0,0,0,0,0,0,0,0,0,0,0,0,0,0,0,0,0,0,0,0,0,0,0,0,0,0,0,0,0
TEATWL-MD-BERRYGD - B2B,TEATWL-MD-BERRYGD,B2B,0,0,0,0,0,0,0,1,6,0,0,0,1,7,49,125,4,0,0,6,0,0,0,0,0,0,0,0,0,0,0,0,0,0,0,0,0,0,0,0,0,0,0,0,24.96,0,0,0,-0.24,39.4,276.42,728.75,22.39,0,0,34.98,0,0,0,0,0,0,0,0,0,0,0,0,0,0,0,0
TEATWL-MD-BERRYGD - DTC,TEATWL-MD-BERRYGD,DTC,0,0,0,0,0,0,0,0,250,146,0,0,200,212,230,20,0,0,92,45,1,2,3,0,0,0,0,0,0,0,0,0,0,0,0,0,0,0,0,0,0,0,0,0,1696.12,1274.78,0,0,2023.24,2104.11,2397.28,167.01,0,0,947.73,467.73,8.75,25.03,35.21,0,0,0,0,0,0,0,0,0,0,0,0,0
TEATWL-MD-BERRYGD - FBA,TEATWL-MD-BERRYGD,FBA,0,0,0,0,0,0,0,0,1,6,0,0,11,16,44,18,20,0,5,3,0,0,0,0,0,0,0,0,0,0,0,0,0,0,0,0,0,0,0,0,0,0,0,0,10.42,64.25,0,0,107.19,142.87,346.82,179.1,202.2,0,59.11,31.47,0,0,0,0,0,0,0,0,0,0,0,0,0,0,0,0
TEATWL-MD-BIGDILL - B2B,TEATWL-MD-BIGDILL,B2B,0,0,0,0,0,0,0,0,0,0,0,0,0,0,0,0,0,0,0,0,0,0,0,0,0,0,0,0,0,13,0,0,0,0,0,0,0,0,0,0,0,0,0,0,0,0,0,0,0,0,0,0,0,0,0,0,0,0,0,0,0,0,0,0,0,0,0,0,0,0,0,0
TEATWL-MD-BIGDILL - FBA,TEATWL-MD-BIGDILL,FBA,0,0,0,0,0,0,0,0,0,0,0,0,0,0,0,0,0,0,0,0,0,0,0,0,0,0,0,0,0,1,0,0,0,0,0,0,0,0,0,0,0,0,0,0,0,0,0,0,0,0,0,0,0,0,0,0,0,0,0,0,0,0,0,0,0,12.91,0,0,0,0,0,0
TEATWL-MD-BLISS - B2B,TEATWL-MD-BLISS,B2B,4,0,0,5,18,6,0,0,0,6,0,0,0,0,0,0,0,0,0,0,0,0,0,0,0,0,0,0,0,0,0,0,0,0,0,0,22.15,0,0,29.15,101.74,26.24,0,0,0,26.77,0,0,0,0,0,0,0,0,0,0,0,0,0,0,0,0,0,0,0,0,0,0,0,0,0,0
TEATWL-MD-BLISS - DTC,TEATWL-MD-BLISS,DTC,47,0,22,52,65,77,14,0,0,0,0,0,0,0,0,0,0,0,0,0,0,0,0,0,0,0,0,0,0,0,0,0,0,0,0,0,127.71,0,92.39,46.54,113.64,517.49,101.04,0,0,0,0,0,0,0,0,0,0,0,0,0,0,0,0,0,0,0,0,0,0,0,0,0,0,0,0,0
TEATWL-MD-BLISS - FBA,TEATWL-MD-BLISS,FBA,1,0,0,6,0,2,0,0,0,0,0,0,0,0,0,0,0,0,0,0,0,0,0,0,0,0,0,0,0,0,0,0,0,0,0,0,15.82,0,0,10.67,0,21.94,0,0,0,0,0,0,0,0,0,0,0,0,0,0,0,0,0,0,0,0,0,0,0,0,0,0,0,0,0,0
TEATWL-MD-BLUJAM - B2B,TEATWL-MD-BLUJAM,B2B,6,0,0,3,5,6,24,0,0,6,0,0,0,0,0,0,0,0,0,0,0,0,0,0,0,0,0,0,0,0,0,0,0,0,0,0,29.83,0,0,17.49,29.44,29.15,139.92,0,0,26.77,0,0,0,0,0,0,0,0,0,0,0,0,0,0,0,0,0,0,0,0,0,0,0,0,0,0
TEATWL-MD-BLUJAM - DTC,TEATWL-MD-BLUJAM,DTC,31,48,72,23,43,48,63,122,0,0,0,0,0,0,0,0,0,0,0,0,0,0,0,0,0,0,0,0,0,0,0,0,0,0,0,0,65.39,140.94,97.73,0,44.37,308.68,445.32,834.01,0,0,0,0,0,0,0,0,0,0,0,0,0,0,0,0,0,0,0,0,0,0,0,0,0,0,0,0
TEATWL-MD-BLUJAM - FBA,TEATWL-MD-BLUJAM,FBA,0,1,2,3,2,3,2,0,0,0,0,0,0,0,0,0,0,0,0,0,0,0,0,0,0,0,0,0,0,0,0,0,0,0,0,0,0,11.26,22.82,11.41,20.87,32.1,31.64,0,0,0,0,0,0,0,0,0,0,0,0,0,0,0,0,0,0,0,0,0,0,0,0,0,0,0,0,0
TEATWL-MD-CCOOL - B2B,TEATWL-MD-CCOOL,B2B,0,0,0,0,0,0,0,0,0,0,0,0,0,0,0,0,5,3,19,0,0,0,0,0,0,0,1,0,2,0,0,0,0,0,0,0,0,0,0,0,0,0,0,0,0,0,0,0,0,0,0,0,29.15,11.66,107.81,0,0,0,0,0,0,0,5.49,0,10.63,0,0,0,0,0,0,0
TEATWL-MD-CCOOL - DTC,TEATWL-MD-CCOOL,DTC,0,0,0,0,0,0,0,0,0,0,0,0,0,0,0,0,21,99,198,267,267,124,250,220,226,116,98,69,82,43,0,0,0,0,0,0,0,0,0,0,0,0,0,0,0,0,0,0,0,0,0,0,184.82,1025.66,2073.84,2660.04,2474.4,1168.06,2402.33,2004.8,2057.47,1157.01,966.48,707.98,830.09,446.37,0,0,0,0,0,0
TEATWL-MD-CCOOL - FBA,TEATWL-MD-CCOOL,FBA,0,0,0,0,0,0,0,0,0,0,0,0,0,0,0,0,0,0,15,20,14,52,64,56,53,28,26,46,34,58,0,0,0,0,0,0,0,0,0,0,0,0,0,0,0,0,0,0,0,0,0,0,0,0,158.56,212.73,139.86,451.08,555.76,525.27,466.53,278.14,250.74,427.09,302.67,494.94,0,0,0,0,0,0
TEATWL-MD-CHECKPLS - B2B,TEATWL-MD-CHECKPLS,B2B,0,0,0,0,0,0,0,0,0,0,0,0,0,0,0,0,0,0,0,0,0,0,0,0,0,0,18,0,0,2,0,0,0,0,0,0,0,0,0,0,0,0,0,0,0,0,0,0,0,0,0,0,0,0,0,0,0,0,0,0,0,0,110.64,0,0,0,0,0,0,0,0,0
TEATWL-MD-CHECKPLS - DTC,TEATWL-MD-CHECKPLS,DTC,0,0,0,0,0,0,0,0,0,0,0,0,0,0,0,0,0,0,0,0,0,0,0,0,0,8,87,72,78,102,68,0,0,0,0,0,0,0,0,0,0,0,0,0,0,0,0,0,0,0,0,0,0,0,0,0,0,0,0,0,0,102.91,927.48,769.76,833.36,1105.83,738.95,0,0,0,0,0
TEATWL-MD-CHECKPLS - FBA,TEATWL-MD-CHECKPLS,FBA,0,0,0,0,0,0,0,0,0,0,0,0,0,0,0,0,0,0,0,0,0,0,0,0,0,0,3,1,25,18,1,0,0,0,0,0,0,0,0,0,0,0,0,0,0,0,0,0,0,0,0,0,0,0,0,0,0,0,0,0,0,0,35.22,10.04,272.96,205.21,13.53,0,0,0,0,0
TEATWL-MD-CTCHDAY - B2B,TEATWL-MD-CTCHDAY,B2B,0,0,0,0,0,0,0,0,0,0,0,0,0,0,0,0,0,0,0,0,33,18,11,6,6,2,18,18,112,0,162,0,0,0,0,0,0,0,0,0,0,0,0,0,0,0,0,0,0,0,0,0,0,0,0,0,192.39,107.46,649.65,39.35,35.31,-0.53,112.5,113.97,700,0,1012.5,0,0,0,0,0
TEATWL-MD-CTCHDAY - DTC,TEATWL-MD-CTCHDAY,DTC,0,0,0,0,0,0,0,0,0,0,0,0,0,0,0,0,0,0,0,0,210,221,422,344,449,133,77,61,117,51,85,0,0,0,0,0,0,0,0,0,0,0,0,0,0,0,0,0,0,0,0,0,0,0,0,0,2241.84,2264.87,4424.89,3482.74,4555.38,1395.74,772.24,668.66,1278.52,548.05,913.94,0,0,0,0,0
TEATWL-MD-CTCHDAY - FBA,TEATWL-MD-CTCHDAY,FBA,0,0,0,0,0,0,0,0,0,0,0,0,0,0,0,0,0,0,0,0,4,31,69,73,63,50,23,55,39,21,8,0,0,0,0,0,0,0,0,0,0,0,0,0,0,0,0,0,0,0,0,0,0,0,0,0,52.08,348.18,724.56,857.34,700.57,584.03,252.73,585.97,459.29,233.4,110.41,0,0,0,0,0
TEATWL-MD-DINPRTY - B2B,TEATWL-MD-DINPRTY,B2B,0,0,0,0,0,0,0,0,0,0,0,0,0,0,0,0,0,0,0,0,0,12,0,0,0,8,0,12,6,6,0,0,0,0,0,0,0,0,0,0,0,0,0,0,0,0,0,0,0,0,0,0,0,0,0,0,0,72.48,0,0,0,36.97,0,75,37.5,39.07,0,0,0,0,0,0
TEATWL-MD-DINPRTY - DTC,TEATWL-MD-DINPRTY,DTC,0,0,0,0,0,0,0,0,0,0,0,0,0,0,0,0,0,0,0,0,156,151,312,304,477,136,70,53,82,55,78,0,0,0,0,0,0,0,0,0,0,0,0,0,0,0,0,0,0,0,0,0,0,0,0,0,1593.05,1421.02,3231.49,2857.59,4575.29,1446.83,698.4,575.26,847.77,607.56,798.7,0,0,0,0,0
TEATWL-MD-DINPRTY - FBA,TEATWL-MD-DINPRTY,FBA,0,0,0,0,0,0,0,0,0,0,0,0,0,0,0,0,0,0,0,0,2,14,28,21,35,35,13,24,16,39,14,0,0,0,0,0,0,0,0,0,0,0,0,0,0,0,0,0,0,0,0,0,0,0,0,0,23.77,149.61,287.03,249.26,379.56,402.57,144.64,258.08,174.64,419.89,156.01,0,0,0,0,0
TEATWL-MD-FEELVINE - B2B,TEATWL-MD-FEELVINE,B2B,0,0,0,0,0,0,0,0,0,0,0,0,0,0,0,0,5,25,6,30,15,0,6,0,0,0,0,0,0,0,0,0,0,0,0,0,0,0,0,0,0,0,0,0,0,0,0,0,0,0,0,0,30.27,107.62,34.98,174.9,79.15,0,37.5,0,0,0,0,0,0,0,0,0,0,0,0,0
TEATWL-MD-FEELVINE - DTC,TEATWL-MD-FEELVINE,DTC,0,0,0,0,0,0,0,0,0,0,0,0,0,0,0,0,83,218,268,475,511,218,240,123,0,0,0,0,0,0,0,0,0,0,0,0,0,0,0,0,0,0,0,0,0,0,0,0,0,0,0,0,860.8,2172.18,2703.28,4504.01,4774.98,2066.58,2233.27,1186.5,0,0,0,0,0,0,0,0,0,0,0,0
TEATWL-MD-FEELVINE - FBA,TEATWL-MD-FEELVINE,FBA,0,0,0,0,0,0,0,0,0,0,0,0,0,0,0,0,0,1,14,17,30,76,84,84,1,1,0,0,0,0,0,0,0,0,0,0,0,0,0,0,0,0,0,0,0,0,0,0,0,0,0,0,0,13.54,148.07,162.98,299.71,656.93,746.72,798.3,8.99,9.99,0,0,0,0,0,0,0,0,0,0
TEATWL-MD-FRTSLD - B2B,TEATWL-MD-FRTSLD,B2B,2,3,0,0,8,4,0,0,0,6,0,0,0,0,0,0,0,0,0,0,0,0,0,0,0,0,0,0,0,0,0,0,0,0,0,0,11.08,17.49,0,0,45.77,11.67,0,0,0,26.77,0,0,0,0,0,0,0,0,0,0,0,0,0,0,0,0,0,0,0,0,0,0,0,0,0,0
TEATWL-MD-FRTSLD - DTC,TEATWL-MD-FRTSLD,DTC,40,49,6,24,44,43,101,11,3,0,0,0,0,0,0,0,0,0,0,0,0,0,0,0,0,0,0,0,0,0,0,0,0,0,0,0,83.57,312.03,22.17,83.23,83.5,280.82,729.5,77.32,23.82,0,0,0,0,0,0,0,0,0,0,0,0,0,0,0,0,0,0,0,0,0,0,0,0,0,0,0
TEATWL-MD-FRTSLD - FBA,TEATWL-MD-FRTSLD,FBA,1,0,0,2,4,8,3,0,0,0,0,0,0,0,0,0,0,0,0,0,0,0,0,0,0,0,0,0,0,0,0,0,0,0,0,0,15.82,0,0,15.82,51.25,87.52,30.2,0,0,0,0,0,0,0,0,0,0,0,0,0,0,0,0,0,0,0,0,0,0,0,0,0,0,0,0,0
TEATWL-MD-GLDHOUR - B2B,TEATWL-MD-GLDHOUR,B2B,0,0,0,0,0,0,0,0,0,0,0,0,0,0,0,0,0,0,0,0,4,0,0,0,0,2,6,6,46,65,0,0,0,0,0,0,0,0,0,0,0,0,0,0,0,0,0,0,0,0,0,0,0,0,0,0,23.32,0,437.25,0,0,-0.53,37.5,37.5,287.5,406.25,0,0,0,0,0,0
TEATWL-MD-GLDHOUR - DTC,TEATWL-MD-GLDHOUR,DTC,0,0,0,0,0,0,0,0,0,0,0,0,0,0,0,0,0,0,0,0,64,55,115,83,177,70,34,34,39,59,27,0,0,0,0,0,0,0,0,0,0,0,0,0,0,0,0,0,0,0,0,0,0,0,0,0,695.77,552.07,1175.36,802.38,1694.17,693.91,350.97,364.83,411.1,675.52,278.76,0,0,0,0,0
TEATWL-MD-GLDHOUR - FBA,TEATWL-MD-GLDHOUR,FBA,0,0,0,0,0,0,0,0,0,0,0,0,0,0,0,0,0,0,0,0,3,11,23,19,19,13,9,12,11,29,2,0,0,0,0,0,0,0,0,0,0,0,0,0,0,0,0,0,0,0,0,0,0,0,0,0,40.8,118.06,237.03,218.07,209.16,147.09,94.69,124.12,118.71,314.07,23.73,0,0,0,0,0
TEATWL-MD-GRTFROM - B2B,TEATWL-MD-GRTFROM,B2B,0,0,0,0,0,0,0,0,0,0,0,0,0,0,0,0,0,0,0,0,6,6,5,0,6,2,0,6,6,0,6,0,0,0,0,0,0,0,0,0,0,0,0,0,0,0,0,0,0,0,0,0,0,0,0,0,34.98,37.5,29.15,0,35.31,-0.53,0,37.5,37.5,0,37.5,0,0,0,0,0
TEATWL-MD-GRTFROM - DTC,TEATWL-MD-GRTFROM,DTC,0,0,0,0,0,0,0,0,0,0,0,0,0,0,0,0,0,0,0,0,107,84,161,130,217,107,52,53,59,51,53,0,0,0,0,0,0,0,0,0,0,0,0,0,0,0,0,0,0,0,0,0,0,0,0,0,1114.04,727.94,1567.61,1222.83,2110.79,1087.24,498.41,564.23,587.84,546.12,535.58,0,0,0,0,0
TEATWL-MD-GRTFROM - FBA,TEATWL-MD-GRTFROM,FBA,0,0,0,0,0,0,0,0,0,0,0,0,0,0,0,0,0,0,0,0,2,15,17,12,30,15,14,12,6,29,3,0,0,0,0,0,0,0,0,0,0,0,0,0,0,0,0,0,0,0,0,0,0,0,0,0,28.31,169.92,185.9,128.77,317.2,170.99,153.58,127.12,67.49,302.97,36.85,0,0,0,0,0
TEATWL-MD-HEADCHEF - B2B,TEATWL-MD-HEADCHEF,B2B,0,0,0,0,0,0,0,0,0,0,0,0,0,0,0,0,0,0,0,0,0,0,0,0,0,0,36,6,0,1,6,0,0,0,0,0,0,0,0,0,0,0,0,0,0,0,0,0,0,0,0,0,0,0,0,0,0,0,0,0,0,0,226.56,39.3,0,0,37.5,0,0,0,0,0
TEATWL-MD-HEADCHEF - DTC,TEATWL-MD-HEADCHEF,DTC,0,0,0,0,0,0,0,0,0,0,0,0,0,0,0,0,0,0,0,0,0,0,0,0,0,11,40,62,47,72,41,0,0,0,0,0,0,0,0,0,0,0,0,0,0,0,0,0,0,0,0,0,0,0,0,0,0,0,0,0,0,137,433.3,693.46,497.57,813.43,464,0,0,0,0,0
TEATWL-MD-HEADCHEF - FBA,TEATWL-MD-HEADCHEF,FBA,0,0,0,0,0,0,0,0,0,0,0,0,0,0,0,0,0,0,0,0,0,0,0,0,0,1,6,12,11,21,3,0,0,0,0,0,0,0,0,0,0,0,0,0,0,0,0,0,0,0,0,0,0,0,0,0,0,0,0,0,0,12.49,71.2,130.57,115.84,236.7,29.35,0,0,0,0,0
TEATWL-MD-HOTSTF - B2B,TEATWL-MD-HOTSTF,B2B,0,0,0,0,0,0,0,0,8,6,0,0,3,7,14,130,17,20,10,36,21,0,0,0,0,0,0,0,0,0,0,0,0,0,0,0,0,0,0,0,0,0,0,0,33.28,26.38,0,0,10.7,42.86,67.23,755.33,98.24,114.3,54.25,194.94,122.27,0,0,0,0,0,0,0,0,0,0,0,0,0,0,0
TEATWL-MD-HOTSTF - DTC,TEATWL-MD-HOTSTF,DTC,0,0,0,0,0,0,0,0,329,255,297,5,135,200,195,124,85,66,114,129,177,52,0,0,0,0,0,0,0,0,0,0,0,0,0,0,0,0,0,0,0,0,0,0,2271.6,2351.93,2643.56,44.77,1401.94,2054.11,2034.8,1207.55,905.64,653.26,1143.43,1369.51,1981.97,570.94,0,0,0,0,0,0,0,0,0,0,0,0,0,0
TEATWL-MD-HOTSTF - FBA,TEATWL-MD-HOTSTF,FBA,0,0,0,0,0,0,0,0,1,0,9,0,13,17,41,12,16,15,14,16,24,25,61,23,26,20,4,0,0,0,0,0,0,0,0,0,0,0,0,0,0,0,0,0,12.49,0,102.01,0,132.19,153.97,330.44,117.74,156.79,153.89,149.15,170.21,299.76,273.52,515.97,262.7,283.52,250.42,49.96,0,0,0,0,0,0,0,0,0
TEATWL-MD-KISSCOOK - B2B,TEATWL-MD-KISSCOOK,B2B,0,0,0,0,0,0,0,0,0,0,0,0,0,0,0,0,2,17,5,12,28,36,0,0,10,0,0,0,34,0,145,0,0,0,0,0,0,0,0,0,0,0,0,0,0,0,0,0,0,0,0,0,11.66,96.43,30.08,69.96,154.94,204.9,874.5,0,50,0,0,0,198.22,0,845.35,0,0,0,0,0
TEATWL-MD-KISSCOOK - DTC,TEATWL-MD-KISSCOOK,DTC,0,0,0,0,0,0,0,0,0,0,0,0,0,0,0,0,41,120,184,296,313,147,289,300,190,0,55,50,0,0,5,0,0,0,0,0,0,0,0,0,0,0,0,0,0,0,0,0,0,0,0,0,386.93,1183.3,1856.46,2829.66,2973.22,1297.56,2562.34,2574.06,1431.14,0,551.73,501.99,0,0,45.59,0,0,0,0,0
TEATWL-MD-KISSCOOK - FBA,TEATWL-MD-KISSCOOK,FBA,0,0,0,0,0,0,0,0,0,0,0,0,0,0,0,0,0,0,9,26,20,66,78,103,58,0,6,25,12,0,0,0,0,0,0,0,0,0,0,0,0,0,0,0,0,0,0,0,0,0,0,0,0,0,97.13,285.88,209.79,585.88,706.79,1012.46,552.36,0,69.43,234.73,126.43,0,0,0,0,0,0,0
TEATWL-MD-KTCHDISC - B2B,TEATWL-MD-KTCHDISC,B2B,0,0,0,0,0,0,0,0,0,0,0,0,0,0,0,0,0,0,0,0,0,12,5,0,6,2,12,12,0,1,0,0,0,0,0,0,0,0,0,0,0,0,0,0,0,0,0,0,0,0,0,0,0,0,0,0,0,72.48,29.15,0,35.31,-0.53,75,76.8,0,0,0,0,0,0,0,0
TEATWL-MD-KTCHDISC - DTC,TEATWL-MD-KTCHDISC,DTC,0,0,0,0,0,0,0,0,0,0,0,0,0,0,0,0,0,0,0,0,160,156,239,257,452,136,85,85,80,105,90,0,0,0,0,0,0,0,0,0,0,0,0,0,0,0,0,0,0,0,0,0,0,0,0,0,1645.06,1526.26,2926.85,2967.74,5284.55,1480.34,957.48,964.83,860.47,1148.22,977.55,0,0,0,0,0
TEATWL-MD-KTCHDISC - FBA,TEATWL-MD-KTCHDISC,FBA,0,0,0,0,0,0,0,0,0,0,0,0,0,0,0,0,0,0,0,0,5,17,56,39,42,46,40,48,33,56,1,0,0,0,0,0,0,0,0,0,0,0,0,0,0,0,0,0,0,0,0,0,0,0,0,0,62.45,189.92,641.27,486.16,492.69,530.86,451.76,527.89,378.98,665.31,15.82,0,0,0,0,0
TEATWL-MD-MEDMAR - B2B,TEATWL-MD-MEDMAR,B2B,0,0,0,0,0,0,0,0,0,0,0,0,0,0,0,0,6,63,14,6,6,6,0,0,0,0,0,6,65,80,0,0,0,0,0,0,0,0,0,0,0,0,0,0,0,0,0,0,0,0,0,0,34.98,46.64,83.65,34.98,34.98,34.98,583,0,0,0,0,31.44,378.95,466.4,0,0,0,0,0,0
TEATWL-MD-MEDMAR - DTC,TEATWL-MD-MEDMAR,DTC,0,0,0,0,0,0,0,0,0,0,0,0,0,0,0,0,69,235,335,593,528,196,154,0,0,0,0,31,40,0,0,0,0,0,0,0,0,0,0,0,0,0,0,0,0,0,0,0,0,0,0,0,693.39,2366.21,3465.56,5776.24,4943.94,1796.64,1480.69,0,0,0,0,295.28,382.15,0,0,0,0,0,0,0
TEATWL-MD-MEDMAR - FBA,TEATWL-MD-MEDMAR,FBA,0,0,0,0,0,0,0,0,0,0,0,0,0,0,0,0,0,3,30,14,53,117,99,2,0,0,0,3,24,1,0,0,0,0,0,0,0,0,0,0,0,0,0,0,0,0,0,0,0,0,0,0,0,40.97,331.35,161.31,541.17,1047.37,931.68,18.98,0,0,0,37.68,215.76,11.67,0,0,0,0,0,0
TEATWL-MD-MOJMNT - B2B,TEATWL-MD-MOJMNT,B2B,0,0,0,0,0,0,0,1,8,0,0,0,1,3,8,127,4,0,12,0,0,0,0,0,0,0,0,0,0,0,0,0,0,0,0,0,0,0,0,0,0,0,0,0,33.28,0,0,0,-0.24,16.32,33.76,739.69,22.39,0,71.99,0,0,0,0,0,0,0,0,0,0,0,0,0,0,0,0,0
TEATWL-MD-MOJMNT - DTC,TEATWL-MD-MOJMNT,DTC,0,0,0,0,0,0,0,0,378,238,269,5,238,173,196,78,14,0,97,37,0,1,5,0,0,0,0,0,0,0,0,0,0,0,0,0,0,0,0,0,0,0,0,0,2571.8,2003.26,2201.87,51.11,2438.36,1838.93,2084.2,751.06,153.7,0,975.8,379.71,0,8.75,60.83,0,0,0,0,0,0,0,0,0,0,0,0,0
TEATWL-MD-MOJMNT - FBA,TEATWL-MD-MOJMNT,FBA,0,0,0,0,0,0,0,0,3,3,3,0,2,29,46,17,24,0,4,32,15,4,0,0,0,0,0,0,0,0,0,0,0,0,0,0,0,0,0,0,0,0,0,0,31.24,30.14,33.31,0,22.9,247.24,370.4,173.26,231.98,0,43.08,356.79,185.7,39.96,0,0,0,0,0,0,0,0,0,0,0,0,0,0
TEATWL-MD-MTCHCRSH - B2B,TEATWL-MD-MTCHCRSH,B2B,0,0,0,0,0,0,0,0,0,0,0,0,0,0,0,0,0,0,0,0,0,0,0,0,0,0,0,0,0,13,0,0,0,0,0,0,0,0,0,0,0,0,0,0,0,0,0,0,0,0,0,0,0,0,0,0,0,0,0,0,0,0,0,0,0,0,0,0,0,0,0,0
TEATWL-MD-MTCHCRSH - FBA,TEATWL-MD-MTCHCRSH,FBA,0,0,0,0,0,0,0,0,0,0,0,0,0,0,0,0,0,0,0,0,0,0,0,0,0,0,0,0,0,0,1,0,0,0,0,0,0,0,0,0,0,0,0,0,0,0,0,0,0,0,0,0,0,0,0,0,0,0,0,0,0,0,0,0,0,0,15.06,0,0,0,0,0
TEATWL-MD-PATCHP - B2B,TEATWL-MD-PATCHP,B2B,0,0,0,0,0,0,0,1,9,9,30,0,7,3,8,4,0,4,0,0,0,0,0,0,0,0,0,0,0,0,0,0,0,0,0,0,0,0,0,0,0,0,0,0,37.44,39.57,124.8,0,28.26,18.5,33.76,21.89,0,23.32,0,0,0,0,0,0,0,0,0,0,0,0,0,0,0,0,0,0
TEATWL-MD-PATCHP - DTC,TEATWL-MD-PATCHP,DTC,0,0,0,0,0,0,0,1,359,248,244,1,327,282,284,5,0,0,96,1,0,1,3,0,0,0,0,0,0,0,0,0,0,0,0,0,0,0,0,0,0,0,0,0,2500.96,2198.68,1998.74,11.67,3155.51,2868.53,2993.32,51.12,0,0,996.8,15,0,15.83,36.62,0,0,0,0,0,0,0,0,0,0,0,0,0
TEATWL-MD-PATCHP - FBA,TEATWL-MD-PATCHP,FBA,0,0,0,0,0,0,0,0,2,4,2,0,12,8,38,30,3,0,0,0,0,0,0,0,0,0,0,0,0,0,0,0,0,0,0,0,0,0,0,0,0,0,0,0,24.98,46.79,20.82,0,120.73,78.77,353.74,300.76,31.96,0,0,0,0,0,0,0,0,0,0,0,0,0,0,0,0,0,0,0
TEATWL-MD-PEAPOD - B2B,TEATWL-MD-PEAPOD,B2B,0,0,0,0,0,0,0,0,0,0,0,0,0,0,0,0,0,0,0,0,0,0,0,0,0,0,30,12,0,0,0,0,0,0,0,0,0,0,0,0,0,0,0,0,0,0,0,0,0,0,0,0,0,0,0,0,0,0,0,0,0,0,185.64,76.8,0,0,0,0,0,0,0,0
TEATWL-MD-PEAPOD - DTC,TEATWL-MD-PEAPOD,DTC,0,0,0,0,0,0,0,0,0,0,0,0,0,0,0,0,0,0,0,0,0,0,0,0,0,0,64,65,71,119,62,0,0,0,0,0,0,0,0,0,0,0,0,0,0,0,0,0,0,0,0,0,0,0,0,0,0,0,0,0,0,0,709.46,713.95,755.93,1318.01,677.67,0,0,0,0,0
TEATWL-MD-PEAPOD - FBA,TEATWL-MD-PEAPOD,FBA,0,0,0,0,0,0,0,0,0,0,0,0,0,0,0,0,0,0,0,0,0,0,0,0,0,0,7,27,11,20,3,0,0,0,0,0,0,0,0,0,0,0,0,0,0,0,0,0,0,0,0,0,0,0,0,0,0,0,0,0,0,0,78.84,289.77,118.72,218.9,38.93,0,0,0,0,0
TEATWL-MD-PNKGRAP - B2B,TEATWL-MD-PNKGRAP,B2B,0,0,0,0,0,0,0,0,0,0,0,0,0,0,0,0,5,2,5,6,10,0,0,0,0,0,0,0,2,0,0,0,0,0,0,0,0,0,0,0,0,0,0,0,0,0,0,0,0,0,0,0,29.15,11.66,30.08,34.98,50,0,0,0,0,0,0,0,10.63,0,0,0,0,0,0,0
TEATWL-MD-PNKGRAP - DTC,TEATWL-MD-PNKGRAP,DTC,0,0,0,0,0,0,0,0,0,0,0,0,0,0,0,0,20,85,153,203,194,74,191,165,178,82,91,63,64,70,48,0,0,0,0,0,0,0,0,0,0,0,0,0,0,0,0,0,0,0,0,0,160.99,878,1637.52,2024.32,1840.84,691.03,1707.55,1435.88,1647.01,825.72,901.62,657.81,651.34,704.1,471.05,0,0,0,0,0
TEATWL-MD-PNKGRAP - FBA,TEATWL-MD-PNKGRAP,FBA,0,0,0,0,0,0,0,0,0,0,0,0,0,0,0,0,0,2,18,17,12,53,44,59,40,29,18,29,30,49,4,0,0,0,0,0,0,0,0,0,0,0,0,0,0,0,0,0,0,0,0,0,0,23.08,189.94,179.89,126.54,465.75,384.06,555.99,362.56,289.71,174.6,264.51,270.62,414.62,42.29,0,0,0,0,0
TEATWL-MD-PNKLEM - B2B,TEATWL-MD-PNKLEM,B2B,0,0,0,0,0,0,0,1,8,0,0,0,1,3,8,125,4,0,12,6,0,0,0,0,0,0,0,0,0,0,0,0,0,0,0,0,0,0,0,0,0,0,0,0,33.28,0,0,0,-0.24,16.32,33.76,625,22.39,0,64.98,34.98,0,0,0,0,0,0,0,0,0,0,0,0,0,0,0,0
TEATWL-MD-PNKLEM - DTC,TEATWL-MD-PNKLEM,DTC,0,0,0,0,0,0,0,0,277,120,0,0,256,196,201,49,9,0,103,24,0,1,5,0,0,0,0,0,0,0,0,0,0,0,0,0,0,0,0,0,0,0,0,0,1904.23,1034.32,0,0,2441,1893.05,2114.08,428.36,85.89,0,1044.61,229.19,0,14.35,58.41,0,0,0,0,0,0,0,0,0,0,0,0,0
TEATWL-MD-PNKLEM - FBA,TEATWL-MD-PNKLEM,FBA,0,0,0,0,0,0,0,0,3,3,0,0,8,29,44,12,19,4,6,0,0,0,0,0,0,0,0,0,0,0,0,0,0,0,0,0,0,0,0,0,0,0,0,0,31.23,30.53,0,0,88.82,254.19,352.54,128.13,204.54,37.3,69.74,0,0,0,0,0,0,0,0,0,0,0,0,0,0,0,0,0
TEATWL-MD-RGRTTI - B2B,TEATWL-MD-RGRTTI,B2B,0,0,0,0,0,0,0,0,0,0,0,0,0,0,0,0,0,0,0,0,0,0,0,0,0,0,12,6,0,0,0,0,0,0,0,0,0,0,0,0,0,0,0,0,0,0,0,0,0,0,0,0,0,0,0,0,0,0,0,0,0,0,73.14,39.3,0,0,0,0,0,0,0,0
TEATWL-MD-RGRTTI - DTC,TEATWL-MD-RGRTTI,DTC,0,0,0,0,0,0,0,0,0,0,0,0,0,0,0,0,0,0,0,0,0,0,0,0,0,19,86,89,93,127,59,0,0,0,0,0,0,0,0,0,0,0,0,0,0,0,0,0,0,0,0,0,0,0,0,0,0,0,0,0,0,244.74,860.04,927.72,960.63,1311.37,582.6,0,0,0,0,0
TEATWL-MD-RGRTTI - FBA,TEATWL-MD-RGRTTI,FBA,0,0,0,0,0,0,0,0,0,0,0,0,0,0,0,0,0,0,0,0,0,0,0,0,0,6,16,18,23,16,0,0,0,0,0,0,0,0,0,0,0,0,0,0,0,0,0,0,0,0,0,0,0,0,0,0,0,0,0,0,0,78.27,210.85,192.36,252.39,195.97,0,0,0,0,0,0
TEATWL-MD-ROOTING - B2B,TEATWL-MD-ROOTING,B2B,0,0,0,0,0,0,0,0,0,0,0,0,0,0,0,0,0,0,0,0,0,0,0,0,0,0,0,0,0,14,0,0,0,0,0,0,0,0,0,0,0,0,0,0,0,0,0,0,0,0,0,0,0,0,0,0,0,0,0,0,0,0,0,0,0,0,0,0,0,0,0,0
TEATWL-MD-SAUCY - B2B,TEATWL-MD-SAUCY,B2B,0,0,0,0,0,0,0,0,0,0,0,0,0,0,0,0,5,22,1,12,21,6,0,0,6,0,0,0,0,0,0,0,0,0,0,0,0,0,0,0,0,0,0,0,0,0,0,0,0,0,0,0,30.27,89.9,5.83,69.96,112.47,34.98,0,0,35.31,0,0,0,0,0,0,0,0,0,0,0
TEATWL-MD-SAUCY - DTC,TEATWL-MD-SAUCY,DTC,0,0,0,0,0,0,0,0,0,0,0,0,0,0,0,0,39,136,193,308,298,119,264,319,277,89,54,16,49,64,0,0,0,0,0,0,0,0,0,0,0,0,0,0,0,0,0,0,0,0,0,0,367.12,1331.13,1944.97,2939.01,2770.36,1093.16,2465.16,2906.33,2431.97,861.95,497.57,160.93,488.56,617.93,0,0,0,0,0,0
TEATWL-MD-SAUCY - FBA,TEATWL-MD-SAUCY,FBA,0,0,0,0,0,0,0,0,0,0,0,0,0,0,0,0,0,0,8,9,20,36,45,64,77,54,31,35,20,49,0,0,0,0,0,0,0,0,0,0,0,0,0,0,0,0,0,0,0,0,0,0,0,0,79.76,93.17,199.8,322.14,382.89,590.2,716.98,545.21,305.16,323.66,188.77,461.51,0,0,0,0,0,0
TEATWL-MD-SHRIMP - B2B,TEATWL-MD-SHRIMP,B2B,0,0,0,0,0,0,0,0,0,0,0,0,0,0,0,0,0,0,0,0,23,18,18,6,0,14,6,12,0,6,0,0,0,0,0,0,0,0,0,0,0,0,0,0,0,0,0,0,0,0,0,0,0,0,0,0,134.09,107.46,114.93,39.35,0,77.59,37.5,76.47,0,39.07,0,0,0,0,0,0
TEATWL-MD-SHRIMP - DTC,TEATWL-MD-SHRIMP,DTC,0,0,0,0,0,0,0,0,0,0,0,0,0,0,0,0,0,0,0,0,155,144,348,256,350,107,78,61,99,87,66,0,0,0,0,0,0,0,0,0,0,0,0,0,0,0,0,0,0,0,0,0,0,0,0,0,1702.9,1443.85,3582.28,2556.48,3516.32,1158.86,809.97,694.99,1058.77,1033.59,721.35,0,0,0,0,0
TEATWL-MD-SHRIMP - FBA,TEATWL-MD-SHRIMP,FBA,0,0,0,0,0,0,0,0,0,0,0,0,0,0,0,0,0,0,0,0,2,25,39,58,42,56,28,42,32,25,3,0,0,0,0,0,0,0,0,0,0,0,0,0,0,0,0,0,0,0,0,0,0,0,0,0,23.77,279.75,412.18,699.15,462.5,649.74,312.41,458.39,382.35,284.67,41.09,0,0,0,0,0
TEATWL-MD-SOUSCHEF - DTC,TEATWL-MD-SOUSCHEF,DTC,0,0,0,0,0,0,0,0,0,0,0,0,0,0,0,0,0,0,0,0,0,0,0,0,0,5,40,42,38,56,26,0,0,0,0,0,0,0,0,0,0,0,0,0,0,0,0,0,0,0,0,0,0,0,0,0,0,0,0,0,0,60.84,444.48,456.7,399.45,611.72,281.2,0,0,0,0,0
TEATWL-MD-SOUSCHEF - FBA,TEATWL-MD-SOUSCHEF,FBA,0,0,0,0,0,0,0,0,0,0,0,0,0,0,0,0,0,0,0,0,0,0,0,0,0,0,4,6,3,10,0,0,0,0,0,0,0,0,0,0,0,0,0,0,0,0,0,0,0,0,0,0,0,0,0,0,0,0,0,0,0,0,48.1,64.99,29.67,114.29,0,0,0,0,0,0
TEATWL-MD-SPILTEA - B2B,TEATWL-MD-SPILTEA,B2B,0,0,0,0,0,0,0,1,6,1,15,0,17,9,9,132,17,20,6,12,0,0,0,0,0,0,0,0,0,0,0,0,0,0,0,0,0,0,0,0,0,0,0,0,24.96,4.16,62.4,0,79.53,49.69,42.23,767.65,99.93,116.6,30,69.96,0,0,0,0,0,0,0,0,0,0,0,0,0,0,0,0
TEATWL-MD-SPILTEA - DTC,TEATWL-MD-SPILTEA,DTC,0,0,0,0,0,0,0,0,229,135,15,0,135,190,188,92,55,0,64,18,0,5,0,0,0,0,0,0,0,0,0,0,0,0,0,0,0,0,0,0,0,0,0,0,1534,1220.48,152,0,1337.93,1759.63,1917.2,886.11,561.89,0,626.44,184.74,0,63.46,0,0,0,0,0,0,0,0,0,0,0,0,0,0
TEATWL-MD-SPILTEA - FBA,TEATWL-MD-SPILTEA,FBA,0,0,0,0,0,0,0,0,1,7,0,0,5,16,36,15,8,10,11,22,0,1,0,0,0,0,0,0,0,0,0,0,0,0,0,0,0,0,0,0,0,0,0,0,10.41,81.3,0,0,50.31,143.57,291.07,142.23,82.62,102.57,121.15,230.01,0,14.29,0,0,0,0,0,0,0,0,0,0,0,0,0,0
TEATWL-MD-SQCLEAN - B2B,TEATWL-MD-SQCLEAN,B2B,0,0,0,0,0,0,0,0,0,0,0,0,0,0,0,0,0,0,0,0,0,0,0,0,0,0,6,0,0,0,0,0,0,0,0,0,0,0,0,0,0,0,0,0,0,0,0,0,0,0,0,0,0,0,0,0,0,0,0,0,0,0,35.64,0,0,0,0,0,0,0,0,0
TEATWL-MD-SQCLEAN - DTC,TEATWL-MD-SQCLEAN,DTC,0,0,0,0,0,0,0,0,0,0,0,0,0,0,0,0,0,0,0,0,0,0,0,0,0,0,64,74,79,105,52,0,0,0,0,0,0,0,0,0,0,0,0,0,0,0,0,0,0,0,0,0,0,0,0,0,0,0,0,0,0,0,625.26,736.89,775.63,1057.11,512.68,0,0,0,0,0
TEATWL-MD-SQCLEAN - FBA,TEATWL-MD-SQCLEAN,FBA,0,0,0,0,0,0,0,0,0,0,0,0,0,0,0,0,0,0,0,0,0,0,0,0,0,0,6,20,11,20,1,0,0,0,0,0,0,0,0,0,0,0,0,0,0,0,0,0,0,0,0,0,0,0,0,0,0,0,0,0,0,0,70.8,217.02,111.91,224.7,12.49,0,0,0,0,0
TEATWL-MD-STRAWFZ - B2B,TEATWL-MD-STRAWFZ,B2B,0,0,0,0,0,0,0,0,0,0,0,0,0,0,0,0,0,0,0,0,6,0,0,0,0,2,6,0,0,0,12,0,0,0,0,0,0,0,0,0,0,0,0,0,0,0,0,0,0,0,0,0,0,0,0,0,34.98,0,0,0,0,-0.53,37.5,0,0,0,75,0,0,0,0,0
TEATWL-MD-STRAWFZ - DTC,TEATWL-MD-STRAWFZ,DTC,0,0,0,0,0,0,0,0,0,0,0,0,0,0,0,0,0,0,0,0,124,92,107,76,118,62,48,50,36,54,41,0,0,0,0,0,0,0,0,0,0,0,0,0,0,0,0,0,0,0,0,0,0,0,0,0,1276.93,970.97,1439.16,1154.07,1850.12,965.37,702.83,852.02,560.24,883.86,674.67,0,0,0,0,0
TEATWL-MD-STRAWFZ - FBA,TEATWL-MD-STRAWFZ,FBA,0,0,0,0,0,0,0,0,0,0,0,0,0,0,0,0,0,0,0,0,5,10,24,22,20,14,17,20,9,20,3,0,0,0,0,0,0,0,0,0,0,0,0,0,0,0,0,0,0,0,0,0,0,0,0,0,55.1,102.11,292.38,258.12,243.89,176.69,197.02,251.13,164.66,279.67,37.47,0,0,0,0,0
TEATWL-MD-STRWPOP - B2B,TEATWL-MD-STRWPOP,B2B,0,0,0,0,0,0,0,0,0,0,0,0,0,0,0,0,0,0,0,0,0,0,0,0,0,0,0,0,0,14,0,0,0,0,0,0,0,0,0,0,0,0,0,0,0,0,0,0,0,0,0,0,0,0,0,0,0,0,0,0,0,0,0,0,0,0,0,0,0,0,0,0
TEATWL-MD-STRWPOP - FBA,TEATWL-MD-STRWPOP,FBA,0,0,0,0,0,0,0,0,0,0,0,0,0,0,0,0,0,0,0,0,0,0,0,0,0,0,0,0,0,0,1,0,0,0,0,0,0,0,0,0,0,0,0,0,0,0,0,0,0,0,0,0,0,0,0,0,0,0,0,0,0,0,0,0,0,0,13.53,0,0,0,0,0
TEATWL-MD-TRPPNCH - B2B,TEATWL-MD-TRPPNCH,B2B,0,0,0,0,0,0,0,0,0,0,0,0,0,0,0,0,0,0,0,0,0,0,0,0,0,12,6,6,0,0,6,0,0,0,0,0,0,0,0,0,0,0,0,0,0,0,0,0,0,0,0,0,0,0,0,0,0,0,0,0,0,78.12,37.5,39.3,0,0,37.5,0,0,0,0,0
TEATWL-MD-TRPPNCH - DTC,TEATWL-MD-TRPPNCH,DTC,0,0,0,0,0,0,0,0,0,0,0,0,0,0,0,0,0,0,0,0,0,0,0,0,0,9,30,64,58,67,52,0,0,0,0,0,0,0,0,0,0,0,0,0,0,0,0,0,0,0,0,0,0,0,0,0,0,0,0,0,0,115.87,313.33,611.73,552.02,629.9,528.29,0,0,0,0,0
TEATWL-MD-TRPPNCH - FBA,TEATWL-MD-TRPPNCH,FBA,0,0,0,0,0,0,0,0,0,0,0,0,0,0,0,0,0,0,0,0,0,0,0,0,0,2,5,3,6,7,0,0,0,0,0,0,0,0,0,0,0,0,0,0,0,0,0,0,0,0,0,0,0,0,0,0,0,0,0,0,0,24.98,62.45,19.41,66.27,73.8,0,0,0,0,0,0
TEATWL-MD-VRYPEEL - B2B,TEATWL-MD-VRYPEEL,B2B,0,0,0,0,0,0,0,0,0,0,0,0,0,0,0,0,0,6,4,6,36,0,0,0,0,6,0,18,0,0,0,0,0,0,0,0,0,0,0,0,0,0,0,0,0,0,0,0,0,0,0,0,0,34.98,24.25,34.98,184.98,0,0,0,0,37.5,0,97.5,0,0,0,0,0,0,0,0
TEATWL-MD-VRYPEEL - DTC,TEATWL-MD-VRYPEEL,DTC,0,0,0,0,0,0,0,0,0,0,0,0,0,0,0,0,44,112,158,246,257,84,159,165,184,56,71,36,44,57,47,0,0,0,0,0,0,0,0,0,0,0,0,0,0,0,0,0,0,0,0,0,416.19,1083.78,1574.94,2312.96,2436.3,800.3,1468.35,1510.28,1610.87,533.71,672.62,350.59,420.15,548.99,422.51,0,0,0,0,0
TEATWL-MD-VRYPEEL - FBA,TEATWL-MD-VRYPEEL,FBA,0,0,0,0,0,0,0,0,0,0,0,0,0,0,0,0,0,0,10,21,13,33,37,30,35,18,14,20,17,34,2,0,0,0,0,0,0,0,0,0,0,0,0,0,0,0,0,0,0,0,0,0,0,0,103.68,227.23,129.87,282.6,319.06,273.08,317.66,180.78,131.36,177.74,143.11,279.01,19.48,0,0,0,0,0
TEATWL-MD-WASHDRY - B2B,TEATWL-MD-WASHDRY,B2B,0,0,0,0,0,0,0,1,6,9,30,0,6,8,17,125,13,23,6,0,0,0,0,0,0,0,0,0,0,0,0,0,0,0,0,0,0,0,0,0,0,0,0,0,24.96,39.81,124.8,0,26.41,49.05,86.24,728.75,76.33,135.07,30,0,0,0,0,0,0,0,0,0,0,0,0,0,0,0,0,0
TEATWL-MD-WASHDRY - DTC,TEATWL-MD-WASHDRY,DTC,0,0,0,0,0,0,0,0,297,214,322,10,194,207,202,16,50,16,43,0,0,4,1,0,0,0,0,0,0,0,0,0,0,0,0,0,0,0,0,0,0,0,0,0,2021.04,1920.8,2735.05,89.4,1997.63,2131.22,2093,161.54,537.71,162.08,419.03,0,0,52.11,13.69,0,0,0,0,0,0,0,0,0,0,0,0,0
TEATWL-MD-WASHDRY - FBA,TEATWL-MD-WASHDRY,FBA,0,0,0,0,0,0,0,0,4,4,13,0,12,20,54,15,15,17,24,3,0,0,0,0,0,0,0,0,0,0,0,0,0,0,0,0,0,0,0,0,0,0,0,0,41.65,43.02,139.88,0,124.36,181.71,451.67,145.71,159,176.02,234.9,31.47,0,0,0,0,0,0,0,0,0,0,0,0,0,0,0,0
TEATWL-MD-WINEDINE - B2B,TEATWL-MD-WINEDINE,B2B,0,0,0,0,0,0,0,0,0,0,0,0,0,0,0,0,0,0,0,0,0,0,0,0,0,6,18,0,0,0,0,0,0,0,0,0,0,0,0,0,0,0,0,0,0,0,0,0,0,0,0,0,0,0,0,0,0,0,0,0,0,35.64,112.5,0,0,0,0,0,0,0,0,0
TEATWL-MD-WINEDINE - DTC,TEATWL-MD-WINEDINE,DTC,0,0,0,0,0,0,0,0,0,0,0,0,0,0,0,0,0,0,0,0,0,0,0,0,0,0,40,73,68,70,43,0,0,0,0,0,0,0,0,0,0,0,0,0,0,0,0,0,0,0,0,0,0,0,0,0,0,0,0,0,0,0,424.49,725.8,678.68,673.46,409.9,0,0,0,0,0
TEATWL-MD-WINEDINE - FBA,TEATWL-MD-WINEDINE,FBA,0,0,0,0,0,0,0,0,0,0,0,0,0,0,0,0,0,0,0,0,0,0,0,0,0,0,2,6,4,7,2,0,0,0,0,0,0,0,0,0,0,0,0,0,0,0,0,0,0,0,0,0,0,0,0,0,0,0,0,0,0,0,25.57,56.26,42.53,73.17,24.36,0,0,0,0,0
TEATWL-MD-XTRSAUC - B2B,TEATWL-MD-XTRSAUC,B2B,0,0,0,0,0,0,0,0,0,0,0,0,0,0,0,0,0,0,0,0,0,0,0,0,0,0,0,0,0,14,0,0,0,0,0,0,0,0,0,0,0,0,0,0,0,0,0,0,0,0,0,0,0,0,0,0,0,0,0,0,0,0,0,0,0,0,0,0,0,0,0,0
TEATWL-MD-XTRSAUC - FBA,TEATWL-MD-XTRSAUC,FBA,0,0,0,0,0,0,0,0,0,0,0,0,0,0,0,0,0,0,0,0,0,0,0,0,0,0,0,0,0,1,1,0,0,0,0,0,0,0,0,0,0,0,0,0,0,0,0,0,0,0,0,0,0,0,0,0,0,0,0,0,0,0,0,0,0,12.77,13.12,0,0,0,0,0
TEATWL-MD-ZEST - B2B,TEATWL-MD-ZEST,B2B,5,2,0,5,14,5,1,0,0,6,0,0,0,0,0,0,0,0,0,0,0,0,0,0,0,0,0,0,0,0,0,0,0,0,0,0,29.83,12.78,0,23.32,79.87,17.5,4.56,0,0,26.77,0,0,0,0,0,0,0,0,0,0,0,0,0,0,0,0,0,0,0,0,0,0,0,0,0,0
TEATWL-MD-ZEST - DTC,TEATWL-MD-ZEST,DTC,47,0,6,38,51,62,58,0,2,0,0,0,0,0,0,0,0,0,0,0,0,0,0,0,0,0,0,0,0,0,0,0,0,0,0,0,101.58,0,36,49.23,126.91,369.67,437.09,0,16,0,0,0,0,0,0,0,0,0,0,0,0,0,0,0,0,0,0,0,0,0,0,0,0,0,0,0
TEATWL-MD-ZEST - FBA,TEATWL-MD-ZEST,FBA,0,0,0,3,2,5,1,0,0,0,0,0,0,0,0,0,0,0,0,0,0,0,0,0,0,0,0,0,0,0,0,0,0,0,0,0,0,0,0,11.4,27.48,53.63,8.21,0,0,0,0,0,0,0,0,0,0,0,0,0,0,0,0,0,0,0,0,0,0,0,0,0,0,0,0,0
TOWLB-ANI-LG-LEOPD - B2B,TOWLB-ANI-LG-LEOPD,B2B,10,0,0,0,0,0,0,0,0,0,0,0,0,0,0,0,0,0,0,0,0,0,0,0,0,0,0,0,0,0,0,0,0,0,0,0,104.9,0,0,0,0,0,0,0,0,0,0,0,0,0,0,0,0,0,0,0,0,0,0,0,0,0,0,0,0,0,0,0,0,0,0,0
TOWLB-ANI-LG-LEOPD - DTC,TOWLB-ANI-LG-LEOPD,DTC,341,191,4,0,1,1,0,0,0,0,0,0,0,0,0,0,0,0,0,0,0,0,0,0,0,0,0,0,0,0,0,0,0,0,0,0,5251.06,2792.02,79.6,0,22,19.2,0,0,0,0,0,0,0,0,0,0,0,0,0,0,0,0,0,0,0,0,0,0,0,0,0,0,0,0,0,0
TOWLB-ANI-LG-SNAKE - DTC,TOWLB-ANI-LG-SNAKE,DTC,147,3,5,0,3,0,0,0,0,0,0,0,0,0,0,0,0,0,0,0,0,0,0,0,0,0,0,0,0,0,0,0,0,0,0,0,2209.44,40.87,98.87,0,53.13,0,0,0,0,0,0,0,0,0,0,0,0,0,0,0,0,0,0,0,0,0,0,0,0,0,0,0,0,0,0,0
TOWLB-ANI-LG-TIGER - B2B,TOWLB-ANI-LG-TIGER,B2B,0,0,0,30,0,0,0,0,0,0,0,0,0,0,0,0,0,0,0,0,0,0,0,0,0,0,0,0,0,0,0,0,0,0,0,0,0,0,0,245.1,0,0,0,0,0,0,0,0,0,0,0,0,0,0,0,0,0,0,0,0,0,0,0,0,0,0,0,0,0,0,0,0
TOWLB-ANI-LG-TIGER - DTC,TOWLB-ANI-LG-TIGER,DTC,83,170,12,0,0,0,0,0,0,0,0,0,0,0,0,0,0,0,0,0,0,0,0,0,0,0,0,0,0,0,0,0,0,0,0,0,1264.43,2588.52,241.08,0,0,0,0,0,0,0,0,0,0,0,0,0,0,0,0,0,0,0,0,0,0,0,0,0,0,0,0,0,0,0,0,0
TOWLB-ANI-XL-LEOPD - DTC,TOWLB-ANI-XL-LEOPD,DTC,364,43,1,0,4,0,0,0,0,0,0,0,0,0,0,0,0,0,0,0,0,0,0,0,0,0,0,0,0,0,0,0,0,0,0,0,6344.09,680.3,24.67,0,84.16,0,0,0,0,0,0,0,0,0,0,0,0,0,0,0,0,0,0,0,0,0,0,0,0,0,0,0,0,0,0,0
TOWLB-ANI-XL-SNAKE - DTC,TOWLB-ANI-XL-SNAKE,DTC,209,156,4,0,4,0,0,0,0,0,0,0,0,0,0,0,0,0,0,0,0,0,0,0,0,0,0,0,0,0,0,0,0,0,0,0,3549.68,2521.37,88.67,0,91.54,0,0,0,0,0,0,0,0,0,0,0,0,0,0,0,0,0,0,0,0,0,0,0,0,0,0,0,0,0,0,0
TOWLB-ANI-XL-TIGER - DTC,TOWLB-ANI-XL-TIGER,DTC,142,71,4,0,0,1,0,0,0,0,0,0,0,0,0,0,0,0,0,0,0,0,0,0,0,0,0,0,0,0,0,0,0,0,0,0,2345.06,1121.99,85.47,0,0,19.2,0,0,0,0,0,0,0,0,0,0,0,0,0,0,0,0,0,0,0,0,0,0,0,0,0,0,0,0,0,0
TOWLB-BOT-LG-BANA - B2B,TOWLB-BOT-LG-BANA,B2B,0,320,440,0,0,0,0,350,360,0,0,0,0,0,0,0,0,0,0,0,0,0,0,0,0,0,0,0,0,0,0,0,0,0,0,0,0,3065.6,4215.2,0,0,0,0,3297,3391.2,0,0,0,0,4160.87,0,0,0,0,0,0,0,0,0,0,0,0,0,0,0,0,0,0,0,0,0,0
TOWLB-BOT-LG-BANA - DTC,TOWLB-BOT-LG-BANA,DTC,31,152,93,2,40,0,0,0,0,0,0,0,0,0,0,0,0,0,0,0,0,0,0,0,0,0,0,0,0,0,0,0,0,0,0,0,609.3,2904.36,1801.03,44.83,807.67,0,0,0,0,0,0,0,0,0,0,0,0,0,0,0,0,0,0,0,0,0,0,0,0,0,0,0,0,0,0,0
TOWLB-BOT-LG-HIBI - DTC,TOWLB-BOT-LG-HIBI,DTC,0,0,0,0,40,0,0,0,0,0,0,0,0,0,0,0,0,0,0,0,0,0,0,0,0,0,0,0,0,0,0,0,0,0,0,0,0,0,0,0,789.31,0,0,0,0,0,0,0,0,0,0,0,0,0,0,0,0,0,0,0,0,0,0,0,0,0,0,0,0,0,0,0
TOWLB-BOT-LG-PARA - B2B,TOWLB-BOT-LG-PARA,B2B,0,300,510,0,0,0,0,350,360,0,0,0,0,0,0,0,0,0,0,0,0,0,0,0,0,0,0,0,0,0,0,0,0,0,0,0,0,2874,4885.8,0,0,0,0,3297,3391.2,0,0,0,0,6294.65,0,0,0,0,0,0,0,0,0,0,0,0,0,0,0,0,0,0,0,0,0,0
TOWLB-BOT-LG-PARA - DTC,TOWLB-BOT-LG-PARA,DTC,0,50,269,71,3,0,0,0,0,0,0,0,0,0,0,0,0,0,0,0,0,0,0,0,0,0,0,0,0,0,0,0,0,0,0,0,0,955.18,5205,1379.6,54.76,0,0,0,0,0,0,0,0,0,0,0,0,0,0,0,0,0,0,0,0,0,0,0,0,0,0,0,0,0,0,0
TOWLB-CAB-LG-10SET-BDAY - B2B,TOWLB-CAB-LG-10SET-BDAY,B2B,0,0,0,0,0,0,0,0,0,0,0,0,0,0,0,0,0,0,0,1,0,0,0,0,0,0,1,0,0,0,0,0,0,0,0,0,0,0,0,0,0,0,0,0,0,0,0,0,0,0,0,0,0,0,0,98.05,0,0,0,0,0,0,125,0,0,0,0,0,0,0,0,0
TOWLB-CAB-LG-4SET-BLUE - DTC,TOWLB-CAB-LG-4SET-BLUE,DTC,6,7,21,27,134,77,14,12,20,17,29,28,8,5,0,0,0,0,0,0,0,0,0,0,0,0,0,0,0,0,0,0,0,0,0,0,362.5,421.88,1265.64,1659.38,7971.99,-59.39,-6.25,-11.87,112.5,105.92,181.25,-12.5,0,0,0,0,0,0,0,0,0,0,0,0,0,0,0,0,0,0,0,0,0,0,0,0
TOWLB-CAB-LG-4SET-BLUE - FBA,TOWLB-CAB-LG-4SET-BLUE,FBA,0,0,0,1,1,5,0,0,0,0,0,0,0,0,0,0,0,0,0,0,0,0,0,0,0,0,0,0,0,0,0,0,0,0,0,0,0,0,0,51.65,66.66,185.89,0,0,0,0,0,0,0,0,0,0,0,0,0,0,0,0,0,0,0,0,0,0,0,0,0,0,0,0,0,0
TOWLB-CAB-LG-4SET-ORANGE - DTC,TOWLB-CAB-LG-4SET-ORANGE,DTC,2,3,3,12,16,0,29,14,0,0,3,4,0,0,0,0,0,0,0,0,0,0,0,0,0,0,0,0,0,0,0,0,0,0,0,0,125,181.25,187.5,725.01,978.13,0,-37.72,181.25,0,0,0,0,0,0,0,0,0,0,0,0,0,0,0,0,0,0,0,0,0,0,0,0,0,0,0,0
TOWLB-CAB-LG-4SET-PINK - DTC,TOWLB-CAB-LG-4SET-PINK,DTC,2,3,7,23,49,23,9,14,13,14,15,16,0,0,0,0,0,0,0,0,0,0,0,0,0,0,0,0,0,0,0,0,0,0,0,0,125,178.13,406.26,1337.5,2928.14,-31.26,-6.45,-6.25,62.5,-18.75,56.25,59.38,0,0,0,0,0,0,0,0,0,0,0,0,0,0,0,0,0,0,0,0,0,0,0,0
TOWLB-CAB-LG-4SET-PINK - FBA,TOWLB-CAB-LG-4SET-PINK,FBA,0,0,0,1,1,1,1,1,0,0,0,0,0,0,0,0,0,0,0,0,0,0,0,0,0,0,0,0,0,0,0,0,0,0,0,0,0,0,0,51.64,0,66.66,0,0,0,0,0,0,0,0,0,0,0,0,0,0,0,0,0,0,0,0,0,0,0,0,0,0,0,0,0,0
TOWLB-CAB-LG-4SETA-R - B2B,TOWLB-CAB-LG-4SETA-R,B2B,0,0,0,0,0,0,0,0,0,0,0,0,0,0,0,0,0,0,0,0,2,0,0,0,0,0,7,0,0,0,0,0,0,0,0,0,0,0,0,0,0,0,0,0,0,0,0,0,0,0,0,0,0,0,0,0,0,0,0,0,0,0,289.54,0,0,0,0,0,0,0,0,0
TOWLB-CAB-LG-4SETA-R - DTC,TOWLB-CAB-LG-4SETA-R,DTC,19,12,34,44,49,44,319,236,53,32,48,51,29,41,11,0,0,0,0,0,0,0,0,0,0,0,0,0,0,0,0,0,0,0,0,0,1159.38,721.89,2076.27,2575.02,2775.03,34.04,-126.19,1115.71,187.5,118.75,87.5,43.75,30.41,133.34,0,0,0,0,0,0,0,0,0,0,0,0,0,0,0,0,0,0,0,0,0,0
TOWLB-CAB-LG-4SETA-R - FBA,TOWLB-CAB-LG-4SETA-R,FBA,0,0,0,3,1,1,17,12,0,0,0,0,0,0,0,0,0,0,0,0,0,0,0,0,0,0,0,0,0,0,0,0,0,0,0,0,0,0,0,205.93,0,0,320.61,269.14,0,0,0,0,0,0,0,0,0,0,0,0,0,0,0,0,0,0,0,0,0,0,0,0,0,0,0,0
TOWLB-CAB-LG-4SETE-R - DTC,TOWLB-CAB-LG-4SETE-R,DTC,7,8,15,32,40,7,114,12,13,9,13,22,1,5,0,0,0,0,0,0,0,0,0,0,0,0,0,0,0,0,0,0,0,0,0,0,428.13,484.38,928.13,1956.27,2328.17,-9.38,106.25,-12.5,65.6,-6.25,-6.25,62.5,0,0,0,0,0,0,0,0,0,0,0,0,0,0,0,0,0,0,0,0,0,0,0,0
TOWLB-CAB-LG-4SETE-R - FBA,TOWLB-CAB-LG-4SETE-R,FBA,0,0,0,0,0,0,1,0,0,0,0,0,0,0,0,0,0,0,0,0,0,0,0,0,0,0,0,0,0,0,0,0,0,0,0,0,0,0,0,0,0,0,0,0,0,0,0,0,0,0,0,0,0,0,0,0,0,0,0,0,0,0,0,0,0,0,0,0,0,0,0,0
TOWLB-CAB-LG-4SETF-R - DTC,TOWLB-CAB-LG-4SETF-R,DTC,9,2,11,19,45,51,73,3,11,5,5,16,0,0,0,0,0,0,0,0,0,0,0,0,0,0,0,0,0,0,0,0,0,0,0,0,531.25,125,678.13,1081.26,2721.91,-40.64,-31.52,-6.25,62.5,0,0,50,0,0,0,0,0,0,0,0,0,0,0,0,0,0,0,0,0,0,0,0,0,0,0,0
TOWLB-CAB-LG-4SETG - DTC,TOWLB-CAB-LG-4SETG,DTC,27,39,83,133,81,239,43,142,77,57,102,116,18,41,11,0,0,0,0,0,0,0,0,0,0,0,0,0,0,0,0,0,0,0,0,0,1615.65,2313.17,5018.81,8081.34,4353.16,-71.47,-6.25,772.92,416.5,101.05,400,221.87,75,106.66,0,0,0,0,0,0,0,0,0,0,0,0,0,0,0,0,0,0,0,0,0,0
TOWLB-CAB-LG-4SETG - FBA,TOWLB-CAB-LG-4SETG,FBA,0,0,0,6,1,14,0,0,0,0,0,0,0,0,0,0,0,0,0,0,0,0,0,0,0,0,0,0,0,0,0,0,0,0,0,0,0,0,0,360.07,66.66,464.53,0,0,0,0,0,0,0,0,0,0,0,0,0,0,0,0,0,0,0,0,0,0,0,0,0,0,0,0,0,0
TOWLB-CAB-LG-4SETH - DTC,TOWLB-CAB-LG-4SETH,DTC,9,11,22,52,78,21,252,179,33,13,30,29,13,11,5,0,0,0,0,0,0,0,0,0,0,0,0,0,0,0,0,0,0,0,0,0,515.64,678.13,1312.53,3150.04,4615.71,0,-38.05,814.59,162.27,62.5,-25,31.25,55.83,-13.34,0,0,0,0,0,0,0,0,0,0,0,0,0,0,0,0,0,0,0,0,0,0
TOWLB-CAB-LG-4SETH - FBA,TOWLB-CAB-LG-4SETH,FBA,0,0,1,0,1,0,8,2,0,0,0,0,0,0,0,0,0,0,0,0,0,0,0,0,0,0,0,0,0,0,0,0,0,0,0,0,0,0,87.5,0,66.66,0,113.62,66.66,0,0,0,0,0,0,0,0,0,0,0,0,0,0,0,0,0,0,0,0,0,0,0,0,0,0,0,0
TOWLB-CAB-LG-4SETK - B2B,TOWLB-CAB-LG-4SETK,B2B,0,0,0,0,0,0,0,0,0,0,0,0,0,0,0,0,0,0,0,0,0,0,3,0,0,0,0,0,0,0,0,0,0,0,0,0,0,0,0,0,0,0,0,0,0,0,0,0,0,0,0,0,0,0,0,0,0,0,124.98,0,0,0,0,0,0,0,0,0,0,0,0,0
TOWLB-CAB-LG-4SETK - DTC,TOWLB-CAB-LG-4SETK,DTC,6,26,42,71,247,144,73,148,83,55,101,95,26,24,3,0,0,0,0,0,0,0,0,0,0,0,0,0,0,0,0,0,0,0,0,0,356.26,1534.41,2496.94,4293.81,14447.66,-134.44,-12.78,387.69,262.5,231.25,109.38,162.5,-12.92,-13.34,0,0,0,0,0,0,0,0,0,0,0,0,0,0,0,0,0,0,0,0,0,0
TOWLB-CAB-LG-4SETK - FBA,TOWLB-CAB-LG-4SETK,FBA,0,0,0,2,17,10,4,7,0,0,0,0,0,0,0,0,0,0,0,0,0,0,0,0,0,0,0,0,0,0,0,0,0,0,0,0,0,0,0,123.33,1079.54,200.39,171.8,195.8,0,0,0,0,0,0,0,0,0,0,0,0,0,0,0,0,0,0,0,0,0,0,0,0,0,0,0,0
TOWLB-CAB-LG-4SETL - DTC,TOWLB-CAB-LG-4SETL,DTC,4,3,15,16,14,13,223,44,21,5,17,16,4,6,1,0,0,0,0,0,0,0,0,0,0,0,0,0,0,0,0,0,0,0,0,0,250,187.5,912.51,984.38,725,0,100,56.25,-18.13,-6.25,-6.25,-6.25,0,-6.67,0,0,0,0,0,0,0,0,0,0,0,0,0,0,0,0,0,0,0,0,0,0
TOWLB-CAB-LG-4SETM - DTC,TOWLB-CAB-LG-4SETM,DTC,7,20,53,58,63,47,36,28,36,26,32,33,0,0,1,0,0,0,0,0,0,0,0,0,0,0,0,0,0,0,0,0,0,0,0,0,428.13,1218.76,3184.43,3496.93,3253.15,-65.66,56.25,168.75,97.92,43.75,181.25,-6.25,0,0,0,0,0,0,0,0,0,0,0,0,0,0,0,0,0,0,0,0,0,0,0,0
TOWLB-CAB-LG-4SETM - FBA,TOWLB-CAB-LG-4SETM,FBA,0,0,0,3,3,3,0,0,0,0,0,0,0,0,0,0,0,0,0,0,0,0,0,0,0,0,0,0,0,0,0,0,0,0,0,0,0,0,0,186.83,174.32,183.8,0,0,0,0,0,0,0,0,0,0,0,0,0,0,0,0,0,0,0,0,0,0,0,0,0,0,0,0,0,0
TOWLB-CAB-LG-4SETN - DTC,TOWLB-CAB-LG-4SETN,DTC,1,7,10,18,38,27,11,30,29,14,38,15,8,11,11,0,0,0,0,0,0,0,0,0,0,0,0,0,0,0,0,0,0,0,0,0,53.13,428.13,590.64,1087.52,2096.91,0,0,28.13,-12.5,56.25,306.25,0,-6.67,-6.67,-6.67,0,0,0,0,0,0,0,0,0,0,0,0,0,0,0,0,0,0,0,0,0
TOWLB-CAB-LG-4SETO - B2B,TOWLB-CAB-LG-4SETO,B2B,0,0,0,0,0,0,0,0,0,0,0,0,0,0,0,0,0,0,0,0,2,0,0,0,0,0,0,0,0,0,0,0,0,0,0,0,0,0,0,0,0,0,0,0,0,0,0,0,0,0,0,0,0,0,0,0,87.43,0,0,0,0,0,0,0,0,0,0,0,0,0,0,0
TOWLB-CAB-LG-4SETO - DTC,TOWLB-CAB-LG-4SETO,DTC,3,2,9,12,20,39,97,39,8,6,11,11,2,6,0,0,0,0,0,0,0,0,0,0,0,0,0,0,0,0,0,0,0,0,0,0,175,125,515.63,728.13,1218.76,21006.25,-118.75,43.75,62.5,0,106.25,-6.25,0,-20,0,0,0,0,0,0,0,0,0,0,0,0,0,0,0,0,0,0,0,0,0,0
TOWLB-CAB-LG-6SET-BLUE - DTC,TOWLB-CAB-LG-6SET-BLUE,DTC,4,7,14,17,16,7,18,4,6,12,27,19,5,1,0,0,0,0,0,0,0,0,0,0,0,0,0,0,0,0,0,0,0,0,0,0,283.32,574.98,1096.64,1383.29,1398.48,0,-8.62,-18.33,66.66,-65.33,58.34,75,0,0,0,0,0,0,0,0,0,0,0,0,0,0,0,0,0,0,0,0,0,0,0,0
TOWLB-CAB-LG-6SET-PINK - DTC,TOWLB-CAB-LG-6SET-PINK,DTC,0,2,7,10,3,0,12,12,5,9,5,1,0,0,0,0,0,0,0,0,0,0,0,0,0,0,0,0,0,0,0,0,0,0,0,0,0,150,562.48,779.14,249.99,0,-8.33,0,83.33,158.33,0,0,0,0,0,0,0,0,0,0,0,0,0,0,0,0,0,0,0,0,0,0,0,0,0,0
TOWLB-CAB-LG-6SET-R - DTC,TOWLB-CAB-LG-6SET-R,DTC,24,24,42,45,10,12,4,41,32,28,43,51,22,14,1,0,0,0,0,0,0,0,0,0,0,0,0,0,0,0,0,0,0,0,0,0,1908.28,1887.44,3404.87,3666.55,712.47,-12.5,0,-59.35,116.68,137.51,150,141.67,-33.74,-35.32,0,0,0,0,0,0,0,0,0,0,0,0,0,0,0,0,0,0,0,0,0,0
TOWLB-CAB-LG-6SET-R - FBA,TOWLB-CAB-LG-6SET-R,FBA,1,0,0,0,1,0,0,0,0,0,0,0,0,0,0,0,0,0,0,0,0,0,0,0,0,0,0,0,0,0,0,0,0,0,0,0,116.67,0,0,0,116.67,0,0,0,0,0,0,0,0,0,0,0,0,0,0,0,0,0,0,0,0,0,0,0,0,0,0,0,0,0,0,0
TOWLB-CAB-LG-6SETI - DTC,TOWLB-CAB-LG-6SETI,DTC,3,8,22,46,73,61,69,16,38,19,48,51,0,0,0,0,0,0,0,0,0,0,0,0,0,0,0,0,0,0,0,0,0,0,0,0,216.66,633.32,1771.6,3662.38,5728.94,-104.38,-51.66,-39.16,116.67,109.18,208.34,120.85,0,0,0,0,0,0,0,0,0,0,0,0,0,0,0,0,0,0,0,0,0,0,0,0
TOWLB-CAB-LG-6SETI - FBA,TOWLB-CAB-LG-6SETI,FBA,0,0,0,3,2,11,10,0,0,0,0,0,0,0,0,0,0,0,0,0,0,0,0,0,0,0,0,0,0,0,0,0,0,0,0,0,0,0,0,226.74,174.98,311.04,337.59,0,0,0,0,0,0,0,0,0,0,0,0,0,0,0,0,0,0,0,0,0,0,0,0,0,0,0,0,0
TOWLB-CAB-LG-6SETJ - DTC,TOWLB-CAB-LG-6SETJ,DTC,9,24,47,65,135,41,3,8,3,1,29,28,11,4,4,0,0,0,0,0,0,0,0,0,0,0,0,0,0,0,0,0,0,0,0,0,741.64,1896.62,3692.38,5266.47,10632.92,-104.17,0,78.75,0,0,157.5,78.75,0,0,-9.1,0,0,0,0,0,0,0,0,0,0,0,0,0,0,0,0,0,0,0,0,0
TOWLB-CAB-LG-6SETJ - FBA,TOWLB-CAB-LG-6SETJ,FBA,0,0,0,1,7,2,0,0,0,0,0,0,0,0,0,0,0,0,0,0,0,0,0,0,0,0,0,0,0,0,0,0,0,0,0,0,0,0,0,87.49,595.77,87.49,0,0,0,0,0,0,0,0,0,0,0,0,0,0,0,0,0,0,0,0,0,0,0,0,0,0,0,0,0,0
TOWLB-CAB-LG-6SETK - DTC,TOWLB-CAB-LG-6SETK,DTC,4,4,10,26,37,7,13,6,20,17,38,27,6,1,0,0,0,0,0,0,0,0,0,0,0,0,0,0,0,0,0,0,0,0,0,0,320.82,333.32,787.48,2087.42,2958.23,-12.5,0,-18.33,150,-16.66,133.34,-16.66,0,0,0,0,0,0,0,0,0,0,0,0,0,0,0,0,0,0,0,0,0,0,0,0
TOWLB-CAB-LG-6SETK - FBA,TOWLB-CAB-LG-6SETK,FBA,0,0,0,1,2,1,0,0,0,0,0,0,0,0,0,0,0,0,0,0,0,0,0,0,0,0,0,0,0,0,0,0,0,0,0,0,0,0,0,70.03,155.53,0,0,0,0,0,0,0,0,0,0,0,0,0,0,0,0,0,0,0,0,0,0,0,0,0,0,0,0,0,0,0
TOWLB-CAB-LG-6SETL - DTC,TOWLB-CAB-LG-6SETL,DTC,5,5,10,21,15,5,27,44,26,17,19,18,7,10,15,0,0,0,0,0,0,0,0,0,0,0,0,0,0,0,0,0,0,0,0,0,408.32,416.65,771.64,1641.61,1229.12,0,-8.33,10.49,16.68,115.98,70.83,83.33,0,-17.5,0,0,0,0,0,0,0,0,0,0,0,0,0,0,0,0,0,0,0,0,0,0
TOWLB-CAB-LG-6SETM - DTC,TOWLB-CAB-LG-6SETM,DTC,2,2,3,8,6,10,7,10,10,9,11,9,0,4,0,0,0,0,0,0,0,0,0,0,0,0,0,0,0,0,0,0,0,0,0,0,150,158.33,241.66,549.98,499.98,-12.5,-16.66,-24.99,66.67,87.5,-8.33,75,0,0,0,0,0,0,0,0,0,0,0,0,0,0,0,0,0,0,0,0,0,0,0,0
TOWLB-CAB-LG-BLACK-R - B2B,TOWLB-CAB-LG-BLACK-R,B2B,8,1,26,21,8,4,0,2,3,7,1,6,2,8,110,0,14,12,12,0,0,0,0,43,85,32,6,0,62,0,0,0,0,0,0,0,81.33,10.43,233.2,258.73,85.08,42.56,0,20.82,32.53,72.67,10.41,62.46,16.97,86.09,1145.1,161.43,144.53,128.06,127.71,0,0,0,0,536.82,884.85,194.58,75,0,841.76,0,0,0,0,0,0,0
TOWLB-CAB-LG-BLACK-R - DTC,TOWLB-CAB-LG-BLACK-R,DTC,69,63,146,186,367,273,325,60,106,92,185,180,105,39,70,133,181,237,266,318,92,52,149,101,51,39,55,336,119,130,99,0,0,0,0,0,847.13,785.82,1682.76,1871.9,2780.14,4824.28,5511.49,1078.33,1881.48,1611.29,3198.91,3271.1,1954.69,767.42,1276.1,2326.55,3301.14,4282.16,4642.88,5256.88,1765.48,987.34,2681.59,2049.04,1011.81,859.05,1167.35,6445.95,2623.16,2884.5,2183.16,0,0,0,0,0
TOWLB-CAB-LG-BLACK-R - FBA,TOWLB-CAB-LG-BLACK-R,FBA,79,58,59,111,156,228,136,16,114,23,66,167,118,84,97,107,174,249,483,409,177,116,144,111,49,36,53,51,103,308,147,0,0,0,0,0,1639.5,1164.61,1157.47,2139.61,3093.41,4485.1,2555.36,363.34,2382.96,481.11,1218.05,3422.15,2455.98,1766.22,1938.57,2144.81,3465.27,4962.86,8720.99,7525.03,4030.12,2719.06,2915.47,2679.08,1191.6,899.64,1285.75,1230.22,2401.69,5864.51,3558.71,0,0,0,0,0
TOWLB-CAB-LG-BLUE-R - B2B,TOWLB-CAB-LG-BLUE-R,B2B,60,399,1003,29,362,76,106,1125,33,32,25,26,1032,-375,43,133,294,117,249,248,227,58,9,138,43,1051,53,1919,332,129,71,0,0,0,0,0,757.15,3666.63,9780.8,261.09,3755.69,772.89,1045.54,10686.27,345.91,304.14,225.22,247.55,12729.64,9684.93,2301.89,3679.58,2876.72,2901.76,3507.97,2065.5,2233.96,677.46,110.93,1561.96,488.64,10042.73,572.92,21943.59,4030.06,1484.08,862.99,0,0,0,0,0
TOWLB-CAB-LG-BLUE-R - DTC,TOWLB-CAB-LG-BLUE-R,DTC,259,276,526,754,1214,935,1560,1351,596,387,799,840,331,314,436,667,898,1058,1725,1428,379,166,624,441,246,140,210,230,423,589,481,0,0,0,0,0,2897.1,2252.51,3618.62,4745.92,8377.9,15949.08,26618.99,22862.57,10068.75,6421.55,13237.49,14260.58,5980.52,5685.24,7646.1,11461.41,15904.88,18458.12,27140.97,23046.15,6826.14,3018.07,11085.57,8099.34,4099.18,2929.45,4532.54,4676.88,8725.3,11905.27,9621.28,0,0,0,0,0
TOWLB-CAB-LG-BLUE-R - FBA,TOWLB-CAB-LG-BLUE-R,FBA,161,129,226,345,244,469,672,728,299,146,161,296,197,106,174,184,425,510,903,572,110,89,120,151,58,49,64,57,164,356,144,0,0,0,0,0,3320.37,2527.07,4271.69,6193.25,4491.46,9160.07,12346.01,14635.48,6186.93,2955.49,3018.82,6010.6,4089.45,2187.93,3441.76,3498.06,8145.36,9808.51,15653.4,9567.66,2282.48,1668.01,2568.38,3415.33,1319.61,1115.35,1443.9,1288.83,3605.91,7178.5,3160.88,0,0,0,0,0
TOWLB-CAB-LG-BLUE-SS24 - FBA,TOWLB-CAB-LG-BLUE-SS24,FBA,0,0,0,0,0,0,0,2,1,3,1,9,1,6,28,35,50,56,159,202,29,0,5,33,18,26,15,25,83,151,95,0,0,0,0,0,0,0,0,0,0,0,0,46.9,22.91,68.81,21.67,198.21,23.99,131.38,572.81,678.54,983.41,1113.57,2895.38,3750.15,659.08,0,127.03,810.49,429.64,653.91,371.24,593.51,1951.68,3383.81,2268.45,0,0,0,0,0
TOWLB-CAB-LG-GREEN-R - B2B,TOWLB-CAB-LG-GREEN-R,B2B,28,297,521,5,532,44,72,599,121,20,2,12,3,-181,12,33,237,295,104,74,181,8,12,212,138,678,23,353,0,857,17,0,0,0,0,0,272.05,2846.15,5125.32,52.05,5541.68,458.53,730.72,5808.77,1154.84,211.41,20.82,130.72,40.61,9169.03,1248.14,1916.34,2293.06,2638.62,1082.69,763.41,1786.83,90,137.46,2362.21,1596.46,6578.35,259.71,3575.49,0,9395.25,209.25,0,0,0,0,0
TOWLB-CAB-LG-GREEN-R - DTC,TOWLB-CAB-LG-GREEN-R,DTC,154,140,310,413,272,575,997,796,331,209,374,399,117,157,209,295,464,542,975,826,269,95,331,207,107,72,95,100,175,295,233,0,0,0,0,0,1579.19,1084.38,2398.85,3183.19,2219.82,10166.14,17164.94,13871.79,5704.42,3496.64,6091.21,6705.82,2011.65,2762.11,3649.59,5220.33,8289.35,9465.62,14789.11,13717.76,4115.84,1778.1,6000.19,3595.9,1881.26,1499.84,1963.2,2092.23,3560.05,6047.93,4728.68,0,0,0,0,0
TOWLB-CAB-LG-GREEN-R - FBA,TOWLB-CAB-LG-GREEN-R,FBA,84,65,119,107,193,269,283,334,37,64,91,114,79,79,85,105,164,250,589,401,78,43,135,90,19,25,36,33,74,175,82,0,0,0,0,0,1632.57,1273.91,2210.98,1792.35,3809.55,5296.08,5212.71,6634.21,757.76,1286.07,1702.36,2334.43,1629.76,1634.29,1650.81,2011.67,3142.69,4862.42,10171.43,7157.48,1747.58,932.91,2623.64,2044.45,419.7,583.18,811.33,740.87,1660.26,3527.45,1774.19,0,0,0,0,0
TOWLB-CAB-LG-KHAKI-R - B2B,TOWLB-CAB-LG-KHAKI-R,B2B,9,320,364,43,73,228,543,1063,11,18,13,21,2,308,14,27,30,278,212,98,354,60,0,136,120,1068,13,475,22,20,6,0,0,0,0,0,92.18,3051.87,3464.81,436.23,1090.69,2196.52,5197.48,10096.14,117.93,192.22,135.33,168.98,16.97,2943.97,1081.74,5123.65,318.34,2654.72,6900.44,1050.65,3508.92,753.34,0,1572.69,1372.82,13570.21,159.98,4598.79,215.03,250,75,0,0,0,0,0
TOWLB-CAB-LG-KHAKI-R - DTC,TOWLB-CAB-LG-KHAKI-R,DTC,91,94,143,237,248,85,679,262,228,159,394,409,146,56,242,111,334,490,295,583,188,93,321,243,135,80,140,108,199,388,213,0,0,0,0,0,1584.18,1560.37,2012.32,3477.53,3637.2,1615.15,11622.75,5049.21,4463.99,3145.32,7334.65,8036.21,2925.57,1144.24,4706.16,2070.76,6204.28,8973.62,5246.95,10131.03,4001.11,2066.32,6489.51,5392.04,2880.73,1868.69,3223.93,2516.85,4553.58,8987.31,4979.34,0,0,0,0,0
TOWLB-CAB-LG-KHAKI-R - FBA,TOWLB-CAB-LG-KHAKI-R,FBA,130,46,101,148,174,12,534,84,122,119,226,234,203,26,104,270,323,245,588,249,134,50,242,152,72,81,86,76,118,220,49,0,0,0,0,0,2697.98,952.12,1955.81,2904.45,3395.98,271.61,10135.07,1855.78,2629.2,2531.08,4391.35,4928.04,4232.95,616.38,2265.99,5442.03,6422.24,4946.21,10787.51,5001.47,2856.36,1051.2,4797.98,3443,1633.79,1897.94,2019.69,1738.06,2818.4,4636.66,1191.56,0,0,0,0,0
TOWLB-CAB-LG-LTBGE-R - B2B,TOWLB-CAB-LG-LTBGE-R,B2B,4,12,6,12,4,4,27,8,1,1,0,0,0,0,0,0,12,15,1,6,2,6,0,2,18,2,44,2,6,0,0,0,0,0,0,0,39.54,136.92,63.24,126.99,41.64,41.64,301.07,75.38,11.24,10.41,0,0,0,0,0,0,126.82,162.82,10.41,62.46,25,62.46,0,0,172.85,-1.06,502,25,75,0,0,0,0,0,0,0
TOWLB-CAB-LG-LTBGE-R - DTC,TOWLB-CAB-LG-LTBGE-R,DTC,73,49,98,186,300,239,350,155,123,85,231,189,0,2,1,48,185,249,67,436,146,44,143,84,76,38,57,73,161,210,109,0,0,0,0,0,1161.74,676.13,1137.56,1785.93,2445.99,4124.17,6135.36,2940.08,2103.79,1535.81,4021.33,3296.66,0,48.34,24.17,847.1,3408.7,4581.43,1101.48,7375.14,2760.99,995.72,2781.12,1754.12,1533.68,879.55,1248.88,1545.7,3587.24,4316.15,2448.86,0,0,0,0,0
TOWLB-CAB-LG-LTBGE-R - FBA,TOWLB-CAB-LG-LTBGE-R,FBA,80,76,58,77,219,107,144,45,145,34,76,118,81,59,4,41,128,196,82,68,80,58,74,47,36,22,28,52,97,161,19,0,0,0,0,0,1672.23,1523.32,1120.28,1434.03,4331.71,2050.28,2711.31,938.27,3023.1,731.33,1420.22,2390.91,1690.12,1233.77,83.32,797.6,2563.76,3930.85,1474.12,1316.44,1810.73,1342.01,1533.81,1099.95,865.16,558.1,689.73,1228.19,2319.86,3743.83,449.17,0,0,0,0,0
TOWLB-CAB-LG-LTBLU-R - B2B,TOWLB-CAB-LG-LTBLU-R,B2B,11,0,187,19,437,32,5,6,5,7,3,15,4,2,71,38,25,80,105,8,12,6,6,11,12,8,24,10,103,30,24,0,0,0,0,0,109.2,0,1948.55,179,4548.88,339.17,52.05,64.64,52.05,74.91,31.23,106.52,64.45,5248.58,681.32,682.36,262.42,891.6,1094.83,82.07,150,62.46,75,137.5,147.75,77.06,269.87,123.62,1287.5,375,300,0,0,0,0,0
TOWLB-CAB-LG-LTBLU-R - DTC,TOWLB-CAB-LG-LTBLU-R,DTC,105,93,218,330,542,408,273,123,231,163,480,383,87,40,121,267,394,516,754,700,226,73,275,165,86,72,110,96,177,191,158,0,0,0,0,0,1544.26,893.48,1913.03,3012.03,4475.09,7163.79,4569.95,2137.7,3929.6,2787.52,6806.78,6439.92,1723.88,778.86,2105.57,4494.24,6927.63,9143.27,12873.44,11240.08,3862.35,1447.84,4997.84,2995.88,1466.15,1532.23,2274.69,1993.67,3736.72,3934.31,3513.68,0,0,0,0,0
TOWLB-CAB-LG-LTBLU-R - FBA,TOWLB-CAB-LG-LTBLU-R,FBA,61,44,59,75,212,196,167,15,153,63,167,159,59,57,51,63,111,164,151,140,58,40,95,53,15,18,38,36,43,159,46,0,0,0,0,0,1253.13,876.26,1061.89,1280.04,4081.48,3743.89,2999.16,306.14,3186.21,1330.83,3104.89,3228.31,1233.59,1200.15,1044.12,1225.94,2153.8,3161.7,2522.54,2580.63,1319.54,914.69,1858.84,1170.24,346.14,416.65,865.32,786.95,993.54,3505.64,1043.83,0,0,0,0,0
TOWLB-CAB-LG-LTGRY-R - B2B,TOWLB-CAB-LG-LTGRY-R,B2B,8,202,234,8,15,222,209,594,0,1,2,16,4,-295,4,3,254,16,15,60,150,0,6,46,26,642,0,272,0,12,0,0,0,0,0,0,79.31,1926.82,2234.64,115.36,154.59,2140.58,1989.28,5665.03,0,10.41,20.82,133.47,36.75,2912.74,973.33,1145.17,2431.52,169.08,151.78,389.28,1429.5,0,75,532.55,297.7,9035.28,0,2596.8,0,150,0,0,0,0,0,0
TOWLB-CAB-LG-LTGRY-R - DTC,TOWLB-CAB-LG-LTGRY-R,DTC,80,83,131,214,296,262,440,206,119,80,215,209,50,53,65,106,122,111,153,485,206,39,124,71,52,37,49,44,82,118,60,0,0,0,0,0,1198.59,1285.29,1642.06,2306.85,2825.57,4580.12,7572.51,3921.92,1977.01,1438.24,3751.32,3693.36,1037.16,1057.02,1288.44,2006.62,2298.74,2141.87,2962.47,8055.29,3690.09,757.33,2359.44,1433.57,900.27,800.48,1091.72,906.99,1721.9,2467.75,1321.22,0,0,0,0,0
TOWLB-CAB-LG-LTGRY-R - FBA,TOWLB-CAB-LG-LTGRY-R,FBA,71,49,99,74,125,217,238,255,146,100,146,164,67,89,58,52,72,115,141,174,57,37,66,24,15,7,19,13,34,61,52,0,0,0,0,0,1466.28,980.44,1884.75,1323.45,2349.78,4207.48,4427.43,5198.43,3049.38,2057.99,2732.06,3324.34,1396.67,1867.13,1139.35,1022.2,1408.9,2299.31,2558.04,3206.39,1276.82,890.67,1395.57,532.84,350.37,174.93,435.24,269.82,767.42,1280.86,1230.03,0,0,0,0,0
TOWLB-CAB-LG-LTPNK-R - B2B,TOWLB-CAB-LG-LTPNK-R,B2B,3,18,202,51,296,37,89,29,8,37,43,35,3,53,28,34,24,61,57,98,118,18,9,24,12,18,44,68,36,36,28,0,0,0,0,0,19.78,191.42,2076.83,530.2,3082.57,387.69,918.61,289.04,84.58,345.75,369.56,293.9,37.81,7294.81,2193.69,1603.05,249.85,641.88,586.04,788.28,1178,225,106.24,300,150,7514.15,523.97,803.14,320.16,399.84,334.1,0,0,0,0,0
TOWLB-CAB-LG-LTPNK-R - DTC,TOWLB-CAB-LG-LTPNK-R,DTC,101,168,268,480,824,667,853,666,379,272,641,522,216,151,291,312,506,615,796,962,269,121,443,317,189,136,167,149,332,451,290,0,0,0,0,0,1590.83,2094.49,3046.74,5739.48,7924.12,12511.69,15207.55,12614.76,6684.16,4975.93,11291.45,9498.86,4391.19,2961.03,5452.64,5671.99,8816.93,10898.13,14312.59,16319.17,5482.76,2496.94,8549.64,6197.47,3790.39,2906.94,3830.63,3261.01,7468.61,9572.69,6459.99,0,0,0,0,0
TOWLB-CAB-LG-LTPNK-R - FBA,TOWLB-CAB-LG-LTPNK-R,FBA,9,81,216,234,95,611,703,862,214,193,358,188,134,132,222,317,583,856,1051,542,247,127,374,278,134,115,111,121,271,498,235,0,0,0,0,0,189.49,1664.92,4147.62,4408.2,1194.17,12135.78,13546.56,17710.51,4513.61,4065.12,6947.31,3936.94,2820.31,2755.42,4561.77,6368.93,11648.03,17193.1,18789.5,10661,5534.15,2775.19,7630.63,6541.22,3181.89,2841.6,2705.93,2885.16,6445.27,10883.86,5643.21,0,0,0,0,0
TOWLB-CAB-LG-LTPNK-SS24 - FBA,TOWLB-CAB-LG-LTPNK-SS24,FBA,0,0,0,0,0,0,0,6,1,1,10,42,14,19,100,99,121,71,105,0,0,0,6,36,39,37,44,93,180,197,80,0,0,0,0,0,0,0,0,0,0,0,0,128.13,23.99,23.99,219.02,975.49,337.67,436.88,2065.79,2020.42,2447.6,1508.21,2101.07,0,0,0,149.74,877.14,939.61,930.74,1099.97,2267.4,4335.3,4777.76,1957.12,0,0,0,0,0
TOWLB-CAB-LG-LTPPL-R - B2B,TOWLB-CAB-LG-LTPPL-R,B2B,9,12,29,164,101,18,37,18,13,9,4,6,0,0,15,34,28,297,44,48,8,0,0,8,6,2,16,16,22,24,12,0,0,0,0,0,94.62,127.61,273.8,2874.94,1052.59,194.35,386.23,174.79,141.51,98.1,42.79,62.46,0,0,160.25,605.01,293.26,2668.34,456.05,499.68,87.46,0,0,100,68.9,-1.06,173.62,198.62,215.03,304.1,150,0,0,0,0,0
TOWLB-CAB-LG-LTPPL-R - DTC,TOWLB-CAB-LG-LTPPL-R,DTC,36,104,183,271,398,326,517,329,271,160,348,375,8,35,154,274,396,469,629,649,155,79,268,179,90,164,112,116,217,236,131,0,0,0,0,0,472.48,1359.94,1816.32,2604.45,4270.95,5884.58,9430.55,6220.57,4896.43,2923.42,6154.6,7024.82,166.55,719.93,2960.42,4968.1,7144.71,8363.95,11000.44,10835.93,3042.71,1642.73,5264.82,3692.97,1760.29,3389.88,2532.61,2316.75,4915.6,5339.38,3009.83,0,0,0,0,0
TOWLB-CAB-LG-LTPPL-R - FBA,TOWLB-CAB-LG-LTPPL-R,FBA,6,77,145,226,25,375,426,258,133,66,153,55,16,19,118,167,247,207,619,270,98,86,148,100,44,37,51,49,97,152,89,0,0,0,0,0,126.55,1573.03,2739.57,4243.06,440.73,7431.35,8148.54,5273.15,2788.92,1390.65,2771.55,1137.41,336.25,423.59,2408.5,3321.73,4853.79,4152.98,11071.81,5356.41,2158.9,2022.74,2986.03,2393.69,1034.85,912.57,1238.12,1118.24,2309.09,3400.18,2131.24,0,0,0,0,0
TOWLB-CAB-LG-NAVY-R - B2B,TOWLB-CAB-LG-NAVY-R,B2B,54,255,1765,278,532,778,200,844,422,100,1510,456,12,-303,79,165,545,364,140,164,322,68,26,201,324,1833,169,884,87,888,90,0,0,0,0,0,531.77,2443.36,17012.77,4243.71,5962.63,7397.09,2067.87,7890.37,3983.91,945.82,14937.92,4260.22,71.87,15051.51,2651.68,9458.3,5320.19,9250.55,7133.02,1558.59,3249.47,844.35,311.17,2317.93,3726.19,29567.32,2011.16,8738.47,899.64,9822.4,1128.81,0,0,0,0,0
TOWLB-CAB-LG-NAVY-R - DTC,TOWLB-CAB-LG-NAVY-R,DTC,475,492,916,1460,2319,1965,3087,2374,1277,729,1768,1672,295,499,781,1253,1541,1686,2027,2281,1193,282,1067,706,511,392,479,448,759,963,667,0,0,0,0,0,6886.84,6012.85,10364.65,16155.6,24615.67,13572.79,54750.44,43757.8,23535.04,13030.36,30947.66,30485.88,5461.36,9311.55,14431.61,22823.56,28884.85,30510.84,34602.24,39689.91,18892.26,5942.84,21008.12,14329.49,10899.73,8605.48,10333.67,10030.76,16981.95,21711.45,14622.65,0,0,0,0,0
TOWLB-CAB-LG-NAVY-R - FBA,TOWLB-CAB-LG-NAVY-R,FBA,99,269,262,462,818,912,1024,1058,274,444,701,622,144,71,288,402,613,861,1391,1022,205,86,420,353,174,174,184,190,205,436,95,0,0,0,0,0,1996.82,5323.62,5025.57,8461.4,15679.2,17808.97,19036.39,21470.37,5714.54,9088.51,13127.56,12746.73,3008.69,1485.02,5822.36,7853.14,11964.04,16895.39,24554.35,17926.12,4291.67,1608.42,8199.38,7821.4,3955.07,4029.41,4136.9,3696.84,4543.52,8794.38,1998.14,0,0,0,0,0
TOWLB-CAB-LG-NAVY-SS24 - FBA,TOWLB-CAB-LG-NAVY-SS24,FBA,0,0,0,0,0,0,0,2,6,6,2,4,5,10,38,58,183,140,132,30,3,0,15,69,40,23,44,63,248,205,119,0,0,0,0,0,0,0,0,0,0,0,0,45.82,140.71,141.78,45.86,94.88,121.57,218.62,767.58,1118.08,3635.81,2831.55,2394.65,507.77,74.97,0,381.09,1716.81,970.46,583.93,1063.72,1481.89,5873.04,4933.57,2899.02,0,0,0,0,0
TOWLB-CAB-LG-ORANG-R - B2B,TOWLB-CAB-LG-ORANG-R,B2B,0,245,11,27,9,16,59,12,2,5,2,11,4,7,7,16,18,54,223,36,6,0,6,6,6,515,5,10,33,288,112,0,0,0,0,0,0,1307.62,114.51,424.84,94.93,175.26,619.78,115.05,20.82,54.42,20.82,97.97,16.97,74.91,82.28,186.55,189.94,474.54,3200.62,374.76,62.46,0,62.46,75,72.75,10063.94,35.75,98.62,289.67,3600,1408.81,0,0,0,0,0
TOWLB-CAB-LG-ORANG-R - DTC,TOWLB-CAB-LG-ORANG-R,DTC,90,104,202,296,295,181,638,516,232,153,259,255,102,64,153,239,391,414,555,588,167,119,219,149,99,46,91,93,137,210,162,0,0,0,0,0,871.9,743.31,1350.65,2073.49,2370.27,3130.04,11102.77,8812.2,3971.93,2519.03,4341.88,4337.14,1868.43,1092.64,2652.64,4097.67,6879.1,7109.08,9264.1,9386.55,3037.14,2482.55,3949.97,2547.27,1835.45,967.99,1855.97,1845.48,2856.76,4287.54,3414.32,0,0,0,0,0
TOWLB-CAB-LG-ORANG-R - FBA,TOWLB-CAB-LG-ORANG-R,FBA,39,43,45,81,22,196,225,264,91,55,86,93,76,54,67,90,193,168,538,361,33,26,27,19,7,7,13,17,31,141,60,0,0,0,0,0,779.52,854.54,840.41,1515.76,367.73,3886.5,4088.62,5333.72,1900.24,1114.64,1628.55,1878.11,1576.65,1125.18,1355.64,1706.91,3544.97,3259.19,9461.93,6306.38,672.99,436.74,523.83,415.86,149.2,156.2,298.5,340.64,722.18,3068.3,1379.11,0,0,0,0,0
TOWLB-CAB-LG-PINK-R - B2B,TOWLB-CAB-LG-PINK-R,B2B,27,241,767,10,332,21,19,491,321,27,40,13,21,-286,39,275,69,313,102,56,142,32,21,112,132,944,79,432,45,512,44,0,0,0,0,0,270.87,2317.68,7455.62,83.5,3434.06,218.61,190.5,4647.36,3026.22,248.75,327.59,111.71,181.39,9968.96,381.09,8189.69,733.66,3061.48,3933.53,578.42,1456.39,377.46,248.63,1294.02,1514.47,11576.69,926.63,4203.84,562.91,5742.58,550.56,0,0,0,0,0
TOWLB-CAB-LG-PINK-R - DTC,TOWLB-CAB-LG-PINK-R,DTC,213,275,517,792,1023,837,358,782,658,439,848,838,293,280,427,765,962,986,1432,1369,380,150,536,382,222,123,207,228,380,483,353,0,0,0,0,0,2478.12,2175.32,3830.53,5737.98,6540.62,14034.76,5844.68,13041.07,11400.18,7309,13985.25,14373.96,5556.38,5134.04,7535.01,13829.13,16999.29,17764.68,22995.4,22858.28,7182.04,2880.22,10187.52,6658.01,4100.22,2579.08,4440.75,4542.06,8030.74,9901.41,7289.72,0,0,0,0,0
TOWLB-CAB-LG-PINK-R - FBA,TOWLB-CAB-LG-PINK-R,FBA,48,79,115,147,194,316,405,405,164,121,164,202,118,68,120,163,290,346,718,540,84,43,117,105,42,53,47,44,71,176,49,0,0,0,0,0,986,1572.27,2159.27,2522.65,3204.75,6078.86,7559.8,8084.11,3402.6,2408.34,3026.97,4079.3,2459.71,1415.06,2397.66,3098.49,5598.4,6586.88,12163.18,9229.29,1765.78,833.13,2255.55,2283.16,939.03,1180.45,1050.67,945.66,1452.12,3225.45,952.86,0,0,0,0,0
TOWLB-CAB-LG-RED-R - B2B,TOWLB-CAB-LG-RED-R,B2B,3,24,110,23,32,9,25,15,51,56,2,6,24,5,5,10,40,49,19,54,3,0,18,6,18,2,213,7,0,30,0,0,0,0,0,0,30.81,257.88,1146.88,260.44,334.92,96.77,259.91,158.31,530.91,582.76,20.82,62.46,226.02,52.05,52.05,383.25,417.44,274.97,189.05,562.14,33.33,0,225,75,215.15,2811.44,2647.9,87.5,0,375,0,0,0,0,0,0
TOWLB-CAB-LG-RED-R - DTC,TOWLB-CAB-LG-RED-R,DTC,100,97,179,289,331,136,822,662,246,181,288,292,117,105,153,269,293,443,555,693,448,68,234,161,89,46,98,624,159,238,215,0,0,0,0,0,769.5,723.48,1010.19,1566.47,2542.37,2207.38,13413.96,10551.94,4032.7,2951.52,4564.79,4768.8,2017.89,1773.54,2567.61,4529.29,5030.8,7787.15,9107.63,11003.28,7698.22,1156.31,4012.79,2804.1,1531.03,927.57,1941.13,10460.52,3259.62,4693.21,4361.13,0,0,0,0,0
TOWLB-CAB-LG-RED-R - FBA,TOWLB-CAB-LG-RED-R,FBA,34,36,57,65,12,112,153,161,90,26,62,76,47,40,42,64,113,107,233,167,46,42,65,21,13,14,25,23,33,83,33,0,0,0,0,0,683.3,720.61,1041.13,1151.11,154.46,2169.59,2738.29,3150.08,1859.54,519.36,1149.68,1558.04,970.15,830.72,803.02,1222.74,2142.9,2066.08,4098.62,2902.54,960.99,815.29,1247.54,460.87,292.89,335.38,582.29,525.13,728.9,1632.68,723.12,0,0,0,0,0
TOWLB-CAB-LG-YELL-R - B2B,TOWLB-CAB-LG-YELL-R,B2B,5,11,21,17,20,5,41,16,3,11,0,2,5,19,6,0,52,87,46,30,8,6,6,36,6,8,19,6,13,36,17,0,0,0,0,0,52.67,116.6,203,177.94,208.78,52.05,415.38,158.6,31.23,114.51,0,22.84,16.97,194.74,65.54,0,532.3,674.33,473.33,312.3,83.29,67.5,75,424.5,68.9,2323.94,219.15,75,159.61,450,209.25,0,0,0,0,0
TOWLB-CAB-LG-YELL-R - DTC,TOWLB-CAB-LG-YELL-R,DTC,87,88,203,260,341,164,520,475,158,115,204,230,94,91,133,57,232,303,412,487,195,45,160,128,60,38,88,61,113,239,195,0,0,0,0,0,585.75,355.43,1162.98,1174.46,1899.29,2702.04,8129.23,7738.59,2516.37,1774.11,3192.53,3681.76,1555.09,1504.53,2191.77,898.39,3756.71,5273.61,6939.98,7685.97,3300.79,749.42,2647.91,2059.52,976.96,804.58,1791.41,1258.41,2217.86,4785.77,3850.38,0,0,0,0,0
TOWLB-CAB-LG-YELL-R - FBA,TOWLB-CAB-LG-YELL-R,FBA,24,27,82,67,132,149,215,233,80,34,47,71,50,33,53,76,146,140,181,196,53,32,56,49,13,6,18,26,63,113,35,0,0,0,0,0,479.45,537.87,1523.31,1187.42,2457.45,2949.75,3914.77,4638.88,1667.47,689.21,888.86,1436.58,1038.18,676.77,1063.88,1506.57,2847.74,2753.8,3229.03,3502.61,1204.2,756.02,1051.08,1143,310.79,154.1,412.36,623.88,1437.22,2346.19,768.6,0,0,0,0,0
TOWLB-CAB-MD-LTBLU - B2B,TOWLB-CAB-MD-LTBLU,B2B,2,0,0,0,1,1,2,2,2,0,0,0,12,3,0,0,6,2,8,0,0,0,0,6,6,1,0,0,6,0,0,0,0,0,0,0,16.64,0,0,0,8.75,8.75,17.5,17.5,18.75,0,0,0,95.83,26.25,0,0,52.5,17.5,68.6,0,0,0,0,52.5,46.43,-0.44,0,0,52.5,0,0,0,0,0,0,0
TOWLB-CAB-MD-LTBLU - DTC,TOWLB-CAB-MD-LTBLU,DTC,11,12,68,25,79,63,132,32,30,18,43,58,25,35,24,25,61,109,183,1,2,30,39,57,41,30,119,21,34,41,32,0,0,0,0,0,207.75,205.15,1086.27,452.03,1380.81,1069.99,2207,545.12,519.15,318.86,671.24,955.38,449.26,603.89,418.28,422.37,924.83,1720.85,3002.66,12.84,37.95,616.48,713.32,1116.14,797.71,611.78,2274.75,379.88,663.81,847.94,665.99,0,0,0,0,0
TOWLB-CAB-MD-LTBLU - FBA,TOWLB-CAB-MD-LTBLU,FBA,4,6,10,16,16,17,41,34,21,13,24,15,11,4,8,13,25,32,56,41,2,5,17,12,18,7,10,14,33,32,15,0,0,0,0,0,64.72,105,164.49,255.49,277.15,290.48,658.5,562.5,375.68,219.32,372.2,264.6,192.5,70,143.33,220.98,405.3,538.56,849.56,661.58,41.66,115.31,298.95,234.09,334.42,145.81,206.74,285.36,654.7,593.18,285.26,0,0,0,0,0
TOWLB-CAB-MD-LTGRY - B2B,TOWLB-CAB-MD-LTGRY,B2B,0,0,0,0,4,0,0,0,0,0,0,0,0,0,0,0,0,0,0,0,0,0,0,0,0,0,0,0,0,0,0,0,0,0,0,0,0,0,0,0,35,0,0,0,0,0,0,0,0,0,0,0,0,0,0,0,0,0,0,0,0,0,0,0,0,0,0,0,0,0,0,0
TOWLB-CAB-MD-LTGRY - DTC,TOWLB-CAB-MD-LTGRY,DTC,28,21,17,0,0,11,1,0,0,0,0,0,0,0,0,0,0,0,0,0,0,0,0,0,0,0,0,0,0,0,0,0,0,0,0,0,473.63,376.8,290.66,0,0,203.67,15.75,0,0,0,0,0,0,0,0,0,0,0,0,0,0,0,0,0,0,0,0,0,0,0,0,0,0,0,0,0
TOWLB-CAB-MD-LTGRY - FBA,TOWLB-CAB-MD-LTGRY,FBA,30,13,26,19,3,1,2,0,0,0,0,0,0,0,0,0,0,0,0,0,0,0,0,0,0,0,0,0,0,0,0,0,0,0,0,0,419.85,174.15,348.13,265.78,46.32,21.66,22.64,0,0,0,0,0,0,0,0,0,0,0,0,0,0,0,0,0,0,0,0,0,0,0,0,0,0,0,0,0
TOWLB-CAB-MD-LTPNK - B2B,TOWLB-CAB-MD-LTPNK,B2B,0,2,3,49,12,3,21,0,0,0,0,20,12,4,5,0,15,14,0,0,0,0,0,0,0,1,52,42,2,0,0,0,0,0,0,0,0,16.63,26.25,426.45,107.1,24.82,183.75,0,0,0,0,118.36,95.83,35,43.75,0,133.54,123.48,0,0,0,0,0,0,0,-0.44,514.98,415.76,20.88,0,0,0,0,0,0,0
TOWLB-CAB-MD-LTPNK - DTC,TOWLB-CAB-MD-LTPNK,DTC,57,47,64,2,43,17,257,219,117,70,171,200,38,48,54,15,199,233,104,0,7,33,162,216,89,61,74,28,44,56,46,0,0,0,0,0,1040.28,861.26,1149.93,39.88,787.78,309.89,4548.99,3931.42,2084.72,1248.1,2774.4,3555.25,685.54,836.16,1024.24,268.88,3409.46,3965.92,1809.99,0,159.05,690.74,2906.4,4298.43,1884.1,1239.54,1508.18,542.62,906.86,1210.97,1021.36,0,0,0,0,0
TOWLB-CAB-MD-LTPNK - FBA,TOWLB-CAB-MD-LTPNK,FBA,18,14,23,1,1,1,49,12,23,24,29,31,41,11,19,19,57,43,34,16,0,4,42,31,28,20,18,18,32,49,26,0,0,0,0,0,303.42,246.81,379.3,17.5,15.45,18.15,788.32,218.61,419.14,425.41,449.68,549.54,720.78,195.99,339.9,320.24,1014.19,747.78,586.21,284.77,0,87.16,721.4,602.09,579.06,419.57,377.82,346.99,628.67,896.62,511.18,0,0,0,0,0
TOWLB-CAB-MD-LTPNK-SS24 - FBA,TOWLB-CAB-MD-LTPNK-SS24,FBA,0,0,0,0,0,0,0,2,2,2,1,10,4,6,61,93,50,84,1,0,0,0,0,0,0,4,38,105,183,227,69,0,0,0,0,0,0,0,0,0,0,0,0,43.32,40.76,43.32,21.53,206.22,90.84,119.85,1064.34,1580.86,876.32,1436.03,15.74,0,0,0,0,0,0,88.24,788.4,2078.54,3703.65,4652.8,1422.48,0,0,0,0,0
TOWLB-CAB-MD-NAVY - B2B,TOWLB-CAB-MD-NAVY,B2B,2,8,0,91,36,0,15,24,0,15,20,21,3,16,21,61,27,10,17,0,0,4,0,0,0,1,46,30,2,0,0,0,0,0,0,0,16.64,68.89,0,743.14,321.3,0,133.05,186.35,0,102.36,131.25,168.44,16.37,131.71,183.75,533.75,236.92,89.53,130.85,0,0,43.5,0,0,0,-0.44,455.59,296.97,20.88,0,0,0,0,0,0,0
TOWLB-CAB-MD-NAVY - DTC,TOWLB-CAB-MD-NAVY,DTC,69,43,58,82,55,13,162,121,64,44,113,113,278,65,33,14,117,152,143,0,0,86,287,416,141,131,187,22,66,57,45,0,0,0,0,0,1236.41,759.76,1008.32,1431.87,937.67,227.08,2831.07,2146.71,1135.92,799.26,1812.32,2005.58,4423.99,1197.46,579.63,260.6,1946.29,2565.81,2532.35,0,0,1761.92,5323.09,8408.03,2904.09,2765.92,3666.68,418.44,1373.96,1181.74,931.9,0,0,0,0,0
TOWLB-CAB-MD-NAVY - FBA,TOWLB-CAB-MD-NAVY,FBA,19,31,10,15,42,4,55,75,36,35,44,56,39,14,30,10,38,46,74,77,5,13,46,31,29,6,25,26,35,66,36,0,0,0,0,0,324.55,541.33,180.71,259.97,730.75,68.51,887.29,1296.52,634.16,607.3,695.55,976.9,684.76,253.65,525.35,169.58,637.1,770.73,1192.64,1175.83,104.15,263.95,822.99,610.98,595.77,124.98,517.23,506.09,701.95,1282.84,730.64,0,0,0,0,0
TOWLB-CAB-MD-NAVY-SS24 - FBA,TOWLB-CAB-MD-NAVY-SS24,FBA,0,0,0,0,0,0,0,0,3,0,1,4,2,7,36,58,143,57,1,0,0,0,1,0,1,3,26,56,154,369,33,0,0,0,0,0,0,0,0,0,0,0,0,0,62.42,0,21.66,86.64,43.32,135.67,627.46,972.25,2443.22,988.23,17.49,0,0,0,20.83,0,18.59,66.33,537.39,1143,3100.95,7018.71,679.7,0,0,0,0,0
TOWLB-CAB-X2-LTPNK - B2B,TOWLB-CAB-X2-LTPNK,B2B,0,0,2,1,0,3,0,1,0,0,0,0,2,0,15,0,0,0,3,0,0,0,0,0,0,0,0,0,0,0,0,0,0,0,0,0,0,0,41.66,20.83,0,63.96,0,21.68,0,0,0,0,-1.98,0,312.45,0,0,0,62.49,0,0,0,0,0,0,0,0,0,0,0,0,0,0,0,0,0
TOWLB-CAB-X2-LTPNK - DTC,TOWLB-CAB-X2-LTPNK,DTC,0,0,2,10,17,21,36,50,15,7,24,22,7,13,4,18,16,38,11,39,25,12,38,21,36,6,5,9,11,17,9,0,0,0,0,0,0,0,82.5,315.53,560.42,787.12,1403.33,1492.65,598.64,229.37,751.32,702.21,266.35,520.86,123.01,683.76,563.79,656.28,354.78,1181.97,786.15,418.97,1027.75,529.03,974.33,258.47,206.24,396.83,441.59,756.52,389.13,0,0,0,0,0
TOWLB-CAB-X2-LTPNK - FBA,TOWLB-CAB-X2-LTPNK,FBA,0,0,1,5,2,4,9,4,2,1,1,1,1,2,2,4,1,10,11,8,0,0,8,4,0,3,1,7,1,5,8,0,0,0,0,0,0,0,33.33,195.54,83.32,158.31,334.25,166.64,83.32,41.66,38.11,41.66,41.66,83.32,83.32,161.79,37.49,399.93,406.19,292,0,0,201.68,121.46,0,137.49,45.83,307.06,45.83,205.81,353.35,0,0,0,0,0
TOWLB-CAB-X2-NAVY - B2B,TOWLB-CAB-X2-NAVY,B2B,0,102,224,11,0,2,0,3,0,5,0,0,2,1,15,5,4,23,7,18,0,0,0,0,0,0,4,0,0,0,0,0,0,0,0,0,0,1945.58,4279.11,229.13,0,44.61,0,63.34,0,87.4,0,0,-1.98,3832.73,312.45,104.15,83.32,553.92,145.81,259.19,0,0,0,0,0,0,83.32,0,0,0,0,0,0,0,0,0
TOWLB-CAB-X2-NAVY - DTC,TOWLB-CAB-X2-NAVY,DTC,2,1,38,48,78,64,156,198,46,19,93,63,8,31,5,38,54,69,68,111,50,23,97,50,12,7,23,29,42,54,41,0,0,0,0,0,0,37.5,1294.63,1796.34,2626.78,2432.47,5798.17,6304.04,1708.75,684.46,3012.18,2062.84,306.27,1194.3,167.09,1422.86,1971.91,2503.98,2377.63,3433.65,1572.9,810.03,2456.34,1474.5,531.42,297.91,1009.23,1230.39,1783.77,2370.07,1744.63,0,0,0,0,0
TOWLB-CAB-X2-NAVY - FBA,TOWLB-CAB-X2-NAVY,FBA,0,0,3,13,18,17,35,8,1,2,13,17,0,2,6,7,22,18,43,35,2,4,17,11,0,3,0,5,4,8,6,0,0,0,0,0,0,0,120.82,490.65,710.03,670.44,1374.81,324.95,41.66,82.5,478.47,691.56,0,83.32,249.96,278.44,883.15,712.36,1557.8,1266.86,91.66,167.05,511.56,472.29,0,137.49,0,208.51,155.83,348.09,265.79,0,0,0,0,0
TOWLB-CAB-XL-4SET-BLUE - DTC,TOWLB-CAB-XL-4SET-BLUE,DTC,1,9,23,9,23,83,1,10,12,14,17,20,4,5,0,0,0,0,0,0,0,0,0,0,0,0,0,0,0,0,0,0,0,0,0,0,72.5,638,1638.51,623.51,1373.9,39.87,0,137.49,58,65.25,0,130.5,0,-7.73,0,0,0,0,0,0,0,0,0,0,0,0,0,0,0,0,0,0,0,0,0,0
TOWLB-CAB-XL-4SET-BLUE - FBA,TOWLB-CAB-XL-4SET-BLUE,FBA,0,0,0,0,2,3,0,0,0,0,0,0,0,0,0,0,0,0,0,0,0,0,0,0,0,0,0,0,0,0,0,0,0,0,0,0,0,0,0,0,135.73,76.66,0,0,0,0,0,0,0,0,0,0,0,0,0,0,0,0,0,0,0,0,0,0,0,0,0,0,0,0,0,0
TOWLB-CAB-XL-4SET-ORANGE - DTC,TOWLB-CAB-XL-4SET-ORANGE,DTC,5,3,1,10,53,6,17,4,2,3,0,2,1,1,0,0,0,0,0,0,0,0,0,0,0,0,0,0,0,0,0,0,0,0,0,0,319.73,217.5,72.5,717.75,3603.31,0,0,0,0,0,0,0,-7.25,0,0,0,0,0,0,0,0,0,0,0,0,0,0,0,0,0,0,0,0,0,0,0
TOWLB-CAB-XL-4SET-PINK - DTC,TOWLB-CAB-XL-4SET-PINK,DTC,1,3,8,21,20,27,20,4,10,5,2,2,6,5,1,0,0,0,0,0,0,0,0,0,0,0,0,0,0,0,0,0,0,0,0,0,72.5,210.25,580,1475.39,1388.39,54.37,69.42,-7.25,-7.25,-7.25,61.63,0,-7.25,-7.73,-7.73,0,0,0,0,0,0,0,0,0,0,0,0,0,0,0,0,0,0,0,0,0
TOWLB-CAB-XL-4SET-PINK - FBA,TOWLB-CAB-XL-4SET-PINK,FBA,0,0,0,1,1,1,0,0,0,0,0,0,0,0,0,0,0,0,0,0,0,0,0,0,0,0,0,0,0,0,0,0,0,0,0,0,0,0,0,76.66,76.66,0,0,0,0,0,0,0,0,0,0,0,0,0,0,0,0,0,0,0,0,0,0,0,0,0,0,0,0,0,0,0
TOWLB-CAB-XL-4SETA-R - B2B,TOWLB-CAB-XL-4SETA-R,B2B,0,0,0,0,0,0,0,0,0,0,0,0,0,0,0,0,0,1,0,0,3,0,0,0,0,0,7,0,0,0,0,0,0,0,0,0,0,0,0,0,0,0,0,0,0,0,0,0,0,0,0,0,0,52.01,0,0,144.99,0,0,0,0,0,335.9,0,0,0,0,0,0,0,0,0
TOWLB-CAB-XL-4SETA-R - DTC,TOWLB-CAB-XL-4SETA-R,DTC,22,10,19,21,50,58,59,21,18,14,23,16,11,8,3,0,0,0,0,0,0,0,0,0,0,0,0,0,0,0,0,0,0,0,0,0,1562.38,693.11,1334.01,1425.97,3302.4,-58.5,-21.75,-14.5,58,-21.9,87,58,77.33,-15.46,-7.73,0,0,0,0,0,0,0,0,0,0,0,0,0,0,0,0,0,0,0,0,0
TOWLB-CAB-XL-4SETA-R - FBA,TOWLB-CAB-XL-4SETA-R,FBA,0,0,0,5,4,4,12,0,0,0,0,0,0,0,0,0,0,0,0,0,0,0,0,0,0,0,0,0,0,0,0,0,0,0,0,0,0,0,0,357.66,306.64,153.32,398.7,0,0,0,0,0,0,0,0,0,0,0,0,0,0,0,0,0,0,0,0,0,0,0,0,0,0,0,0,0
TOWLB-CAB-XL-4SETD-R - DTC,TOWLB-CAB-XL-4SETD-R,DTC,12,4,0,0,0,0,0,0,0,0,0,0,0,0,0,0,0,0,0,0,0,0,0,0,0,0,0,0,0,0,0,0,0,0,0,0,844.63,210.25,0,0,0,0,0,0,0,0,0,0,0,0,0,0,0,0,0,0,0,0,0,0,0,0,0,0,0,0,0,0,0,0,0,0
TOWLB-CAB-XL-4SETE-R - DTC,TOWLB-CAB-XL-4SETE-R,DTC,4,13,16,34,144,17,174,32,8,10,10,8,5,6,2,0,0,0,0,0,0,0,0,0,0,0,0,0,0,0,0,0,0,0,0,0,257.38,906.26,1134.63,2396.15,9921.78,-21.76,391.39,116,0,65.25,0,72.5,-15.46,-7.73,0,0,0,0,0,0,0,0,0,0,0,0,0,0,0,0,0,0,0,0,0,0
TOWLB-CAB-XL-4SETE-R - FBA,TOWLB-CAB-XL-4SETE-R,FBA,0,0,0,0,4,0,8,3,0,0,0,0,0,0,0,0,0,0,0,0,0,0,0,0,0,0,0,0,0,0,0,0,0,0,0,0,0,0,0,0,289.18,0,201.92,0,0,0,0,0,0,0,0,0,0,0,0,0,0,0,0,0,0,0,0,0,0,0,0,0,0,0,0,0
TOWLB-CAB-XL-4SETF-R - DTC,TOWLB-CAB-XL-4SETF-R,DTC,3,5,13,14,70,30,49,15,6,3,6,11,3,3,3,0,0,0,0,0,0,0,0,0,0,0,0,0,0,0,0,0,0,0,0,0,206.63,340.75,913.51,986.01,4792.3,-7.25,-59.82,0,72.5,0,-14.5,-7.25,0,0,0,0,0,0,0,0,0,0,0,0,0,0,0,0,0,0,0,0,0,0,0,0
TOWLB-CAB-XL-4SETG - DTC,TOWLB-CAB-XL-4SETG,DTC,11,35,63,81,87,126,11,46,26,20,62,33,19,15,1,0,0,0,0,0,0,0,0,0,0,0,0,0,0,0,0,0,0,0,0,0,775.75,2436.03,4350.08,5621.03,5803.68,47.06,0,94.98,-21.75,43.5,348.01,-7.25,149.83,-7.73,0,0,0,0,0,0,0,0,0,0,0,0,0,0,0,0,0,0,0,0,0,0
TOWLB-CAB-XL-4SETG - FBA,TOWLB-CAB-XL-4SETG,FBA,0,0,0,3,4,13,0,0,0,0,0,0,0,0,0,0,0,0,0,0,0,0,0,0,0,0,0,0,0,0,0,0,0,0,0,0,0,0,0,215.49,289.75,225.8,0,0,0,0,0,0,0,0,0,0,0,0,0,0,0,0,0,0,0,0,0,0,0,0,0,0,0,0,0,0
TOWLB-CAB-XL-4SETH - DTC,TOWLB-CAB-XL-4SETH,DTC,5,12,22,23,27,69,80,73,15,7,13,10,7,4,3,0,0,0,0,0,0,0,0,0,0,0,0,0,0,0,0,0,0,0,0,0,340.76,746.76,1508.04,1649.38,1899.52,14.23,-36.25,225.3,134.13,-7.25,72.5,0,0,0,0,0,0,0,0,0,0,0,0,0,0,0,0,0,0,0,0,0,0,0,0,0
TOWLB-CAB-XL-4SETH - FBA,TOWLB-CAB-XL-4SETH,FBA,0,0,0,0,1,2,9,1,0,0,0,0,0,0,0,0,0,0,0,0,0,0,0,0,0,0,0,0,0,0,0,0,0,0,0,0,0,0,0,0,0,76.66,310.71,0,0,0,0,0,0,0,0,0,0,0,0,0,0,0,0,0,0,0,0,0,0,0,0,0,0,0,0,0
TOWLB-CAB-XL-4SETK - B2B,TOWLB-CAB-XL-4SETK,B2B,0,0,0,0,0,0,0,0,0,0,0,0,0,0,0,0,0,1,0,1,0,0,0,0,0,0,2,0,0,0,0,0,0,0,0,0,0,0,0,0,0,0,0,0,0,0,0,0,0,0,0,0,0,52.01,0,52.97,0,0,0,0,0,0,96.66,0,0,0,0,0,0,0,0,0
TOWLB-CAB-XL-4SETK - DTC,TOWLB-CAB-XL-4SETK,DTC,5,15,41,32,59,99,109,204,34,26,40,50,34,32,10,0,0,0,0,0,0,0,0,0,0,0,0,0,0,0,0,0,0,0,0,0,355.25,997.64,2852.92,2251.14,4110.78,-10.94,-15.07,508.18,50.75,65.25,137.51,275.5,46.41,-15.46,-7.73,0,0,0,0,0,0,0,0,0,0,0,0,0,0,0,0,0,0,0,0,0
TOWLB-CAB-XL-4SETK - FBA,TOWLB-CAB-XL-4SETK,FBA,0,0,0,3,4,8,19,5,0,0,0,0,0,0,0,0,0,0,0,0,0,0,0,0,0,0,0,0,0,0,0,0,0,0,0,0,0,0,0,229.98,275.82,304.55,527.17,153.32,0,0,0,0,0,0,0,0,0,0,0,0,0,0,0,0,0,0,0,0,0,0,0,0,0,0,0,0
TOWLB-CAB-XL-4SETL - DTC,TOWLB-CAB-XL-4SETL,DTC,2,3,4,8,11,11,24,7,6,8,11,9,6,5,1,0,0,0,0,0,0,0,0,0,0,0,0,0,0,0,0,0,0,0,0,0,112.38,217.5,282.75,551.01,779.38,0,-14.5,-14.5,0,0,-14.5,0,-23.19,0,0,0,0,0,0,0,0,0,0,0,0,0,0,0,0,0,0,0,0,0,0,0
TOWLB-CAB-XL-4SETM - DTC,TOWLB-CAB-XL-4SETM,DTC,22,14,31,63,76,12,2,45,14,8,7,15,15,0,0,0,0,0,0,0,0,0,0,0,0,0,0,0,0,0,0,0,0,0,0,0,1512.36,971.52,2131.55,4408.05,5042.46,-18.13,0,188.5,65.25,-7.25,72.5,123.25,-29.23,0,0,0,0,0,0,0,0,0,0,0,0,0,0,0,0,0,0,0,0,0,0,0
TOWLB-CAB-XL-4SETM - FBA,TOWLB-CAB-XL-4SETM,FBA,0,0,0,6,9,1,0,0,0,0,0,0,0,0,0,0,0,0,0,0,0,0,0,0,0,0,0,0,0,0,0,0,0,0,0,0,0,0,0,445.18,639.43,0,0,0,0,0,0,0,0,0,0,0,0,0,0,0,0,0,0,0,0,0,0,0,0,0,0,0,0,0,0,0
TOWLB-CAB-XL-4SETN - DTC,TOWLB-CAB-XL-4SETN,DTC,2,6,6,28,33,15,21,32,7,11,10,14,5,2,2,0,0,0,0,0,0,0,0,0,0,0,0,0,0,0,0,0,0,0,0,0,145,420.5,416.88,1996.02,2211.28,-18.13,0,14.5,0,0,0,145,0,0,77.33,0,0,0,0,0,0,0,0,0,0,0,0,0,0,0,0,0,0,0,0,0
TOWLB-CAB-XL-4SETO - B2B,TOWLB-CAB-XL-4SETO,B2B,0,0,0,0,0,0,0,0,0,0,0,0,0,0,0,0,6,1,0,0,0,0,0,0,0,0,1,0,0,0,0,0,0,0,0,0,0,0,0,0,0,0,0,0,0,0,0,0,0,0,0,0,301.35,0,0,0,0,0,0,0,0,0,45.92,0,0,0,0,0,0,0,0,0
TOWLB-CAB-XL-4SETO - DTC,TOWLB-CAB-XL-4SETO,DTC,1,1,6,12,38,13,71,42,4,4,7,8,1,3,0,0,0,0,0,0,0,0,0,0,0,0,0,0,0,0,0,0,0,0,0,0,65.25,65.25,416.88,859.13,2664.41,0,-43.5,-43.79,72.5,-7.25,0,-7.25,0,0,0,0,0,0,0,0,0,0,0,0,0,0,0,0,0,0,0,0,0,0,0,0
TOWLB-CAB-XL-6SET-BLUE - DTC,TOWLB-CAB-XL-6SET-BLUE,DTC,3,5,13,10,20,6,1,4,6,6,20,8,3,2,0,0,0,0,0,0,0,0,0,0,0,0,0,0,0,0,0,0,0,0,0,0,290.01,372.18,1222.87,923.2,1899.55,0,0,68.25,78,-9.75,58.5,-29.25,101.5,0,0,0,0,0,0,0,0,0,0,0,0,0,0,0,0,0,0,0,0,0,0,0
TOWLB-CAB-XL-6SET-PINK - DTC,TOWLB-CAB-XL-6SET-PINK,DTC,4,2,3,15,7,0,5,3,4,4,2,3,1,2,0,0,0,0,0,0,0,0,0,0,0,0,0,0,0,0,0,0,0,0,0,0,348.01,193.34,290.01,1392.04,555.85,0,-29.25,0,78,-19.5,-9.75,0,0,0,0,0,0,0,0,0,0,0,0,0,0,0,0,0,0,0,0,0,0,0,0,0
TOWLB-CAB-XL-6SET-R - DTC,TOWLB-CAB-XL-6SET-R,DTC,46,28,42,43,34,8,5,22,31,15,18,21,7,9,2,0,0,0,0,0,0,0,0,0,0,0,0,0,0,0,0,0,0,0,0,0,4243.01,2595.6,3924.78,3977.95,2933.93,-43.5,0,68.25,224.25,78,78,-19.5,-9.75,-20.3,0,0,0,0,0,0,0,0,0,0,0,0,0,0,0,0,0,0,0,0,0,0
TOWLB-CAB-XL-6SET-R - FBA,TOWLB-CAB-XL-6SET-R,FBA,1,0,1,0,1,0,0,0,0,0,0,0,0,0,0,0,0,0,0,0,0,0,0,0,0,0,0,0,0,0,0,0,0,0,0,0,126.74,0,137.17,0,134.67,0,0,0,0,0,0,0,0,0,0,0,0,0,0,0,0,0,0,0,0,0,0,0,0,0,0,0,0,0,0,0
TOWLB-CAB-XL-6SETI - DTC,TOWLB-CAB-XL-6SETI,DTC,15,18,24,67,82,78,1,13,10,14,22,30,10,0,1,0,0,0,0,0,0,0,0,0,0,0,0,0,0,0,0,0,0,0,0,0,1411.38,1649.18,2228.24,6230.37,7458.07,-141,-9.75,-9.75,88.73,-9.75,-9.75,-9.75,77.6,0,0,0,0,0,0,0,0,0,0,0,0,0,0,0,0,0,0,0,0,0,0,0
TOWLB-CAB-XL-6SETI - FBA,TOWLB-CAB-XL-6SETI,FBA,0,0,0,6,5,8,0,1,0,0,0,0,0,0,0,0,0,0,0,0,0,0,0,0,0,0,0,0,0,0,0,0,0,0,0,0,0,0,0,599.94,360.47,253.06,0,97.93,0,0,0,0,0,0,0,0,0,0,0,0,0,0,0,0,0,0,0,0,0,0,0,0,0,0,0,0
TOWLB-CAB-XL-6SETJ - DTC,TOWLB-CAB-XL-6SETJ,DTC,12,28,43,7,31,76,14,33,17,13,17,18,9,4,0,0,0,0,0,0,0,0,0,0,0,0,0,0,0,0,0,0,0,0,0,0,1098.16,2445.74,3954.77,676.69,2508.59,-155.08,-30.24,111.82,161.34,51.44,-10.08,-20.16,-10.08,-21,0,0,0,0,0,0,0,0,0,0,0,0,0,0,0,0,0,0,0,0,0,0
TOWLB-CAB-XL-6SETJ - FBA,TOWLB-CAB-XL-6SETJ,FBA,0,0,0,0,1,9,0,0,0,0,0,0,0,0,0,0,0,0,0,0,0,0,0,0,0,0,0,0,0,0,0,0,0,0,0,0,0,0,0,0,99.99,391.57,0,0,0,0,0,0,0,0,0,0,0,0,0,0,0,0,0,0,0,0,0,0,0,0,0,0,0,0,0,0
TOWLB-CAB-XL-6SETK - DTC,TOWLB-CAB-XL-6SETK,DTC,3,9,7,12,27,39,1,12,13,15,29,21,3,9,0,0,0,0,0,0,0,0,0,0,0,0,0,0,0,0,0,0,0,0,0,0,290.01,826.53,662.19,1131.05,2252.41,-82.5,0,-9.75,-29.25,185.25,78,87.75,-19.9,-10.15,0,0,0,0,0,0,0,0,0,0,0,0,0,0,0,0,0,0,0,0,0,0
TOWLB-CAB-XL-6SETK - FBA,TOWLB-CAB-XL-6SETK,FBA,0,0,0,0,1,3,0,0,0,0,0,0,0,0,0,0,0,0,0,0,0,0,0,0,0,0,0,0,0,0,0,0,0,0,0,0,0,0,0,0,99.04,85.44,0,0,0,0,0,0,0,0,0,0,0,0,0,0,0,0,0,0,0,0,0,0,0,0,0,0,0,0,0,0
TOWLB-CAB-XL-6SETL - DTC,TOWLB-CAB-XL-6SETL,DTC,2,6,7,17,9,6,45,20,15,12,9,18,6,3,2,0,0,0,0,0,0,0,0,0,0,0,0,0,0,0,0,0,0,0,0,0,193.34,565.52,652.52,1595.05,826.53,-14.5,-48.75,58.5,390,155.74,-9.75,-39,0,0,0,0,0,0,0,0,0,0,0,0,0,0,0,0,0,0,0,0,0,0,0,0
TOWLB-CAB-XL-6SETM - DTC,TOWLB-CAB-XL-6SETM,DTC,0,6,2,8,6,4,17,28,2,8,4,3,4,6,0,0,0,0,0,0,0,0,0,0,0,0,0,0,0,0,0,0,0,0,0,0,0,512.34,193.34,753.85,580.02,0,0,68.25,-9.75,78,0,-9.75,0,0,0,0,0,0,0,0,0,0,0,0,0,0,0,0,0,0,0,0,0,0,0,0
TOWLB-CAB-XL-BLACK-R - B2B,TOWLB-CAB-XL-BLACK-R,B2B,9,14,25,14,38,20,28,6,0,6,4,16,2,32,1,20,27,21,56,0,12,0,6,0,0,32,37,6,42,0,6,0,0,0,0,0,106.29,163.69,275.42,169.12,443.43,248.78,338.93,60.4,0,75.59,48.32,155.33,19.69,359.21,12.77,311.87,328.48,254.69,633.11,0,165,0,72.48,0,0,220.3,477.1,82.5,369.35,0,82.5,0,0,0,0,0
TOWLB-CAB-XL-BLACK-R - DTC,TOWLB-CAB-XL-BLACK-R,DTC,29,78,128,163,412,234,346,101,79,68,108,84,36,40,55,103,181,194,275,184,119,58,147,82,45,45,93,113,198,242,151,0,0,0,0,0,404.47,1055.55,1430.32,2222.37,3672.08,4745.75,6723.4,1957.26,1658.57,1389.85,2065.31,1617.12,752.89,850.59,1126.97,2227.5,3693.2,4014.4,5654.63,3535.26,2554.44,1340.73,3040.95,1788.94,949.2,1050.47,2159.35,2576.33,4750.57,6090.85,3767.47,0,0,0,0,0
TOWLB-CAB-XL-BLACK-R - FBA,TOWLB-CAB-XL-BLACK-R,FBA,15,30,65,86,139,137,167,49,93,54,57,94,54,25,70,93,134,235,282,180,107,43,102,47,47,28,40,49,127,183,39,0,0,0,0,0,367.71,701.37,1464,1935.21,2969.76,3193.16,3594.41,1113.51,2241.68,1239.82,1154.01,2175.75,1302.18,605,1640.71,2098,3084.4,5290.8,6038.95,4036.54,2755.58,1109.99,2259.67,1221.54,1221.56,759.91,1060.9,1235.65,3243.1,4444.03,1000.68,0,0,0,0,0
TOWLB-CAB-XL-BLUE-R - B2B,TOWLB-CAB-XL-BLUE-R,B2B,22,19,46,23,200,14,87,30,4,10,5,14,12,46,33,62,47,77,91,91,21,0,0,0,0,13,55,5,59,47,16,0,0,0,0,0,254.34,230.67,498.9,226.79,2984.45,174.45,993.35,364.72,49.19,123.34,60.4,170.89,125.46,7278.86,322.35,1075.23,576.02,833.67,1030.27,949.73,283.75,0,0,0,0,3922.65,624.59,47.24,731.73,632.5,198,0,0,0,0,0
TOWLB-CAB-XL-BLUE-R - DTC,TOWLB-CAB-XL-BLUE-R,DTC,256,280,421,390,478,772,700,729,305,213,403,342,174,143,212,274,597,626,1044,944,285,114,506,285,179,117,156,397,704,924,628,0,0,0,0,0,3280.68,2636,3066.94,2825.94,2526.71,14798.71,13950.58,14285.72,5797.48,3987.75,7608.64,6483.72,3458.23,2894.32,4219.42,5116.73,12026.73,12608.11,20265.5,17245.25,5860.69,2298.75,9446.54,5291.15,3383.56,2601.55,3493.15,8680.24,15256.38,20639.42,13908.17,0,0,0,0,0
TOWLB-CAB-XL-BLUE-R - FBA,TOWLB-CAB-XL-BLUE-R,FBA,177,129,228,121,39,450,539,413,188,115,159,158,112,95,80,144,229,314,824,511,83,76,96,61,22,45,58,67,100,332,134,0,0,0,0,0,4163.41,2978.78,4823.44,2395.92,622.6,10087.75,11403.71,9504.79,4455.49,2596.47,3224.83,3533.08,2666.13,2273.34,1868.58,3219.3,5013.07,6877.3,16514.17,9873.3,2028.27,1798.1,1972.46,1424.58,540.21,1088.68,1411.74,1462.74,2363.35,7217.86,3145.15,0,0,0,0,0
TOWLB-CAB-XL-BLUE-SS24 - FBA,TOWLB-CAB-XL-BLUE-SS24,FBA,0,0,0,0,0,0,0,1,3,1,3,3,1,1,9,18,31,47,118,155,32,31,38,39,15,9,8,25,56,54,68,0,0,0,0,0,0,0,0,0,0,0,0,28.33,84.99,28.33,71.48,78.58,28.33,26.24,212.61,401.02,707.84,1085.17,2482.89,3218.42,846.38,818.69,925.18,1037.12,365.63,247.41,215.8,618.1,1443.19,1430.51,1810.6,0,0,0,0,0
TOWLB-CAB-XL-GREEN-R - B2B,TOWLB-CAB-XL-GREEN-R,B2B,12,12,14,23,113,7,20,14,2,68,3,10,10,4,9,15,17,333,80,36,27,6,0,12,6,20,17,8,42,0,6,0,0,0,0,0,137.93,129.26,158.25,275.11,2047.85,89.89,241.6,144.96,24.16,822.81,39.63,125.19,108.75,8745.92,109.41,529.44,207.68,3743.63,954.2,440.25,366.25,72.48,0,165,82.5,5749.76,190.7,106.12,577.5,0,82.5,0,0,0,0,0
TOWLB-CAB-XL-GREEN-R - DTC,TOWLB-CAB-XL-GREEN-R,DTC,147,127,219,290,395,313,154,137,161,98,188,153,77,62,83,175,277,318,530,584,161,67,261,171,74,69,90,158,282,439,289,0,0,0,0,0,1451.53,995.39,1731.89,2885.79,4600.36,6234.54,3036.97,2546,3162.6,1875.6,3475.12,2941.57,1583.15,1247.2,1695,3328.81,5505.37,6387.47,10407.21,10924.69,3361.61,1365.95,4948.95,3269.87,1368.71,1526.11,2077.61,3461.67,6190.26,9640.81,6306.73,0,0,0,0,0
TOWLB-CAB-XL-GREEN-R - FBA,TOWLB-CAB-XL-GREEN-R,FBA,54,45,75,111,179,213,233,209,86,54,82,41,38,24,49,96,108,159,486,349,37,28,67,32,18,22,30,25,76,202,60,0,0,0,0,0,1145.01,1010.37,1641.2,2225.24,3878.06,4703.62,4885.82,4798.9,2055.62,1218.62,1672.48,939.13,872.65,582.05,1161.99,2101.49,2343.77,3560.68,9520.72,6808.72,885.46,639.77,1416.25,787.15,464.59,545.45,732.41,547.42,1929.83,4361.19,1417.26,0,0,0,0,0
TOWLB-CAB-XL-KHAKI-R - B2B,TOWLB-CAB-XL-KHAKI-R,B2B,8,86,39,22,55,42,66,37,4,16,2,19,2,60,6,9,39,70,181,216,56,6,0,24,6,44,42,24,84,24,189,0,0,0,0,0,91.97,1477.13,455.72,261.22,632.8,523.32,740.23,416.28,48.32,204.44,24.16,155.33,19.69,673.46,75.27,672.06,473.15,778.93,2093.74,2024.97,779.98,82.5,0,330,76.73,5472.8,536.25,334.25,946.85,334.51,2829.07,0,0,0,0,0
TOWLB-CAB-XL-KHAKI-R - DTC,TOWLB-CAB-XL-KHAKI-R,DTC,101,89,130,220,417,159,469,260,113,81,203,162,99,69,64,37,235,299,425,413,147,72,207,158,59,77,115,164,353,432,298,0,0,0,0,0,2048.22,1561.65,2210.69,3780.33,5468.15,3573.84,9724.2,5699.87,2496.26,1762.57,4260.52,3620.19,2189.45,1584,1379.16,734.07,4950.93,6269.67,8891.18,8156.38,3420.73,1739.6,4574,3783.82,1380.55,1867.06,2765.42,3975.04,8680.34,11153.52,7657.15,0,0,0,0,0
TOWLB-CAB-XL-KHAKI-R - FBA,TOWLB-CAB-XL-KHAKI-R,FBA,99,68,54,151,61,22,263,83,165,75,161,166,89,101,82,17,221,223,464,200,94,49,118,78,54,49,44,58,136,137,29,0,0,0,0,0,2361.89,1559.21,1233.01,3319.5,1423.04,596.67,5616.97,2064.81,3996.16,1822.28,3393.6,3855.43,2143.9,2437.35,1923.92,393.14,5081.98,5069.53,9670.91,4536.89,2337.55,1225.99,2558.21,2006.19,1419.86,1344.01,1153.64,1503.37,3474.69,3490.79,701.45,0,0,0,0,0
TOWLB-CAB-XL-LTBGE-R - B2B,TOWLB-CAB-XL-LTBGE-R,B2B,0,0,8,4,3,9,0,1,2,1,0,15,6,23,2,19,6,11,59,0,0,0,0,0,0,2,26,0,12,0,0,0,0,0,0,0,0,0,86.98,45.59,36.24,114.05,0,12.08,24.16,12.08,0,124.27,62.42,256.94,24.16,232.21,74.59,137.21,664.41,0,0,0,0,0,0,-1.17,330,0,148.5,0,0,0,0,0,0,0
TOWLB-CAB-XL-LTBGE-R - DTC,TOWLB-CAB-XL-LTBGE-R,DTC,56,75,92,170,317,225,106,79,57,44,64,92,49,41,70,91,125,183,292,260,139,28,108,55,41,18,59,105,210,256,202,0,0,0,0,0,727.01,1021.5,1028.63,1312.33,2125.3,4340.84,2043.17,1633.73,1112.34,867.63,1245.76,1796.29,1048.43,929.25,1483.02,1985.88,2654.69,3766.31,5966.27,5072.59,2949.13,680.39,2231.7,1082.18,815.38,442.09,1402.56,2421.54,5107.51,6241.29,4468.57,0,0,0,0,0
TOWLB-CAB-XL-LTBGE-R - FBA,TOWLB-CAB-XL-LTBGE-R,FBA,42,12,42,82,155,36,90,21,69,25,32,35,9,11,31,59,100,127,140,133,48,6,7,16,18,28,35,51,82,150,45,0,0,0,0,0,991.04,282.16,905.05,1644.07,3500.8,843.15,1917.06,529.01,1647.71,587.33,652.13,799.04,223.68,265.76,715.36,1364.99,2246.59,2862.89,3221.2,3001.77,1223.3,157.12,166.89,427.83,465.95,772.22,945.4,1318.7,2116.29,3638.43,1156.66,0,0,0,0,0
TOWLB-CAB-XL-LTBLU-R - B2B,TOWLB-CAB-XL-LTBLU-R,B2B,10,41,17,12,235,11,11,32,0,6,6,0,1,28,11,26,7,59,52,18,12,0,0,0,6,2,30,8,24,44,0,0,0,0,0,0,115.19,316.7,190.86,118.07,3646.64,132.88,118.3,147.49,0,72.48,72.48,0,24.17,8052.45,106.22,649.98,82.53,617.51,591.93,202.95,165,0,0,0,76.73,4398.83,353.62,106.12,313.5,542.3,0,0,0,0,0,0
TOWLB-CAB-XL-LTBLU-R - DTC,TOWLB-CAB-XL-LTBLU-R,DTC,98,87,155,228,364,322,7,145,102,84,173,145,53,28,71,139,168,263,378,401,127,50,156,93,55,51,100,154,236,256,165,0,0,0,0,0,888.08,627.27,1134.11,1436.24,2968.37,6072.44,124.89,2796.2,1987.39,1563.12,3220.48,2705.85,975.42,561.06,1361.78,2716.17,3354.44,5450.59,7350.54,7565.38,2528.14,1067.39,2900.57,1703.19,1000.59,1195.46,2208.5,3264.78,5098.17,6052.05,3713.02,0,0,0,0,0
TOWLB-CAB-XL-LTBLU-R - FBA,TOWLB-CAB-XL-LTBLU-R,FBA,28,26,54,83,205,141,129,137,71,57,88,67,35,28,31,50,70,66,166,152,33,14,49,22,24,25,52,42,69,103,49,0,0,0,0,0,665.25,603.86,1163.69,1499.8,4370.57,3111.83,2763.68,3129.51,1684.68,1296.02,1814.87,1499.86,830.62,676.48,709.26,1064.56,1568.78,1458.9,3168.31,2970.76,822.72,335.12,1020.85,495.36,551.09,600.69,1213.53,952.62,1697.94,2432.13,1164.78,0,0,0,0,0
TOWLB-CAB-XL-LTGRE-R - B2B,TOWLB-CAB-XL-LTGRE-R,B2B,0,30,0,0,0,0,0,0,0,0,0,0,0,0,0,0,0,0,0,0,0,0,0,0,0,0,0,0,0,0,0,0,0,0,0,0,0,186.84,0,0,0,0,0,0,0,0,0,0,0,0,0,0,0,0,0,0,0,0,0,0,0,0,0,0,0,0,0,0,0,0,0,0
TOWLB-CAB-XL-LTGRY-R - B2B,TOWLB-CAB-XL-LTGRY-R,B2B,5,30,10,5,26,10,4,19,0,1,1,6,2,22,8,15,19,13,13,48,18,0,0,0,0,8,20,0,42,12,0,0,0,0,0,0,57.97,186.84,108.72,57.67,288.72,134.13,47.84,229.52,0,12.08,12.08,72.48,19.69,241.6,97.33,272.64,229.52,137.21,157.04,422.9,237.48,0,0,0,0,4343.83,247.5,0,369.35,148.5,0,0,0,0,0,0
TOWLB-CAB-XL-LTGRY-R - DTC,TOWLB-CAB-XL-LTGRY-R,DTC,86,78,103,201,429,224,351,180,75,62,105,98,53,33,54,91,85,95,163,339,169,43,125,61,46,26,61,101,139,203,148,0,0,0,0,0,1433.85,957.81,1150.85,1992.18,3009.65,4433.65,6832.54,3779.5,1569.55,1241.59,2141.14,1906.73,1118.47,720.76,1053.06,1950.08,1816.81,2104.86,3294.7,6731.61,3382.43,948.05,2559.88,1259.8,954.08,602.91,1415.62,2292.79,3152.88,4768.78,3335.82,0,0,0,0,0
TOWLB-CAB-XL-LTGRY-R - FBA,TOWLB-CAB-XL-LTGRY-R,FBA,59,50,69,91,188,186,191,187,73,55,100,81,39,21,34,64,85,78,97,110,21,15,32,18,18,5,20,15,38,55,37,0,0,0,0,0,1375.71,1123.46,1491.73,1805.12,4168.33,4145.55,4184.44,4368.06,1751.76,1267.32,2067.02,1844.95,943.23,504.19,804.68,1410.32,1893.27,1701.46,2021.9,2176.58,520.68,384.5,719.49,408.37,472.56,130.58,504.51,380.96,900.09,1250.2,871.17,0,0,0,0,0
TOWLB-CAB-XL-LTPCH-R - DTC,TOWLB-CAB-XL-LTPCH-R,DTC,31,10,3,0,3,2,0,0,0,0,0,0,0,0,0,0,0,0,0,0,0,0,0,0,0,0,0,0,0,0,0,0,0,0,0,0,415.88,110.88,77.58,0,50.08,55.83,0,0,0,0,0,0,0,0,0,0,0,0,0,0,0,0,0,0,0,0,0,0,0,0,0,0,0,0,0,0
TOWLB-CAB-XL-LTPCH-R - FBA,TOWLB-CAB-XL-LTPCH-R,FBA,2,1,0,0,0,0,0,0,0,0,0,0,0,0,0,0,0,0,0,0,0,0,0,0,0,0,0,0,0,0,0,0,0,0,0,0,53.27,29.13,0,0,0,0,0,0,0,0,0,0,0,0,0,0,0,0,0,0,0,0,0,0,0,0,0,0,0,0,0,0,0,0,0,0
TOWLB-CAB-XL-LTPNK-R - B2B,TOWLB-CAB-XL-LTPNK-R,B2B,35,1,154,17,772,20,83,16,4,20,3,31,3,46,10,1,10,20,60,13,12,0,0,0,12,22,22,0,64,27,17,0,0,0,0,0,409.41,12.49,1850.43,202.63,9319.55,241.6,947.88,193.28,48.32,246.18,36.24,306.75,43.85,3913.13,120.8,248.03,120.8,205.54,666.82,158.2,165,0,0,0,165,9496.47,271.66,0,607.96,349.74,212.73,0,0,0,0,0
TOWLB-CAB-XL-LTPNK-R - DTC,TOWLB-CAB-XL-LTPNK-R,DTC,120,104,199,294,386,446,481,488,150,133,230,211,112,105,170,117,307,306,501,506,164,75,258,180,90,77,112,216,409,570,411,0,0,0,0,0,1751.16,1130.7,2377.61,2890.36,4009.15,8883.47,10180.99,9832.61,3022.11,2702.44,4559.04,4176.45,2387.77,2220.65,3581.22,2199.48,6407.82,6489.44,10067.99,9764.84,3622.35,1732.6,5190.34,3731.09,1780.57,1904.77,2695.81,4811.29,9386.72,13611.07,9564.24,0,0,0,0,0
TOWLB-CAB-XL-LTPNK-R - FBA,TOWLB-CAB-XL-LTPNK-R,FBA,58,82,69,148,305,289,351,327,172,119,154,131,48,54,61,85,168,247,443,234,61,36,96,60,27,26,76,66,153,289,86,0,0,0,0,0,1400.74,1877.47,1467.49,3099.94,6816.68,6520.4,7587.84,7671.19,4110.29,2722.3,3148.12,3001.4,1156.51,1286.97,1406.4,1941.04,3821.84,5632.02,8896.84,4494.39,1516.95,902.58,2028.71,1557.82,691.75,686.01,1899.42,1683.21,3900.89,6771.27,2092.46,0,0,0,0,0
TOWLB-CAB-XL-LTPNK-SS24 - FBA,TOWLB-CAB-XL-LTPNK-SS24,FBA,0,0,0,0,0,0,0,1,2,1,4,8,6,4,42,45,66,63,141,132,21,32,29,13,0,3,5,15,36,99,103,0,0,0,0,0,0,0,0,0,0,0,0,26.97,54.57,28.33,90.47,212.97,163.71,108.01,1010.65,1004.99,1499.54,1473.03,2969.04,2707.9,541.49,853.69,695.53,340.87,0,82.47,137.45,390.38,944.92,2346.03,2732.59,0,0,0,0,0
TOWLB-CAB-XL-LTPPL-R - B2B,TOWLB-CAB-XL-LTPPL-R,B2B,12,31,15,22,29,9,51,4,179,2,1,6,62,5,0,12,20,248,44,0,6,0,0,0,0,4,30,1,22,18,8,0,0,0,0,0,136.33,198.92,171.54,263.03,331.95,108.72,559.77,48.32,2162.32,24.16,12.08,72.48,679.69,60.4,0,619.13,244.93,2706.05,492.88,0,82.5,0,0,0,0,26.33,369.31,11.81,222.12,231,99,0,0,0,0,0
TOWLB-CAB-XL-LTPPL-R - DTC,TOWLB-CAB-XL-LTPPL-R,DTC,87,69,118,249,330,228,223,181,99,69,116,128,89,25,78,143,248,248,370,105,98,41,155,107,57,33,101,163,225,253,184,0,0,0,0,0,778.09,606.33,1171.39,1884.09,3349.56,4520.3,4843.32,3763.53,2048.95,1396.97,2302.06,2620.48,1962.48,559.85,1620.38,2887.53,5219.89,5088.21,7279.49,2020.27,2079.76,951.88,3248.62,2335.81,1148.3,772.2,2402.48,3637.22,5204.11,6266.77,4391.8,0,0,0,0,0
TOWLB-CAB-XL-LTPPL-R - FBA,TOWLB-CAB-XL-LTPPL-R,FBA,59,50,101,107,210,197,232,235,97,49,73,73,44,30,54,75,139,158,249,80,36,48,84,43,23,17,30,36,79,103,34,0,0,0,0,0,1427.7,1152.31,2232.03,2090.09,4512.23,4447.7,5064.02,5513.05,2303.56,1126.92,1473.46,1679.32,1046.48,722.38,1232.49,1672.14,3162.88,3608.03,5045.91,1743.66,922.41,1219.15,1835,1085.71,607.83,467.33,799.3,936.35,2016.05,2427.47,851.42,0,0,0,0,0
TOWLB-CAB-XL-NAVY-R - B2B,TOWLB-CAB-XL-NAVY-R,B2B,18,49,307,65,1614,145,156,53,6,76,19,40,11,99,86,121,106,326,443,285,85,43,23,8,19,63,134,653,66,273,104,0,0,0,0,0,210.87,585.69,3654.03,724.59,19697.34,1759.57,1807.96,650.12,72.48,916.18,229.52,378.01,90.97,14344.32,970.64,1273.08,975.31,3556.6,1586.91,2574.74,1106.96,547.11,291.36,110,259.65,16674.71,1658.43,7097.73,759.14,3720.2,1298,0,0,0,0,0
TOWLB-CAB-XL-NAVY-R - DTC,TOWLB-CAB-XL-NAVY-R,DTC,178,469,710,1041,1720,1461,1847,1682,571,440,826,712,383,325,390,616,1011,1241,1877,1461,515,250,856,554,283,225,394,677,1091,1297,939,0,0,0,0,0,2313.53,6160.71,8492.25,13156.96,19890.98,29702.12,37451.91,34123.31,12014.67,8777.93,16553.45,14345.65,8235.28,6992.15,8492.1,12902.86,21096.71,26318.38,37784.21,29158.71,11722.55,5580.49,17924.55,11893.95,6244.23,5425.49,9668.99,16084.6,26509.07,32773.52,24558.24,0,0,0,0,0
TOWLB-CAB-XL-NAVY-R - FBA,TOWLB-CAB-XL-NAVY-R,FBA,118,203,231,353,552,747,953,796,429,287,478,239,19,86,153,232,362,423,893,735,150,46,208,187,104,95,178,156,342,665,308,0,0,0,0,0,2927.05,4732.02,5091.79,7409.76,12040.45,16852.46,20461,18684.9,10294.27,6604.46,9701.57,5568.09,479.36,2066.53,3612.64,5198.89,8061.91,9460.61,17416.59,14372.69,3603.77,982.32,4279.29,4823.82,2631.94,2538.89,4471.81,3877.44,8580.91,15548,7706.07,0,0,0,0,0
TOWLB-CAB-XL-NAVY-SS24 - FBA,TOWLB-CAB-XL-NAVY-SS24,FBA,0,0,0,0,0,0,0,3,3,8,3,6,11,4,32,29,102,109,170,133,3,0,0,0,1,3,15,65,103,202,77,0,0,0,0,0,0,0,0,0,0,0,0,81.5,82.9,197.43,79.27,152.13,292.02,105.72,764.37,651.95,2322.27,2525.22,3600.73,2724.56,75.81,0,0,0,24.74,82.47,408.24,1674.66,2700.39,5328.97,2027.39,0,0,0,0,0
TOWLB-CAB-XL-ORANG-R - B2B,TOWLB-CAB-XL-ORANG-R,B2B,5,10,8,6,65,10,26,11,0,3,1,6,4,0,4,27,12,26,12,84,24,6,6,6,0,3,1,7,11,0,0,0,0,0,0,0,56.96,117.18,96.64,72.48,1208.28,126.13,305.52,132.88,0,36.24,12.08,72.48,19.69,0,51.05,317.2,146.99,317.64,144.96,729.82,309.96,72.48,72.48,82.5,0,3642.58,12.13,82.5,88.23,0,0,0,0,0,0,0
TOWLB-CAB-XL-ORANG-R - DTC,TOWLB-CAB-XL-ORANG-R,DTC,121,97,148,250,328,138,308,296,128,80,104,107,58,43,78,161,236,297,394,359,120,56,156,92,52,58,97,155,227,255,186,0,0,0,0,0,802.39,682.88,946.26,1774.4,2783.6,2644.75,6093.64,5831.47,2379.71,1515.65,2000.52,1999.69,1149.62,882.53,1540.9,3031.23,4234.93,6003.74,7532.12,6486.75,2419.29,1156.39,2844.63,1792.26,916.69,1268.14,2128.72,3356.53,4970.98,5689.18,4012.02,0,0,0,0,0
TOWLB-CAB-XL-ORANG-R - FBA,TOWLB-CAB-XL-ORANG-R,FBA,11,33,63,89,127,153,224,160,70,44,58,51,34,24,45,81,104,148,405,136,41,39,51,29,12,12,33,27,67,167,23,0,0,0,0,0,240.4,740.71,1346.01,1765.26,2618.11,3445.54,4792.63,3722.1,1656.27,1009.82,1168.25,1174.55,806.47,580.67,1016.82,1804.09,2288.31,3326.03,8119.21,2901.63,1036.76,997.45,1097.02,686.79,304.56,298.02,770.94,626.7,1683.97,3744,517.24,0,0,0,0,0
TOWLB-CAB-XL-PINK-R - B2B,TOWLB-CAB-XL-PINK-R,B2B,19,33,179,49,692,103,47,107,3,8,1,18,8,62,19,52,43,284,31,85,6,0,6,0,6,18,98,11,13,156,10,0,0,0,0,0,223.38,223.1,2112.62,569.59,8331.58,1245.79,194.51,1283.58,36.24,101.16,12.08,161.79,66.8,7942.94,205.74,839.69,525.38,3115.92,372.75,728.56,82.5,0,72.48,0,76.73,6791.33,1164.21,117.93,163.11,2145,123.75,0,0,0,0,0
TOWLB-CAB-XL-PINK-R - DTC,TOWLB-CAB-XL-PINK-R,DTC,183,272,409,563,614,653,419,721,302,233,358,347,204,166,131,373,498,538,914,918,274,128,437,279,174,118,167,365,551,674,449,0,0,0,0,0,1679.68,2282.35,3223.91,4334.27,4379.87,12507.94,7767.51,13446.84,5811.19,4354.23,6772.09,6617.2,4094.9,3340.03,2575.84,7507.59,10268.33,11180.11,17889.79,17350.7,5884.71,2750.01,8410.94,5506.97,3494.55,2684.03,4095.24,8480.32,12757.39,15627.51,10281.81,0,0,0,0,0
TOWLB-CAB-XL-PINK-R - FBA,TOWLB-CAB-XL-PINK-R,FBA,102,73,104,141,83,284,221,72,112,91,116,79,72,71,78,101,178,208,597,402,55,55,91,52,31,33,40,55,102,220,91,0,0,0,0,0,2411.47,1672.7,2192.59,2790.97,1413.22,6240.01,4572.35,1651.47,2618.57,2037.17,2416.76,1788.76,1699.6,1694.6,1799.91,2162.3,3842.12,4498.62,11791.16,7749.22,1332.84,1311.23,1957.81,1276.49,786.4,849.35,1018.55,1281.69,2505.56,4668.1,2130.81,0,0,0,0,0
TOWLB-CAB-XL-RED-R - B2B,TOWLB-CAB-XL-RED-R,B2B,0,51,15,16,54,17,33,3,1,8,2,7,17,26,2,11,16,72,78,60,15,0,0,12,0,2,13,0,17,6,12,0,0,0,0,0,0,1138.59,144.96,188.74,633.04,192.49,354.89,36.24,12.08,101.79,24.16,84.99,181.2,298.98,24.16,368.83,196.61,845.25,891.63,710.31,191.23,0,0,165,0,3986.33,167.08,0,170.73,82.5,165,0,0,0,0,0
TOWLB-CAB-XL-RED-R - DTC,TOWLB-CAB-XL-RED-R,DTC,117,104,147,220,327,324,274,205,134,92,185,129,69,57,85,165,244,254,402,555,179,48,183,82,61,50,100,194,244,406,311,0,0,0,0,0,690.17,729.94,1011.59,1785.5,2784.83,6474.78,5100.51,3801.29,2386.9,1679.25,3523.43,2287.72,1407.12,1145.57,1626.87,3042.89,4864.14,5049.99,7509.01,10116.92,3426.56,874.4,3216.15,1495.47,1063.28,1063.41,2169.81,3847.94,5044.07,8708.45,6554.78,0,0,0,0,0
TOWLB-CAB-XL-RED-R - FBA,TOWLB-CAB-XL-RED-R,FBA,26,23,43,59,27,95,139,110,46,20,39,37,22,24,24,41,84,80,220,150,25,12,53,31,13,18,16,21,49,129,32,0,0,0,0,0,599.16,512.25,898.72,1184.19,465.63,2104.5,2866.73,2499.72,1083.6,444.48,803.37,852.04,511.5,576.67,559.21,922.44,1848.7,1809.37,4415.65,2824.55,609.69,252.64,1130.66,736.9,314.21,425.96,366.19,473.06,1170.78,2793.18,669.98,0,0,0,0,0
TOWLB-CAB-XL-YELL-R - B2B,TOWLB-CAB-XL-YELL-R,B2B,1,31,2,1,7,8,23,3,0,13,0,10,4,15,1,8,16,18,8,54,3,0,0,0,0,27,7,0,1,0,0,0,0,0,0,0,12.08,199.33,24.16,12.08,88.27,101.97,277.84,36.24,0,158.41,0,82.85,19.69,181.2,13.13,96.64,196.61,219.37,96.64,509.87,36.25,0,0,0,0,3350.39,84.58,0,14.61,0,0,0,0,0,0,0
TOWLB-CAB-XL-YELL-R - DTC,TOWLB-CAB-XL-YELL-R,DTC,108,92,144,159,267,229,244,165,110,79,96,102,51,39,55,128,181,170,314,381,114,40,135,76,53,25,67,123,198,255,186,0,0,0,0,0,375.56,301.35,645.65,1038.07,1998.43,4343.67,4661.54,3147.75,1901.62,1460.61,1766.57,1854.28,990.97,770.74,1036.68,2367.75,3470.02,3359.86,5853.82,6758.01,2100.69,774.4,2164.04,1412.28,882.49,518.77,1433.68,2620.07,4189.77,5366.78,3937.55,0,0,0,0,0
TOWLB-CAB-XL-YELL-R - FBA,TOWLB-CAB-XL-YELL-R,FBA,31,29,49,48,87,103,150,135,53,34,33,32,30,18,31,45,109,93,140,119,25,14,19,16,6,12,13,19,36,93,32,0,0,0,0,0,712.72,685.46,1033.34,939.62,1840.57,2288.74,3112.7,3075.98,1260.93,747.66,675.07,734.2,709.14,431.71,717.64,1020.23,2361.76,2077.95,2861.35,2323.7,644.77,351.87,420.83,391.19,142.83,282.64,325.51,453.63,870.05,1994.87,805.4,0,0,0,0,0
TOWLB-COLLAB-LG-UNO - B2B,TOWLB-COLLAB-LG-UNO,B2B,0,0,0,0,0,0,0,0,0,0,0,0,0,0,0,0,0,0,0,0,0,6,0,0,0,5,24,7,6,0,6,0,0,0,0,0,0,0,0,0,0,0,0,0,0,0,0,0,0,0,0,0,0,0,0,0,0,84.96,0,0,0,70.8,310.1,106.13,84.96,0,84.96,0,0,0,0,0
TOWLB-COLLAB-LG-UNO - DTC,TOWLB-COLLAB-LG-UNO,DTC,0,0,0,0,0,0,0,0,0,0,0,0,0,0,0,0,0,0,0,0,0,72,224,168,44,20,25,32,33,110,240,0,0,0,0,0,0,0,0,0,0,0,0,0,0,0,0,0,0,0,0,0,0,0,0,0,0,2002.4,4701.75,4232.16,1144.64,532.45,653.5,863.54,847.15,1018.83,4149.46,0,0,0,0,0
TOWLB-COLLAB-LG-UNO - FBA,TOWLB-COLLAB-LG-UNO,FBA,0,0,0,0,0,0,0,0,0,0,0,0,0,0,0,0,0,0,0,0,0,2,13,20,5,6,7,4,7,5,5,0,0,0,0,0,0,0,0,0,0,0,0,0,0,0,0,0,0,0,0,0,0,0,0,0,0,59.99,334.29,552.42,141.65,162.89,196.89,110.48,189.81,117.16,141.65,0,0,0,0,0
TOWLB-COLLAB-XL-UNO - B2B,TOWLB-COLLAB-XL-UNO,B2B,0,0,0,0,0,0,0,0,0,0,0,0,0,0,0,0,0,0,0,0,0,0,0,0,0,5,20,0,0,0,0,0,0,0,0,0,0,0,0,0,0,0,0,0,0,0,0,0,0,0,0,0,0,0,0,0,0,0,0,0,0,77.05,277.38,0,0,0,0,0,0,0,0,0
TOWLB-COLLAB-XL-UNO - DTC,TOWLB-COLLAB-XL-UNO,DTC,0,0,0,0,0,0,0,0,0,0,0,0,0,0,0,0,0,0,0,0,0,71,166,103,22,24,17,36,62,78,199,0,0,0,0,0,0,0,0,0,0,0,0,0,0,0,0,0,0,0,0,0,0,0,0,0,0,1890.83,3954.07,2862.3,596.91,718.05,479.95,1068.28,1731.43,2312.31,4046.75,0,0,0,0,0
TOWLB-COLLAB-XL-UNO - FBA,TOWLB-COLLAB-XL-UNO,FBA,0,0,0,0,0,0,0,0,0,0,0,0,0,0,0,0,0,0,0,0,0,3,14,15,6,3,3,4,14,15,6,0,0,0,0,0,0,0,0,0,0,0,0,0,0,0,0,0,0,0,0,0,0,0,0,0,0,91.46,377.86,454.73,184.98,92.49,90.94,123.32,368.19,416.33,183.43,0,0,0,0,0
TOWLB-DES-LG-4SET-CHCKSEA - DTC,TOWLB-DES-LG-4SET-CHCKSEA,DTC,0,0,0,0,0,0,0,0,0,0,0,0,0,4,34,54,4,15,3,0,0,0,0,0,0,0,0,0,0,0,0,0,0,0,0,0,0,0,0,0,0,0,0,0,0,0,0,0,0,0,111.99,194.13,74.67,74.67,59.54,0,0,0,0,0,0,0,0,0,0,0,0,0,0,0,0,0
TOWLB-DES-LG-4SET-CLBHSE - DTC,TOWLB-DES-LG-4SET-CLBHSE,DTC,0,0,0,0,0,0,0,0,0,0,0,0,0,0,0,0,0,0,0,0,8,34,38,34,2,12,15,18,65,0,100,0,0,0,0,0,0,0,0,0,0,0,0,0,0,0,0,0,0,0,0,0,0,0,0,0,57.75,494.36,49.49,660,0,89.17,0,65.62,-24.75,0,132,0,0,0,0,0
TOWLB-DES-LG-4SET-ENDSUMR - DTC,TOWLB-DES-LG-4SET-ENDSUMR,DTC,0,0,0,0,0,0,0,0,0,0,0,0,0,0,0,0,0,0,0,0,0,0,0,0,0,0,34,70,96,203,94,0,0,0,0,0,0,0,0,0,0,0,0,0,0,0,0,0,0,0,0,0,0,0,0,0,0,0,0,0,0,0,0,57.75,-33.33,181.5,101.25,0,0,0,0,0
TOWLB-DES-LG-4SET-ENDSUMR - FBA,TOWLB-DES-LG-4SET-ENDSUMR,FBA,0,0,0,0,0,0,0,0,0,0,0,0,0,0,0,0,0,0,0,0,0,0,0,0,0,0,0,0,0,8,0,0,0,0,0,0,0,0,0,0,0,0,0,0,0,0,0,0,0,0,0,0,0,0,0,0,0,0,0,0,0,0,0,0,0,83.39,0,0,0,0,0,0
TOWLB-DES-LG-4SET-HAVANA - DTC,TOWLB-DES-LG-4SET-HAVANA,DTC,0,0,0,0,0,0,0,0,0,0,0,0,0,17,72,74,35,0,66,67,4,2,15,5,11,2,0,0,0,0,0,0,0,0,0,0,0,0,0,0,0,0,0,0,0,0,0,0,0,52.26,358.22,925.69,224.01,0,43.92,-72.29,70.13,-8.25,222.75,82.5,82.5,0,0,0,0,0,0,0,0,0,0,0
TOWLB-DES-LG-4SET-MEDMOMT - DTC,TOWLB-DES-LG-4SET-MEDMOMT,DTC,0,0,0,0,0,0,0,0,0,0,0,0,0,0,0,0,0,0,0,0,0,0,0,0,0,0,22,18,79,54,51,0,0,0,0,0,0,0,0,0,0,0,0,0,0,0,0,0,0,0,0,0,0,0,0,0,0,0,0,0,0,0,82.5,0,-33,129.5,-33.24,0,0,0,0,0
TOWLB-DES-LG-4SET-MEDMOMT - FBA,TOWLB-DES-LG-4SET-MEDMOMT,FBA,0,0,0,0,0,0,0,0,0,0,0,0,0,0,0,0,0,0,0,0,0,0,0,0,0,0,0,0,1,0,0,0,0,0,0,0,0,0,0,0,0,0,0,0,0,0,0,0,0,0,0,0,0,0,0,0,0,0,0,0,0,0,0,0,70.12,0,0,0,0,0,0,0
TOWLB-DES-LG-4SET-POSPARA - DTC,TOWLB-DES-LG-4SET-POSPARA,DTC,0,0,0,0,0,0,0,0,0,0,0,0,0,0,0,0,0,0,0,0,0,0,0,0,0,0,11,18,28,60,53,0,0,0,0,0,0,0,0,0,0,0,0,0,0,0,0,0,0,0,0,0,0,0,0,0,0,0,0,0,0,0,0,73.92,-8.25,-49.5,214.8,0,0,0,0,0
TOWLB-DES-LG-4SET-POSPARA - FBA,TOWLB-DES-LG-4SET-POSPARA,FBA,0,0,0,0,0,0,0,0,0,0,0,0,0,0,0,0,0,0,0,0,0,0,0,0,0,0,0,0,0,0,1,0,0,0,0,0,0,0,0,0,0,0,0,0,0,0,0,0,0,0,0,0,0,0,0,0,0,0,0,0,0,0,0,0,0,0,0,0,0,0,0,0
TOWLB-DES-LG-4SET-SUNBLVD - DTC,TOWLB-DES-LG-4SET-SUNBLVD,DTC,0,0,0,0,0,0,0,0,0,0,0,0,0,2,0,0,0,0,0,1,0,0,0,0,0,0,0,0,0,0,0,0,0,0,0,0,0,0,0,0,0,0,0,0,0,0,0,0,0,0,0,0,0,0,0,93.33,0,0,0,0,0,0,0,0,0,0,0,0,0,0,0,0
TOWLB-DES-LG-4SET-SUNTROP - DTC,TOWLB-DES-LG-4SET-SUNTROP,DTC,0,0,0,0,0,0,0,0,0,0,0,0,0,0,0,0,0,0,0,0,0,0,0,0,0,1,8,11,16,50,26,0,0,0,0,0,0,0,0,0,0,0,0,0,0,0,0,0,0,0,0,0,0,0,0,0,0,0,0,0,0,0,0,-24.75,0,66,-8.25,0,0,0,0,0
TOWLB-DES-LG-4SET-SUNTROP - FBA,TOWLB-DES-LG-4SET-SUNTROP,FBA,0,0,0,0,0,0,0,0,0,0,0,0,0,0,0,0,0,0,0,0,0,0,0,0,0,0,0,0,0,2,0,0,0,0,0,0,0,0,0,0,0,0,0,0,0,0,0,0,0,0,0,0,0,0,0,0,0,0,0,0,0,0,0,0,0,140.23,0,0,0,0,0,0
TOWLB-DES-LG-4SET-TANGGRN - DTC,TOWLB-DES-LG-4SET-TANGGRN,DTC,0,0,0,0,0,0,0,0,0,0,0,0,0,23,12,0,0,0,0,0,0,0,0,0,0,0,0,0,0,0,0,0,0,0,0,0,0,0,0,0,0,0,0,0,0,0,0,0,0,-7.47,74.67,0,0,0,0,0,0,0,0,0,0,0,0,0,0,0,0,0,0,0,0,0
TOWLB-DES-LG-6SET-PALPARA - DTC,TOWLB-DES-LG-6SET-PALPARA,DTC,0,0,0,0,0,0,0,0,0,0,0,0,0,0,0,0,0,0,0,0,0,0,0,0,0,0,5,6,9,35,18,0,0,0,0,0,0,0,0,0,0,0,0,0,0,0,0,0,0,0,0,0,0,0,0,0,0,0,0,0,0,0,0,99.5,110.56,88.46,-22.1,0,0,0,0,0
TOWLB-DES-LG-6SET-SUMSUGA - DTC,TOWLB-DES-LG-6SET-SUMSUGA,DTC,0,0,0,0,0,0,0,0,0,0,0,0,0,7,1,0,0,0,0,0,0,0,0,0,0,0,0,0,0,0,0,0,0,0,0,0,0,0,0,0,0,0,0,0,0,0,0,0,0,-9.8,0,0,0,0,0,0,0,0,0,0,0,0,0,0,0,0,0,0,0,0,0,0
TOWLB-DES-LG-6SET-TROPICAN - DTC,TOWLB-DES-LG-6SET-TROPICAN,DTC,0,0,0,0,0,0,0,0,0,0,0,0,0,7,13,13,3,0,9,6,0,0,12,0,0,0,0,0,0,0,0,0,0,0,0,0,0,0,0,0,0,0,0,0,0,0,0,0,0,-9.8,-29.4,98,98,0,-37.52,-9.38,0,0,187.95,0,0,0,0,0,0,0,0,0,0,0,0,0
TOWLB-DES-LG-6SET-WILDVIBE - DTC,TOWLB-DES-LG-6SET-WILDVIBE,DTC,0,0,0,0,0,0,0,0,0,0,0,0,0,4,13,19,5,0,10,17,0,0,0,0,0,0,0,0,0,0,0,0,0,0,0,0,0,0,0,0,0,0,0,0,0,0,0,0,0,0,-19.6,88.2,0,0,-42.21,-61.62,0,0,0,0,0,0,0,0,0,0,0,0,0,0,0,0
TOWLB-DES-LG-ALOHGLW - B2B,TOWLB-DES-LG-ALOHGLW,B2B,0,0,0,0,0,0,0,0,0,0,0,0,0,0,0,0,2,31,35,30,5,0,0,0,0,0,0,0,0,0,0,0,0,0,0,0,0,0,0,0,0,0,0,0,0,0,0,0,0,0,0,0,20.99,379.04,408.96,353.19,58.3,0,0,0,0,0,0,0,0,0,0,0,0,0,0,0
TOWLB-DES-LG-ALOHGLW - DTC,TOWLB-DES-LG-ALOHGLW,DTC,0,0,0,0,0,0,0,0,0,0,0,0,0,0,0,0,225,301,279,158,0,0,11,2,0,0,0,0,0,0,0,0,0,0,0,0,0,0,0,0,0,0,0,0,0,0,0,0,0,0,0,0,4946.24,6539.81,5981.89,3503.78,0,0,201.65,45.13,0,0,0,0,0,0,0,0,0,0,0,0
TOWLB-DES-LG-ALOHGLW - FBA,TOWLB-DES-LG-ALOHGLW,FBA,0,0,0,0,0,0,0,0,0,0,0,0,0,0,3,8,30,43,97,38,1,0,0,0,0,0,0,0,0,0,0,0,0,0,0,0,0,0,0,0,0,0,0,0,0,0,0,0,0,0,73.32,163.29,669.05,974.79,2064.1,848.98,22,0,0,0,0,0,0,0,0,0,0,0,0,0,0,0
TOWLB-DES-LG-BLUE-4SET - DTC,TOWLB-DES-LG-BLUE-4SET,DTC,0,0,0,0,0,0,0,20,1,0,0,0,1,0,0,0,0,0,0,0,0,0,0,0,0,0,0,0,0,0,0,0,0,0,0,0,0,0,0,0,0,0,0,54.51,0,0,0,0,0,0,0,0,0,0,0,0,0,0,0,0,0,0,0,0,0,0,0,0,0,0,0,0
TOWLB-DES-LG-BLUE-6SET - DTC,TOWLB-DES-LG-BLUE-6SET,DTC,0,0,0,0,0,0,0,6,1,0,0,0,0,0,0,0,0,0,0,0,0,0,0,0,0,0,0,0,0,0,0,0,0,0,0,0,0,0,0,0,0,0,0,-30.3,0,0,0,0,0,0,0,0,0,0,0,0,0,0,0,0,0,0,0,0,0,0,0,0,0,0,0,0
TOWLB-DES-LG-BLUSKY - B2B,TOWLB-DES-LG-BLUSKY,B2B,0,0,0,0,0,0,0,0,0,0,0,0,0,0,0,0,0,0,0,0,66,34,22,6,13,466,125,312,277,0,239,0,0,0,0,0,0,0,0,0,0,0,0,0,0,0,0,0,0,0,0,0,0,0,0,0,774.5,421.52,1868.24,82.5,158.32,5392.12,1549.48,3570.59,3749.87,0,3059.18,0,0,0,0,0
TOWLB-DES-LG-BLUSKY - DTC,TOWLB-DES-LG-BLUSKY,DTC,0,0,0,0,0,0,0,0,0,0,0,0,0,0,0,0,0,0,0,0,72,132,363,218,74,116,136,138,200,79,249,0,0,0,0,0,0,0,0,0,0,0,0,0,0,0,0,0,0,0,0,0,0,0,0,0,1815,2985.94,8209.33,5199.62,1866.18,2892.44,3377.54,3477.95,4672.08,2060.31,5989.58,0,0,0,0,0
TOWLB-DES-LG-BLUSKY - FBA,TOWLB-DES-LG-BLUSKY,FBA,0,0,0,0,0,0,0,0,0,0,0,0,0,0,0,0,0,0,0,0,44,67,100,71,99,71,99,132,95,16,4,0,0,0,0,0,0,0,0,0,0,0,0,0,0,0,0,0,0,0,0,0,0,0,0,0,1169.09,1757.61,2357.55,1873.03,2378.75,1679.37,2336.57,3049.28,2460.07,457.24,119.07,0,0,0,0,0
TOWLB-DES-LG-BLUSPRIT - B2B,TOWLB-DES-LG-BLUSPRIT,B2B,0,0,0,0,0,0,0,1,0,0,0,0,18,29,45,149,24,36,185,80,6,0,51,12,0,0,0,0,0,0,0,0,0,0,0,0,0,0,0,0,0,0,0,0,0,0,0,0,176.72,2087.89,512.5,2074.31,742.76,425.53,1938.65,932.8,76.28,0,523.5,165,0,0,0,0,0,0,0,0,0,0,0,0
TOWLB-DES-LG-BLUSPRIT - DTC,TOWLB-DES-LG-BLUSPRIT,DTC,0,0,0,0,0,0,0,0,0,0,0,0,3,127,164,246,82,170,242,61,19,14,252,63,0,0,0,57,15,0,0,0,0,0,0,0,0,0,0,0,0,0,0,0,0,0,0,0,70,2711.24,3481.74,5049.25,1534.04,3324.44,4459.18,1120.25,325.39,252.74,5104.83,1320.03,0,0,0,1257.2,338.98,0,0,0,0,0,0,0
TOWLB-DES-LG-BLUSPRIT - FBA,TOWLB-DES-LG-BLUSPRIT,FBA,0,0,0,0,0,0,0,0,0,0,0,0,0,3,22,31,56,58,12,55,28,2,13,64,0,0,0,5,4,1,0,0,0,0,0,0,0,0,0,0,0,0,0,0,0,0,0,0,0,79.97,509.61,698.47,1235.42,1293.79,295.9,1188.46,637.6,52.24,293.41,1269.97,0,0,0,112.4,78.74,22,0,0,0,0,0,0
TOWLB-DES-LG-CHECKMT - B2B,TOWLB-DES-LG-CHECKMT,B2B,0,0,0,0,0,0,0,1,0,0,0,0,16,16,-81,29,18,21,216,30,0,0,0,0,0,0,0,0,0,0,0,0,0,0,0,0,0,0,0,0,0,0,0,0,0,0,0,0,166.84,6241.2,2926.54,2131.68,210.71,255.01,2321.12,349.8,0,0,0,0,0,0,0,0,0,0,0,0,0,0,0,0
TOWLB-DES-LG-CHECKMT - DTC,TOWLB-DES-LG-CHECKMT,DTC,0,0,0,0,0,0,0,0,0,0,0,0,1,80,168,231,137,158,206,538,63,17,12,0,0,0,0,0,0,0,0,0,0,0,0,0,0,0,0,0,0,0,0,0,0,0,0,0,0,1583.75,3246.1,4643.82,2728.82,3025.43,3830.63,9661.21,1050.65,304.44,184.97,0,0,0,0,0,0,0,0,0,0,0,0,0
TOWLB-DES-LG-CHECKMT - FBA,TOWLB-DES-LG-CHECKMT,FBA,0,0,0,0,0,0,0,0,0,0,0,0,0,2,9,14,22,41,71,64,41,1,1,0,0,0,0,0,0,0,0,0,0,0,0,0,0,0,0,0,0,0,0,0,0,0,0,0,0,46.66,209.97,303.57,478.69,921.02,1496.18,1421.45,914.36,24.74,17.87,0,0,0,0,0,0,0,0,0,0,0,0,0
TOWLB-DES-LG-FRUTLPS - B2B,TOWLB-DES-LG-FRUTLPS,B2B,0,0,0,0,0,0,0,0,0,0,0,0,3,8,-142,45,235,13,174,121,6,0,6,246,0,720,0,320,0,0,0,0,0,0,0,0,0,0,0,0,0,0,0,0,0,0,0,0,22.22,2654.23,1863.2,985.77,2549.14,1860.38,1879.94,1291.93,69.96,0,74.22,3102.01,0,7723.58,0,3414.05,0,0,0,0,0,0,0,0
TOWLB-DES-LG-FRUTLPS - DTC,TOWLB-DES-LG-FRUTLPS,DTC,0,0,0,0,0,0,0,0,0,0,0,0,0,26,62,92,191,34,63,43,155,96,87,240,0,32,19,0,0,0,0,0,0,0,0,0,0,0,0,0,0,0,0,0,0,0,0,0,0,592.15,1397.68,2053.96,4121.7,755.32,1300.73,897.23,2915.56,2068.86,1845.96,4777.78,0,689.55,441.74,0,0,0,0,0,0,0,0,0
TOWLB-DES-LG-FRUTLPS - FBA,TOWLB-DES-LG-FRUTLPS,FBA,0,0,0,0,0,0,0,0,0,0,0,0,0,0,9,17,29,21,9,43,34,3,56,19,11,3,12,8,0,0,0,0,0,0,0,0,0,0,0,0,0,0,0,0,0,0,0,0,0,0,214.63,382.57,636.05,454.85,212.91,935.62,743.63,76.97,1105.45,517.59,298.23,90.21,321.69,186.69,0,0,0,0,0,0,0,0
TOWLB-DES-LG-GRECSHR - B2B,TOWLB-DES-LG-GRECSHR,B2B,0,0,0,0,0,0,0,1,0,0,0,0,16,52,31,53,18,14,94,112,22,28,18,5,24,20,50,35,31,90,130,0,0,0,0,0,0,0,0,0,0,0,0,0,0,0,0,0,149.64,2346.72,347.18,801.65,212.35,171.44,1080.84,1304.14,296.65,370.77,247.5,68.75,313.5,4106.93,690.38,477.25,426.25,1240.95,1787.5,0,0,0,0,0
TOWLB-DES-LG-GRECSHR - DTC,TOWLB-DES-LG-GRECSHR,DTC,0,0,0,0,0,0,0,0,0,0,0,0,3,172,204,344,34,105,349,413,153,81,183,185,71,55,128,175,315,441,280,0,0,0,0,0,0,0,0,0,0,0,0,0,0,0,0,0,70,4077.1,4814.87,7993.38,780.28,2412.7,7772.42,9436.82,3923.29,2160.86,4407.52,4781.4,1911.11,1484.83,3246.99,4446.64,7634.69,11484.47,7161.97,0,0,0,0,0
TOWLB-DES-LG-GRECSHR - FBA,TOWLB-DES-LG-GRECSHR,FBA,0,0,0,0,0,0,0,0,0,0,0,0,0,1,38,38,120,5,18,50,9,2,34,20,17,23,20,19,15,93,33,0,0,0,0,0,0,0,0,0,0,0,0,0,0,0,0,0,0,23.33,883.32,853.83,2739.79,118,404.6,1114.69,231.37,60.14,810.47,541.72,459.09,632.27,548.43,507.23,387.1,2196.8,891.69,0,0,0,0,0
TOWLB-DES-LG-GROOVCH - B2B,TOWLB-DES-LG-GROOVCH,B2B,0,0,0,0,0,0,0,1,0,0,0,0,14,41,-103,28,10,14,220,38,0,0,0,0,0,0,0,0,0,0,0,0,0,0,0,0,0,0,0,0,0,0,0,0,0,0,0,0,144.54,6533.7,3588.95,2115.45,116.6,166.69,2368.69,357.28,0,0,0,0,0,0,0,0,0,0,0,0,0,0,0,0
TOWLB-DES-LG-GROOVCH - DTC,TOWLB-DES-LG-GROOVCH,DTC,0,0,0,0,0,0,0,0,0,0,0,0,0,87,174,254,57,166,217,565,26,12,21,0,0,0,0,0,0,0,0,0,0,0,0,0,0,0,0,0,0,0,0,0,0,0,0,0,0,1802.99,3494.79,5119.98,1105.35,3300.62,4150.07,10394.56,460.24,203.24,383.09,0,0,0,0,0,0,0,0,0,0,0,0,0
TOWLB-DES-LG-GROOVCH - FBA,TOWLB-DES-LG-GROOVCH,FBA,0,0,0,0,0,0,0,0,0,0,0,0,0,4,12,14,43,30,19,80,8,2,0,0,0,0,0,0,0,0,0,0,0,0,0,0,0,0,0,0,0,0,0,0,0,0,0,0,0,93.32,274.34,314.92,969.26,693.34,442.51,1796.49,182.65,54.98,0,0,0,0,0,0,0,0,0,0,0,0,0,0
TOWLB-DES-LG-HOTTROP - B2B,TOWLB-DES-LG-HOTTROP,B2B,0,0,0,0,0,0,0,0,0,0,0,0,0,0,0,0,0,0,0,0,0,0,0,0,0,532,68,285,93,246,44,0,0,0,0,0,0,0,0,0,0,0,0,0,0,0,0,0,0,0,0,0,0,0,0,0,0,0,0,0,0,6184.05,926.74,3132.54,1186.11,3148.76,558.25,0,0,0,0,0
TOWLB-DES-LG-HOTTROP - DTC,TOWLB-DES-LG-HOTTROP,DTC,0,0,0,0,0,0,0,0,0,0,0,0,0,0,0,0,0,0,0,0,0,0,0,0,0,23,92,89,161,193,124,0,0,0,0,0,0,0,0,0,0,0,0,0,0,0,0,0,0,0,0,0,0,0,0,0,0,0,0,0,0,589.45,2294.35,2203.05,3976.48,4561.08,2995.28,0,0,0,0,0
TOWLB-DES-LG-HOTTROP - FBA,TOWLB-DES-LG-HOTTROP,FBA,0,0,0,0,0,0,0,0,0,0,0,0,0,0,0,0,0,0,0,0,0,0,0,0,0,1,26,42,36,45,27,0,0,0,0,0,0,0,0,0,0,0,0,0,0,0,0,0,0,0,0,0,0,0,0,0,0,0,0,0,0,24.16,625.44,1006.86,970.51,1179.96,736.96,0,0,0,0,0
TOWLB-DES-LG-IBZAGLW - B2B,TOWLB-DES-LG-IBZAGLW,B2B,0,0,0,0,0,0,0,0,0,0,0,0,0,0,0,0,0,0,0,0,0,0,0,0,0,6,20,6,6,13,12,0,0,0,0,0,0,0,0,0,0,0,0,0,0,0,0,0,0,0,0,0,0,0,0,0,0,0,0,0,0,3389.1,266.74,89.7,82.5,198.66,165,0,0,0,0,0
TOWLB-DES-LG-IBZAGLW - DTC,TOWLB-DES-LG-IBZAGLW,DTC,0,0,0,0,0,0,0,0,0,0,0,0,0,0,0,0,0,0,0,0,0,0,0,0,0,6,41,61,79,152,87,0,0,0,0,0,0,0,0,0,0,0,0,0,0,0,0,0,0,0,0,0,0,0,0,0,0,0,0,0,0,150.46,981.84,1495.02,1878.9,3498.8,1996.27,0,0,0,0,0
TOWLB-DES-LG-IBZAGLW - FBA,TOWLB-DES-LG-IBZAGLW,FBA,0,0,0,0,0,0,0,0,0,0,0,0,0,0,0,0,0,0,0,0,0,0,0,0,0,1,8,11,23,27,16,0,0,0,0,0,0,0,0,0,0,0,0,0,0,0,0,0,0,0,0,0,0,0,0,0,0,0,0,0,0,27.49,186.03,272.7,615.1,697.5,422.66,0,0,0,0,0
TOWLB-DES-LG-KARMA - B2B,TOWLB-DES-LG-KARMA,B2B,0,0,0,0,0,0,0,0,0,0,0,0,0,0,0,0,0,0,0,0,0,0,0,0,0,6,6,3,6,0,24,0,0,0,0,0,0,0,0,0,0,0,0,0,0,0,0,0,0,0,0,0,0,0,0,0,0,0,0,0,0,82.5,82.5,41.25,87.5,0,330,0,0,0,0,0
TOWLB-DES-LG-KARMA - DTC,TOWLB-DES-LG-KARMA,DTC,0,0,0,0,0,0,0,0,0,0,0,0,0,0,0,0,0,0,0,0,0,0,0,0,0,6,20,28,23,52,43,0,0,0,0,0,0,0,0,0,0,0,0,0,0,0,0,0,0,0,0,0,0,0,0,0,0,0,0,0,0,160.66,535.11,741.44,529.64,1421.02,1144.87,0,0,0,0,0
TOWLB-DES-LG-KARMA - FBA,TOWLB-DES-LG-KARMA,FBA,0,0,0,0,0,0,0,0,0,0,0,0,0,0,0,0,0,0,0,0,0,0,0,0,0,0,7,17,19,27,13,0,0,0,0,0,0,0,0,0,0,0,0,0,0,0,0,0,0,0,0,0,0,0,0,0,0,0,0,0,0,0,164.28,420.23,479.28,709,336.18,0,0,0,0,0
TOWLB-DES-LG-LEMWAV - B2B,TOWLB-DES-LG-LEMWAV,B2B,0,0,0,0,0,0,0,1,0,0,0,0,19,27,75,84,23,41,111,116,1,0,0,0,0,0,0,0,0,0,6,0,0,0,0,0,0,0,0,0,0,0,0,0,0,0,0,0,186.51,1770.83,864.31,1243.62,730.54,478.06,1236.91,1344.17,12.71,0,0,0,0,0,0,0,0,0,74.22,0,0,0,0,0
TOWLB-DES-LG-LEMWAV - DTC,TOWLB-DES-LG-LEMWAV,DTC,0,0,0,0,0,0,0,0,0,0,0,0,3,110,153,252,97,180,282,119,30,17,238,13,0,0,0,0,0,0,301,0,0,0,0,0,0,0,0,0,0,0,0,0,0,0,0,0,70,2308.53,3301.04,5229.06,1830.59,3620.45,5513.69,2439.8,619.16,335.89,4753.23,319.81,0,0,0,0,0,0,6641.05,0,0,0,0,0
TOWLB-DES-LG-LEMWAV - FBA,TOWLB-DES-LG-LEMWAV,FBA,0,0,0,0,0,0,0,0,0,0,0,0,0,1,23,26,66,57,69,62,35,6,18,17,0,0,0,0,0,0,63,0,0,0,0,0,0,0,0,0,0,0,0,0,0,0,0,0,0,24.99,538.57,584.67,1449.89,1241.41,1493.87,1363.14,791.96,154.66,406.79,366.01,0,0,0,0,0,0,1471.07,0,0,0,0,0
TOWLB-DES-LG-LIFELEM - B2B,TOWLB-DES-LG-LIFELEM,B2B,0,30,31,25,17,5,7,3,0,0,0,0,0,0,0,0,0,0,0,0,0,0,0,0,0,0,0,0,0,0,0,0,0,0,0,0,0,332.2,330.86,260.7,200.58,58.3,82.75,34.98,0,0,0,0,0,0,0,0,0,0,0,0,0,0,0,0,0,0,0,0,0,0,0,0,0,0,0,0
TOWLB-DES-LG-LIFELEM - DTC,TOWLB-DES-LG-LIFELEM,DTC,0,17,84,145,239,140,160,198,7,0,0,0,1,0,0,0,0,0,0,0,0,0,0,0,0,0,0,0,0,0,0,0,0,0,0,0,0,371.12,1907.47,3353.3,5309.9,3263.17,3710.25,3599.68,168.1,0,0,0,22,0,0,0,0,0,0,0,0,0,0,0,0,0,0,0,0,0,0,0,0,0,0,0
TOWLB-DES-LG-LIFELEM - FBA,TOWLB-DES-LG-LIFELEM,FBA,0,1,0,5,21,2,5,1,0,0,0,0,0,0,0,0,0,0,0,0,0,0,0,0,0,0,0,0,0,0,0,0,0,0,0,0,0,22.83,0,115.36,481,54.98,118.94,27.49,0,0,0,0,0,0,0,0,0,0,0,0,0,0,0,0,0,0,0,0,0,0,0,0,0,0,0,0
TOWLB-DES-LG-MARINDRM - B2B,TOWLB-DES-LG-MARINDRM,B2B,2,224,264,15,30,25,17,422,0,0,0,0,0,3,0,0,0,0,0,0,0,0,0,0,0,0,0,0,0,0,0,0,0,0,0,0,22.02,2418.01,2845.8,146.84,330.8,291.5,185.58,4531.4,0,0,0,0,0,38.52,0,0,0,0,0,0,0,0,0,0,0,0,0,0,0,0,0,0,0,0,0,0
TOWLB-DES-LG-MARINDRM - DTC,TOWLB-DES-LG-MARINDRM,DTC,0,25,79,162,176,148,230,895,11,0,0,0,8,0,0,0,0,0,0,0,0,0,0,0,0,0,0,0,0,0,0,0,0,0,0,0,0,567.86,1820.04,3735.33,4029.85,3347.6,4991.83,15768.95,245.13,0,0,0,155.69,0,0,0,0,0,0,0,0,0,0,0,0,0,0,0,0,0,0,0,0,0,0,0
TOWLB-DES-LG-MARINDRM - FBA,TOWLB-DES-LG-MARINDRM,FBA,0,0,7,7,51,40,90,76,80,3,0,0,0,0,0,0,0,0,0,0,0,0,0,0,0,0,0,0,0,0,0,0,0,0,0,0,0,0,144.63,158.63,1153.56,890.33,1942.55,1753.98,1516.04,56.01,0,0,0,0,0,0,0,0,0,0,0,0,0,0,0,0,0,0,0,0,0,0,0,0,0,0
TOWLB-DES-LG-MELLOW - B2B,TOWLB-DES-LG-MELLOW,B2B,0,0,0,0,0,0,0,0,0,0,0,0,0,0,0,0,0,0,0,0,31,22,0,0,19,456,75,282,301,136,144,0,0,0,0,0,0,0,0,0,0,0,0,0,0,0,0,0,0,0,0,0,0,0,0,0,361.46,281.6,792.88,0,224.83,5254.62,1001.55,3214.53,3962.63,1793.56,1843.09,0,0,0,0,0
TOWLB-DES-LG-MELLOW - DTC,TOWLB-DES-LG-MELLOW,DTC,0,0,0,0,0,0,0,0,0,0,0,0,0,0,0,0,0,0,0,0,43,75,134,141,38,19,61,73,133,25,138,0,0,0,0,0,0,0,0,0,0,0,0,0,0,0,0,0,0,0,0,0,0,0,0,0,1067.84,1566.7,3037.95,3248.34,988.62,416.98,1534.39,1802.44,3061.38,561,3043.4,0,0,0,0,0
TOWLB-DES-LG-MELLOW - FBA,TOWLB-DES-LG-MELLOW,FBA,0,0,0,0,0,0,0,0,0,0,0,0,0,0,0,0,0,0,0,0,9,9,28,30,34,20,51,31,43,81,31,0,0,0,0,0,0,0,0,0,0,0,0,0,0,0,0,0,0,0,0,0,0,0,0,0,235.76,236.41,663.88,810.96,826.52,474.59,1194.94,711.32,1138.88,2051.3,834.35,0,0,0,0,0
TOWLB-DES-LG-OCETRES - B2B,TOWLB-DES-LG-OCETRES,B2B,0,0,0,0,0,0,0,0,0,0,0,0,0,0,0,0,0,0,0,0,0,0,0,0,0,583,155,397,171,385,583,0,0,0,0,0,0,0,0,0,0,0,0,0,0,0,0,0,0,0,0,0,0,0,0,0,0,0,0,0,0,9743.73,2039.86,4678.35,2206.06,5307.25,7408.53,0,0,0,0,0
TOWLB-DES-LG-OCETRES - DTC,TOWLB-DES-LG-OCETRES,DTC,0,0,0,0,0,0,0,0,0,0,0,0,0,0,0,0,0,0,0,0,0,0,0,0,0,103,206,131,531,229,290,0,0,0,0,0,0,0,0,0,0,0,0,0,0,0,0,0,0,0,0,0,0,0,0,0,0,0,0,0,0,2822.39,5368.12,3325.65,13092.2,5786.82,7514.68,0,0,0,0,0
TOWLB-DES-LG-OCETRES - FBA,TOWLB-DES-LG-OCETRES,FBA,0,0,0,0,0,0,0,0,0,0,0,0,0,0,0,0,0,0,0,0,0,0,0,0,0,15,36,49,39,9,8,0,0,0,0,0,0,0,0,0,0,0,0,0,0,0,0,0,0,0,0,0,0,0,0,0,0,0,0,0,0,412.35,980.05,1283.62,1059.07,274.72,243.67,0,0,0,0,0
TOWLB-DES-LG-PALMBCH - B2B,TOWLB-DES-LG-PALMBCH,B2B,3,43,40,42,51,12,7,3,0,2,0,0,0,0,0,0,0,0,0,0,0,0,0,0,0,0,0,0,0,0,0,0,0,0,0,0,34.98,485.86,441.12,451.38,611.93,143.5,79.54,34.98,0,24.53,0,0,0,0,0,0,0,0,0,0,0,0,0,0,0,0,0,0,0,0,0,0,0,0,0,0
TOWLB-DES-LG-PALMBCH - DTC,TOWLB-DES-LG-PALMBCH,DTC,0,18,96,120,112,109,174,117,1,0,0,0,0,0,0,0,0,2,0,0,0,0,0,0,0,0,0,0,0,0,0,0,0,0,0,0,0,432.5,2177.53,2676.16,2524.34,2461.43,3912.71,2010.97,26.67,0,0,0,0,0,0,0,0,42.13,0,0,0,0,0,0,0,0,0,0,0,0,0,0,0,0,0,0
TOWLB-DES-LG-PALMBCH - FBA,TOWLB-DES-LG-PALMBCH,FBA,0,1,3,4,24,12,3,4,76,1,0,0,0,0,0,0,0,3,0,0,0,0,0,0,0,0,0,0,0,0,0,0,0,0,0,0,0,22.84,70.28,83.97,550.59,283.59,70.32,93.32,1475.2,14.93,0,0,0,0,0,0,0,57.63,0,0,0,0,0,0,0,0,0,0,0,0,0,0,0,0,0,0
TOWLB-DES-LG-PNKPARA - B2B,TOWLB-DES-LG-PNKPARA,B2B,0,0,0,0,0,0,0,0,0,0,0,0,0,0,0,0,0,0,0,0,0,0,0,0,0,25,137,52,52,118,57,0,0,0,0,0,0,0,0,0,0,0,0,0,0,0,0,0,0,0,0,0,0,0,0,0,0,0,0,0,0,3625.92,1818.68,705.54,708.4,1639.57,783.75,0,0,0,0,0
TOWLB-DES-LG-PNKPARA - DTC,TOWLB-DES-LG-PNKPARA,DTC,0,0,0,0,0,0,0,0,0,0,0,0,0,0,0,0,0,0,0,0,0,0,0,0,0,48,109,85,231,302,143,0,0,0,0,0,0,0,0,0,0,0,0,0,0,0,0,0,0,0,0,0,0,0,0,0,0,0,0,0,0,1295.37,2783.9,2092.51,5850.22,7547.19,3502.46,0,0,0,0,0
TOWLB-DES-LG-PNKPARA - FBA,TOWLB-DES-LG-PNKPARA,FBA,0,0,0,0,0,0,0,0,0,0,0,0,0,0,0,0,0,0,0,0,0,0,0,0,1,21,28,42,67,51,3,0,0,0,0,0,0,0,0,0,0,0,0,0,0,0,0,0,0,0,0,0,0,0,0,0,0,0,0,0,27.49,510.69,684.61,1000.05,1811.73,1386.56,87.85,0,0,0,0,0
TOWLB-DES-LG-PSTPIER - B2B,TOWLB-DES-LG-PSTPIER,B2B,0,0,0,0,0,0,0,0,0,0,0,0,0,0,0,0,0,0,0,0,66,53,12,6,12,32,102,51,210,56,58,0,0,0,0,0,0,0,0,0,0,0,0,0,0,0,0,0,0,0,0,0,0,0,0,0,774.5,680.68,957.88,82.5,155.46,392.52,1337.74,693.07,2756.43,770,804.17,0,0,0,0,0
TOWLB-DES-LG-PSTPIER - DTC,TOWLB-DES-LG-PSTPIER,DTC,0,0,0,0,0,0,0,0,0,0,0,0,0,0,0,0,0,0,0,0,50,112,246,163,57,73,59,46,164,150,169,0,0,0,0,0,0,0,0,0,0,0,0,0,0,0,0,0,0,0,0,0,0,0,0,0,1251.41,2508.42,5521.2,3743.08,1420.49,1824.1,1449.23,1054.81,3933.28,4020.35,3929.08,0,0,0,0,0
TOWLB-DES-LG-PSTPIER - FBA,TOWLB-DES-LG-PSTPIER,FBA,0,0,0,0,0,0,0,0,0,0,0,0,0,0,0,0,0,0,0,0,14,18,56,38,59,46,57,21,52,95,38,0,0,0,0,0,0,0,0,0,0,0,0,0,0,0,0,0,0,0,0,0,0,0,0,0,359.84,490.18,1340.11,1013.19,1401.12,1084.83,1340.74,478.63,1372.03,2351.44,1026.18,0,0,0,0,0
TOWLB-DES-LG-RSPROAD - B2B,TOWLB-DES-LG-RSPROAD,B2B,0,0,0,0,0,0,0,0,0,0,0,0,0,0,0,0,0,0,0,0,72,54,22,6,6,18,24,24,200,106,137,0,0,0,0,0,0,0,0,0,0,0,0,0,0,0,0,0,0,0,0,0,0,0,0,0,825.6,692.34,818.84,82.5,82.5,223.65,305.25,330,2622.23,1457.5,1887.08,0,0,0,0,0
TOWLB-DES-LG-RSPROAD - DTC,TOWLB-DES-LG-RSPROAD,DTC,0,0,0,0,0,0,0,0,0,0,0,0,0,0,0,0,0,0,0,0,53,111,215,173,67,93,41,93,164,87,167,0,0,0,0,0,0,0,0,0,0,0,0,0,0,0,0,0,0,0,0,0,0,0,0,0,1353.02,2514.7,4891.25,4089.59,1741.76,2362.14,998.02,2385.2,3897.18,1863.08,3866.08,0,0,0,0,0
TOWLB-DES-LG-RSPROAD - FBA,TOWLB-DES-LG-RSPROAD,FBA,0,0,0,0,0,0,0,0,0,0,0,0,0,0,0,0,0,0,0,0,22,39,64,60,84,44,43,31,40,148,11,0,0,0,0,0,0,0,0,0,0,0,0,0,0,0,0,0,0,0,0,0,0,0,0,0,565.63,1003.36,1492.61,1615.5,2069.65,1073.29,995.15,725.08,1056.93,3665.08,310.58,0,0,0,0,0
TOWLB-DES-LG-SEAFOAM - B2B,TOWLB-DES-LG-SEAFOAM,B2B,2,9,34,33,35,13,15,20,0,0,5,0,0,0,0,0,0,0,0,0,0,0,0,0,0,0,0,0,0,0,0,0,0,0,0,0,22.02,103.19,357.22,350.72,408.9,151.58,176.03,221.49,0,0,57.13,0,0,0,0,0,0,0,0,0,0,0,0,0,0,0,0,0,0,0,0,0,0,0,0,0
TOWLB-DES-LG-SEAFOAM - DTC,TOWLB-DES-LG-SEAFOAM,DTC,0,7,52,61,84,94,156,540,15,6,109,6,5,17,24,0,0,0,0,0,0,0,0,0,0,0,0,0,0,0,0,0,0,0,0,0,0,171.43,1215.42,1420.08,1952.74,2163.28,3511.1,9710.82,316.3,126.46,2313,112.95,62.02,311.12,467.36,0,0,0,0,0,0,0,0,0,0,0,0,0,0,0,0,0,0,0,0,0
TOWLB-DES-LG-SEAFOAM - FBA,TOWLB-DES-LG-SEAFOAM,FBA,0,0,3,3,10,27,37,26,41,2,15,0,0,1,0,0,0,0,0,0,0,0,0,0,0,0,0,0,0,0,0,0,0,0,0,0,0,0,74.96,68.98,223.98,590.06,800.18,545.9,775.31,37.34,335.33,0,0,18.67,0,0,0,0,0,0,0,0,0,0,0,0,0,0,0,0,0,0,0,0,0,0
TOWLB-DES-LG-SERENE - B2B,TOWLB-DES-LG-SERENE,B2B,0,0,0,0,0,0,0,0,0,0,0,0,0,0,5,0,0,0,400,0,163,0,0,0,0,0,0,0,0,0,0,0,0,0,0,0,0,0,0,0,0,0,0,0,0,0,0,0,0,2133.78,1707.02,2827.26,0,0,4283.89,0,1739.03,0,0,0,0,0,0,0,0,0,0,0,0,0,0,0
TOWLB-DES-LG-SUNSPL - B2B,TOWLB-DES-LG-SUNSPL,B2B,0,0,0,0,0,0,0,0,0,0,0,0,0,0,0,0,6,10,50,18,0,0,0,0,0,0,0,0,0,0,0,0,0,0,0,0,0,0,0,0,0,0,0,0,0,0,0,0,0,0,0,0,73.08,122.38,594.42,209.88,0,0,0,0,0,0,0,0,0,0,0,0,0,0,0,0
TOWLB-DES-LG-SUNSPL - DTC,TOWLB-DES-LG-SUNSPL,DTC,0,0,0,0,0,0,0,0,0,0,0,0,0,0,0,0,27,77,176,261,12,1,0,0,0,0,0,0,0,0,0,0,0,0,0,0,0,0,0,0,0,0,0,0,0,0,0,0,0,0,0,0,580.22,1597.89,3749.88,4774.1,201.36,25.33,0,0,0,0,0,0,0,0,0,0,0,0,0,0
TOWLB-DES-LG-SUNSPL - FBA,TOWLB-DES-LG-SUNSPL,FBA,0,0,0,0,0,0,0,0,0,0,0,0,0,0,0,0,0,3,3,5,0,0,0,0,0,0,0,0,0,0,0,0,0,0,0,0,0,0,0,0,0,0,0,0,0,0,0,0,0,0,0,0,0,76.86,75.49,108.72,0,0,0,0,0,0,0,0,0,0,0,0,0,0,0,0
TOWLB-DES-LG-SWTESC - B2B,TOWLB-DES-LG-SWTESC,B2B,0,0,0,0,0,0,0,0,0,0,0,0,0,0,0,0,0,0,0,0,0,0,0,0,0,13,55,39,0,16,23,0,0,0,0,0,0,0,0,0,0,0,0,0,0,0,0,0,0,0,0,0,0,0,0,0,0,0,0,0,0,165,732.07,502.69,0,220,316.25,0,0,0,0,0
TOWLB-DES-LG-SWTESC - DTC,TOWLB-DES-LG-SWTESC,DTC,0,0,0,0,0,0,0,0,0,0,0,0,0,0,0,0,0,0,0,0,0,0,0,0,0,6,49,65,106,169,120,0,0,0,0,0,0,0,0,0,0,0,0,0,0,0,0,0,0,0,0,0,0,0,0,0,0,0,0,0,0,135.33,1215.27,1556.95,2583.64,3897.11,2738.29,0,0,0,0,0
TOWLB-DES-LG-SWTESC - FBA,TOWLB-DES-LG-SWTESC,FBA,0,0,0,0,0,0,0,0,0,0,0,0,0,0,0,0,0,0,0,0,0,0,0,0,0,1,4,7,8,11,15,0,0,0,0,0,0,0,0,0,0,0,0,0,0,0,0,0,0,0,0,0,0,0,0,0,0,0,0,0,0,24.16,94.22,165.19,206.17,283.97,381.44,0,0,0,0,0
TOWLB-DES-LG-TANTIDE - B2B,TOWLB-DES-LG-TANTIDE,B2B,0,0,0,0,0,0,0,0,0,0,0,0,0,0,0,0,0,0,0,0,0,0,0,0,0,19,55,25,18,18,36,0,0,0,0,0,0,0,0,0,0,0,0,0,0,0,0,0,0,0,0,0,0,0,0,0,0,0,0,0,0,2722.5,710.91,326.12,247.5,247.5,495,0,0,0,0,0
TOWLB-DES-LG-TANTIDE - DTC,TOWLB-DES-LG-TANTIDE,DTC,0,0,0,0,0,0,0,0,0,0,0,0,0,0,0,0,0,0,0,0,0,0,0,0,0,16,109,122,245,281,197,0,0,0,0,0,0,0,0,0,0,0,0,0,0,0,0,0,0,0,0,0,0,0,0,0,0,0,0,0,0,429.51,2469.01,2912.95,5814.38,6668.61,4601.42,0,0,0,0,0
TOWLB-DES-LG-TANTIDE - FBA,TOWLB-DES-LG-TANTIDE,FBA,0,0,0,0,0,0,0,0,0,0,0,0,0,0,0,0,0,0,0,0,0,0,0,0,0,4,11,14,16,32,16,0,0,0,0,0,0,0,0,0,0,0,0,0,0,0,0,0,0,0,0,0,0,0,0,0,0,0,0,0,0,106.63,264.55,336.73,421.47,840.17,424.74,0,0,0,0,0
TOWLB-DES-LG-TERATROP - B2B,TOWLB-DES-LG-TERATROP,B2B,10,31,30,9,41,9,28,18,0,2,0,0,0,0,0,0,0,0,0,0,0,0,0,0,0,0,0,0,0,0,0,0,0,0,0,0,117.83,343.28,351.68,75.56,457.16,108.52,312.44,202.14,0,24.53,0,0,0,0,0,0,0,0,0,0,0,0,0,0,0,0,0,0,0,0,0,0,0,0,0,0
TOWLB-DES-LG-TERATROP - DTC,TOWLB-DES-LG-TERATROP,DTC,0,15,98,169,162,69,341,264,1,31,5,0,9,0,0,1,0,0,0,0,0,0,0,0,0,0,0,0,0,0,0,0,0,0,0,0,0,343.34,2216.78,3907.71,3694.98,1563.27,7630.37,5339.75,21.5,681.9,107.33,0,177.31,0,0,15.87,0,0,0,0,0,0,0,0,0,0,0,0,0,0,0,0,0,0,0,0
TOWLB-DES-LG-TERATROP - FBA,TOWLB-DES-LG-TERATROP,FBA,0,2,2,22,11,4,42,26,70,2,2,0,0,0,0,0,0,0,0,0,0,0,0,0,0,0,0,0,0,0,0,0,0,0,0,0,0,41.48,46.66,484.78,235.08,105.3,943.48,627.87,1346.76,45.66,37.34,0,0,0,0,0,0,0,0,0,0,0,0,0,0,0,0,0,0,0,0,0,0,0,0,0
TOWLB-DES-LG-TROPTRT - B2B,TOWLB-DES-LG-TROPTRT,B2B,0,0,0,0,0,0,0,1,0,0,0,0,6,13,26,54,119,15,37,36,25,10,6,6,24,0,12,0,0,0,0,0,0,0,0,0,0,0,0,0,0,0,0,0,0,0,0,0,43.49,151.67,272.64,1226.84,1349.2,177.15,426.42,414.76,320.76,118.36,69.96,82.5,312.68,0,152.46,0,0,0,0,0,0,0,0,0
TOWLB-DES-LG-TROPTRT - DTC,TOWLB-DES-LG-TROPTRT,DTC,0,0,0,0,0,0,0,0,0,0,0,0,2,114,205,242,287,65,189,466,293,57,200,188,402,158,52,0,1,1,0,0,0,0,0,0,0,0,0,0,0,0,0,0,0,0,0,0,46.67,2477.26,4251.56,4873.1,6018.52,1441.76,3689.27,8502.55,5436.95,1432.94,4245.22,3666.87,7374.67,3453.55,1184.91,0,19.8,19.8,0,0,0,0,0,0
TOWLB-DES-LG-TROPTRT - FBA,TOWLB-DES-LG-TROPTRT,FBA,0,0,0,0,0,0,0,0,0,0,0,0,0,3,8,6,10,28,13,18,6,4,14,41,5,3,1,20,5,0,0,0,0,0,0,0,0,0,0,0,0,0,0,0,0,0,0,0,0,74.15,186.64,125.98,223.94,617.83,292.92,393.26,144.96,93.63,302.7,781.95,129.2,82.47,27.49,428.99,107.79,0,0,0,0,0,0,0
TOWLB-DES-LG-VITSEA - B2B,TOWLB-DES-LG-VITSEA,B2B,0,0,0,0,0,0,0,0,0,0,0,0,2,34,28,16,51,35,5,6,0,0,0,0,0,0,6,0,0,0,0,0,0,0,0,0,0,0,0,0,0,0,0,0,0,0,0,0,-1.11,1850.62,300.12,1322.45,593.07,418.32,59.38,44.22,0,0,0,0,0,0,74.22,0,0,0,0,0,0,0,0,0
TOWLB-DES-LG-VITSEA - DTC,TOWLB-DES-LG-VITSEA,DTC,0,0,0,0,0,0,0,0,0,0,0,0,0,33,101,149,132,123,28,1,9,12,52,80,165,40,43,0,0,0,0,0,0,0,0,0,0,0,0,0,0,0,0,0,0,0,0,0,0,719.93,2139.95,3145.6,2890.14,2574.71,565.01,16.33,208.45,240.44,983.56,1388.87,2490.79,826.99,954.36,0,0,0,0,0,0,0,0,0
TOWLB-DES-LG-VITSEA - FBA,TOWLB-DES-LG-VITSEA,FBA,0,0,0,0,0,0,0,0,0,0,0,0,0,1,4,3,12,18,30,11,18,0,19,11,12,13,15,7,0,0,0,0,0,0,0,0,0,0,0,0,0,0,0,0,0,0,0,0,0,23.33,93.32,69.99,265.59,396.54,649.45,227.44,413.8,0,347.67,287.55,321.63,357.37,408.23,186.7,0,0,0,0,0,0,0,0
TOWLB-DES-LG-WTRSUG - B2B,TOWLB-DES-LG-WTRSUG,B2B,0,0,0,0,0,0,0,0,0,0,0,0,0,0,0,0,0,0,0,0,0,0,0,0,0,12,26,12,6,6,6,0,0,0,0,0,0,0,0,0,0,0,0,0,0,0,0,0,0,0,0,0,0,0,0,0,0,0,0,0,0,165,353.32,171.65,82.5,82.5,82.5,0,0,0,0,0
TOWLB-DES-LG-WTRSUG - DTC,TOWLB-DES-LG-WTRSUG,DTC,0,0,0,0,0,0,0,0,0,0,0,0,0,0,0,0,0,0,0,0,0,0,0,0,0,25,52,75,110,128,116,0,0,0,0,0,0,0,0,0,0,0,0,0,0,0,0,0,0,0,0,0,0,0,0,0,0,0,0,0,0,690.5,1324.66,1889.66,2632.74,3070.82,2768.53,0,0,0,0,0
TOWLB-DES-LG-WTRSUG - FBA,TOWLB-DES-LG-WTRSUG,FBA,0,0,0,0,0,0,0,0,0,0,0,0,0,0,0,0,0,0,0,0,0,0,0,0,0,7,12,10,25,55,22,0,0,0,0,0,0,0,0,0,0,0,0,0,0,0,0,0,0,0,0,0,0,0,0,0,0,0,0,0,0,192.43,318.03,255.65,677.81,1339.26,590.22,0,0,0,0,0
TOWLB-DES-LG-WYWH - B2B,TOWLB-DES-LG-WYWH,B2B,0,0,0,0,0,0,0,0,0,0,0,0,0,0,0,0,0,0,0,0,0,0,0,0,0,440,84,233,144,234,79,0,0,0,0,0,0,0,0,0,0,0,0,0,0,0,0,0,0,0,0,0,0,0,0,0,0,0,0,0,0,5090.79,1146.8,2587.53,1839.76,2970.56,1039.5,0,0,0,0,0
TOWLB-DES-LG-WYWH - DTC,TOWLB-DES-LG-WYWH,DTC,0,0,0,0,0,0,0,0,0,0,0,0,0,0,0,0,0,0,0,0,0,0,0,0,0,5,46,65,106,177,140,0,0,0,0,0,0,0,0,0,0,0,0,0,0,0,0,0,0,0,0,0,0,0,0,0,0,0,0,0,0,138.08,1028.97,1566.31,2490.67,3985.62,3223.98,0,0,0,0,0
TOWLB-DES-LG-WYWH - FBA,TOWLB-DES-LG-WYWH,FBA,0,0,0,0,0,0,0,0,0,0,0,0,0,0,0,0,0,0,0,0,0,0,0,0,0,0,3,8,14,17,5,0,0,0,0,0,0,0,0,0,0,0,0,0,0,0,0,0,0,0,0,0,0,0,0,0,0,0,0,0,0,0,82.47,203.42,364.25,453.25,130.35,0,0,0,0,0
TOWLB-DES-XL-4SET-CHCKSEA - DTC,TOWLB-DES-XL-4SET-CHCKSEA,DTC,0,0,0,0,0,0,0,0,0,0,0,0,0,3,13,13,2,7,9,0,0,0,0,0,0,0,0,0,0,0,0,0,0,0,0,0,0,0,0,0,0,0,0,0,0,0,0,0,0,-8.53,68.27,336.02,0,0,-55.45,0,0,0,0,0,0,0,0,0,0,0,0,0,0,0,0,0
TOWLB-DES-XL-4SET-CLBHSE - DTC,TOWLB-DES-XL-4SET-CLBHSE,DTC,0,0,0,0,0,0,0,0,0,0,0,0,0,0,0,0,0,0,0,0,7,30,43,16,4,1,17,41,97,30,162,0,0,0,0,0,0,0,0,0,0,0,0,0,0,0,0,0,0,0,0,0,0,0,0,0,-27,301.5,796.5,186.67,0,0,0,189,-81.35,0,406.27,0,0,0,0,0
TOWLB-DES-XL-4SET-ENDSUMR - DTC,TOWLB-DES-XL-4SET-ENDSUMR,DTC,0,0,0,0,0,0,0,0,0,0,0,0,0,0,0,0,0,0,0,0,0,0,0,0,0,0,55,78,169,366,117,0,0,0,0,0,0,0,0,0,0,0,0,0,0,0,0,0,0,0,0,0,0,0,0,0,0,0,0,0,0,0,180,54,612.64,242.32,-9.47,0,0,0,0,0
TOWLB-DES-XL-4SET-ENDSUMR - FBA,TOWLB-DES-XL-4SET-ENDSUMR,FBA,0,0,0,0,0,0,0,0,0,0,0,0,0,0,0,0,0,0,0,0,0,0,0,0,0,0,0,0,0,6,0,0,0,0,0,0,0,0,0,0,0,0,0,0,0,0,0,0,0,0,0,0,0,0,0,0,0,0,0,0,0,0,0,0,0,290.62,0,0,0,0,0,0
TOWLB-DES-XL-4SET-HAVANA - DTC,TOWLB-DES-XL-4SET-HAVANA,DTC,0,0,0,0,0,0,0,0,0,0,0,0,0,0,31,57,26,18,62,50,2,4,10,5,4,0,0,0,0,0,0,0,0,0,0,0,0,0,0,0,0,0,0,0,0,0,0,0,0,0,140.54,513.52,-86.05,0,460.42,300,68,-13.5,162,0,0,0,0,0,0,0,0,0,0,0,0,0
TOWLB-DES-XL-4SET-MEDMOMT - DTC,TOWLB-DES-XL-4SET-MEDMOMT,DTC,0,0,0,0,0,0,0,0,0,0,0,0,0,0,0,0,0,0,0,0,0,0,0,0,0,0,23,32,34,21,32,0,0,0,0,0,0,0,0,0,0,0,0,0,0,0,0,0,0,0,0,0,0,0,0,0,0,0,0,0,0,0,0,81,171,108,-36,0,0,0,0,0
TOWLB-DES-XL-4SET-MEDMOMT - FBA,TOWLB-DES-XL-4SET-MEDMOMT,FBA,0,0,0,0,0,0,0,0,0,0,0,0,0,0,0,0,0,0,0,0,0,0,0,0,0,0,0,1,0,0,0,0,0,0,0,0,0,0,0,0,0,0,0,0,0,0,0,0,0,0,0,0,0,0,0,0,0,0,0,0,0,0,0,0,0,0,0,0,0,0,0,0
TOWLB-DES-XL-4SET-POSPARA - DTC,TOWLB-DES-XL-4SET-POSPARA,DTC,0,0,0,0,0,0,0,0,0,0,0,0,0,0,0,0,0,0,0,0,0,0,0,0,0,0,14,37,86,82,0,0,0,0,0,0,0,0,0,0,0,0,0,0,0,0,0,0,0,0,0,0,0,0,0,0,0,0,0,0,0,0,0,180,-54,236.26,0,0,0,0,0,0
TOWLB-DES-XL-4SET-SUNBLVD - DTC,TOWLB-DES-XL-4SET-SUNBLVD,DTC,0,0,0,0,0,0,0,0,0,0,0,0,0,28,11,0,0,0,0,0,0,0,0,0,0,0,0,0,0,0,0,0,0,0,0,0,0,0,0,0,0,0,0,0,0,0,0,0,0,-59.92,162.13,0,0,0,0,0,0,0,0,0,0,0,0,0,0,0,0,0,0,0,0,0
TOWLB-DES-XL-4SET-SUNTROP - DTC,TOWLB-DES-XL-4SET-SUNTROP,DTC,0,0,0,0,0,0,0,0,0,0,0,0,0,0,0,0,0,0,0,0,0,0,0,0,0,0,11,11,11,10,34,0,0,0,0,0,0,0,0,0,0,0,0,0,0,0,0,0,0,0,0,0,0,0,0,0,0,0,0,0,0,0,0,0,-18,93.08,126,0,0,0,0,0
TOWLB-DES-XL-4SET-SUNTROP - FBA,TOWLB-DES-XL-4SET-SUNTROP,FBA,0,0,0,0,0,0,0,0,0,0,0,0,0,0,0,0,0,0,0,0,0,0,0,0,0,0,0,0,0,1,0,0,0,0,0,0,0,0,0,0,0,0,0,0,0,0,0,0,0,0,0,0,0,0,0,0,0,0,0,0,0,0,0,0,0,89.99,0,0,0,0,0,0
TOWLB-DES-XL-4SET-TANGGRN - DTC,TOWLB-DES-XL-4SET-TANGGRN,DTC,0,0,0,0,0,0,0,0,0,0,0,0,0,9,6,0,0,0,0,0,0,0,0,0,0,0,0,0,0,0,0,0,0,0,0,0,0,0,0,0,0,0,0,0,0,0,0,0,0,-8.53,-8.53,0,0,0,0,0,0,0,0,0,0,0,0,0,0,0,0,0,0,0,0,0
TOWLB-DES-XL-6SET-PALPARA - DTC,TOWLB-DES-XL-6SET-PALPARA,DTC,0,0,0,0,0,0,0,0,0,0,0,0,0,0,0,0,0,0,0,0,0,0,0,0,0,0,5,6,9,19,4,0,0,0,0,0,0,0,0,0,0,0,0,0,0,0,0,0,0,0,0,0,0,0,0,0,0,0,0,0,0,0,0,0,96.47,229.12,0,0,0,0,0,0
TOWLB-DES-XL-6SET-SUMSUGA - DTC,TOWLB-DES-XL-6SET-SUMSUGA,DTC,0,0,0,0,0,0,0,0,0,0,0,0,0,12,3,0,0,0,0,0,0,0,0,0,0,0,0,0,0,0,0,0,0,0,0,0,0,0,0,0,0,0,0,0,0,0,0,0,0,-22.4,-11.2,0,0,0,0,0,0,0,0,0,0,0,0,0,0,0,0,0,0,0,0,0
TOWLB-DES-XL-6SET-TROPICAN - DTC,TOWLB-DES-XL-6SET-TROPICAN,DTC,0,0,0,0,0,0,0,0,0,0,0,0,0,0,7,27,0,2,13,45,1,0,0,5,0,0,0,0,0,0,0,0,0,0,0,0,0,0,0,0,0,0,0,0,0,0,0,0,0,0,-22.4,223.98,0,0,-69.68,-178.26,0,0,0,0,0,0,0,0,0,0,0,0,0,0,0,0
TOWLB-DES-XL-6SET-WILDVIBE - DTC,TOWLB-DES-XL-6SET-WILDVIBE,DTC,0,0,0,0,0,0,0,0,0,0,0,0,0,0,5,8,0,1,21,13,0,0,0,0,0,0,0,0,0,0,0,0,0,0,0,0,0,0,0,0,0,0,0,0,0,0,0,0,0,0,0,111.99,0,0,-129.09,42.87,0,0,0,0,0,0,0,0,0,0,0,0,0,0,0,0
TOWLB-DES-XL-ALOHGLW - B2B,TOWLB-DES-XL-ALOHGLW,B2B,0,0,0,0,0,0,0,0,0,0,0,0,0,0,0,0,0,26,21,0,0,6,0,0,0,0,0,0,0,0,0,0,0,0,0,0,0,0,0,0,0,0,0,0,0,0,0,0,0,0,0,0,0,354.31,283.26,0,0,81,0,0,0,0,0,0,0,0,0,0,0,0,0,0
TOWLB-DES-XL-ALOHGLW - DTC,TOWLB-DES-XL-ALOHGLW,DTC,0,0,0,0,0,0,0,0,0,0,0,0,0,0,0,0,153,228,276,79,42,99,0,0,0,0,0,0,0,0,0,0,0,0,0,0,0,0,0,0,0,0,0,0,0,0,0,0,0,0,0,0,3623.23,5497.12,6756.53,1997.46,969.24,2276.13,0,0,0,0,0,0,0,0,0,0,0,0,0,0
TOWLB-DES-XL-ALOHGLW - FBA,TOWLB-DES-XL-ALOHGLW,FBA,0,0,0,0,0,0,0,0,0,0,0,0,0,0,7,19,21,32,106,28,2,2,0,0,0,0,0,0,0,0,0,0,0,0,0,0,0,0,0,0,0,0,0,0,0,0,0,0,0,0,199.94,486.68,519.84,812.17,2480.04,709.29,63.32,66.66,0,0,0,0,0,0,0,0,0,0,0,0,0,0
TOWLB-DES-XL-BLUE-4SET - DTC,TOWLB-DES-XL-BLUE-4SET,DTC,0,0,0,0,0,0,0,18,9,0,0,0,0,0,0,0,0,0,0,0,0,0,0,0,0,0,0,0,0,0,0,0,0,0,0,0,0,0,0,0,0,0,0,62.26,-15.62,0,0,0,0,0,0,0,0,0,0,0,0,0,0,0,0,0,0,0,0,0,0,0,0,0,0,0
TOWLB-DES-XL-BLUE-6SET - DTC,TOWLB-DES-XL-BLUE-6SET,DTC,0,0,0,0,0,0,0,6,2,0,0,0,0,0,0,0,0,0,0,0,0,0,0,0,0,0,0,0,0,0,0,0,0,0,0,0,0,0,0,0,0,0,0,-10.75,0,0,0,0,0,0,0,0,0,0,0,0,0,0,0,0,0,0,0,0,0,0,0,0,0,0,0,0
TOWLB-DES-XL-BLUSKY - B2B,TOWLB-DES-XL-BLUSKY,B2B,0,0,0,0,0,0,0,0,0,0,0,0,0,0,0,0,0,0,0,0,48,0,12,6,0,39,0,12,236,18,24,0,0,0,0,0,0,0,0,0,0,0,0,0,0,0,0,0,0,0,0,0,0,0,0,0,639.84,0,2379.45,90,0,530.47,0,171,3472.29,265.5,360,0,0,0,0,0
TOWLB-DES-XL-BLUSKY - DTC,TOWLB-DES-XL-BLUSKY,DTC,0,0,0,0,0,0,0,0,0,0,0,0,0,0,0,0,0,0,0,0,82,120,298,156,66,66,55,139,236,192,341,0,0,0,0,0,0,0,0,0,0,0,0,0,0,0,0,0,0,0,0,0,0,0,0,0,2190.39,3002.02,7264.12,4041.34,1642.05,1804.06,1439.02,3561.64,5993.21,5279.71,8683.36,0,0,0,0,0
TOWLB-DES-XL-BLUSKY - FBA,TOWLB-DES-XL-BLUSKY,FBA,0,0,0,0,0,0,0,0,0,0,0,0,0,0,0,0,0,0,0,0,20,41,51,46,36,70,17,46,25,0,3,0,0,0,0,0,0,0,0,0,0,0,0,0,0,0,0,0,0,0,0,0,0,0,0,0,577.22,1127.61,1289.94,1331.56,928.04,1862.14,471.37,1194.59,705.44,0,93.65,0,0,0,0,0
TOWLB-DES-XL-BLUSPRIT - B2B,TOWLB-DES-XL-BLUSPRIT,B2B,0,0,0,0,0,0,0,0,0,0,0,0,6,3,25,25,4,21,70,135,6,0,0,6,6,0,0,0,0,0,0,0,0,0,0,0,0,0,0,0,0,0,0,0,0,0,0,0,63.77,2705.99,331.84,863.35,706.49,279.93,907.15,1803.23,79.98,0,0,90,78.57,0,0,0,0,0,0,0,0,0,0,0
TOWLB-DES-XL-BLUSPRIT - DTC,TOWLB-DES-XL-BLUSPRIT,DTC,0,0,0,0,0,0,0,0,0,0,0,0,0,40,66,98,77,246,270,414,231,6,0,393,411,0,2,47,0,0,0,0,0,0,0,0,0,0,0,0,0,0,0,0,0,0,0,0,0,822.36,1382.19,2000.88,1736.91,5523.55,5877.2,9006.13,5069.81,126.47,0,7860,7526.82,0,47.73,1094.06,0,0,0,0,0,0,0,0
TOWLB-DES-XL-BLUSPRIT - FBA,TOWLB-DES-XL-BLUSPRIT,FBA,0,0,0,0,0,0,0,0,0,0,0,0,0,1,19,15,45,54,28,44,31,13,6,7,3,13,19,16,0,0,0,0,0,0,0,0,0,0,0,0,0,0,0,0,0,0,0,0,0,29.99,478.56,362.56,1103.6,1360.8,701.54,1124.89,793.8,365.31,168.21,198.28,79.69,370.5,535.79,395.74,0,0,0,0,0,0,0,0
TOWLB-DES-XL-CHECKMT - B2B,TOWLB-DES-XL-CHECKMT,B2B,0,0,0,0,0,0,0,0,0,0,0,0,8,14,25,9,2,6,16,0,0,0,0,0,0,0,0,0,0,0,0,0,0,0,0,0,0,0,0,0,0,0,0,0,0,0,0,0,117.1,5505.05,260.26,643.89,21.68,79.98,211.16,0,0,0,0,0,0,0,0,0,0,0,0,0,0,0,0,0
TOWLB-DES-XL-CHECKMT - DTC,TOWLB-DES-XL-CHECKMT,DTC,0,0,0,0,0,0,0,0,0,0,0,0,0,53,85,48,28,141,334,341,25,3,6,0,0,0,0,0,0,0,0,0,0,0,0,0,0,0,0,0,0,0,0,0,0,0,0,0,0,1176.83,1927.2,1010.27,603.56,3052.3,7243.77,6705.77,468.3,36.14,120.93,0,0,0,0,0,0,0,0,0,0,0,0,0
TOWLB-DES-XL-CHECKMT - FBA,TOWLB-DES-XL-CHECKMT,FBA,0,0,0,0,0,0,0,0,0,0,0,0,0,2,5,12,19,32,88,37,23,0,0,0,0,0,0,0,0,0,0,0,0,0,0,0,0,0,0,0,0,0,0,0,0,0,0,0,0,55.4,127.97,293.26,458.54,818.41,2014.14,899.7,538.66,0,0,0,0,0,0,0,0,0,0,0,0,0,0,0
TOWLB-DES-XL-FRUTLPS - B2B,TOWLB-DES-XL-FRUTLPS,B2B,0,0,0,0,0,0,0,0,0,0,0,0,7,19,18,47,50,27,0,20,12,0,0,0,0,0,0,0,0,0,0,0,0,0,0,0,0,0,0,0,0,0,0,0,0,0,0,0,74.89,238.62,236.61,1134.84,269.73,359.91,0,239.94,160.98,0,0,0,0,0,0,0,0,0,0,0,0,0,0,0
TOWLB-DES-XL-FRUTLPS - DTC,TOWLB-DES-XL-FRUTLPS,DTC,0,0,0,0,0,0,0,0,0,0,0,0,0,51,50,85,193,63,14,28,314,111,235,138,0,0,0,0,0,0,0,0,0,0,0,0,0,0,0,0,0,0,0,0,0,0,0,0,0,1311.85,1241.38,2075.75,4584.41,1480.85,337.8,540.85,6602.38,2556.75,4757.31,2866.34,0,0,0,0,0,0,0,0,0,0,0,0
TOWLB-DES-XL-FRUTLPS - FBA,TOWLB-DES-XL-FRUTLPS,FBA,0,0,0,0,0,0,0,0,0,0,0,0,0,2,12,15,32,59,16,0,51,6,2,47,4,3,1,1,0,0,0,0,0,0,0,0,0,0,0,0,0,0,0,0,0,0,0,0,0,55.07,306.6,365.57,815.76,1499.26,391.66,0,1238.64,180.58,58.57,951.43,119.96,89.97,29.99,18.52,0,0,0,0,0,0,0,0
TOWLB-DES-XL-GRECSHR - B2B,TOWLB-DES-XL-GRECSHR,B2B,0,0,0,0,0,0,0,0,0,0,0,0,12,19,27,87,2,61,62,104,32,0,3,6,9,44,37,38,59,164,126,0,0,0,0,0,0,0,0,0,0,0,0,0,0,0,0,0,135.06,2922.78,357.34,1399.89,26.66,816.45,808.46,1386.32,475.62,0,39.99,90,128.73,5977.97,537,558.99,815.25,2430.54,1865.92,0,0,0,0,0
TOWLB-DES-XL-GRECSHR - DTC,TOWLB-DES-XL-GRECSHR,DTC,0,0,0,0,0,0,0,0,0,0,0,0,0,128,163,148,0,112,299,353,164,69,166,97,69,86,133,234,440,561,378,0,0,0,0,0,0,0,0,0,0,0,0,0,0,0,0,0,0,3269.05,4301.28,3879.51,0,2852.82,7503.36,8600.7,4468.6,1955.79,4176.82,2566.61,1938.55,2412.64,3606.71,6327.46,12061.02,16091.07,10587.08,0,0,0,0,0
TOWLB-DES-XL-GRECSHR - FBA,TOWLB-DES-XL-GRECSHR,FBA,0,0,0,0,0,0,0,0,0,0,0,0,0,2,20,22,91,4,7,50,22,24,39,31,26,24,31,32,56,99,18,0,0,0,0,0,0,0,0,0,0,0,0,0,0,0,0,0,0,59.57,538.53,535.86,2315.71,92.06,174.77,1278.59,630.51,694.12,1001.12,872.77,732.34,684,876.4,871.76,1577.02,2829.53,533.98,0,0,0,0,0
TOWLB-DES-XL-GROOVCH - B2B,TOWLB-DES-XL-GROOVCH,B2B,0,0,0,0,0,0,0,0,0,0,0,0,41,5,20,14,0,7,20,0,0,0,0,0,0,0,0,0,0,0,0,0,0,0,0,0,0,0,0,0,0,0,0,0,0,0,0,0,13.68,5400.46,266.6,716.48,0,81.71,266.6,0,0,0,0,0,0,0,0,0,0,0,0,0,0,0,0,0
TOWLB-DES-XL-GROOVCH - DTC,TOWLB-DES-XL-GROOVCH,DTC,0,0,0,0,0,0,0,0,0,0,0,0,0,51,96,93,105,130,348,76,65,28,0,0,0,0,0,30,0,0,0,0,0,0,0,0,0,0,0,0,0,0,0,0,0,0,0,0,0,1115.27,2251.43,2112.9,2506.84,2922.29,7620.74,1537.79,1396.68,572.27,0,0,0,0,0,709.17,0,0,0,0,0,0,0,0
TOWLB-DES-XL-GROOVCH - FBA,TOWLB-DES-XL-GROOVCH,FBA,0,0,0,0,0,0,0,0,0,0,0,0,0,4,9,15,20,51,120,80,37,8,0,0,0,0,0,0,0,0,0,0,0,0,0,0,0,0,0,0,0,0,0,0,0,0,0,0,0,106.64,241.27,384.75,495.85,1299.76,2823.38,2023.87,913.61,213.02,0,0,0,0,0,0,0,0,0,0,0,0,0,0
TOWLB-DES-XL-HOTTROP - B2B,TOWLB-DES-XL-HOTTROP,B2B,0,0,0,0,0,0,0,0,0,0,0,0,0,0,0,0,0,0,0,0,0,0,0,0,0,24,26,6,0,12,0,0,0,0,0,0,0,0,0,0,0,0,0,0,0,0,0,0,0,0,0,0,0,0,0,0,0,0,0,0,0,346.5,386.66,85.5,0,180,0,0,0,0,0,0
TOWLB-DES-XL-HOTTROP - DTC,TOWLB-DES-XL-HOTTROP,DTC,0,0,0,0,0,0,0,0,0,0,0,0,0,0,0,0,0,0,0,0,0,0,0,0,0,31,110,57,96,240,158,0,0,0,0,0,0,0,0,0,0,0,0,0,0,0,0,0,0,0,0,0,0,0,0,0,0,0,0,0,0,893,3083.57,1528.52,2561.07,6653.46,4258.5,0,0,0,0,0
TOWLB-DES-XL-HOTTROP - FBA,TOWLB-DES-XL-HOTTROP,FBA,0,0,0,0,0,0,0,0,0,0,0,0,0,0,0,0,0,0,0,0,0,0,0,0,0,0,18,25,36,55,35,0,0,0,0,0,0,0,0,0,0,0,0,0,0,0,0,0,0,0,0,0,0,0,0,0,0,0,0,0,0,0,474.13,647.93,1040.64,1588.65,994.49,0,0,0,0,0
TOWLB-DES-XL-IBZAGLW - B2B,TOWLB-DES-XL-IBZAGLW,B2B,0,0,0,0,0,0,0,0,0,0,0,0,0,0,0,0,0,0,0,0,0,0,0,0,0,6,14,12,6,6,0,0,0,0,0,0,0,0,0,0,0,0,0,0,0,0,0,0,0,0,0,0,0,0,0,0,0,0,0,0,0,4440,206.66,175.5,90,90,0,0,0,0,0,0
TOWLB-DES-XL-IBZAGLW - DTC,TOWLB-DES-XL-IBZAGLW,DTC,0,0,0,0,0,0,0,0,0,0,0,0,0,0,0,0,0,0,0,0,0,0,0,0,0,11,51,80,103,129,102,0,0,0,0,0,0,0,0,0,0,0,0,0,0,0,0,0,0,0,0,0,0,0,0,0,0,0,0,0,0,328.36,1334.03,2192.01,2699.17,3494.4,2689.04,0,0,0,0,0
TOWLB-DES-XL-IBZAGLW - FBA,TOWLB-DES-XL-IBZAGLW,FBA,0,0,0,0,0,0,0,0,0,0,0,0,0,0,0,0,0,0,0,0,0,0,0,0,0,1,6,18,26,32,12,0,0,0,0,0,0,0,0,0,0,0,0,0,0,0,0,0,0,0,0,0,0,0,0,0,0,0,0,0,0,29.99,163.74,470.69,740.77,893.55,352.5,0,0,0,0,0
TOWLB-DES-XL-KARMA - B2B,TOWLB-DES-XL-KARMA,B2B,0,0,0,0,0,0,0,0,0,0,0,0,0,0,0,0,0,0,0,0,0,0,0,0,0,13,12,6,6,0,6,0,0,0,0,0,0,0,0,0,0,0,0,0,0,0,0,0,0,0,0,0,0,0,0,0,0,0,0,0,0,175.5,180,85.5,90,0,90,0,0,0,0,0
TOWLB-DES-XL-KARMA - DTC,TOWLB-DES-XL-KARMA,DTC,0,0,0,0,0,0,0,0,0,0,0,0,0,0,0,0,0,0,0,0,0,0,0,0,0,12,30,57,84,94,57,0,0,0,0,0,0,0,0,0,0,0,0,0,0,0,0,0,0,0,0,0,0,0,0,0,0,0,0,0,0,335.97,870.81,1672.67,2391.82,2743.51,1599.45,0,0,0,0,0
TOWLB-DES-XL-KARMA - FBA,TOWLB-DES-XL-KARMA,FBA,0,0,0,0,0,0,0,0,0,0,0,0,0,0,0,0,0,0,0,0,0,0,0,0,0,0,12,18,25,38,6,0,0,0,0,0,0,0,0,0,0,0,0,0,0,0,0,0,0,0,0,0,0,0,0,0,0,0,0,0,0,0,313.27,453.52,712.28,1080.89,167.96,0,0,0,0,0
TOWLB-DES-XL-LEMWAV - B2B,TOWLB-DES-XL-LEMWAV,B2B,0,0,0,0,0,0,0,0,0,0,0,0,7,5,29,20,4,36,76,211,0,0,0,0,0,0,0,0,0,0,0,0,0,0,0,0,0,0,0,0,0,0,0,0,0,0,0,0,75.34,2066.15,384,796.7,306.59,479.88,972.68,2350.49,0,0,0,0,0,0,0,0,0,0,0,0,0,0,0,0
TOWLB-DES-XL-LEMWAV - DTC,TOWLB-DES-XL-LEMWAV,DTC,0,0,0,0,0,0,0,0,0,0,0,0,2,76,104,159,43,247,222,398,113,4,139,127,0,1,0,0,0,0,0,0,0,0,0,0,0,0,0,0,0,0,0,0,0,0,0,0,53.33,1762.59,2363.71,3564.7,935.02,5667.22,4857.61,8805.4,2356.47,63.14,3327.15,2562.18,0,21.6,0,0,0,0,0,0,0,0,0,0
TOWLB-DES-XL-LEMWAV - FBA,TOWLB-DES-XL-LEMWAV,FBA,0,0,0,0,0,0,0,0,0,0,0,0,0,0,8,26,43,32,5,4,0,1,2,1,0,0,0,0,0,0,0,0,0,0,0,0,0,0,0,0,0,0,0,0,0,0,0,0,0,0,202.62,620.95,1055.66,828.62,126.63,103.97,0,33.33,66.66,33.33,0,0,0,0,0,0,0,0,0,0,0,0
TOWLB-DES-XL-LIFELEM - B2B,TOWLB-DES-XL-LIFELEM,B2B,0,10,3,14,14,18,1,14,0,0,0,0,0,0,0,0,0,0,0,0,0,0,0,0,0,0,0,0,0,0,0,0,0,0,0,0,0,130.92,43.61,116.95,189.02,246.75,13.33,188.27,0,0,0,0,0,0,0,0,0,0,0,0,0,0,0,0,0,0,0,0,0,0,0,0,0,0,0,0
TOWLB-DES-XL-LIFELEM - DTC,TOWLB-DES-XL-LIFELEM,DTC,0,18,59,98,176,183,152,153,1,1,0,0,9,0,1,0,0,0,0,0,0,0,0,0,0,0,0,0,0,0,0,0,0,0,0,0,0,471.46,1458.16,2490.89,4362.68,4757.32,3902.92,3956.81,0,22.67,0,0,196,0,19.2,0,0,0,0,0,0,0,0,0,0,0,0,0,0,0,0,0,0,0,0,0
TOWLB-DES-XL-LIFELEM - FBA,TOWLB-DES-XL-LIFELEM,FBA,0,0,1,3,23,13,8,11,0,0,0,0,0,0,0,0,0,0,0,0,0,0,0,0,0,0,0,0,0,0,0,0,0,0,0,0,0,0,30.83,88.32,596.96,380.96,240.6,325.62,0,0,0,0,0,0,0,0,0,0,0,0,0,0,0,0,0,0,0,0,0,0,0,0,0,0,0,0
TOWLB-DES-XL-MARINDRM - B2B,TOWLB-DES-XL-MARINDRM,B2B,2,18,21,15,32,18,21,18,2,8,0,0,0,0,0,0,0,0,0,0,0,0,0,0,0,0,0,0,0,0,0,0,0,0,0,0,25.17,235.55,270.87,130.28,402.13,247.38,266.38,247.92,26.66,102.07,0,0,0,0,0,0,0,0,0,0,0,0,0,0,0,0,0,0,0,0,0,0,0,0,0,0
TOWLB-DES-XL-MARINDRM - DTC,TOWLB-DES-XL-MARINDRM,DTC,0,17,66,126,141,125,191,751,256,50,1,0,0,0,0,0,0,0,0,0,0,0,0,0,0,0,0,0,0,0,0,0,0,0,0,0,0,431.35,1562.36,3229.71,3529.31,3109.23,4715.95,14740.07,5534.04,1294.58,24,0,0,0,0,0,0,0,0,0,0,0,0,0,0,0,0,0,0,0,0,0,0,0,0,0
TOWLB-DES-XL-MARINDRM - FBA,TOWLB-DES-XL-MARINDRM,FBA,0,0,10,11,25,49,79,64,37,31,5,0,0,0,0,0,0,0,0,0,0,0,0,0,0,0,0,0,0,0,0,0,0,0,0,0,0,0,226,265.14,661.83,1257.9,1975.68,1669.95,906.74,670.27,106.66,0,0,0,0,0,0,0,0,0,0,0,0,0,0,0,0,0,0,0,0,0,0,0,0,0
TOWLB-DES-XL-MELLOW - B2B,TOWLB-DES-XL-MELLOW,B2B,0,0,0,0,0,0,0,0,0,0,0,0,0,0,0,0,0,0,0,0,30,6,0,0,0,4,12,42,229,90,0,0,0,0,0,0,0,0,0,0,0,0,0,0,0,0,0,0,0,0,0,0,0,0,0,0,399.9,90,1093.06,0,0,27.22,175.5,610.54,3299.57,1350,0,0,0,0,0,0
TOWLB-DES-XL-MELLOW - DTC,TOWLB-DES-XL-MELLOW,DTC,0,0,0,0,0,0,0,0,0,0,0,0,0,0,0,0,0,0,0,0,31,51,89,65,15,16,51,94,181,88,220,0,0,0,0,0,0,0,0,0,0,0,0,0,0,0,0,0,0,0,0,0,0,0,0,0,791.51,1172.36,2125.35,1632.57,345.04,414.01,1306.14,2435.25,4511.68,2307.04,5371.01,0,0,0,0,0
TOWLB-DES-XL-MELLOW - FBA,TOWLB-DES-XL-MELLOW,FBA,0,0,0,0,0,0,0,0,0,0,0,0,0,0,0,0,0,0,0,0,3,11,16,13,14,15,28,32,40,24,0,0,0,0,0,0,0,0,0,0,0,0,0,0,0,0,0,0,0,0,0,0,0,0,0,0,83.31,302.89,413.84,374.42,375.29,399.9,737.16,828.1,1152.23,693.75,0,0,0,0,0,0
TOWLB-DES-XL-OCETRES - B2B,TOWLB-DES-XL-OCETRES,B2B,0,0,0,0,0,0,0,0,0,0,0,0,0,0,0,0,0,0,0,0,0,0,0,0,0,47,91,96,42,0,424,0,0,0,0,0,0,0,0,0,0,0,0,0,0,0,0,0,0,0,0,0,0,0,0,0,0,0,0,0,0,4131.25,1029.3,538.31,630,0,6360,0,0,0,0,0
TOWLB-DES-XL-OCETRES - DTC,TOWLB-DES-XL-OCETRES,DTC,0,0,0,0,0,0,0,0,0,0,0,0,0,0,0,0,0,0,0,0,0,0,0,0,0,0,207,165,490,95,412,0,0,0,0,0,0,0,0,0,0,0,0,0,0,0,0,0,0,0,0,0,0,0,0,0,0,0,0,0,0,0,5541.38,4513.04,13641.39,2636.18,11676.53,0,0,0,0,0
TOWLB-DES-XL-OCETRES - FBA,TOWLB-DES-XL-OCETRES,FBA,0,0,0,0,0,0,0,0,0,0,0,0,0,0,0,0,0,0,0,0,0,0,0,0,1,11,36,48,64,4,18,0,0,0,0,0,0,0,0,0,0,0,0,0,0,0,0,0,0,0,0,0,0,0,0,0,0,0,0,0,27.33,297.7,974.4,1244.19,1903.8,133.32,557.98,0,0,0,0,0
TOWLB-DES-XL-PALMBCH - B2B,TOWLB-DES-XL-PALMBCH,B2B,0,17,5,5,13,23,5,11,0,0,0,0,0,0,0,0,0,0,0,0,0,0,0,0,0,0,0,0,0,0,0,0,0,0,0,0,0,219.04,69.13,63.63,174.23,314.53,66.65,148.81,0,0,0,0,0,0,0,0,0,0,0,0,0,0,0,0,0,0,0,0,0,0,0,0,0,0,0,0
TOWLB-DES-XL-PALMBCH - DTC,TOWLB-DES-XL-PALMBCH,DTC,0,20,64,111,160,92,126,434,8,0,0,0,2,0,0,1,0,0,0,0,0,0,0,0,0,0,0,0,0,0,0,0,0,0,0,0,0,481.78,1641.85,2816.4,4032.56,2368.06,3126.1,9111.21,204.37,0,0,0,43.87,0,0,19.2,0,0,0,0,0,0,0,0,0,0,0,0,0,0,0,0,0,0,0,0
TOWLB-DES-XL-PALMBCH - FBA,TOWLB-DES-XL-PALMBCH,FBA,0,0,7,12,11,2,1,14,55,1,0,0,0,0,0,0,0,0,0,0,0,0,0,0,0,0,0,0,0,0,0,0,0,0,0,0,0,0,171.66,282.88,275.61,55.4,23.4,402.1,1199.83,17.07,0,0,0,0,0,0,0,0,0,0,0,0,0,0,0,0,0,0,0,0,0,0,0,0,0,0
TOWLB-DES-XL-PNKPARA - B2B,TOWLB-DES-XL-PNKPARA,B2B,0,0,0,0,0,0,0,0,0,0,0,0,0,0,0,0,0,0,0,0,0,0,0,0,0,49,29,15,32,62,6,0,0,0,0,0,0,0,0,0,0,0,0,0,0,0,0,0,0,0,0,0,0,0,0,0,0,0,0,0,0,5034.25,355.25,199.12,481.89,947.95,90,0,0,0,0,0
TOWLB-DES-XL-PNKPARA - DTC,TOWLB-DES-XL-PNKPARA,DTC,0,0,0,0,0,0,0,0,0,0,0,0,0,0,0,0,0,0,0,0,0,0,0,0,0,41,113,74,302,148,227,0,0,0,0,0,0,0,0,0,0,0,0,0,0,0,0,0,0,0,0,0,0,0,0,0,0,0,0,0,0,1205.02,3148.45,1937.56,8423.22,4036.2,6416.93,0,0,0,0,0
TOWLB-DES-XL-PNKPARA - FBA,TOWLB-DES-XL-PNKPARA,FBA,0,0,0,0,0,0,0,0,0,0,0,0,0,0,0,0,0,0,0,0,0,0,0,0,0,16,23,65,38,10,6,0,0,0,0,0,0,0,0,0,0,0,0,0,0,0,0,0,0,0,0,0,0,0,0,0,0,0,0,0,0,427.89,641.83,1717.28,1120.59,310.89,193.64,0,0,0,0,0
TOWLB-DES-XL-PSTPIER - B2B,TOWLB-DES-XL-PSTPIER,B2B,0,0,0,0,0,0,0,0,0,0,0,0,0,0,0,0,0,0,0,0,12,0,6,6,0,8,6,30,148,4,84,0,0,0,0,0,0,0,0,0,0,0,0,0,0,0,0,0,0,0,0,0,0,0,0,0,159.96,0,1183.06,90,0,88.72,90,427.02,2220,60,1495.89,0,0,0,0,0
TOWLB-DES-XL-PSTPIER - DTC,TOWLB-DES-XL-PSTPIER,DTC,0,0,0,0,0,0,0,0,0,0,0,0,0,0,0,0,0,0,0,0,34,82,163,79,14,24,62,109,217,163,243,0,0,0,0,0,0,0,0,0,0,0,0,0,0,0,0,0,0,0,0,0,0,0,0,0,875.47,1914.96,4009.22,2010.62,362.29,683.82,1603.01,2743.04,5553.15,4284.27,5996.35,0,0,0,0,0
TOWLB-DES-XL-PSTPIER - FBA,TOWLB-DES-XL-PSTPIER,FBA,0,0,0,0,0,0,0,0,0,0,0,0,0,0,0,0,0,0,0,0,15,25,34,15,20,4,33,30,24,58,0,0,0,0,0,0,0,0,0,0,0,0,0,0,0,0,0,0,0,0,0,0,0,0,0,0,433.2,722.76,860.66,428.87,530.55,114.97,895.01,770.34,660.11,1613.04,0,0,0,0,0,0
TOWLB-DES-XL-RSPROAD - B2B,TOWLB-DES-XL-RSPROAD,B2B,0,0,0,0,0,0,0,0,0,0,0,0,0,0,0,0,0,0,0,0,36,6,0,0,0,33,14,24,174,110,137,0,0,0,0,0,0,0,0,0,0,0,0,0,0,0,0,0,0,0,0,0,0,0,0,0,479.88,90,733.15,0,0,444.97,210,337.02,2474.57,1650,2055,0,0,0,0,0
TOWLB-DES-XL-RSPROAD - DTC,TOWLB-DES-XL-RSPROAD,DTC,0,0,0,0,0,0,0,0,0,0,0,0,0,0,0,0,0,0,0,0,38,73,154,87,42,51,91,105,243,81,249,0,0,0,0,0,0,0,0,0,0,0,0,0,0,0,0,0,0,0,0,0,0,0,0,0,940.16,1774.99,3708.91,2089.98,1085.05,1393.49,2459.35,2767.94,6143.33,2130.81,6130.12,0,0,0,0,0
TOWLB-DES-XL-RSPROAD - FBA,TOWLB-DES-XL-RSPROAD,FBA,0,0,0,0,0,0,0,0,0,0,0,0,0,0,0,0,0,0,0,0,6,28,33,22,38,49,25,17,22,12,2,0,0,0,0,0,0,0,0,0,0,0,0,0,0,0,0,0,0,0,0,0,0,0,0,0,173.28,791.72,826.52,615.06,1021.53,1329.64,670.42,473.54,628.12,351.09,65.01,0,0,0,0,0
TOWLB-DES-XL-SEAFOAM - B2B,TOWLB-DES-XL-SEAFOAM,B2B,8,10,6,13,11,10,17,11,1,0,0,0,0,2,0,0,0,0,0,0,0,0,0,0,0,0,0,0,0,0,0,0,0,0,0,0,101.82,128.96,79.98,173.81,147.55,136.21,229.7,148.08,13.33,0,0,0,0,28.52,0,0,0,0,0,0,0,0,0,0,0,0,0,0,0,0,0,0,0,0,0,0
TOWLB-DES-XL-SEAFOAM - DTC,TOWLB-DES-XL-SEAFOAM,DTC,0,8,44,60,65,66,85,433,140,0,0,0,1,0,0,0,0,0,0,0,0,0,0,0,0,0,0,0,0,0,0,0,0,0,0,0,0,213,1115.34,1484.79,1638.93,1652.68,2122.95,8327.87,2804.25,0,0,0,24.67,0,0,0,0,0,0,0,0,0,0,0,0,0,0,0,0,0,0,0,0,0,0,0
TOWLB-DES-XL-SEAFOAM - FBA,TOWLB-DES-XL-SEAFOAM,FBA,0,0,1,5,6,15,28,23,4,0,0,0,0,0,0,0,0,0,0,0,0,0,0,0,0,0,0,0,0,0,0,0,0,0,0,0,0,0,26.66,122.64,159.96,383.93,674.7,563.86,89.49,0,0,0,0,0,0,0,0,0,0,0,0,0,0,0,0,0,0,0,0,0,0,0,0,0,0,0
TOWLB-DES-XL-SUNSPL - B2B,TOWLB-DES-XL-SUNSPL,B2B,0,0,0,0,0,0,0,0,0,0,0,0,0,0,0,0,0,6,11,0,0,0,0,0,0,0,0,0,0,0,0,0,0,0,0,0,0,0,0,0,0,0,0,0,0,0,0,0,0,0,0,0,0,82.5,144.51,0,0,0,0,0,0,0,0,0,0,0,0,0,0,0,0,0
TOWLB-DES-XL-SUNSPL - DTC,TOWLB-DES-XL-SUNSPL,DTC,0,0,0,0,0,0,0,0,0,0,0,0,0,0,0,0,0,70,134,10,0,4,42,113,0,5,1,0,0,0,0,0,0,0,0,0,0,0,0,0,0,0,0,0,0,0,0,0,0,0,0,0,0,1639.65,3211.57,221.91,0,88.53,806.79,2213.22,0,129.73,20.4,0,0,0,0,0,0,0,0,0
TOWLB-DES-XL-SUNSPL - FBA,TOWLB-DES-XL-SUNSPL,FBA,0,0,0,0,0,0,0,0,0,0,0,0,0,0,0,0,0,5,32,23,5,6,5,9,5,6,4,22,79,13,0,0,0,0,0,0,0,0,0,0,0,0,0,0,0,0,0,0,0,0,0,0,0,131.96,763.78,573.17,125.99,176.94,148.63,242.92,146.95,179.94,119.96,524.94,1794.73,297.59,0,0,0,0,0,0
TOWLB-DES-XL-SWTESC - B2B,TOWLB-DES-XL-SWTESC,B2B,0,0,0,0,0,0,0,0,0,0,0,0,0,0,0,0,0,0,0,0,0,0,0,0,0,7,5,9,6,0,12,0,0,0,0,0,0,0,0,0,0,0,0,0,0,0,0,0,0,0,0,0,0,0,0,0,0,0,0,0,0,85.5,35.75,109.12,90,0,180,0,0,0,0,0
TOWLB-DES-XL-SWTESC - DTC,TOWLB-DES-XL-SWTESC,DTC,0,0,0,0,0,0,0,0,0,0,0,0,0,0,0,0,0,0,0,0,0,0,0,0,0,7,60,150,237,272,115,0,0,0,0,0,0,0,0,0,0,0,0,0,0,0,0,0,0,0,0,0,0,0,0,0,0,0,0,0,0,208.32,1556.63,4006.14,6050.64,7092,3243.97,0,0,0,0,0
TOWLB-DES-XL-SWTESC - FBA,TOWLB-DES-XL-SWTESC,FBA,0,0,0,0,0,0,0,0,0,0,0,0,0,0,0,0,0,0,0,0,0,0,0,0,0,0,6,15,18,32,19,0,0,0,0,0,0,0,0,0,0,0,0,0,0,0,0,0,0,0,0,0,0,0,0,0,0,0,0,0,0,0,157.3,381.57,490.34,892.68,563.48,0,0,0,0,0
TOWLB-DES-XL-TANTIDE - B2B,TOWLB-DES-XL-TANTIDE,B2B,0,0,0,0,0,0,0,0,0,0,0,0,0,0,0,0,0,0,0,0,0,0,0,0,0,44,7,9,0,6,0,0,0,0,0,0,0,0,0,0,0,0,0,0,0,0,0,0,0,0,0,0,0,0,0,0,0,0,0,0,0,3898.75,62.41,109.12,0,90,0,0,0,0,0,0
TOWLB-DES-XL-TANTIDE - DTC,TOWLB-DES-XL-TANTIDE,DTC,0,0,0,0,0,0,0,0,0,0,0,0,0,0,0,0,0,0,0,0,0,0,0,0,0,12,91,102,93,248,129,0,0,0,0,0,0,0,0,0,0,0,0,0,0,0,0,0,0,0,0,0,0,0,0,0,0,0,0,0,0,350.29,2355.41,2510.43,2357.43,6770.13,3285.68,0,0,0,0,0
TOWLB-DES-XL-TANTIDE - FBA,TOWLB-DES-XL-TANTIDE,FBA,0,0,0,0,0,0,0,0,0,0,0,0,0,0,0,0,0,0,0,0,0,0,0,0,0,0,9,24,23,51,8,0,0,0,0,0,0,0,0,0,0,0,0,0,0,0,0,0,0,0,0,0,0,0,0,0,0,0,0,0,0,0,239.94,631.96,660.11,1479.4,236.93,0,0,0,0,0
TOWLB-DES-XL-TERATROP - B2B,TOWLB-DES-XL-TERATROP,B2B,4,11,18,12,14,17,7,13,0,0,0,0,0,0,0,0,0,0,0,0,0,0,0,0,0,0,0,0,0,0,0,0,0,0,0,0,50.79,142.29,223.94,130.28,162.17,229.08,76.54,173.96,0,0,0,0,0,0,0,0,0,0,0,0,0,0,0,0,0,0,0,0,0,0,0,0,0,0,0,0
TOWLB-DES-XL-TERATROP - DTC,TOWLB-DES-XL-TERATROP,DTC,0,25,85,111,172,106,155,521,8,0,0,0,1,0,0,1,0,0,0,0,0,0,0,0,0,0,0,0,0,0,0,0,0,0,0,0,0,624.59,2159.13,2714.2,4354.85,2712.64,3863.84,10385.06,205.18,0,0,0,19.2,0,0,19.73,0,0,0,0,0,0,0,0,0,0,0,0,0,0,0,0,0,0,0,0
TOWLB-DES-XL-TERATROP - FBA,TOWLB-DES-XL-TERATROP,FBA,0,1,5,18,22,4,5,14,59,2,0,0,0,0,0,0,0,0,0,0,0,0,0,0,0,0,0,0,0,0,0,0,0,0,0,0,0,30.83,119.4,437.24,573.21,110.09,141.41,413.45,1305.29,42.66,0,0,0,0,0,0,0,0,0,0,0,0,0,0,0,0,0,0,0,0,0,0,0,0,0,0
TOWLB-DES-XL-TROPTRT - B2B,TOWLB-DES-XL-TROPTRT,B2B,0,0,0,0,0,0,0,0,0,0,0,0,5,7,22,32,18,17,8,6,0,0,0,0,0,0,0,0,0,0,0,0,0,0,0,0,0,0,0,0,0,0,0,0,0,0,0,0,51.49,85.63,254.89,948.02,232.22,234.4,93.31,79.98,0,0,0,0,0,0,0,0,0,0,0,0,0,0,0,0
TOWLB-DES-XL-TROPTRT - DTC,TOWLB-DES-XL-TROPTRT,DTC,0,0,0,0,0,0,0,0,0,0,0,0,2,77,104,220,204,151,278,469,102,22,129,197,292,5,0,0,0,0,0,0,0,0,0,0,0,0,0,0,0,0,0,0,0,0,0,0,53.33,1960.26,2437.86,5078.22,4808.7,3605.59,6184.62,9242.77,1936.66,590.36,2953.54,3955.09,5441.02,127.96,0,0,0,0,0,0,0,0,0,0
TOWLB-DES-XL-TROPTRT - FBA,TOWLB-DES-XL-TROPTRT,FBA,0,0,0,0,0,0,0,0,0,0,0,0,0,2,5,11,13,31,62,26,15,1,9,9,4,2,3,13,13,0,0,0,0,0,0,0,0,0,0,0,0,0,0,0,0,0,0,0,0,57.49,133.3,285.25,311.92,781.45,1453.02,653.81,423.21,29.99,232.47,257.92,110.96,59.98,89.97,302.97,304.79,0,0,0,0,0,0,0
TOWLB-DES-XL-VITSEA - B2B,TOWLB-DES-XL-VITSEA,B2B,0,0,0,0,0,0,0,0,0,0,0,0,9,17,43,52,20,11,8,0,0,0,0,0,0,0,0,0,0,0,0,0,0,0,0,0,0,0,0,0,0,0,0,0,0,0,0,0,102.31,2218.43,541.78,1210.75,264.11,149.15,106.64,0,0,0,0,0,0,0,0,0,0,0,0,0,0,0,0,0
TOWLB-DES-XL-VITSEA - DTC,TOWLB-DES-XL-VITSEA,DTC,0,0,0,0,0,0,0,0,0,0,0,0,0,37,56,89,54,89,66,2,6,25,32,33,38,32,48,131,34,0,0,0,0,0,0,0,0,0,0,0,0,0,0,0,0,0,0,0,0,931.33,1398.1,2156.82,1357.78,2068.87,1522.2,25.49,142,597.51,833.54,846.16,948.76,794.11,1201.5,3135.26,814.36,0,0,0,0,0,0,0
TOWLB-DES-XL-VITSEA - FBA,TOWLB-DES-XL-VITSEA,FBA,0,0,0,0,0,0,0,0,0,0,0,0,0,2,7,14,13,21,44,23,6,3,10,7,5,1,5,20,3,1,0,0,0,0,0,0,0,0,0,0,0,0,0,0,0,0,0,0,0,60.82,189.95,344.86,330.58,538.52,1006.4,577.31,145.15,86.97,198,181.74,146.95,29.99,140.95,476.33,69.6,24,0,0,0,0,0,0
TOWLB-DES-XL-WTRSUG - B2B,TOWLB-DES-XL-WTRSUG,B2B,0,0,0,0,0,0,0,0,0,0,0,0,0,0,0,0,0,0,0,0,0,0,0,0,0,0,20,6,7,0,0,0,0,0,0,0,0,0,0,0,0,0,0,0,0,0,0,0,0,0,0,0,0,0,0,0,0,0,0,0,0,0,296.66,85.5,23.44,0,0,0,0,0,0,0
TOWLB-DES-XL-WTRSUG - DTC,TOWLB-DES-XL-WTRSUG,DTC,0,0,0,0,0,0,0,0,0,0,0,0,0,0,0,0,0,0,0,0,0,0,0,0,0,0,46,124,198,214,92,0,0,0,0,0,0,0,0,0,0,0,0,0,0,0,0,0,0,0,0,0,0,0,0,0,0,0,0,0,0,0,1210.99,3312.63,4991.53,5563.28,2556.28,0,0,0,0,0
TOWLB-DES-XL-WTRSUG - FBA,TOWLB-DES-XL-WTRSUG,FBA,0,0,0,0,0,0,0,0,0,0,0,0,0,0,0,0,0,0,0,0,0,0,0,0,0,1,7,22,24,50,7,0,0,0,0,0,0,0,0,0,0,0,0,0,0,0,0,0,0,0,0,0,0,0,0,0,0,0,0,0,0,26.66,189.95,573.86,695.54,1351.61,212.8,0,0,0,0,0
TOWLB-DES-XL-WYWH - B2B,TOWLB-DES-XL-WYWH,B2B,0,0,0,0,0,0,0,0,0,0,0,0,0,0,0,0,0,0,0,0,0,0,0,0,0,6,24,0,12,6,0,0,0,0,0,0,0,0,0,0,0,0,0,0,0,0,0,0,0,0,0,0,0,0,0,0,0,0,0,0,0,90,360,0,180,107.95,0,0,0,0,0,0
TOWLB-DES-XL-WYWH - DTC,TOWLB-DES-XL-WYWH,DTC,0,0,0,0,0,0,0,0,0,0,0,0,0,0,0,0,0,0,0,0,0,0,0,0,0,10,65,94,201,174,18,0,0,0,0,0,0,0,0,0,0,0,0,0,0,0,0,0,0,0,0,0,0,0,0,0,0,0,0,0,0,279.02,1725.28,2355.55,5068.49,4464.6,518.45,0,0,0,0,0
TOWLB-DES-XL-WYWH - FBA,TOWLB-DES-XL-WYWH,FBA,0,0,0,0,0,0,0,0,0,0,0,0,0,0,0,0,0,0,0,0,0,0,0,0,0,0,8,11,11,29,4,0,0,0,0,0,0,0,0,0,0,0,0,0,0,0,0,0,0,0,0,0,0,0,0,0,0,0,0,0,0,0,206.63,295.24,296.91,841.2,112.47,0,0,0,0,0
TOWLB-DOB-LG-CALM - B2B,TOWLB-DOB-LG-CALM,B2B,0,0,0,0,0,0,0,0,0,0,0,0,0,0,0,0,0,0,0,0,0,0,0,0,0,6,29,14,6,0,6,0,0,0,0,0,0,0,0,0,0,0,0,0,0,0,0,0,0,0,0,0,0,0,0,0,0,0,0,0,0,3661.5,390.59,199.31,82.5,0,82.5,0,0,0,0,0
TOWLB-DOB-LG-CALM - DTC,TOWLB-DOB-LG-CALM,DTC,0,0,0,0,0,0,0,0,0,0,0,0,0,0,0,0,0,0,0,0,0,0,0,0,0,19,57,62,159,114,99,0,0,0,0,0,0,0,0,0,0,0,0,0,0,0,0,0,0,0,0,0,0,0,0,0,0,0,0,0,0,511.35,1487.94,1583.71,4107.76,3004.65,2604.57,0,0,0,0,0
TOWLB-DOB-LG-CALM - FBA,TOWLB-DOB-LG-CALM,FBA,0,0,0,0,0,0,0,0,0,0,0,0,0,0,0,0,0,0,0,0,0,0,0,0,0,0,13,13,37,44,31,0,0,0,0,0,0,0,0,0,0,0,0,0,0,0,0,0,0,0,0,0,0,0,0,0,0,0,0,0,0,0,351.89,343.63,936.93,1088.34,809.14,0,0,0,0,0
TOWLB-DOB-LG-CARNIV - DTC,TOWLB-DOB-LG-CARNIV,DTC,0,1,6,0,0,0,0,0,0,0,0,0,0,0,0,0,0,0,0,0,0,0,0,0,0,0,0,0,0,0,0,0,0,0,0,0,0,20.33,108.81,0,0,0,0,0,0,0,0,0,0,0,0,0,0,0,0,0,0,0,0,0,0,0,0,0,0,0,0,0,0,0,0,0
TOWLB-DOB-LG-DISCOV - B2B,TOWLB-DOB-LG-DISCOV,B2B,1,1,0,0,0,0,0,0,0,0,0,0,0,0,0,0,0,0,0,0,0,0,0,0,0,0,0,0,0,0,0,0,0,0,0,0,11.08,12.58,0,0,0,0,0,0,0,0,0,0,0,0,0,0,0,0,0,0,0,0,0,0,0,0,0,0,0,0,0,0,0,0,0,0
TOWLB-DOB-LG-DISCOV - DTC,TOWLB-DOB-LG-DISCOV,DTC,0,3,1,0,0,0,0,0,0,0,0,0,0,0,0,0,0,0,0,0,0,0,0,0,0,0,0,0,0,0,0,0,0,0,0,0,0,64.33,22.83,0,0,0,0,0,0,0,0,0,0,0,0,0,0,0,0,0,0,0,0,0,0,0,0,0,0,0,0,0,0,0,0,0
TOWLB-DOB-LG-RFA - DTC,TOWLB-DOB-LG-RFA,DTC,0,2,1,0,0,0,0,0,0,0,0,0,0,0,0,0,0,0,0,0,0,0,0,0,0,0,0,0,0,0,0,0,0,0,0,0,0,36.73,19.33,0,0,0,0,0,0,0,0,0,0,0,0,0,0,0,0,0,0,0,0,0,0,0,0,0,0,0,0,0,0,0,0,0
TOWLB-DOB-LG-SMILE - DTC,TOWLB-DOB-LG-SMILE,DTC,112,71,3,0,0,0,0,0,0,0,0,0,0,0,0,0,0,0,0,0,0,0,0,0,0,0,0,0,0,0,0,0,0,0,0,0,1662.71,1029.64,62.21,0,0,0,0,0,0,0,0,0,0,0,0,0,0,0,0,0,0,0,0,0,0,0,0,0,0,0,0,0,0,0,0,0
TOWLB-DOB-LG-STONEWALL - B2B,TOWLB-DOB-LG-STONEWALL,B2B,15,113,296,37,41,30,12,353,0,2,2,0,0,0,0,0,0,0,0,0,0,0,0,0,0,0,0,0,0,0,0,0,0,0,0,0,149.55,1443.51,3810.28,427.74,601.55,440.94,160.9,4525.5,0,27.67,25.2,0,0,0,0,0,0,0,0,0,0,0,0,0,0,0,0,0,0,0,0,0,0,0,0,0
TOWLB-DOB-LG-STONEWALL - DTC,TOWLB-DOB-LG-STONEWALL,DTC,0,16,70,152,237,245,140,455,67,98,76,5,14,0,0,0,0,0,0,0,0,0,0,0,0,0,0,0,0,0,0,0,0,0,0,0,0,344.38,1611.08,3703.46,5554.78,5559.73,3127.65,8066.13,1545.41,2305.01,1700.87,105.22,285.94,0,0,0,0,0,0,0,0,0,0,0,0,0,0,0,0,0,0,0,0,0,0,0
TOWLB-DOB-LG-WILDTHG - B2B,TOWLB-DOB-LG-WILDTHG,B2B,0,0,0,0,0,0,0,0,0,0,0,0,4,4,177,251,18,4,0,6,0,0,0,0,0,0,0,0,0,0,0,0,0,0,0,0,0,0,0,0,0,0,0,0,0,0,0,0,25.46,1590.4,5276.24,8349.38,240.5,56,0,84,0,0,0,0,0,0,0,0,0,0,0,0,0,0,0,0
TOWLB-DOB-LG-WILDTHG - DTC,TOWLB-DOB-LG-WILDTHG,DTC,0,0,0,0,0,0,0,0,0,0,0,0,2,86,216,293,317,10,216,430,35,3,163,228,366,7,0,66,9,0,0,0,0,0,0,0,0,0,0,0,0,0,0,0,0,0,0,0,46.67,1814.05,4447.18,5880.05,6672.51,187.34,4234.47,7873.96,730.93,68.76,3440.67,4382.32,6742.99,143.03,0,1490.52,207.99,0,0,0,0,0,0,0
TOWLB-DOB-LG-WILDTHG - FBA,TOWLB-DOB-LG-WILDTHG,FBA,0,0,0,0,0,0,0,0,0,0,0,0,0,1,21,19,31,15,18,57,0,1,29,27,18,7,0,5,0,0,0,0,0,0,0,0,0,0,0,0,0,0,0,0,0,0,0,0,0,26.66,459.59,415.08,669.17,330.75,417.61,1230.7,0,28.08,605.4,709.75,464.57,192.43,0,126.74,0,0,0,0,0,0,0,0
TOWLB-DOB-MD-SMILE - DTC,TOWLB-DOB-MD-SMILE,DTC,43,44,52,133,73,0,0,0,0,0,0,0,0,0,0,0,0,0,0,0,0,0,0,0,0,0,0,0,0,0,0,0,0,0,0,0,551.73,614.84,860.68,2021.68,997.25,0,0,0,0,0,0,0,0,0,0,0,0,0,0,0,0,0,0,0,0,0,0,0,0,0,0,0,0,0,0,0
TOWLB-DOB-XL-CALM - B2B,TOWLB-DOB-XL-CALM,B2B,0,0,0,0,0,0,0,0,0,0,0,0,0,0,0,0,0,0,0,0,0,0,0,0,0,6,12,0,0,0,20,0,0,0,0,0,0,0,0,0,0,0,0,0,0,0,0,0,0,0,0,0,0,0,0,0,0,0,0,0,0,5040,162,0,0,0,150,0,0,0,0,0
TOWLB-DOB-XL-CALM - DTC,TOWLB-DOB-XL-CALM,DTC,0,0,0,0,0,0,0,0,0,0,0,0,0,0,0,0,0,0,0,0,0,0,0,0,0,21,59,113,209,160,156,0,0,0,0,0,0,0,0,0,0,0,0,0,0,0,0,0,0,0,0,0,0,0,0,0,0,0,0,0,0,615.12,1680.17,3186.58,5912.59,4586.71,4482.62,0,0,0,0,0
TOWLB-DOB-XL-CALM - FBA,TOWLB-DOB-XL-CALM,FBA,0,0,0,0,0,0,0,0,0,0,0,0,0,0,0,0,0,0,0,0,0,0,0,0,0,0,8,26,31,78,5,0,0,0,0,0,0,0,0,0,0,0,0,0,0,0,0,0,0,0,0,0,0,0,0,0,0,0,0,0,0,0,235.42,737.76,888.71,2028.64,146.95,0,0,0,0,0
TOWLB-DOB-XL-CARNIV - B2B,TOWLB-DOB-XL-CARNIV,B2B,1,6,0,0,0,0,0,0,0,0,0,0,0,0,0,0,0,0,0,0,0,0,0,0,0,0,0,0,0,0,0,0,0,0,0,0,12.66,86.4,0,0,0,0,0,0,0,0,0,0,0,0,0,0,0,0,0,0,0,0,0,0,0,0,0,0,0,0,0,0,0,0,0,0
TOWLB-DOB-XL-CARNIV - DTC,TOWLB-DOB-XL-CARNIV,DTC,26,1,11,0,0,0,0,0,0,0,0,0,0,0,0,0,0,0,0,0,0,0,0,0,0,0,0,0,0,0,0,0,0,0,0,0,562.84,17.28,227.32,0,0,0,0,0,0,0,0,0,0,0,0,0,0,0,0,0,0,0,0,0,0,0,0,0,0,0,0,0,0,0,0,0
TOWLB-DOB-XL-DISCOV - B2B,TOWLB-DOB-XL-DISCOV,B2B,1,2,0,0,0,0,0,0,0,0,0,0,0,0,0,0,0,0,0,0,0,0,0,0,0,0,0,0,0,0,0,0,0,0,0,0,12.66,33.08,0,0,0,0,0,0,0,0,0,0,0,0,0,0,0,0,0,0,0,0,0,0,0,0,0,0,0,0,0,0,0,0,0,0
TOWLB-DOB-XL-DISCOV - DTC,TOWLB-DOB-XL-DISCOV,DTC,0,1,5,0,0,0,0,0,0,0,0,0,0,0,0,0,0,0,0,0,0,0,0,0,0,0,0,0,0,0,0,0,0,0,0,0,0,19.2,111.2,0,0,0,0,0,0,0,0,0,0,0,0,0,0,0,0,0,0,0,0,0,0,0,0,0,0,0,0,0,0,0,0,0
TOWLB-DOB-XL-SMILE - DTC,TOWLB-DOB-XL-SMILE,DTC,112,125,23,0,0,3,0,0,0,0,0,0,0,0,0,0,0,0,0,0,0,0,0,0,0,0,0,0,0,0,0,0,0,0,0,0,1912.89,2154.92,481.56,0,0,50.22,0,0,0,0,0,0,0,0,0,0,0,0,0,0,0,0,0,0,0,0,0,0,0,0,0,0,0,0,0,0
TOWLB-DOB-XL-STONEWALL - B2B,TOWLB-DOB-XL-STONEWALL,B2B,2,18,21,14,20,26,4,18,0,0,0,0,0,0,0,0,0,0,0,0,0,0,0,0,0,0,0,0,0,0,0,0,0,0,0,0,0,250.66,298.8,218.22,331.14,416.65,66,298.1,0,0,0,0,0,0,0,0,0,0,0,0,0,0,0,0,0,0,0,0,0,0,0,0,0,0,0,0
TOWLB-DOB-XL-STONEWALL - DTC,TOWLB-DOB-XL-STONEWALL,DTC,0,19,44,189,300,266,91,520,0,2,0,0,7,0,0,0,0,0,7,0,0,0,0,0,0,0,0,0,0,0,0,0,0,0,0,0,0,516.45,1145.84,5006.56,7845.49,6935.59,2295.68,10312.58,0,53.34,0,0,158.56,0,0,0,0,0,149.28,0,0,0,0,0,0,0,0,0,0,0,0,0,0,0,0,0
TOWLB-DOB-XL-STONEWALL - FBA,TOWLB-DOB-XL-STONEWALL,FBA,0,0,0,0,0,0,0,0,0,0,0,0,0,0,0,0,0,0,1,0,0,0,0,0,0,0,0,0,0,0,0,0,0,0,0,0,0,0,0,0,0,0,0,0,0,0,0,0,0,0,0,0,0,0,17.33,0,0,0,0,0,0,0,0,0,0,0,0,0,0,0,0,0
TOWLB-DOB-XL-WILDTHG - B2B,TOWLB-DOB-XL-WILDTHG,B2B,0,0,0,0,0,0,0,0,0,0,0,0,5,8,14,12,6,10,13,6,0,0,0,0,0,0,0,0,0,0,0,0,0,0,0,0,0,0,0,0,0,0,0,0,0,0,0,0,61.93,134.38,225.39,193.52,98.69,165.13,211.99,96,0,0,0,0,0,0,0,0,0,0,0,0,0,0,0,0
TOWLB-DOB-XL-WILDTHG - DTC,TOWLB-DOB-XL-WILDTHG,DTC,0,0,0,0,0,0,0,0,0,0,0,0,1,0,125,272,259,254,320,478,14,15,145,217,229,0,2,25,5,0,0,0,0,0,0,0,0,0,0,0,0,0,0,0,0,0,0,0,26.67,0,3045.79,6424.03,6077.95,6098.79,7131.27,9430.18,304.4,365.79,3325.61,4474.4,4122.68,0,51.33,593.86,122.6,0,0,0,0,0,0,0
TOWLB-DOB-XL-WILDTHG - FBA,TOWLB-DOB-XL-WILDTHG,FBA,0,0,0,0,0,0,0,0,0,0,0,0,0,0,9,18,41,60,16,72,1,1,23,17,11,14,5,3,0,0,0,0,0,0,0,0,0,0,0,0,0,0,0,0,0,0,0,0,0,0,253.26,434.32,1034.35,1520.41,418.26,1825.25,26.66,30.33,522.11,461.84,314.89,419.87,161.74,79.3,0,0,0,0,0,0,0,0
TOWLB-FLO-LG-BLOOM - DTC,TOWLB-FLO-LG-BLOOM,DTC,0,1,0,0,0,4,0,0,0,0,0,0,0,0,0,0,0,0,0,0,0,0,0,0,0,0,0,0,0,0,0,0,0,0,0,0,0,18.44,0,0,0,76.68,0,0,0,0,0,0,0,0,0,0,0,0,0,0,0,0,0,0,0,0,0,0,0,0,0,0,0,0,0,0
TOWLB-FLO-LG-BLOOM - FBA,TOWLB-FLO-LG-BLOOM,FBA,1,0,2,6,6,0,0,0,0,0,0,0,0,0,0,0,0,0,0,0,0,0,0,0,0,0,0,0,0,0,0,0,0,0,0,0,23.33,0,46.66,139.47,135.32,0,0,0,0,0,0,0,0,0,0,0,0,0,0,0,0,0,0,0,0,0,0,0,0,0,0,0,0,0,0,0
TOWLB-FLO-LG-PALM - B2B,TOWLB-FLO-LG-PALM,B2B,0,0,0,0,6,0,0,0,0,0,0,0,0,0,0,0,0,0,0,0,0,0,0,0,0,0,0,0,0,0,0,0,0,0,0,0,0,0,0,0,69.96,0,0,0,0,0,0,0,0,0,0,0,0,0,0,0,0,0,0,0,0,0,0,0,0,0,0,0,0,0,0,0
TOWLB-FLO-LG-PALM - DTC,TOWLB-FLO-LG-PALM,DTC,1,13,2,0,2,5,0,0,0,0,0,0,0,0,0,0,0,0,0,0,0,0,0,0,0,0,0,0,0,0,0,0,0,0,0,0,0,246.3,36.82,0,0,98,0,0,0,0,0,0,0,0,0,0,0,0,0,0,0,0,0,0,0,0,0,0,0,0,0,0,0,0,0,0
TOWLB-FLO-LG-SUNFL - DTC,TOWLB-FLO-LG-SUNFL,DTC,9,12,4,0,0,0,0,0,0,0,0,0,0,0,0,0,0,0,0,0,0,0,0,0,0,0,0,0,0,0,0,0,0,0,0,0,177.64,246.52,73.44,0,0,0,0,0,0,0,0,0,0,0,0,0,0,0,0,0,0,0,0,0,0,0,0,0,0,0,0,0,0,0,0,0
TOWLB-FLO-XL-BLOOM - DTC,TOWLB-FLO-XL-BLOOM,DTC,0,0,0,6,38,0,0,0,0,0,0,0,0,0,0,0,0,0,0,0,0,0,0,0,0,0,0,0,0,0,0,0,0,0,0,0,0,0,0,135.86,821.95,0,0,0,0,0,0,0,0,0,0,0,0,0,0,0,0,0,0,0,0,0,0,0,0,0,0,0,0,0,0,0
TOWLB-FLO-XL-BLOOM - FBA,TOWLB-FLO-XL-BLOOM,FBA,2,3,5,2,0,0,0,0,0,0,0,0,0,0,0,0,0,0,0,0,0,0,0,0,0,0,0,0,0,0,0,0,0,0,0,0,50.69,77.34,109.04,42.65,0,0,0,0,0,0,0,0,0,0,0,0,0,0,0,0,0,0,0,0,0,0,0,0,0,0,0,0,0,0,0,0
TOWLB-FLO-XL-DAISY - DTC,TOWLB-FLO-XL-DAISY,DTC,0,0,0,5,8,0,0,0,0,0,0,0,0,0,0,0,0,0,0,0,0,0,0,49,0,0,0,0,0,0,0,0,0,0,0,0,0,0,0,101.32,166.31,0,0,0,0,0,0,0,0,0,0,0,0,0,0,0,0,0,0,780.75,0,0,0,0,0,0,0,0,0,0,0,0
TOWLB-FLO-XL-PALM - B2B,TOWLB-FLO-XL-PALM,B2B,2,1,0,0,2,0,0,0,0,0,0,0,0,0,0,0,0,0,0,0,0,0,0,0,0,0,0,0,0,0,0,0,0,0,0,0,37,13.78,0,0,26.66,0,0,0,0,0,0,0,0,0,0,0,0,0,0,0,0,0,0,0,0,0,0,0,0,0,0,0,0,0,0,0
TOWLB-FLO-XL-PALM - DTC,TOWLB-FLO-XL-PALM,DTC,0,0,0,1,37,0,0,0,0,0,0,0,0,0,0,0,0,0,0,0,0,0,0,0,0,0,0,0,0,0,0,0,0,0,0,0,0,0,0,21.33,807.35,0,0,0,0,0,0,0,0,0,0,0,0,0,0,0,0,0,0,0,0,0,0,0,0,0,0,0,0,0,0,0
TOWLB-FLO-XL-SUNFL - B2B,TOWLB-FLO-XL-SUNFL,B2B,0,2,0,0,0,0,0,0,0,0,0,0,0,0,0,0,0,0,0,0,0,0,0,0,0,0,0,0,0,0,0,0,0,0,0,0,0,28.36,0,0,0,0,0,0,0,0,0,0,0,0,0,0,0,0,0,0,0,0,0,0,0,0,0,0,0,0,0,0,0,0,0,0
TOWLB-FLO-XL-SUNFL - DTC,TOWLB-FLO-XL-SUNFL,DTC,0,3,12,0,0,0,0,0,0,0,0,0,0,0,0,0,0,0,0,0,0,0,0,0,0,0,0,0,0,0,0,0,0,0,0,0,0,59.73,255.4,0,0,0,0,0,0,0,0,0,0,0,0,0,0,0,0,0,0,0,0,0,0,0,0,0,0,0,0,0,0,0,0,0
TOWLB-FLO-XL-SUNFL - FBA,TOWLB-FLO-XL-SUNFL,FBA,0,4,10,5,6,0,0,0,0,0,0,0,0,0,0,0,0,0,0,0,0,0,0,0,0,0,0,0,0,0,0,0,0,0,0,0,0,102.16,239.93,122.64,159.96,0,0,0,0,0,0,0,0,0,0,0,0,0,0,0,0,0,0,0,0,0,0,0,0,0,0,0,0,0,0,0
TOWLB-KID-LG-4SET-CALMCRZY - DTC,TOWLB-KID-LG-4SET-CALMCRZY,DTC,0,0,0,0,0,0,0,0,0,0,0,0,0,0,1,0,0,1,0,0,0,0,0,0,0,0,0,0,0,0,0,0,0,0,0,0,0,0,0,0,0,0,0,0,0,0,0,0,0,0,-7.07,0,0,0,0,0,0,0,0,0,0,0,0,0,0,0,0,0,0,0,0,0
TOWLB-KID-LG-4SET-CHAOS - DTC,TOWLB-KID-LG-4SET-CHAOS,DTC,0,0,0,0,0,0,0,0,0,0,0,0,0,0,0,2,2,1,0,0,0,0,0,0,0,0,0,0,0,0,0,0,0,0,0,0,0,0,0,0,0,0,0,0,0,0,0,0,0,0,0,0,0,0,0,0,0,0,0,0,0,0,0,0,0,0,0,0,0,0,0,0
TOWLB-KID-LG-4SET-COOLKID - DTC,TOWLB-KID-LG-4SET-COOLKID,DTC,0,0,0,0,0,0,0,0,0,0,0,0,0,0,0,2,0,0,0,0,0,0,0,0,0,0,0,0,0,0,0,0,0,0,0,0,0,0,0,0,0,0,0,0,0,0,0,0,0,0,0,0,0,0,0,0,0,0,0,0,0,0,0,0,0,0,0,0,0,0,0,0
TOWLB-KID-LG-4SET-TECHCLR - DTC,TOWLB-KID-LG-4SET-TECHCLR,DTC,0,0,0,0,0,0,0,0,0,0,0,0,0,0,0,2,0,1,0,0,0,0,0,0,0,0,0,0,0,0,0,0,0,0,0,0,0,0,0,0,0,0,0,0,0,0,0,0,0,0,0,-7.27,0,0,0,0,0,0,0,0,0,0,0,0,0,0,0,0,0,0,0,0
TOWLB-KID-LG-4SETA - DTC,TOWLB-KID-LG-4SETA,DTC,0,0,0,1,1,0,0,0,0,0,0,0,0,0,0,0,0,0,0,0,0,0,0,0,0,0,0,0,0,0,0,0,0,0,0,0,0,0,0,71.4,84,0,0,0,0,0,0,0,0,0,0,0,0,0,0,0,0,0,0,0,0,0,0,0,0,0,0,0,0,0,0,0
TOWLB-KID-LG-4SETA - FBA,TOWLB-KID-LG-4SETA,FBA,1,0,0,0,1,0,0,0,0,0,0,0,0,0,0,0,0,0,0,0,0,0,0,0,0,0,0,0,0,0,0,0,0,0,0,0,64.73,0,0,0,70.82,0,0,0,0,0,0,0,0,0,0,0,0,0,0,0,0,0,0,0,0,0,0,0,0,0,0,0,0,0,0,0
TOWLB-KID-LG-4SETC - FBA,TOWLB-KID-LG-4SETC,FBA,1,0,0,0,0,0,0,0,0,0,0,0,0,0,0,0,0,0,0,0,0,0,0,0,0,0,0,0,0,0,0,0,0,0,0,0,79.16,0,0,0,0,0,0,0,0,0,0,0,0,0,0,0,0,0,0,0,0,0,0,0,0,0,0,0,0,0,0,0,0,0,0,0
TOWLB-KID-LG-4SETD - DTC,TOWLB-KID-LG-4SETD,DTC,0,0,0,0,0,0,0,0,1,2,1,1,0,1,1,2,2,2,3,2,3,0,0,0,2,1,0,0,1,3,2,0,0,0,0,0,0,0,0,0,0,0,0,0,0,-6.25,0,0,0,0,-6.67,-6.67,0,68.75,-9.38,-15.91,55.01,0,0,0,0,0,0,0,0,0,0,0,0,0,0,0
TOWLB-KID-LG-4SETD - FBA,TOWLB-KID-LG-4SETD,FBA,0,0,0,0,0,0,0,0,0,0,0,0,0,0,1,0,0,0,0,0,0,0,0,1,0,0,1,1,0,1,0,0,0,0,0,0,0,0,0,0,0,0,0,0,0,0,0,0,0,0,75,0,0,0,0,0,0,0,0,75,0,0,0,0,0,75,0,0,0,0,0,0
TOWLB-KID-LG-4SETE - DTC,TOWLB-KID-LG-4SETE,DTC,0,0,0,0,0,0,3,3,2,2,1,1,0,0,0,0,0,0,0,0,0,0,0,0,0,0,0,0,0,0,0,0,0,0,0,0,0,0,0,0,0,0,-8.4,-16.8,-7,-7,0,0,0,0,0,0,0,0,0,0,0,0,0,0,0,0,0,0,0,0,0,0,0,0,0,0
TOWLB-KID-LG-4SETH - DTC,TOWLB-KID-LG-4SETH,DTC,2,0,0,0,4,0,0,1,1,1,4,3,3,0,1,7,6,5,11,6,4,1,2,3,0,1,0,2,1,3,10,0,0,0,0,0,139.06,0,0,0,301.28,0,0,-7.72,0,-9.65,64.38,0,-19.1,0,-6.87,127.76,-13.73,0,-28.96,-22.52,-31.22,-7.68,0,153.76,0,0,0,-7.68,0,-7.68,-7.68,0,0,0,0,0
TOWLB-KID-LG-4SETJ - DTC,TOWLB-KID-LG-4SETJ,DTC,0,0,0,0,0,0,0,0,2,1,0,0,0,0,0,0,0,0,0,0,0,0,0,0,0,0,0,0,0,0,0,0,0,0,0,0,0,0,0,0,0,0,0,0,-10.5,0,0,0,0,0,0,0,0,0,0,0,0,0,0,0,0,0,0,0,0,0,0,0,0,0,0,0
TOWLB-KID-LG-4SETK - DTC,TOWLB-KID-LG-4SETK,DTC,0,0,0,0,0,0,0,0,0,0,1,0,0,0,0,0,0,0,0,0,0,0,0,0,0,0,0,0,0,0,0,0,0,0,0,0,0,0,0,0,0,0,0,0,0,0,63,0,0,0,0,0,0,0,0,0,0,0,0,0,0,0,0,0,0,0,0,0,0,0,0,0
TOWLB-KID-LG-6SET-EXPYOU - DTC,TOWLB-KID-LG-6SET-EXPYOU,DTC,0,0,0,0,0,0,0,0,0,0,0,0,0,1,0,3,0,0,0,0,0,0,0,0,0,0,0,0,0,0,0,0,0,0,0,0,0,0,0,0,0,0,0,0,0,0,0,0,0,0,0,0,0,0,0,0,0,0,0,0,0,0,0,0,0,0,0,0,0,0,0,0
TOWLB-KID-LG-6SET-JOYDISC - DTC,TOWLB-KID-LG-6SET-JOYDISC,DTC,0,0,0,0,0,0,0,0,0,0,0,0,0,0,0,2,0,1,0,0,0,0,0,0,0,0,0,0,0,0,0,0,0,0,0,0,0,0,0,0,0,0,0,0,0,0,0,0,0,0,0,-9.45,0,0,0,0,0,0,0,0,0,0,0,0,0,0,0,0,0,0,0,0
TOWLB-KID-LG-6SET-SPLASH - DTC,TOWLB-KID-LG-6SET-SPLASH,DTC,0,0,0,0,0,0,0,0,0,0,0,0,0,0,1,0,0,1,0,0,0,0,0,0,0,0,0,0,0,0,0,0,0,0,0,0,0,0,0,0,0,0,0,0,0,0,0,0,0,0,0,0,0,0,0,0,0,0,0,0,0,0,0,0,0,0,0,0,0,0,0,0
TOWLB-KID-LG-BEACH - DTC,TOWLB-KID-LG-BEACH,DTC,95,117,6,0,8,0,0,0,0,0,0,0,0,0,0,0,0,0,0,0,0,0,0,0,0,0,0,0,0,0,0,0,0,0,0,0,1164.76,1383.04,78.67,0,144.92,0,0,0,0,0,0,0,0,0,0,0,0,0,0,0,0,0,0,0,0,0,0,0,0,0,0,0,0,0,0,0
TOWLB-KID-LG-BIKE - B2B,TOWLB-KID-LG-BIKE,B2B,0,0,0,15,1,34,0,0,0,0,0,0,0,0,0,0,0,4,0,12,0,0,0,0,0,0,0,0,0,0,0,0,0,0,0,0,0,0,0,122.55,8.17,231.48,0,0,0,0,0,0,0,0,0,0,0,43.15,0,125.88,0,0,0,0,0,0,0,0,0,0,0,0,0,0,0,0
TOWLB-KID-LG-BIKE - DTC,TOWLB-KID-LG-BIKE,DTC,32,31,23,24,7,7,7,239,6,1,13,106,913,2,8,5,7,4,13,209,0,0,4,52,0,0,0,0,0,0,0,0,0,0,0,0,353.38,375.31,310.34,338.61,117.94,136.8,121.2,2041.9,107.16,16.8,134.14,752.09,6617.88,37.26,162.05,72.6,127.28,75,234.9,1545.39,0,0,37.48,465.32,0,0,0,0,0,0,0,0,0,0,0,0
TOWLB-KID-LG-BIKE - FBA,TOWLB-KID-LG-BIKE,FBA,5,3,6,4,10,8,13,21,5,6,23,7,1,3,1,3,8,2,7,3,2,0,2,0,0,0,1,1,1,5,8,0,0,0,0,0,80.01,41.01,84.86,55.49,160.01,125.71,189.39,320.03,81.65,91.3,222.18,95.51,16.33,48.99,16.33,40.81,119.64,35.71,119.48,56.01,44,0,31.74,0,0,0,27.49,27.49,22,107.79,166.94,0,0,0,0,0
TOWLB-KID-LG-BOAT - B2B,TOWLB-KID-LG-BOAT,B2B,2,0,0,12,1,11,2,2,0,0,0,0,0,0,0,0,0,0,0,0,0,0,0,0,0,0,0,0,0,0,0,0,0,0,0,0,22.15,0,0,102.68,8.17,74.89,23.32,20.98,0,0,0,0,0,0,0,0,0,0,0,0,0,0,0,0,0,0,0,0,0,0,0,0,0,0,0,0
TOWLB-KID-LG-BOAT - DTC,TOWLB-KID-LG-BOAT,DTC,114,118,79,81,31,23,24,35,7,2,91,334,248,0,2,0,4,8,9,0,0,0,1,0,0,0,0,0,0,0,0,0,0,0,0,0,1379.95,1408.37,1045.59,1146.38,528.27,438,426.57,597.71,120.06,34.54,942.24,2598.59,1809.14,0,38.7,0,61.6,154.38,160.58,0,0,0,8.25,0,0,0,0,0,0,0,0,0,0,0,0,0
TOWLB-KID-LG-BOAT - FBA,TOWLB-KID-LG-BOAT,FBA,0,2,1,2,1,1,3,4,1,0,1,1,1,0,0,2,2,7,11,6,2,0,0,1,0,1,0,3,14,25,11,0,0,0,0,0,0,48.46,23.33,37.3,18.36,23.33,55.96,87.48,23.33,0,18.18,18.33,25.4,0,0,41.98,46.98,123.45,181.83,91.35,44,0,0,27.26,0,27.49,0,63.79,290.39,446.68,224.36,0,0,0,0,0
TOWLB-KID-LG-BUILDBCH - B2B,TOWLB-KID-LG-BUILDBCH,B2B,0,0,0,0,0,0,0,0,0,0,0,0,2,1,0,20,0,3,6,0,0,0,0,0,0,0,0,0,0,0,0,0,0,0,0,0,0,0,0,0,0,0,0,0,0,0,0,0,22.78,1760.66,0,536.14,0,36.23,69.96,0,0,0,0,0,0,0,0,0,0,0,0,0,0,0,0,0
TOWLB-KID-LG-BUILDBCH - DTC,TOWLB-KID-LG-BUILDBCH,DTC,0,0,0,0,0,0,0,0,0,0,0,0,0,2,3,10,11,20,25,0,0,0,11,0,0,0,0,0,0,0,0,0,0,0,0,0,0,0,0,0,0,0,0,0,0,0,0,0,0,42.42,63,167.66,212.16,393.66,479.06,0,0,0,161.37,0,0,0,0,0,0,0,0,0,0,0,0,0
TOWLB-KID-LG-BUILDBCH - FBA,TOWLB-KID-LG-BUILDBCH,FBA,0,0,0,0,0,0,0,0,0,0,0,0,0,0,7,3,6,7,65,34,28,5,47,15,11,7,2,0,0,0,0,0,0,0,0,0,0,0,0,0,0,0,0,0,0,0,0,0,0,0,153.98,69.99,125.61,151.62,1366.02,748.18,637.45,120.95,753.32,327.19,291.78,192.43,54.98,0,0,0,0,0,0,0,0,0
TOWLB-KID-LG-CAMO - B2B,TOWLB-KID-LG-CAMO,B2B,0,0,1,7,5,3,0,0,0,0,0,0,0,0,0,4,0,0,0,0,0,0,0,0,0,0,0,0,0,0,0,0,0,0,0,0,0,0,16,33.23,58.3,33.07,0,0,0,0,0,0,0,0,0,46.64,0,0,0,0,0,0,0,0,0,0,0,0,0,0,0,0,0,0,0,0
TOWLB-KID-LG-CAMO - DTC,TOWLB-KID-LG-CAMO,DTC,9,12,30,27,37,20,51,86,29,28,248,265,158,0,17,29,1,0,0,0,0,0,0,0,0,0,0,0,0,0,0,0,0,0,0,0,173.41,252.69,602.42,520.95,797.29,417.4,1088.12,1524.29,528.13,496.53,2555.71,2888.18,1803.43,0,289.03,453.86,16.8,0,0,0,0,0,0,0,0,0,0,0,0,0,0,0,0,0,0,0
TOWLB-KID-LG-CAMO - FBA,TOWLB-KID-LG-CAMO,FBA,0,1,0,2,3,3,12,12,10,9,55,17,7,3,12,11,26,16,35,23,0,0,0,0,0,0,0,0,0,0,0,0,0,0,0,0,0,25.16,0,38.47,69.99,67.65,248.73,253.06,191.35,162.77,564.98,225.77,130.69,56.01,201.63,194.13,444.25,286.03,589.75,383.58,0,0,0,0,0,0,0,0,0,0,0,0,0,0,0,0
TOWLB-KID-LG-CHECKOUT - B2B,TOWLB-KID-LG-CHECKOUT,B2B,0,0,0,0,0,0,0,0,0,0,0,0,0,0,0,0,0,0,0,0,0,0,0,0,0,440,2,206,42,15,71,0,0,0,0,0,0,0,0,0,0,0,0,0,0,0,0,0,0,0,0,0,0,0,0,0,0,0,0,0,0,7565.79,20.22,2212.2,524.13,206.25,1625.77,0,0,0,0,0
TOWLB-KID-LG-CHECKOUT - DTC,TOWLB-KID-LG-CHECKOUT,DTC,0,0,0,0,0,0,0,0,0,0,0,0,0,0,0,0,0,0,0,0,0,0,0,0,0,0,5,5,16,16,33,0,0,0,0,0,0,0,0,0,0,0,0,0,0,0,0,0,0,0,0,0,0,0,0,0,0,0,0,0,0,0,116.88,129.19,414.06,367.98,722.36,0,0,0,0,0
TOWLB-KID-LG-CHECKOUT - FBA,TOWLB-KID-LG-CHECKOUT,FBA,0,0,0,0,0,0,0,0,0,0,0,0,0,0,0,0,0,0,0,0,0,0,0,0,0,0,1,5,1,12,2,0,0,0,0,0,0,0,0,0,0,0,0,0,0,0,0,0,0,0,0,0,0,0,0,0,0,0,0,0,0,0,30.07,148.36,30.07,305.09,53.16,0,0,0,0,0
TOWLB-KID-LG-CROC - B2B,TOWLB-KID-LG-CROC,B2B,0,2,2,9,1,0,10,4,1,0,0,8,2,0,0,4,0,12,0,0,0,0,0,0,0,0,0,0,0,0,0,0,0,0,0,0,0,22.15,24.11,77.23,12.82,0,116.6,46.64,11.33,0,0,69.96,22.15,0,0,46.64,0,110.9,0,0,0,0,0,0,0,0,0,0,0,0,0,0,0,0,0,0
TOWLB-KID-LG-CROC - DTC,TOWLB-KID-LG-CROC,DTC,6,21,31,26,66,46,74,87,49,26,180,206,257,38,86,100,100,113,34,0,0,0,1,0,0,0,0,0,0,0,0,0,0,0,0,0,125.06,463.32,648.47,552.18,1457.9,980.02,1584.27,1657.95,898.57,471.25,1929.58,2429.94,3108.65,690.46,1504.68,1671.92,1854.71,2048.48,623.58,0,0,0,19.8,0,0,0,0,0,0,0,0,0,0,0,0,0
TOWLB-KID-LG-CROC - FBA,TOWLB-KID-LG-CROC,FBA,0,0,0,3,0,0,0,0,0,0,0,0,0,0,0,0,0,0,0,0,0,0,0,0,0,0,0,0,0,0,0,0,0,0,0,0,0,0,0,77.82,0,0,0,0,0,0,0,0,0,0,0,0,0,0,0,0,0,0,0,0,0,0,0,0,0,0,0,0,0,0,0,0
TOWLB-KID-LG-CROC-FBA - FBA,TOWLB-KID-LG-CROC-FBA,FBA,0,0,0,0,0,0,0,19,20,25,13,0,0,0,0,0,0,0,0,0,0,0,0,0,0,0,0,0,0,0,0,0,0,0,0,0,0,0,0,0,0,0,0,410.61,387.36,464.45,218.72,0,0,0,0,0,0,0,0,0,0,0,0,0,0,0,0,0,0,0,0,0,0,0,0,0
TOWLB-KID-LG-DOODMOOD - B2B,TOWLB-KID-LG-DOODMOOD,B2B,0,2,7,6,12,13,16,7,3,0,0,0,0,0,0,1,0,0,0,0,0,0,0,0,0,0,0,0,0,0,0,0,0,0,0,0,0,22.15,84.08,56.55,142.08,154.13,186.56,84.93,35.62,0,0,0,0,0,0,10.9,0,0,0,0,0,0,0,0,0,0,0,0,0,0,0,0,0,0,0,0
TOWLB-KID-LG-DOODMOOD - DTC,TOWLB-KID-LG-DOODMOOD,DTC,0,7,17,14,23,26,38,100,62,20,39,5,0,5,26,25,0,0,0,0,0,0,0,0,0,0,0,0,0,0,0,0,0,0,0,0,0,148.82,369.45,300.51,516.69,574.38,826.17,1703.12,1100.17,382.08,473.72,98.14,0,87.04,480.45,457.35,0,0,0,0,0,0,0,0,0,0,0,0,0,0,0,0,0,0,0,0
TOWLB-KID-LG-DOODMOOD - FBA,TOWLB-KID-LG-DOODMOOD,FBA,0,0,0,8,18,22,39,37,31,11,19,0,0,0,23,37,31,0,0,0,0,0,0,0,0,0,0,0,0,0,0,0,0,0,0,0,0,0,0,186.12,411.15,456.04,808.51,828.89,594.56,247.47,312.65,0,0,0,417.75,640.12,562.5,0,0,0,0,0,0,0,0,0,0,0,0,0,0,0,0,0,0,0
TOWLB-KID-LG-FIVEDAY - B2B,TOWLB-KID-LG-FIVEDAY,B2B,0,8,4,2,2,0,2,8,0,6,0,0,0,0,0,0,0,0,0,0,0,0,0,0,0,0,0,0,0,0,0,0,0,0,0,0,0,88.69,47.52,22,24.59,0,23.32,99.28,0,65.19,0,0,0,0,0,0,0,0,0,0,0,0,0,0,0,0,0,0,0,0,0,0,0,0,0,0
TOWLB-KID-LG-FIVEDAY - DTC,TOWLB-KID-LG-FIVEDAY,DTC,0,3,9,8,14,10,10,13,5,7,69,41,2,1,22,10,0,0,0,0,0,0,5,0,0,0,0,0,0,0,0,0,0,0,0,0,0,63.23,184.64,171.33,314.48,193.66,207.65,232.74,85.72,123.01,714.39,421.42,26.8,15.87,394.76,182.45,0,0,0,0,0,0,108.93,0,0,0,0,0,0,0,0,0,0,0,0,0
TOWLB-KID-LG-FIVEDAY - FBA,TOWLB-KID-LG-FIVEDAY,FBA,0,0,0,0,2,6,6,11,13,11,41,9,2,0,11,10,23,1,0,0,0,0,0,0,0,0,0,0,0,0,0,0,0,0,0,0,0,0,0,0,45.66,156.25,122.51,244.95,247.36,206.65,451.37,134.84,37.34,0,182.94,176.43,405.78,14.93,0,0,0,0,0,0,0,0,0,0,0,0,0,0,0,0,0,0
TOWLB-KID-LG-FLAM - B2B,TOWLB-KID-LG-FLAM,B2B,0,3,3,11,2,2,10,3,1,0,2,0,0,0,0,0,0,0,0,0,0,0,0,0,0,0,0,0,0,0,0,0,0,0,0,0,0,33.23,35.86,100.55,25.09,23.32,116.6,35.71,11.33,0,20.98,0,0,0,0,0,0,0,0,0,0,0,0,0,0,0,0,0,0,0,0,0,0,0,0,0
TOWLB-KID-LG-FLAM - DTC,TOWLB-KID-LG-FLAM,DTC,7,25,48,40,80,59,79,116,63,48,247,75,61,13,12,0,0,29,1,0,0,0,0,0,0,0,0,0,0,0,0,0,0,0,0,0,160.74,566.76,1031.52,886.49,1748.08,1249.9,1703.96,2182.98,1150.28,880.53,2669.92,1007.36,840.37,243,211.83,0,0,534.47,16.8,0,0,0,0,0,0,0,0,0,0,0,0,0,0,0,0,0
TOWLB-KID-LG-FLAM - FBA,TOWLB-KID-LG-FLAM,FBA,0,0,0,7,0,0,0,0,0,0,0,0,0,0,0,0,0,0,0,0,0,0,0,0,0,0,0,0,0,0,0,0,0,0,0,0,0,0,0,162.78,0,0,0,0,0,0,0,0,0,0,0,0,0,0,0,0,0,0,0,0,0,0,0,0,0,0,0,0,0,0,0,0
TOWLB-KID-LG-FLAM-FBA - FBA,TOWLB-KID-LG-FLAM-FBA,FBA,0,0,0,0,0,0,0,35,34,11,0,0,0,0,0,0,0,0,0,0,0,0,0,0,0,0,0,0,0,0,0,0,0,0,0,0,0,0,0,0,0,0,0,783.05,658.46,207.17,0,0,0,0,0,0,0,0,0,0,0,0,0,0,0,0,0,0,0,0,0,0,0,0,0,0
TOWLB-KID-LG-GVCLUB - B2B,TOWLB-KID-LG-GVCLUB,B2B,0,0,0,0,0,0,0,0,0,0,0,0,0,0,0,0,0,0,0,0,0,0,0,0,0,0,8,6,2,76,6,0,0,0,0,0,0,0,0,0,0,0,0,0,0,0,0,0,0,0,0,0,0,0,0,0,0,0,0,0,0,2475,98.64,78.42,20.88,1031.25,74.22,0,0,0,0,0
TOWLB-KID-LG-GVCLUB - DTC,TOWLB-KID-LG-GVCLUB,DTC,0,0,0,0,0,0,0,0,0,0,0,0,0,0,0,0,0,0,0,0,0,0,0,0,0,2,16,42,29,53,72,0,0,0,0,0,0,0,0,0,0,0,0,0,0,0,0,0,0,0,0,0,0,0,0,0,0,0,0,0,0,55.58,423.45,486.54,692.78,1238.49,1514.1,0,0,0,0,0
TOWLB-KID-LG-GVCLUB - FBA,TOWLB-KID-LG-GVCLUB,FBA,0,0,0,0,0,0,0,0,0,0,0,0,0,0,0,0,0,0,0,0,0,0,0,0,0,0,0,6,12,20,5,0,0,0,0,0,0,0,0,0,0,0,0,0,0,0,0,0,0,0,0,0,0,0,0,0,0,0,0,0,0,0,0,182.52,355.26,531.34,136.53,0,0,0,0,0
TOWLB-KID-LG-INTOWILD - B2B,TOWLB-KID-LG-INTOWILD,B2B,0,0,0,0,0,0,0,0,0,0,0,0,0,0,0,0,0,0,0,0,0,0,0,0,0,6,14,12,8,0,6,0,0,0,0,0,0,0,0,0,0,0,0,0,0,0,0,0,0,0,0,0,0,0,0,0,0,0,0,0,0,82.5,181.14,160.92,103.38,0,74.22,0,0,0,0,0
TOWLB-KID-LG-INTOWILD - DTC,TOWLB-KID-LG-INTOWILD,DTC,0,0,0,0,0,0,0,0,0,0,0,0,0,0,0,0,0,0,0,0,0,0,0,0,0,14,17,22,27,31,63,0,0,0,0,0,0,0,0,0,0,0,0,0,0,0,0,0,0,0,0,0,0,0,0,0,0,0,0,0,0,377.13,429.32,331.33,670.09,711.78,1332.37,0,0,0,0,0
TOWLB-KID-LG-INTOWILD - FBA,TOWLB-KID-LG-INTOWILD,FBA,0,0,0,0,0,0,0,0,0,0,0,0,0,0,0,0,0,0,0,0,0,0,0,0,0,0,0,2,7,18,7,0,0,0,0,0,0,0,0,0,0,0,0,0,0,0,0,0,0,0,0,0,0,0,0,0,0,0,0,0,0,0,0,58.15,187.79,457.84,178.93,0,0,0,0,0
TOWLB-KID-LG-JELLY - B2B,TOWLB-KID-LG-JELLY,B2B,0,0,0,0,0,0,0,0,0,0,0,0,0,0,0,0,0,0,0,0,0,0,0,0,0,0,0,12,6,0,0,0,0,0,0,0,0,0,0,0,0,0,0,0,0,0,0,0,0,0,0,0,0,0,0,0,0,0,0,0,0,2475,0,160.92,82.5,0,0,0,0,0,0,0
TOWLB-KID-LG-JELLY - DTC,TOWLB-KID-LG-JELLY,DTC,0,0,0,0,0,0,0,0,0,0,0,0,0,0,0,0,0,0,0,0,0,0,0,0,0,5,24,31,32,38,63,0,0,0,0,0,0,0,0,0,0,0,0,0,0,0,0,0,0,0,0,0,0,0,0,0,0,0,0,0,0,109.21,584.71,740.35,781.82,912.23,1385.59,0,0,0,0,0
TOWLB-KID-LG-JELLY - FBA,TOWLB-KID-LG-JELLY,FBA,0,0,0,0,0,0,0,0,0,0,0,0,0,0,0,0,0,0,0,0,0,0,0,0,0,0,3,3,7,17,5,0,0,0,0,0,0,0,0,0,0,0,0,0,0,0,0,0,0,0,0,0,0,0,0,0,0,0,0,0,0,0,92.07,80.63,202.56,452.73,145.02,0,0,0,0,0
TOWLB-KID-LG-KARMCHAM - B2B,TOWLB-KID-LG-KARMCHAM,B2B,0,0,0,0,0,0,0,0,0,0,0,0,5,4,10,4,7,8,1,18,0,0,0,0,0,0,0,0,0,0,0,0,0,0,0,0,0,0,0,0,0,0,0,0,0,0,0,0,68.42,48.92,116.6,361.24,77.69,92.67,11.66,209.88,0,0,0,0,0,0,0,0,0,0,0,0,0,0,0,0
TOWLB-KID-LG-KARMCHAM - DTC,TOWLB-KID-LG-KARMCHAM,DTC,0,0,0,0,0,0,0,0,0,0,0,0,0,16,19,47,87,48,51,18,0,0,2,0,0,0,0,0,0,0,0,0,0,0,0,0,0,0,0,0,0,0,0,0,0,0,0,0,0,334.54,388.07,1030.49,1700.68,943.57,1024.22,385.57,0,0,39.6,0,0,0,0,0,0,0,0,0,0,0,0,0
TOWLB-KID-LG-KARMCHAM - FBA,TOWLB-KID-LG-KARMCHAM,FBA,0,0,0,0,0,0,0,0,0,0,0,0,0,0,17,4,25,25,55,67,46,2,1,0,0,0,0,0,0,0,0,0,0,0,0,0,0,0,0,0,0,0,0,0,0,0,0,0,0,0,366.29,79.3,517.7,538.5,1089.5,1403.95,1016.6,54.98,15.13,0,0,0,0,0,0,0,0,0,0,0,0,0
TOWLB-KID-LG-LEOP - B2B,TOWLB-KID-LG-LEOP,B2B,0,2,0,0,0,0,0,0,0,0,0,0,0,0,0,0,0,0,0,0,0,0,0,0,0,0,0,0,0,0,0,0,0,0,0,0,0,22.15,0,0,0,0,0,0,0,0,0,0,0,0,0,0,0,0,0,0,0,0,0,0,0,0,0,0,0,0,0,0,0,0,0,0
TOWLB-KID-LG-LEOP - DTC,TOWLB-KID-LG-LEOP,DTC,26,3,2,0,0,3,1,0,0,0,0,0,0,0,0,0,0,0,0,0,0,0,0,0,0,0,0,0,0,0,0,0,0,0,0,0,376.1,42.67,27.99,0,0,60.81,17.69,0,0,0,0,0,0,0,0,0,0,0,0,0,0,0,0,0,0,0,0,0,0,0,0,0,0,0,0,0
TOWLB-KID-LG-PEACH - B2B,TOWLB-KID-LG-PEACH,B2B,0,0,0,37,0,73,5,1,1,0,0,0,0,0,0,4,0,0,0,0,0,0,0,0,0,0,0,0,0,0,0,0,0,0,0,0,0,0,0,302.29,0,497.01,58.3,11.66,11.33,0,0,0,0,0,0,46.64,0,0,0,0,0,0,0,0,0,0,0,0,0,0,0,0,0,0,0,0
TOWLB-KID-LG-PEACH - DTC,TOWLB-KID-LG-PEACH,DTC,85,110,78,98,29,11,32,81,8,4,45,280,144,0,0,0,1,0,0,0,0,0,0,0,0,0,0,0,0,0,0,0,0,0,0,0,1008.82,1386.04,1053.24,1412.18,484.5,197.36,558.38,1045.33,134.19,73.13,511.94,2135.68,1082.4,0,0,0,22,0,0,0,0,0,0,0,0,0,0,0,0,0,0,0,0,0,0,0
TOWLB-KID-LG-PEACH - FBA,TOWLB-KID-LG-PEACH,FBA,17,9,14,24,48,7,23,23,19,22,45,14,32,35,40,34,18,0,0,0,0,0,0,0,0,0,0,0,0,0,0,0,0,0,0,0,219.75,129.74,209.55,365.75,726.21,115.35,326.48,371.49,310.26,352.57,540.22,219.08,526.45,581.23,632.42,525.64,275.92,0,0,0,0,0,0,0,0,0,0,0,0,0,0,0,0,0,0,0
TOWLB-KID-LG-POWER - B2B,TOWLB-KID-LG-POWER,B2B,0,0,2,9,0,5,0,3,1,0,0,0,0,0,0,0,0,0,0,0,0,0,0,0,0,0,0,0,0,0,0,0,0,0,0,0,0,0,24.2,55.23,0,56.39,0,34.98,11.33,0,0,0,0,0,0,0,0,0,0,0,0,0,0,0,0,0,0,0,0,0,0,0,0,0,0,0
TOWLB-KID-LG-POWER - DTC,TOWLB-KID-LG-POWER,DTC,5,5,5,3,13,5,15,30,17,10,86,289,3,0,17,30,0,0,0,0,0,0,0,0,0,0,0,0,0,0,0,0,0,0,0,0,86.58,87.62,61.83,44.33,236.85,116.25,341.4,571.77,302.09,179.13,881.99,2435.02,23.63,0,301.05,487.78,0,0,0,0,0,0,0,0,0,0,0,0,0,0,0,0,0,0,0,0
TOWLB-KID-LG-POWER - FBA,TOWLB-KID-LG-POWER,FBA,1,3,0,2,4,6,5,7,13,5,64,29,11,1,6,7,8,0,0,0,0,0,0,0,0,0,0,0,0,0,0,0,0,0,0,0,22.17,58.82,0,42,89.12,116.67,98.01,153.3,242.71,91.35,575.85,404.63,209.53,18.67,108.28,119.48,147.49,0,0,0,0,0,0,0,0,0,0,0,0,0,0,0,0,0,0,0
TOWLB-KID-LG-POWPOS - B2B,TOWLB-KID-LG-POWPOS,B2B,0,0,0,0,0,0,0,0,0,0,0,0,4,4,2,1,9,7,1,0,0,0,0,0,0,0,0,0,0,0,0,0,0,0,0,0,0,0,0,0,0,0,0,0,0,0,0,0,45.08,44.32,23.32,326.26,98.68,81.62,11.66,0,0,0,0,0,0,0,0,0,0,0,0,0,0,0,0,0
TOWLB-KID-LG-POWPOS - DTC,TOWLB-KID-LG-POWPOS,DTC,0,0,0,0,0,0,0,0,0,0,0,0,0,9,4,20,10,13,12,0,0,0,3,0,0,0,0,0,0,0,0,0,0,0,0,0,0,0,0,0,0,0,0,0,0,0,0,0,0,185.15,79.13,406.67,227.03,271.73,269.24,0,0,0,61.08,0,0,0,0,0,0,0,0,0,0,0,0,0
TOWLB-KID-LG-POWPOS - FBA,TOWLB-KID-LG-POWPOS,FBA,0,0,0,0,0,0,0,0,0,0,0,0,0,1,16,6,22,46,30,0,0,0,0,0,0,0,0,0,0,0,0,0,0,0,0,0,0,0,0,0,0,0,0,0,0,0,0,0,0,23.33,340.09,130.63,456.96,1004.35,660.89,0,0,0,0,0,0,0,0,0,0,0,0,0,0,0,0,0
TOWLB-KID-LG-RAINB - B2B,TOWLB-KID-LG-RAINB,B2B,0,0,0,8,0,7,0,0,0,0,0,0,0,0,0,0,0,4,0,0,0,0,0,0,0,0,0,0,0,0,0,0,0,0,0,0,0,0,0,71.02,0,52.51,0,0,0,0,0,0,0,0,0,0,0,32.68,0,0,0,0,0,0,0,0,0,0,0,0,0,0,0,0,0,0
TOWLB-KID-LG-RAINB - DTC,TOWLB-KID-LG-RAINB,DTC,57,82,41,61,28,18,12,309,9,6,39,239,280,1,25,28,27,4,6,0,0,0,1,0,0,0,0,0,0,0,0,0,0,0,0,0,672.13,1016.22,557.12,824.54,461.8,304.02,204.62,2729.5,133.5,112.77,389.67,1851.68,2056.69,15.13,444.01,468.91,488.32,68.92,107.99,0,0,0,18.7,0,0,0,0,0,0,0,0,0,0,0,0,0
TOWLB-KID-LG-RAINB - FBA,TOWLB-KID-LG-RAINB,FBA,10,11,10,13,12,0,26,26,10,12,36,10,8,12,13,15,24,9,21,8,3,1,0,1,0,2,1,2,10,9,1,0,0,0,0,0,134.92,163.33,134.99,170.97,161.99,0,349.67,370.47,150,172.98,335.83,119.36,120,180,195.09,200.94,337.64,151.19,302.74,129.29,68.16,27.49,0,17.73,0,54.98,27.49,41.8,206.78,175.06,20.89,0,0,0,0,0
TOWLB-KID-LG-REEF - B2B,TOWLB-KID-LG-REEF,B2B,0,3,0,0,0,0,0,0,0,0,0,0,0,0,0,0,0,0,0,0,0,0,0,0,0,0,0,0,0,0,0,0,0,0,0,0,0,33.23,0,0,0,0,0,0,0,0,0,0,0,0,0,0,0,0,0,0,0,0,0,0,0,0,0,0,0,0,0,0,0,0,0,0
TOWLB-KID-LG-REEF - DTC,TOWLB-KID-LG-REEF,DTC,0,0,0,1,0,0,0,0,0,0,0,0,0,0,0,0,0,0,0,0,0,0,0,0,0,0,0,0,0,0,0,0,0,0,0,0,0,0,0,0,0,0,0,0,0,0,0,0,0,0,0,0,0,0,0,0,0,0,0,0,0,0,0,0,0,0,0,0,0,0,0,0
TOWLB-KID-LG-SANDSTRT - B2B,TOWLB-KID-LG-SANDSTRT,B2B,0,0,0,0,0,0,0,0,0,0,0,0,2,0,0,2,0,3,2,0,0,0,0,0,0,0,0,0,0,0,0,0,0,0,0,0,0,0,0,0,0,0,0,0,0,0,0,0,22.78,0,0,337.92,0,34.98,23.32,0,0,0,0,0,0,0,0,0,0,0,0,0,0,0,0,0
TOWLB-KID-LG-SANDSTRT - DTC,TOWLB-KID-LG-SANDSTRT,DTC,0,0,0,0,0,0,0,0,0,0,0,0,0,5,6,21,42,29,9,0,0,0,1,0,0,0,0,0,0,0,0,0,0,0,0,0,0,0,0,0,0,0,0,0,0,0,0,0,0,97.65,125.11,435.05,796.83,553.32,184.58,0,0,0,19.25,0,0,0,0,0,0,0,0,0,0,0,0,0
TOWLB-KID-LG-SANDSTRT - FBA,TOWLB-KID-LG-SANDSTRT,FBA,0,0,0,0,0,0,0,0,0,0,0,0,0,1,0,0,2,5,36,15,5,2,6,7,6,0,3,7,0,0,0,0,0,0,0,0,0,0,0,0,0,0,0,0,0,0,0,0,0,23.33,0,0,44.32,104.95,763.36,319.56,110,45.81,90.78,184.79,156.69,0,74.23,148.47,0,0,0,0,0,0,0,0
TOWLB-KID-LG-SKATER - B2B,TOWLB-KID-LG-SKATER,B2B,0,0,0,0,0,0,0,0,0,0,0,0,0,0,0,0,0,0,0,0,0,0,0,0,0,0,6,0,0,0,0,0,0,0,0,0,0,0,0,0,0,0,0,0,0,0,0,0,0,0,0,0,0,0,0,0,0,0,0,0,0,0,78.42,0,0,0,0,0,0,0,0,0
TOWLB-KID-LG-SKATER - DTC,TOWLB-KID-LG-SKATER,DTC,0,0,0,0,0,0,0,0,0,0,0,0,0,0,0,0,0,0,0,0,0,0,0,0,0,6,18,12,41,48,62,0,0,0,0,0,0,0,0,0,0,0,0,0,0,0,0,0,0,0,0,0,0,0,0,0,0,0,0,0,0,153.8,467.09,303.89,1059.85,1119.23,1319.4,0,0,0,0,0
TOWLB-KID-LG-SKATER - FBA,TOWLB-KID-LG-SKATER,FBA,0,0,0,0,0,0,0,0,0,0,0,0,0,0,0,0,0,0,0,0,0,0,0,0,0,0,0,0,2,8,3,0,0,0,0,0,0,0,0,0,0,0,0,0,0,0,0,0,0,0,0,0,0,0,0,0,0,0,0,0,0,0,0,0,60.14,178.44,82.47,0,0,0,0,0
TOWLB-KID-LG-SQUIG - DTC,TOWLB-KID-LG-SQUIG,DTC,188,7,5,0,0,0,0,0,0,0,0,0,0,0,0,0,0,0,0,0,5,4,67,0,0,0,0,0,0,0,0,0,0,0,0,0,2275.15,72.82,67.44,0,0,0,0,0,0,0,0,0,0,0,0,0,0,0,0,0,103.88,82.5,634.73,0,0,0,0,0,0,0,0,0,0,0,0,0
TOWLB-KID-LG-SQUIG - FBA,TOWLB-KID-LG-SQUIG,FBA,4,2,3,1,5,5,9,3,0,0,34,0,0,0,0,0,0,0,0,0,0,0,0,0,0,0,0,0,0,0,0,0,0,0,0,0,93.32,46.21,65.22,18.67,116.65,116.65,186.67,74.15,0,0,329.46,0,0,0,0,0,0,0,0,0,0,0,0,0,0,0,0,0,0,0,0,0,0,0,0,0
TOWLB-KID-LG-SUNS - B2B,TOWLB-KID-LG-SUNS,B2B,0,0,1,37,0,67,0,0,0,0,0,0,0,0,0,0,1,0,0,0,0,0,0,0,0,0,0,0,0,0,0,0,0,0,0,0,0,0,11.2,302.29,0,456.16,0,0,0,0,0,0,0,0,0,0,11.66,0,0,0,0,0,0,0,0,0,0,0,0,0,0,0,0,0,0,0
TOWLB-KID-LG-SUNS - DTC,TOWLB-KID-LG-SUNS,DTC,39,58,35,51,13,13,26,79,8,4,20,180,821,0,0,0,2,0,0,0,0,0,0,0,0,0,0,0,0,0,0,0,0,0,0,0,481.79,682.91,438.48,692.01,190.92,207.56,451.71,1034.32,108.97,70.53,213.32,1294.89,6032.65,0,0,0,35.47,0,0,0,0,0,0,0,0,0,0,0,0,0,0,0,0,0,0,0
TOWLB-KID-LG-SUNS - FBA,TOWLB-KID-LG-SUNS,FBA,3,2,6,5,5,4,15,6,6,8,27,11,4,1,11,12,14,3,0,0,0,0,0,0,0,0,0,0,0,0,0,0,0,0,0,0,8.97,25.54,92.3,68.57,62.04,62.06,213.87,97.98,97.98,106.09,222.35,132.37,65.32,16.33,176.22,174.71,207.34,49,0,0,0,0,0,0,0,0,0,0,0,0,0,0,0,0,0,0
TOWLB-KID-LG-TURTROP - B2B,TOWLB-KID-LG-TURTROP,B2B,0,0,0,0,0,0,0,0,0,0,0,1,2,4,12,6,8,6,7,17,0,0,0,0,0,0,0,0,0,0,0,0,0,0,0,0,0,0,0,0,0,0,0,0,0,0,0,0,22.78,1501.82,139.92,384.56,94.43,71.21,81.62,198.22,0,0,0,0,0,0,0,0,0,0,0,0,0,0,0,0
TOWLB-KID-LG-TURTROP - DTC,TOWLB-KID-LG-TURTROP,DTC,0,0,0,0,0,0,0,0,0,0,0,0,0,13,28,48,48,67,39,25,0,2,1,0,0,0,0,0,0,0,0,0,0,0,0,0,0,0,0,0,0,0,0,0,0,0,0,0,0,295.61,585.77,903.68,905.42,1299.34,807.25,500.01,0,44,15.4,0,0,0,0,0,0,0,0,0,0,0,0,0
TOWLB-KID-LG-TURTROP - FBA,TOWLB-KID-LG-TURTROP,FBA,0,0,0,0,0,0,0,0,0,0,0,0,0,1,16,22,29,44,131,54,58,17,0,0,0,0,0,0,0,0,0,0,0,0,0,0,0,0,0,0,0,0,0,0,0,0,0,0,0,27.49,352.26,484.34,627.49,982.74,2698.32,1164.87,1322.46,424.72,0,0,0,0,0,0,0,0,0,0,0,0,0,0
TOWLB-KID-LG-TUTTI - B2B,TOWLB-KID-LG-TUTTI,B2B,0,0,4,75,9,70,0,0,0,0,0,0,0,0,0,0,0,0,0,0,0,0,0,0,0,0,0,0,0,0,0,0,0,0,0,0,0,0,43.38,612.75,73.53,476.58,0,0,0,0,0,0,0,0,0,0,0,0,0,0,0,0,0,0,0,0,0,0,0,0,0,0,0,0,0,0
TOWLB-KID-LG-TUTTI - DTC,TOWLB-KID-LG-TUTTI,DTC,123,155,76,98,32,14,0,0,0,0,0,0,0,0,0,0,0,0,0,0,0,0,0,0,0,0,0,0,0,0,0,0,0,0,0,0,1487.95,1872.93,1045.62,1397.14,495.67,233.7,0,0,0,0,0,0,0,0,0,0,0,0,0,0,0,0,0,0,0,0,0,0,0,0,0,0,0,0,0,0
TOWLB-KID-LG-TUTTI - FBA,TOWLB-KID-LG-TUTTI,FBA,2,2,7,8,20,14,11,0,0,0,0,0,0,0,0,0,0,0,0,0,0,0,0,0,0,0,0,0,0,0,0,0,0,0,0,0,0,32.66,101.23,114.3,297.06,219.49,153.43,0,0,0,0,0,0,0,0,0,0,0,0,0,0,0,0,0,0,0,0,0,0,0,0,0,0,0,0,0
TOWLB-KID-MD-4SET-CALMCRZY - DTC,TOWLB-KID-MD-4SET-CALMCRZY,DTC,0,0,0,0,0,0,0,0,0,0,0,0,0,0,0,0,2,1,2,6,0,1,0,0,0,0,0,0,0,0,0,0,0,0,0,0,0,0,0,0,0,0,0,0,0,0,0,0,0,0,0,0,0,0,-6,-25.32,0,59.63,0,0,0,0,0,0,0,0,0,0,0,0,0,0
TOWLB-KID-MD-4SET-CHAOS - DTC,TOWLB-KID-MD-4SET-CHAOS,DTC,0,0,0,0,0,0,0,0,0,0,0,0,0,1,3,5,3,0,0,0,0,0,0,0,0,0,0,0,0,0,0,0,0,0,0,0,0,0,0,0,0,0,0,0,0,0,0,0,0,-6.4,-6.68,132.17,0,0,0,0,0,0,0,0,0,0,0,0,0,0,0,0,0,0,0,0
TOWLB-KID-MD-4SET-COOLKID - DTC,TOWLB-KID-MD-4SET-COOLKID,DTC,0,0,0,0,0,0,0,0,0,0,0,0,0,0,1,0,0,1,1,0,0,0,2,0,0,0,0,0,0,0,0,0,0,0,0,0,0,0,0,0,0,0,0,0,0,0,0,0,0,0,0,0,0,0,-6,0,0,0,-9.94,0,0,0,0,0,0,0,0,0,0,0,0,0
TOWLB-KID-MD-4SET-MTCHMD - DTC,TOWLB-KID-MD-4SET-MTCHMD,DTC,0,0,0,0,0,0,0,0,0,0,0,0,0,2,1,1,1,1,0,0,0,0,0,0,0,0,0,0,0,0,0,0,0,0,0,0,0,0,0,0,0,0,0,0,0,0,0,0,0,54,0,-6,-12,0,0,0,0,0,0,0,0,0,0,0,0,0,0,0,0,0,0,0
TOWLB-KID-MD-4SET-TECHCLR - DTC,TOWLB-KID-MD-4SET-TECHCLR,DTC,0,0,0,0,0,0,0,0,0,0,0,0,0,1,1,1,0,0,0,0,0,0,0,0,0,0,0,0,0,0,0,0,0,0,0,0,0,0,0,0,0,0,0,0,0,0,0,0,0,-6.2,0,0,0,0,0,0,0,0,0,0,0,0,0,0,0,0,0,0,0,0,0,0
TOWLB-KID-MD-4SETA - DTC,TOWLB-KID-MD-4SETA,DTC,0,1,0,0,0,0,1,0,0,0,0,0,0,0,0,0,0,0,0,0,0,0,0,0,0,0,0,0,0,0,0,0,0,0,0,0,0,64.8,0,0,0,0,-7.2,0,0,0,0,0,0,0,0,0,0,0,0,0,0,0,0,0,0,0,0,0,0,0,0,0,0,0,0,0
TOWLB-KID-MD-4SETA - FBA,TOWLB-KID-MD-4SETA,FBA,1,0,0,0,0,0,0,1,0,0,0,0,0,0,0,0,0,0,0,0,0,0,0,0,0,0,0,0,0,0,0,0,0,0,0,0,62.49,0,0,0,0,0,0,62.49,0,0,0,0,0,0,0,0,0,0,0,0,0,0,0,0,0,0,0,0,0,0,0,0,0,0,0,0
TOWLB-KID-MD-4SETC - DTC,TOWLB-KID-MD-4SETC,DTC,0,0,0,2,1,0,1,0,2,0,0,0,1,0,0,0,0,0,0,0,0,0,0,0,0,0,0,0,0,0,0,0,0,0,0,0,0,0,0,139.5,59.28,0,0,0,58.13,0,0,0,-6.2,0,0,0,0,0,0,0,0,0,0,0,0,0,0,0,0,0,0,0,0,0,0,0
TOWLB-KID-MD-4SETD - DTC,TOWLB-KID-MD-4SETD,DTC,0,0,0,0,0,0,1,0,0,0,0,0,0,0,0,0,0,0,0,0,0,0,0,0,0,0,0,0,0,0,0,0,0,0,0,0,0,0,0,0,0,0,-6.3,0,0,0,0,0,0,0,0,0,0,0,0,0,0,0,0,0,0,0,0,0,0,0,0,0,0,0,0,0
TOWLB-KID-MD-4SETE - DTC,TOWLB-KID-MD-4SETE,DTC,0,0,0,0,0,4,4,2,1,2,1,0,0,0,1,0,0,0,0,0,0,0,0,0,0,0,0,0,0,0,0,0,0,0,0,0,0,0,0,0,0,-7.2,-14.4,58.33,0,-6.08,0,0,0,0,0,0,0,0,0,0,0,0,0,0,0,0,0,0,0,0,0,0,0,0,0,0
TOWLB-KID-MD-4SETG - DTC,TOWLB-KID-MD-4SETG,DTC,0,0,1,0,0,0,0,0,0,0,0,0,0,0,0,0,0,0,0,0,0,0,0,0,0,0,0,0,0,0,0,0,0,0,0,0,0,0,59.29,0,0,0,0,0,0,0,0,0,0,0,0,0,0,0,0,0,0,0,0,0,0,0,0,0,0,0,0,0,0,0,0,0
TOWLB-KID-MD-4SETH - DTC,TOWLB-KID-MD-4SETH,DTC,0,0,1,0,0,0,6,3,4,1,8,7,1,0,1,0,2,0,1,0,0,1,2,2,2,0,6,2,0,2,3,0,0,0,0,0,0,0,65.25,0,0,0,-22.84,-16.31,-5.43,0,-10.86,-21.74,0,0,0,0,0,0,0,0,0,0,61.88,61.88,0,0,0,0,0,57.95,0,0,0,0,0,0
TOWLB-KID-MD-4SETJ - DTC,TOWLB-KID-MD-4SETJ,DTC,0,0,0,0,0,0,0,1,1,0,0,0,0,0,0,0,0,0,0,0,0,0,0,0,0,0,0,0,0,0,0,0,0,0,0,0,0,0,0,0,0,0,0,0,-6,0,0,0,0,0,0,0,0,0,0,0,0,0,0,0,0,0,0,0,0,0,0,0,0,0,0,0
TOWLB-KID-MD-4SETK - DTC,TOWLB-KID-MD-4SETK,DTC,0,0,0,0,0,0,0,0,0,0,1,0,0,0,0,0,0,0,4,0,0,0,0,0,0,0,0,0,0,0,0,0,0,0,0,0,0,0,0,0,0,0,0,0,0,0,0,0,0,0,0,0,0,0,-16,0,0,0,0,0,0,0,0,0,0,0,0,0,0,0,0,0
TOWLB-KID-MD-6SET-EXPYOU - DTC,TOWLB-KID-MD-6SET-EXPYOU,DTC,0,0,0,0,0,0,0,0,0,0,0,0,0,0,1,0,0,0,0,0,0,0,0,0,0,0,0,0,0,0,0,0,0,0,0,0,0,0,0,0,0,0,0,0,0,0,0,0,0,0,0,0,0,0,0,0,0,0,0,0,0,0,0,0,0,0,0,0,0,0,0,0
TOWLB-KID-MD-6SET-JOYDISC - DTC,TOWLB-KID-MD-6SET-JOYDISC,DTC,0,0,0,0,0,0,0,0,0,0,0,0,0,0,0,0,0,0,0,1,0,0,0,0,0,0,0,0,0,0,0,0,0,0,0,0,0,0,0,0,0,0,0,0,0,0,0,0,0,0,0,0,0,0,0,77.05,0,0,0,0,0,0,0,0,0,0,0,0,0,0,0,0
TOWLB-KID-MD-6SET-SPLASH - DTC,TOWLB-KID-MD-6SET-SPLASH,DTC,0,0,0,0,0,0,0,0,0,0,0,0,0,0,0,0,0,0,1,0,0,0,0,0,0,0,0,0,0,0,0,0,0,0,0,0,0,0,0,0,0,0,0,0,0,0,0,0,0,0,0,0,0,0,0,0,0,0,0,0,0,0,0,0,0,0,0,0,0,0,0,0
TOWLB-KID-MD-BIKE - B2B,TOWLB-KID-MD-BIKE,B2B,0,0,0,3,0,2,4,0,0,0,0,0,0,0,0,0,0,2,8,24,0,0,0,0,0,0,0,0,0,0,0,0,0,0,0,0,0,0,0,21,0,11.67,40,0,0,0,0,0,0,0,0,0,0,20,74.9,235.6,0,0,0,0,0,0,0,0,0,0,0,0,0,0,0,0
TOWLB-KID-MD-BIKE - DTC,TOWLB-KID-MD-BIKE,DTC,13,21,20,18,9,7,13,96,4,2,23,45,228,6,7,14,12,12,15,501,110,3,152,70,43,3,3,0,0,0,0,0,0,0,0,0,129.09,233.08,241.54,216.35,129.06,110.48,194.3,882.96,53.59,32,227.8,340.72,1438.13,99.07,104.47,197.63,188.68,188.83,223.3,3049.82,791.38,52.27,1135.56,642.23,531.82,56.27,56.44,0,0,0,0,0,0,0,0,0
TOWLB-KID-MD-BIKE - FBA,TOWLB-KID-MD-BIKE,FBA,8,6,3,7,20,11,13,13,1,4,4,8,3,0,2,7,9,5,24,9,2,0,0,1,1,3,0,7,19,35,11,0,0,0,0,0,97,72.26,39.17,86.55,261.94,143.38,153.85,176.28,13.99,52.92,53.86,103.88,41.97,0,27.98,95.13,121.15,73.58,311.03,132.67,37.34,0,0,16.33,20.98,56.01,0,125.07,349.78,563.41,197.88,0,0,0,0,0
TOWLB-KID-MD-BOAT - B2B,TOWLB-KID-MD-BOAT,B2B,0,0,5,4,0,7,2,2,0,0,0,0,0,0,0,0,0,0,0,0,0,0,0,0,0,0,0,0,0,0,0,0,0,0,0,0,0,0,46.22,32,0,45,20,18.73,0,0,0,0,0,0,0,0,0,0,0,0,0,0,0,0,0,0,0,0,0,0,0,0,0,0,0,0
TOWLB-KID-MD-BOAT - DTC,TOWLB-KID-MD-BOAT,DTC,93,91,72,83,40,28,47,23,1,4,0,0,0,0,0,0,0,0,0,0,2,0,0,0,0,0,0,0,0,0,0,0,0,0,0,0,1051.4,951.5,862.34,1025.35,617.41,431.43,691.66,357.06,17.55,62.99,0,0,0,0,0,0,0,0,0,0,35.47,0,0,0,0,0,0,0,0,0,0,0,0,0,0,0
TOWLB-KID-MD-BOAT - FBA,TOWLB-KID-MD-BOAT,FBA,2,0,3,0,2,7,6,4,1,1,5,5,5,2,1,3,9,0,0,0,0,0,0,0,0,0,0,0,0,0,0,0,0,0,0,0,37.76,0,47.98,0,35.97,138.91,99.88,75.96,19.99,19.99,57.49,99.79,99.95,39.98,19.99,55.98,154.76,0,0,0,0,0,0,0,0,0,0,0,0,0,0,0,0,0,0,0
TOWLB-KID-MD-BUILDBCH - B2B,TOWLB-KID-MD-BUILDBCH,B2B,0,0,0,0,0,0,0,0,0,0,0,0,0,0,2,16,6,2,4,12,0,0,0,0,0,0,0,0,0,0,0,0,0,0,0,0,0,0,0,0,0,0,0,0,0,0,0,0,0,1500,20,160.03,60,20,40.93,120,0,0,0,0,0,0,0,0,0,0,0,0,0,0,0,0
TOWLB-KID-MD-BUILDBCH - DTC,TOWLB-KID-MD-BUILDBCH,DTC,0,0,0,0,0,0,0,0,0,0,0,0,0,5,8,9,23,18,44,33,46,15,95,31,0,0,0,0,0,0,0,0,0,0,0,0,0,0,0,0,0,0,0,0,0,0,0,0,0,92.05,141.95,166.45,369.77,282,755.3,514.04,721.88,266.77,1291.99,358,0,0,0,0,0,0,0,0,0,0,0,0
TOWLB-KID-MD-BUILDBCH - FBA,TOWLB-KID-MD-BUILDBCH,FBA,0,0,0,0,0,0,0,0,0,0,0,0,0,0,1,2,10,5,26,9,9,2,8,6,3,1,8,5,18,33,25,0,0,0,0,0,0,0,0,0,0,0,0,0,0,0,0,0,0,0,19.99,37.98,192.5,93.95,459.75,152.48,176.72,46.66,140.97,129.98,67.65,23.33,184.3,95.66,322.94,542.3,456.04,0,0,0,0,0
TOWLB-KID-MD-CAMO - B2B,TOWLB-KID-MD-CAMO,B2B,0,4,8,7,4,4,2,9,0,0,0,0,0,1,3,6,2,13,9,25,0,0,0,0,0,0,0,0,0,0,0,0,0,0,0,0,0,38.73,80.02,28.5,41.88,38.37,20,80.81,0,0,0,0,0,10,30,60.57,20,115.97,85.9,245.4,0,0,0,0,0,0,0,0,0,0,0,0,0,0,0,0
TOWLB-KID-MD-CAMO - DTC,TOWLB-KID-MD-CAMO,DTC,10,10,8,15,18,30,51,75,37,17,119,142,266,32,40,49,59,30,52,137,1,0,3,0,0,0,0,0,0,0,0,0,0,0,0,0,176.65,195.27,130.55,285.33,347.2,561.73,961.14,1150.49,556.44,268.7,1121.17,1360.84,2815.11,491.89,616.39,723.46,961.62,473.29,808.92,1002.38,7.4,0,53.58,0,0,0,0,0,0,0,0,0,0,0,0,0
TOWLB-KID-MD-CAMO - FBA,TOWLB-KID-MD-CAMO,FBA,3,1,0,0,2,0,3,1,1,2,2,0,0,0,2,2,4,2,6,2,0,0,0,0,0,0,0,0,0,0,0,0,0,0,0,0,69.39,24.16,0,0,44.31,0,56.22,16.21,20.17,29.68,38.25,0,0,0,42,32.13,72.24,42,102.51,32,0,0,0,0,0,0,0,0,0,0,0,0,0,0,0,0
TOWLB-KID-MD-CHECKOUT - B2B,TOWLB-KID-MD-CHECKOUT,B2B,0,0,0,0,0,0,0,0,0,0,0,0,0,0,0,0,0,0,0,0,0,0,0,0,0,0,22,6,3,60,63,0,0,0,0,0,0,0,0,0,0,0,0,0,0,0,0,0,0,0,0,0,0,0,0,0,0,0,0,0,0,1050.3,243.14,69.96,33.27,699.6,727.56,0,0,0,0,0
TOWLB-KID-MD-CHECKOUT - DTC,TOWLB-KID-MD-CHECKOUT,DTC,0,0,0,0,0,0,0,0,0,0,0,0,0,0,0,0,0,0,0,0,0,0,0,0,0,5,15,11,7,20,13,0,0,0,0,0,0,0,0,0,0,0,0,0,0,0,0,0,0,0,0,0,0,0,0,0,0,0,0,0,0,130.01,345.01,190.16,151.76,456.3,251.01,0,0,0,0,0
TOWLB-KID-MD-CHECKOUT - FBA,TOWLB-KID-MD-CHECKOUT,FBA,0,0,0,0,0,0,0,0,0,0,0,0,0,0,0,0,0,0,0,0,0,0,0,0,0,0,0,2,1,5,1,0,0,0,0,0,0,0,0,0,0,0,0,0,0,0,0,0,0,0,0,0,0,0,0,0,0,0,0,0,0,0,0,49.32,26.66,129.16,26.66,0,0,0,0,0
TOWLB-KID-MD-CROC - B2B,TOWLB-KID-MD-CROC,B2B,2,17,12,9,4,11,10,6,2,6,0,0,2,0,0,0,0,0,0,0,0,0,0,0,0,0,0,0,0,0,0,0,0,0,0,0,20,166.53,121.36,67.37,39.03,108.37,100,64.49,21.43,55.93,0,0,20,0,0,0,0,0,0,0,0,0,0,0,0,0,0,0,0,0,0,0,0,0,0,0
TOWLB-KID-MD-CROC - DTC,TOWLB-KID-MD-CROC,DTC,10,29,60,46,85,66,107,123,71,48,204,7,8,0,26,11,0,0,0,0,0,0,0,0,0,0,0,0,0,0,0,0,0,0,0,0,186.03,555.2,1128.2,882.34,1549.17,1245.62,2000.46,2005.17,1094.93,741.55,2050.13,64.16,120.73,0,414.64,176.27,0,0,0,0,0,0,0,0,0,0,0,0,0,0,0,0,0,0,0,0
TOWLB-KID-MD-CROC - FBA,TOWLB-KID-MD-CROC,FBA,0,0,6,5,34,24,34,15,13,9,20,0,0,2,8,14,2,0,0,0,0,0,0,0,0,0,0,0,0,0,0,0,0,0,0,0,0,0,114.25,88.08,637.52,414.09,602.66,294.36,220.97,145.85,240.43,0,0,35.33,122.25,209.44,28.8,0,0,0,0,0,0,0,0,0,0,0,0,0,0,0,0,0,0,0
TOWLB-KID-MD-DOODMOOD - B2B,TOWLB-KID-MD-DOODMOOD,B2B,2,2,6,29,9,36,33,8,0,3,0,0,0,0,0,0,0,0,0,0,0,0,0,0,0,0,0,0,0,0,0,0,0,0,0,0,19.22,19,60.03,254.1,90.52,361.8,330,71.29,0,28.09,0,0,0,0,0,0,0,0,0,0,0,0,0,0,0,0,0,0,0,0,0,0,0,0,0,0
TOWLB-KID-MD-DOODMOOD - DTC,TOWLB-KID-MD-DOODMOOD,DTC,0,4,9,13,16,11,20,52,40,19,101,13,5,0,0,0,8,27,10,0,0,1,1,0,0,0,0,0,0,0,0,0,0,0,0,0,0,70.2,142.54,245.33,314.83,220.66,387.73,755.52,593.77,277.32,999.76,154.97,89.99,0,0,0,126.86,418.35,143.04,0,0,22,22,0,0,0,0,0,0,0,0,0,0,0,0,0
TOWLB-KID-MD-DOODMOOD - FBA,TOWLB-KID-MD-DOODMOOD,FBA,0,0,2,4,19,15,20,17,23,4,13,2,1,0,0,0,1,5,3,0,0,0,0,0,0,0,0,0,0,0,0,0,0,0,0,0,0,0,36.15,81.1,367.89,281.92,358.36,335.67,383.83,72.34,163,32,16,0,0,0,19.33,80.96,56.39,0,0,0,0,0,0,0,0,0,0,0,0,0,0,0,0,0
TOWLB-KID-MD-FIVEDAY - B2B,TOWLB-KID-MD-FIVEDAY,B2B,0,9,2,20,6,2,2,7,0,0,0,0,0,0,0,0,0,4,0,0,0,0,0,0,0,0,0,0,0,0,0,0,0,0,0,0,0,76,21.36,179.67,50,20,20,74.07,0,0,0,0,0,0,0,0,0,36,0,0,0,0,0,0,0,0,0,0,0,0,0,0,0,0,0,0
TOWLB-KID-MD-FIVEDAY - DTC,TOWLB-KID-MD-FIVEDAY,DTC,0,2,6,5,11,14,12,20,14,5,45,7,2,0,0,0,1,13,22,0,0,0,0,0,0,0,0,0,0,0,0,0,0,0,0,0,0,18,118.29,78,209.23,277.49,226.9,301.92,225.23,77,461.93,85.06,32.3,0,0,0,16,203.58,348.74,0,0,0,0,0,0,0,0,0,0,0,0,0,0,0,0,0
TOWLB-KID-MD-FIVEDAY - FBA,TOWLB-KID-MD-FIVEDAY,FBA,0,0,0,0,1,1,9,9,14,9,14,2,0,0,0,0,0,1,0,0,0,0,0,0,0,0,0,0,0,0,0,0,0,0,0,0,0,0,0,0,24.16,17.24,155.89,171.51,241.62,142.35,133.23,32,0,0,0,0,0,17.44,0,0,0,0,0,0,0,0,0,0,0,0,0,0,0,0,0,0
TOWLB-KID-MD-FLAM - B2B,TOWLB-KID-MD-FLAM,B2B,2,17,4,9,3,11,16,4,2,6,2,0,0,0,0,0,0,0,0,0,0,0,0,0,0,0,0,0,0,0,0,0,0,0,0,0,20,166.53,40,67.37,31.39,108.37,162.05,41.48,21.43,55.93,18,0,0,0,0,0,0,0,0,0,0,0,0,0,0,0,0,0,0,0,0,0,0,0,0,0
TOWLB-KID-MD-FLAM - DTC,TOWLB-KID-MD-FLAM,DTC,8,18,36,35,62,59,81,117,74,53,278,47,8,0,1,0,0,2,0,0,0,0,0,0,0,0,0,0,0,0,0,0,0,0,0,0,131.33,330.33,682.19,650.71,1157.76,1101.05,1500.54,1955.5,1154.07,817.81,2698.5,666.3,116.36,0,16,0,0,28.8,0,0,0,0,0,0,0,0,0,0,0,0,0,0,0,0,0,0
TOWLB-KID-MD-FLAM - FBA,TOWLB-KID-MD-FLAM,FBA,0,1,4,7,11,11,14,7,3,3,3,2,0,0,0,0,0,1,0,0,0,0,0,0,0,0,0,0,0,0,0,0,0,0,0,0,0,24.17,82.56,130.76,212.25,227.98,290.59,171.62,64.32,54.4,53.62,36.17,0,0,0,0,0,15.56,0,0,0,0,0,0,0,0,0,0,0,0,0,0,0,0,0,0
TOWLB-KID-MD-GVCLUB - B2B,TOWLB-KID-MD-GVCLUB,B2B,0,0,0,0,0,0,0,0,0,0,0,0,0,0,0,0,0,0,0,0,0,0,0,0,0,0,28,12,8,20,6,0,0,0,0,0,0,0,0,0,0,0,0,0,0,0,0,0,0,0,0,0,0,0,0,0,0,0,0,0,0,1050.3,316.58,136.42,90.84,233.2,62.94,0,0,0,0,0
TOWLB-KID-MD-GVCLUB - DTC,TOWLB-KID-MD-GVCLUB,DTC,0,0,0,0,0,0,0,0,0,0,0,0,0,0,0,0,0,0,0,0,0,0,0,0,0,10,14,8,10,20,17,0,0,0,0,0,0,0,0,0,0,0,0,0,0,0,0,0,0,0,0,0,0,0,0,0,0,0,0,0,0,221.48,332.52,158.99,226.43,429.25,323.55,0,0,0,0,0
TOWLB-KID-MD-GVCLUB - FBA,TOWLB-KID-MD-GVCLUB,FBA,0,0,0,0,0,0,0,0,0,0,0,0,0,0,0,0,0,0,0,0,0,0,0,0,0,0,0,3,2,6,1,0,0,0,0,0,0,0,0,0,0,0,0,0,0,0,0,0,0,0,0,0,0,0,0,0,0,0,0,0,0,0,0,71.71,53.32,143.29,25.49,0,0,0,0,0
TOWLB-KID-MD-INTOWILD - B2B,TOWLB-KID-MD-INTOWILD,B2B,0,0,0,0,0,0,0,0,0,0,0,0,0,0,0,0,0,0,0,0,0,0,0,0,0,0,22,12,8,1,6,0,0,0,0,0,0,0,0,0,0,0,0,0,0,0,0,0,0,0,0,0,0,0,0,0,0,0,0,0,0,0,246.6,136.42,90.84,0,62.94,0,0,0,0,0
TOWLB-KID-MD-INTOWILD - DTC,TOWLB-KID-MD-INTOWILD,DTC,0,0,0,0,0,0,0,0,0,0,0,0,0,0,0,0,0,0,0,0,0,0,0,0,0,0,13,8,14,28,16,0,0,0,0,0,0,0,0,0,0,0,0,0,0,0,0,0,0,0,0,0,0,0,0,0,0,0,0,0,0,0,292.77,169,285.7,549.19,310.95,0,0,0,0,0
TOWLB-KID-MD-INTOWILD - FBA,TOWLB-KID-MD-INTOWILD,FBA,0,0,0,0,0,0,0,0,0,0,0,0,0,0,0,0,0,0,0,0,0,0,0,0,0,0,0,4,1,0,1,0,0,0,0,0,0,0,0,0,0,0,0,0,0,0,0,0,0,0,0,0,0,0,0,0,0,0,0,0,0,0,0,103.25,26.66,0,23.75,0,0,0,0,0
TOWLB-KID-MD-JELLY - B2B,TOWLB-KID-MD-JELLY,B2B,0,0,0,0,0,0,0,0,0,0,0,0,0,0,0,0,0,0,0,0,0,0,0,0,0,0,26,6,0,0,12,0,0,0,0,0,0,0,0,0,0,0,0,0,0,0,0,0,0,0,0,0,0,0,0,0,0,0,0,0,0,1050.3,292.86,69.96,0,0,132.9,0,0,0,0,0
TOWLB-KID-MD-JELLY - DTC,TOWLB-KID-MD-JELLY,DTC,0,0,0,0,0,0,0,0,0,0,0,0,0,0,0,0,0,0,0,0,0,0,0,0,0,8,16,11,15,24,17,0,0,0,0,0,0,0,0,0,0,0,0,0,0,0,0,0,0,0,0,0,0,0,0,0,0,0,0,0,0,182.98,365.82,244.78,334.05,534.59,326.91,0,0,0,0,0
TOWLB-KID-MD-JELLY - FBA,TOWLB-KID-MD-JELLY,FBA,0,0,0,0,0,0,0,0,0,0,0,0,0,0,0,0,0,0,0,0,0,0,0,0,0,0,1,1,2,7,2,0,0,0,0,0,0,0,0,0,0,0,0,0,0,0,0,0,0,0,0,0,0,0,0,0,0,0,0,0,0,0,24.33,26.66,53.32,176.5,45.74,0,0,0,0,0
TOWLB-KID-MD-KARMCHAM - B2B,TOWLB-KID-MD-KARMCHAM,B2B,0,0,0,0,0,0,0,0,0,0,0,0,5,4,-134,22,23,3,3,68,0,0,0,0,0,0,0,0,0,0,0,0,0,0,0,0,0,0,0,0,0,0,0,0,0,0,0,0,37.78,1868,1492.5,193.02,228.74,487.5,30,506.59,0,0,0,0,0,0,0,0,0,0,0,0,0,0,0,0
TOWLB-KID-MD-KARMCHAM - DTC,TOWLB-KID-MD-KARMCHAM,DTC,0,0,0,0,0,0,0,0,0,0,0,0,0,20,36,65,103,16,52,63,1,0,3,0,0,0,0,0,0,0,0,0,0,0,0,0,0,0,0,0,0,0,0,0,0,0,0,0,0,364.65,654.69,1094.49,1749.38,252.79,923.33,1159.42,20,0,41.89,0,0,0,0,0,0,0,0,0,0,0,0,0
TOWLB-KID-MD-KARMCHAM - FBA,TOWLB-KID-MD-KARMCHAM,FBA,0,0,0,0,0,0,0,0,0,0,0,0,0,0,7,12,17,22,6,27,23,6,43,13,0,0,0,0,0,0,0,0,0,0,0,0,0,0,0,0,0,0,0,0,0,0,0,0,0,0,131.93,215.93,313.69,411.8,108.55,495.74,459.51,128.29,603.05,246.76,0,0,0,0,0,0,0,0,0,0,0,0
TOWLB-KID-MD-LEOP - B2B,TOWLB-KID-MD-LEOP,B2B,0,3,0,5,0,0,0,0,0,0,0,0,0,0,0,0,0,0,0,0,0,0,0,0,0,0,0,0,0,0,0,0,0,0,0,0,0,28.5,0,35,0,0,0,0,0,0,0,0,0,0,0,0,0,0,0,0,0,0,0,0,0,0,0,0,0,0,0,0,0,0,0,0
TOWLB-KID-MD-LEOP - DTC,TOWLB-KID-MD-LEOP,DTC,97,100,51,41,0,2,2,5,0,0,0,0,0,0,0,0,0,0,0,0,0,0,0,0,0,0,0,0,0,0,0,0,0,0,0,0,1070,1074.21,633.39,502.49,0,27.36,32.07,79.28,0,0,0,0,0,0,0,0,0,0,0,0,0,0,0,0,0,0,0,0,0,0,0,0,0,0,0,0
TOWLB-KID-MD-LEOP - FBA,TOWLB-KID-MD-LEOP,FBA,5,3,1,0,0,0,0,0,0,0,0,0,0,0,0,0,0,0,0,0,0,0,0,0,0,0,0,0,0,0,0,0,0,0,0,0,97.98,56.98,20,0,0,0,0,0,0,0,0,0,0,0,0,0,0,0,0,0,0,0,0,0,0,0,0,0,0,0,0,0,0,0,0,0
TOWLB-KID-MD-PEACH - B2B,TOWLB-KID-MD-PEACH,B2B,0,0,5,6,0,9,2,1,0,0,0,0,9,0,1,0,0,0,0,0,0,0,0,0,0,0,0,0,0,0,0,0,0,0,0,0,0,0,45,46,0,52.5,20,10,0,0,0,0,89,0,8.55,0,0,0,0,0,0,0,0,0,0,0,0,0,0,0,0,0,0,0,0,0
TOWLB-KID-MD-PEACH - DTC,TOWLB-KID-MD-PEACH,DTC,57,38,56,58,32,33,42,61,16,3,43,114,761,20,0,0,0,0,0,0,0,0,0,0,0,0,0,0,0,0,0,0,0,0,0,0,625.84,394.05,674.57,732.42,455.87,498.53,661.59,742.73,206.62,47.33,443.96,865.58,5047.52,314.14,0,0,0,0,0,0,0,0,0,0,0,0,0,0,0,0,0,0,0,0,0,0
TOWLB-KID-MD-PEACH - FBA,TOWLB-KID-MD-PEACH,FBA,1,0,0,0,0,0,22,20,13,19,24,11,15,14,22,24,44,56,29,0,0,0,0,0,0,0,0,0,0,0,0,0,0,0,0,0,0,0,0,0,0,0,280.1,278.53,181.64,244.22,241.73,145.85,209.62,195.86,309.14,321.76,585.89,740.06,361.61,0,0,0,0,0,0,0,0,0,0,0,0,0,0,0,0,0
TOWLB-KID-MD-POWER - B2B,TOWLB-KID-MD-POWER,B2B,0,4,3,26,2,4,2,2,0,0,0,0,0,0,0,4,2,8,0,0,0,0,0,0,0,0,0,0,0,0,0,0,0,0,0,0,0,38.73,30,198.17,20,38.37,20,20.81,0,0,0,0,0,0,0,40,20,66.97,0,0,0,0,0,0,0,0,0,0,0,0,0,0,0,0,0,0
TOWLB-KID-MD-POWER - DTC,TOWLB-KID-MD-POWER,DTC,7,3,8,4,10,13,17,30,21,15,59,222,310,3,34,65,44,57,28,0,0,0,1,0,0,0,0,0,0,0,0,0,0,0,0,0,133.01,62.41,133.01,57.54,193.35,232.09,292.98,466.21,331.16,243.57,557.37,1683.36,1996.68,28.7,529.14,987.39,713.24,892.29,415.57,0,0,0,18.67,0,0,0,0,0,0,0,0,0,0,0,0,0
TOWLB-KID-MD-POWER - FBA,TOWLB-KID-MD-POWER,FBA,4,0,1,4,0,1,5,6,6,3,5,13,6,12,10,14,9,18,36,13,0,0,0,0,0,0,0,0,0,0,0,0,0,0,0,0,81.06,0,16,74.38,0,22.08,87.02,110.39,96.49,44.01,69.5,174,96,192,159.87,212.75,132.77,260.74,516.22,186.37,0,0,0,0,0,0,0,0,0,0,0,0,0,0,0,0
TOWLB-KID-MD-POWPOS - B2B,TOWLB-KID-MD-POWPOS,B2B,0,0,0,0,0,0,0,0,0,0,0,0,3,4,2,1,12,6,3,1,0,0,0,0,0,0,0,0,0,0,0,0,0,0,0,0,0,0,0,0,0,0,0,0,0,0,0,0,18.66,38,20,10,115.98,60.98,30.93,8.5,0,0,0,0,0,0,0,0,0,0,0,0,0,0,0,0
TOWLB-KID-MD-POWPOS - DTC,TOWLB-KID-MD-POWPOS,DTC,0,0,0,0,0,0,0,0,0,0,0,0,0,11,13,14,16,17,23,27,0,6,11,0,0,0,0,0,0,0,0,0,0,0,0,0,0,0,0,0,0,0,0,0,0,0,0,0,0,185.13,235.49,191.83,287.47,329.1,455.41,562.27,0,119.73,198.82,0,0,0,0,0,0,0,0,0,0,0,0,0
TOWLB-KID-MD-POWPOS - FBA,TOWLB-KID-MD-POWPOS,FBA,0,0,0,0,0,0,0,0,0,0,0,0,0,1,3,6,11,19,35,22,15,10,4,0,0,0,0,0,0,0,0,0,0,0,0,0,0,0,0,0,0,0,0,0,0,0,0,0,0,19.99,55.97,113.5,205.63,386.38,641.73,416.63,294.85,186.95,73.96,0,0,0,0,0,0,0,0,0,0,0,0,0
TOWLB-KID-MD-RAINB - B2B,TOWLB-KID-MD-RAINB,B2B,0,0,5,5,3,8,0,0,0,0,0,0,0,0,0,0,0,0,0,0,0,0,0,0,0,0,0,0,0,0,0,0,0,0,0,0,0,0,51.36,39.87,31.88,46.67,0,0,0,0,0,0,0,0,0,0,0,0,0,0,0,0,0,0,0,0,0,0,0,0,0,0,0,0,0,0
TOWLB-KID-MD-RAINB - DTC,TOWLB-KID-MD-RAINB,DTC,63,82,72,94,42,47,42,157,17,3,56,131,401,1,0,0,5,15,6,0,0,0,1,0,0,0,0,0,0,0,0,0,0,0,0,0,691.62,874.99,854.01,1144.18,631.26,725.72,634.15,1443.19,261.82,46.4,507.45,969.49,2523.63,5.51,0,0,78.2,237.57,91.27,0,0,0,16.8,0,0,0,0,0,0,0,0,0,0,0,0,0
TOWLB-KID-MD-RAINB - FBA,TOWLB-KID-MD-RAINB,FBA,4,0,1,1,3,7,6,5,1,3,24,15,1,4,3,1,5,14,23,25,9,0,3,0,0,0,3,14,26,15,1,0,0,0,0,0,57.96,0,15.99,16,53.99,119.97,113.5,86.63,20,54.63,189.16,99.98,21.04,84.16,60,20,84.79,209.59,342.19,369.56,157.85,0,44.61,0,0,0,68.82,268.16,463.87,270.13,14.93,0,0,0,0,0
TOWLB-KID-MD-REEF - B2B,TOWLB-KID-MD-REEF,B2B,0,3,0,0,0,0,0,0,0,0,0,0,0,0,0,0,0,0,0,0,0,0,0,0,0,0,0,0,0,0,0,0,0,0,0,0,0,28.5,0,0,0,0,0,0,0,0,0,0,0,0,0,0,0,0,0,0,0,0,0,0,0,0,0,0,0,0,0,0,0,0,0,0
TOWLB-KID-MD-REEF - DTC,TOWLB-KID-MD-REEF,DTC,0,0,0,0,0,1,0,0,0,0,0,0,0,0,0,0,0,0,0,0,0,0,0,0,0,0,0,0,0,0,0,0,0,0,0,0,0,0,0,0,0,14.4,0,0,0,0,0,0,0,0,0,0,0,0,0,0,0,0,0,0,0,0,0,0,0,0,0,0,0,0,0,0
TOWLB-KID-MD-SANDSTRT - B2B,TOWLB-KID-MD-SANDSTRT,B2B,0,0,0,0,0,0,0,0,0,0,0,0,3,0,0,2,6,4,3,6,0,0,0,0,0,0,0,0,0,0,0,0,0,0,0,0,0,0,0,0,0,0,0,0,0,0,0,0,18.65,0,0,20,58,40,30,60,0,0,0,0,0,0,0,0,0,0,0,0,0,0,0,0
TOWLB-KID-MD-SANDSTRT - DTC,TOWLB-KID-MD-SANDSTRT,DTC,0,0,0,0,0,0,0,0,0,0,0,0,0,6,11,12,44,22,47,35,1,7,44,5,0,0,0,0,0,0,0,0,0,0,0,0,0,0,0,0,0,0,0,0,0,0,0,0,0,115.2,195.98,198.84,731.36,373.47,825.23,636.01,18.67,135.22,599.61,64.42,0,0,0,0,0,0,0,0,0,0,0,0
TOWLB-KID-MD-SANDSTRT - FBA,TOWLB-KID-MD-SANDSTRT,FBA,0,0,0,0,0,0,0,0,0,0,0,0,0,1,3,1,2,1,11,7,7,4,3,3,1,2,5,7,6,1,0,0,0,0,0,0,0,0,0,0,0,0,0,0,0,0,0,0,0,19.99,60.23,19.99,37.98,19.99,197.89,125.93,135.34,93.31,38.49,67.31,23.33,46.66,116.65,147.84,104.53,18.67,0,0,0,0,0,0
TOWLB-KID-MD-SKATER - B2B,TOWLB-KID-MD-SKATER,B2B,0,0,0,0,0,0,0,0,0,0,0,0,0,0,0,0,0,0,0,0,0,0,0,0,0,0,0,6,1,0,0,0,0,0,0,0,0,0,0,0,0,0,0,0,0,0,0,0,0,0,0,0,0,0,0,0,0,0,0,0,0,0,0,66.46,12.39,0,0,0,0,0,0,0
TOWLB-KID-MD-SKATER - DTC,TOWLB-KID-MD-SKATER,DTC,0,0,0,0,0,0,0,0,0,0,0,0,0,0,0,0,0,0,0,0,0,0,0,0,0,8,12,6,10,19,11,0,0,0,0,0,0,0,0,0,0,0,0,0,0,0,0,0,0,0,0,0,0,0,0,0,0,0,0,0,0,179.16,274.47,145.33,212.66,391.83,209.13,0,0,0,0,0
TOWLB-KID-MD-SKATER - FBA,TOWLB-KID-MD-SKATER,FBA,0,0,0,0,0,0,0,0,0,0,0,0,0,0,0,0,0,0,0,0,0,0,0,0,0,0,1,1,4,2,1,0,0,0,0,0,0,0,0,0,0,0,0,0,0,0,0,0,0,0,0,0,0,0,0,0,0,0,0,0,0,0,23.62,26.66,102.5,43.87,26.66,0,0,0,0,0
TOWLB-KID-MD-SQUIG - B2B,TOWLB-KID-MD-SQUIG,B2B,2,0,2,11,0,0,0,0,0,0,0,0,0,0,0,0,0,0,0,0,0,0,0,0,0,0,0,0,0,0,0,0,0,0,0,0,26.91,0,21.36,92,0,0,0,0,0,0,0,0,0,0,0,0,0,0,0,0,0,0,0,0,0,0,0,0,0,0,0,0,0,0,0,0
TOWLB-KID-MD-SQUIG - DTC,TOWLB-KID-MD-SQUIG,DTC,121,171,52,33,0,0,0,0,0,0,0,0,0,0,0,0,0,0,0,0,11,18,41,0,0,0,0,0,0,0,0,0,0,0,0,0,1374.71,1809.87,615.09,406.93,0,0,0,0,0,0,0,0,0,0,0,0,0,0,0,0,214.01,309.27,488.61,0,0,0,0,0,0,0,0,0,0,0,0,0
TOWLB-KID-MD-SQUIG - FBA,TOWLB-KID-MD-SQUIG,FBA,0,1,2,4,7,5,7,3,5,1,3,5,4,0,0,4,0,0,0,0,0,1,0,0,5,0,0,0,0,0,0,0,0,0,0,0,0,20,36,76,134,92.99,119.99,57.99,100,22.31,35,75,79.83,0,0,80,0,0,0,0,0,23.33,0,0,114.31,0,0,0,0,0,0,0,0,0,0,0
TOWLB-KID-MD-SUNS - B2B,TOWLB-KID-MD-SUNS,B2B,0,2,6,1,1,2,2,0,0,0,0,0,5,6,1,0,2,5,8,0,0,0,0,0,0,0,0,0,0,0,0,0,0,0,0,0,0,19.79,54.61,7,7,15.83,20,0,0,0,0,0,50,60,8.55,0,20,42,74.9,0,0,0,0,0,0,0,0,0,0,0,0,0,0,0,0,0
TOWLB-KID-MD-SUNS - DTC,TOWLB-KID-MD-SUNS,DTC,15,17,34,33,13,15,38,54,9,3,21,69,447,12,12,18,28,27,47,107,0,0,0,0,0,0,0,0,0,0,0,0,0,0,0,0,160.98,160.47,418.79,381.28,179.43,237.12,573.55,630.17,126.73,50.29,193.14,555.88,2868.96,192.51,176.33,296.85,447.06,445.42,756.58,1026.96,0,0,0,0,0,0,0,0,0,0,0,0,0,0,0,0
TOWLB-KID-MD-SUNS - FBA,TOWLB-KID-MD-SUNS,FBA,1,7,13,10,4,1,0,1,0,0,2,5,3,4,4,5,14,17,53,49,14,0,6,0,1,0,3,6,25,6,1,0,0,0,0,0,0,89.52,167.87,128.68,44.77,13.99,0,15.63,0,0,27.98,69.95,41.74,55.96,55.73,60.15,184.66,223.82,683.48,639.31,200.54,0,82.78,0,20.99,0,64.65,116.18,454.62,109.1,18.67,0,0,0,0,0
TOWLB-KID-MD-TURTROP - B2B,TOWLB-KID-MD-TURTROP,B2B,0,0,0,0,0,0,0,0,0,0,0,0,4,5,-132,26,27,8,7,24,150,0,0,0,0,0,0,0,0,0,0,0,0,0,0,0,0,0,0,0,0,0,0,0,0,0,0,0,38.25,3127.5,1512.5,243.02,268.74,995,65.2,232.8,1372.5,0,0,0,0,0,0,0,0,0,0,0,0,0,0,0
TOWLB-KID-MD-TURTROP - DTC,TOWLB-KID-MD-TURTROP,DTC,0,0,0,0,0,0,0,0,0,0,0,0,0,29,39,65,99,55,140,116,84,42,85,6,0,0,0,0,0,0,0,0,0,0,0,0,0,0,0,0,0,0,0,0,0,0,0,0,0,544.7,752.14,1143.54,1676.24,985.17,2513.61,1883.64,1330.25,744.21,1306.85,107.35,0,0,0,0,0,0,0,0,0,0,0,0
TOWLB-KID-MD-TURTROP - FBA,TOWLB-KID-MD-TURTROP,FBA,0,0,0,0,0,0,0,0,0,0,0,0,0,7,12,7,19,9,29,23,19,6,23,19,5,12,7,6,2,0,0,0,0,0,0,0,0,0,0,0,0,0,0,0,0,0,0,0,0,142.01,235.89,131.93,359.85,167.25,530.21,423.54,367.7,125.97,324.25,398.93,114.31,281.12,158.64,132.96,37.34,0,0,0,0,0,0,0
TOWLB-KID-MD-TUTTI - B2B,TOWLB-KID-MD-TUTTI,B2B,0,0,0,6,0,3,2,0,0,0,0,0,0,0,0,0,0,0,0,0,0,0,0,0,0,0,0,0,0,0,0,0,0,0,0,0,0,0,0,42,0,17.5,20,0,0,0,0,0,0,0,0,0,0,0,0,0,0,0,0,0,0,0,0,0,0,0,0,0,0,0,0,0
TOWLB-KID-MD-TUTTI - DTC,TOWLB-KID-MD-TUTTI,DTC,74,75,64,75,42,34,65,56,13,8,0,0,7,0,0,0,0,0,0,0,0,0,0,0,0,0,0,0,0,0,0,0,0,0,0,0,815.14,797.72,743.64,897.74,612.04,526.46,982.39,818.58,193.1,125.81,0,0,106.66,0,0,0,0,0,0,0,0,0,0,0,0,0,0,0,0,0,0,0,0,0,0,0
TOWLB-KID-MD-TUTTI - FBA,TOWLB-KID-MD-TUTTI,FBA,1,3,4,9,19,14,44,6,0,0,0,0,0,0,0,0,0,0,0,0,0,0,0,0,0,0,0,0,0,0,0,0,0,0,0,0,0,41.03,47.56,117.51,249.14,187.43,550.28,82.77,0,0,0,0,0,0,0,0,0,0,0,0,0,0,0,0,0,0,0,0,0,0,0,0,0,0,0,0
TOWLB-MBL-XL-LIFE - DTC,TOWLB-MBL-XL-LIFE,DTC,0,0,0,0,0,0,0,0,0,0,0,0,0,0,0,0,0,0,0,0,0,0,0,31,0,0,0,0,0,0,0,0,0,0,0,0,0,0,0,0,0,0,0,0,0,0,0,0,0,0,0,0,0,0,0,0,0,0,0,333,0,0,0,0,0,0,0,0,0,0,0,0
TOWLB-RND-BLUE-R - B2B,TOWLB-RND-BLUE-R,B2B,0,30,2,0,1,10,0,0,0,0,0,0,0,0,0,0,0,0,0,0,0,0,0,0,0,0,0,0,0,0,0,0,0,0,0,0,0,261.68,29.98,0,12.2,122.79,0,0,0,0,0,0,0,0,0,0,0,0,0,0,0,0,0,0,0,0,0,0,0,0,0,0,0,0,0,0
TOWLB-RND-BLUE-R - DTC,TOWLB-RND-BLUE-R,DTC,22,19,7,8,12,13,27,25,4,2,11,5,5,0,0,2,0,0,0,0,0,0,0,0,0,0,0,0,0,0,0,0,0,0,0,0,449.48,383.68,120.27,210.68,319.51,317.62,687.02,655.52,91.77,53.34,254.99,98,34.01,0,0,53.34,0,0,0,0,0,0,0,0,0,0,0,0,0,0,0,0,0,0,0,0
TOWLB-RND-GREEN-R - B2B,TOWLB-RND-GREEN-R,B2B,0,20,0,0,0,0,0,0,0,0,0,0,0,0,0,0,0,0,0,0,0,0,0,0,0,0,0,0,0,0,0,0,0,0,0,0,0,174.45,0,0,0,0,0,0,0,0,0,0,0,0,0,0,0,0,0,0,0,0,0,0,0,0,0,0,0,0,0,0,0,0,0,0
TOWLB-RND-GREY-R - B2B,TOWLB-RND-GREY-R,B2B,0,0,9,1,2,3,0,0,0,0,0,0,0,0,0,0,0,0,0,0,0,0,0,0,0,0,0,0,0,0,0,0,0,0,0,0,0,0,128.28,16.48,24.4,33.35,0,0,0,0,0,0,0,0,0,0,0,0,0,0,0,0,0,0,0,0,0,0,0,0,0,0,0,0,0,0
TOWLB-RND-GREY-R - DTC,TOWLB-RND-GREY-R,DTC,16,16,2,5,8,8,14,20,3,2,8,220,0,0,0,0,0,0,0,0,0,0,61,3,0,1,0,0,0,0,0,0,0,0,0,0,308.77,346.18,50.67,129.35,203.34,223.24,348.55,536.25,78.27,52.67,160.67,1594.5,0,0,0,0,0,0,0,0,0,0,659.69,30,0,26.05,0,0,0,0,0,0,0,0,0,0
TOWLB-RND-LTPNK - B2B,TOWLB-RND-LTPNK,B2B,0,0,2,6,3,10,0,0,0,0,0,0,0,0,0,0,0,0,0,0,0,0,0,0,0,0,0,0,0,0,0,0,0,0,0,0,0,0,29.98,89.94,36.6,111.17,0,0,0,0,0,0,0,0,0,0,0,0,0,0,0,0,0,0,0,0,0,0,0,0,0,0,0,0,0,0
TOWLB-RND-LTPNK - DTC,TOWLB-RND-LTPNK,DTC,9,11,2,2,2,12,14,327,0,0,0,0,0,0,0,0,0,0,0,0,0,1,41,1,0,0,0,0,0,0,0,0,0,0,0,0,177.05,235.66,49.1,50.67,50.67,290.28,376.44,2829.87,0,0,0,0,0,0,0,0,0,0,0,0,0,24,495.66,30,0,0,0,0,0,0,0,0,0,0,0,0
TOWLB-RND-NAVY - B2B,TOWLB-RND-NAVY,B2B,0,0,14,12,5,11,0,1,0,0,0,0,0,0,0,0,0,0,0,0,0,0,0,0,0,0,0,0,0,0,0,0,0,0,0,0,0,0,196.55,163.22,61,144.99,0,16.66,0,0,0,0,0,0,0,0,0,0,0,0,0,0,0,0,0,0,0,0,0,0,0,0,0,0,0,0
TOWLB-RND-NAVY - DTC,TOWLB-RND-NAVY,DTC,62,56,12,16,19,16,42,58,9,6,17,273,0,0,0,0,0,0,0,0,0,0,0,0,0,0,0,0,0,0,0,0,0,0,0,0,1253.16,1197.24,316.77,426.89,495.99,377.78,1037.29,1367.2,236.43,141.03,371.55,2156.76,0,0,0,0,0,0,0,0,0,0,0,0,0,0,0,0,0,0,0,0,0,0,0,0
TOWLB-RND-NAVY - FBA,TOWLB-RND-NAVY,FBA,0,1,1,1,1,0,2,0,0,0,0,0,0,0,0,0,0,0,0,0,0,0,0,0,0,0,0,0,0,0,0,0,0,0,0,0,0,34.42,26.65,33.33,26.67,0,60,0,0,0,0,0,0,0,0,0,0,0,0,0,0,0,0,0,0,0,0,0,0,0,0,0,0,0,0,0
TOWLB-RND-RAINB-R - B2B,TOWLB-RND-RAINB-R,B2B,0,20,0,0,0,0,0,0,0,0,0,0,0,0,0,0,0,0,0,0,0,0,0,0,0,0,0,0,0,0,0,0,0,0,0,0,0,174.45,0,0,0,0,0,0,0,0,0,0,0,0,0,0,0,0,0,0,0,0,0,0,0,0,0,0,0,0,0,0,0,0,0,0
TOWLB-RND-RED-R - B2B,TOWLB-RND-RED-R,B2B,0,10,0,0,0,0,0,0,0,0,0,0,0,0,0,0,0,0,0,0,0,0,0,0,0,0,0,0,0,0,0,0,0,0,0,0,0,87.23,0,0,0,0,0,0,0,0,0,0,0,0,0,0,0,0,0,0,0,0,0,0,0,0,0,0,0,0,0,0,0,0,0,0
TOWLB-RND-UNICN - B2B,TOWLB-RND-UNICN,B2B,2,0,6,2,3,6,2,1,0,0,0,0,0,0,0,0,0,0,0,0,0,0,0,0,0,0,0,0,0,0,0,0,0,0,0,0,31.02,0,81.59,29.98,46.64,91.61,33.32,16.66,0,0,0,0,0,0,0,0,0,0,0,0,0,0,0,0,0,0,0,0,0,0,0,0,0,0,0,0
TOWLB-RND-UNICN - DTC,TOWLB-RND-UNICN,DTC,58,70,17,22,37,19,56,83,22,2,22,21,8,0,0,0,1,0,0,0,0,0,0,0,0,0,0,0,0,0,0,0,0,0,0,0,1215.49,1451.88,441.81,571.26,978.75,486.88,1443.79,2079.24,549.89,46.67,497.29,393.3,54.73,0,0,0,30,0,0,0,0,0,0,0,0,0,0,0,0,0,0,0,0,0,0,0
TOWLB-RND-UNICN - FBA,TOWLB-RND-UNICN,FBA,0,0,4,1,0,0,2,1,0,0,0,0,0,0,0,0,0,0,0,0,0,0,0,0,0,0,0,0,0,0,0,0,0,0,0,0,0,0,106.44,33.33,0,0,66.66,33.33,0,0,0,0,0,0,0,0,0,0,0,0,0,0,0,0,0,0,0,0,0,0,0,0,0,0,0,0
TOWLB-SGW-LG-4SET - DTC,TOWLB-SGW-LG-4SET,DTC,0,0,31,43,0,0,0,0,0,0,0,0,0,0,0,0,0,0,0,0,0,0,0,0,0,0,0,0,0,0,0,0,0,0,0,0,0,0,2061.5,2845.51,0,0,0,0,0,0,0,0,0,0,0,0,0,0,0,0,0,0,0,0,0,0,0,0,0,0,0,0,0,0,0,0
TOWLB-SGW-LG-CHEVR - B2B,TOWLB-SGW-LG-CHEVR,B2B,0,0,0,4,2,0,0,0,0,0,0,0,0,0,0,0,0,0,0,0,0,0,0,0,0,0,0,0,0,0,0,0,0,0,0,0,0,0,0,44,24.54,0,0,0,0,0,0,0,0,0,0,0,0,0,0,0,0,0,0,0,0,0,0,0,0,0,0,0,0,0,0,0
TOWLB-SGW-LG-CHEVR - DTC,TOWLB-SGW-LG-CHEVR,DTC,0,0,31,81,45,0,0,0,0,0,0,0,0,0,0,0,0,0,0,0,0,0,0,0,0,0,0,0,0,0,0,0,0,0,0,0,0,0,0,850.84,1003.24,0,0,0,0,0,0,0,0,0,0,0,0,0,0,0,0,0,0,0,0,0,0,0,0,0,0,0,0,0,0,0
TOWLB-SGW-LG-GETWAV - B2B,TOWLB-SGW-LG-GETWAV,B2B,11,19,29,16,48,26,48,15,0,0,0,0,0,0,0,0,0,0,0,0,0,0,0,0,0,0,0,0,0,0,0,0,0,0,0,0,131.66,227.46,224.27,155.86,543.57,307.46,547.03,177.38,0,0,0,0,0,0,0,0,0,0,0,0,0,0,0,0,0,0,0,0,0,0,0,0,0,0,0,0
TOWLB-SGW-LG-GETWAV - DTC,TOWLB-SGW-LG-GETWAV,DTC,45,131,228,275,328,276,517,179,9,0,0,0,0,0,0,0,0,0,0,0,0,0,0,0,0,0,0,0,0,0,0,0,0,0,0,0,902.81,2462.99,3687.39,4187,7162.18,6196.49,11607.32,3936.02,210.83,0,0,0,0,0,0,0,0,0,0,0,0,0,0,0,0,0,0,0,0,0,0,0,0,0,0,0
TOWLB-SGW-LG-GETWAV - FBA,TOWLB-SGW-LG-GETWAV,FBA,0,32,68,42,35,143,146,13,0,0,0,0,0,0,0,0,0,0,0,0,0,0,0,0,0,0,0,0,0,0,0,0,0,0,0,0,0,738.58,1505.87,956.99,791.21,3243.66,3132.85,293.32,0,0,0,0,0,0,0,0,0,0,0,0,0,0,0,0,0,0,0,0,0,0,0,0,0,0,0,0
TOWLB-SGW-LG-GROOVY - B2B,TOWLB-SGW-LG-GROOVY,B2B,0,0,0,4,0,0,0,0,0,0,0,0,0,0,0,0,0,0,0,0,0,0,0,0,0,0,0,0,0,0,0,0,0,0,0,0,0,0,0,44,0,0,0,0,0,0,0,0,0,0,0,0,0,0,0,0,0,0,0,0,0,0,0,0,0,0,0,0,0,0,0,0
TOWLB-SGW-LG-GROOVY - DTC,TOWLB-SGW-LG-GROOVY,DTC,0,0,31,44,1,1,0,0,0,0,0,0,0,0,0,0,0,0,0,0,0,0,0,0,0,0,0,0,0,0,0,0,0,0,0,0,0,0,0,0,24.33,21.5,0,0,0,0,0,0,0,0,0,0,0,0,0,0,0,0,0,0,0,0,0,0,0,0,0,0,0,0,0,0
TOWLB-SGW-LG-GROOVY - FBA,TOWLB-SGW-LG-GROOVY,FBA,0,0,2,1,0,0,0,0,0,0,0,0,0,0,0,0,0,0,0,0,0,0,0,0,0,0,0,0,0,0,0,0,0,0,0,0,0,0,50.31,29.99,0,0,0,0,0,0,0,0,0,0,0,0,0,0,0,0,0,0,0,0,0,0,0,0,0,0,0,0,0,0,0,0
TOWLB-SGW-LG-RISSUN - B2B,TOWLB-SGW-LG-RISSUN,B2B,2,25,0,0,33,29,10,0,0,0,0,0,0,0,0,0,0,0,0,0,0,0,0,0,0,0,0,0,0,0,0,0,0,0,0,0,23.32,275.07,0,0,396.28,351.29,116.6,0,0,0,0,0,0,0,0,0,0,0,0,0,0,0,0,0,0,0,0,0,0,0,0,0,0,0,0,0
TOWLB-SGW-LG-RISSUN - DTC,TOWLB-SGW-LG-RISSUN,DTC,0,0,31,90,132,154,5,0,0,0,0,0,0,0,0,0,0,0,0,0,0,0,0,0,0,0,0,0,0,0,0,0,0,0,0,0,0,0,0,1040.82,2998.68,3483.79,112.62,0,0,0,0,0,0,0,0,0,0,0,0,0,0,0,0,0,0,0,0,0,0,0,0,0,0,0,0,0
TOWLB-SGW-XL-4SET - DTC,TOWLB-SGW-XL-4SET,DTC,11,1,6,0,0,0,0,0,0,0,0,0,0,0,0,0,0,0,0,0,0,0,0,0,0,0,0,0,0,0,0,0,0,0,0,0,1003.2,96,468,0,0,0,0,0,0,0,0,0,0,0,0,0,0,0,0,0,0,0,0,0,0,0,0,0,0,0,0,0,0,0,0,0
TOWLB-SGW-XL-4SET - FBA,TOWLB-SGW-XL-4SET,FBA,1,0,0,0,0,0,0,0,0,0,0,0,0,0,0,0,0,0,0,0,0,0,0,0,0,0,0,0,0,0,0,0,0,0,0,0,100.17,0,0,0,0,0,0,0,0,0,0,0,0,0,0,0,0,0,0,0,0,0,0,0,0,0,0,0,0,0,0,0,0,0,0,0
TOWLB-SGW-XL-CHEVR - B2B,TOWLB-SGW-XL-CHEVR,B2B,8,9,7,41,57,3,0,0,0,0,0,0,0,0,0,0,0,0,0,0,0,0,0,0,0,0,0,0,0,0,0,0,0,0,0,0,102.39,119.97,96.63,542.04,747.73,37.81,0,0,0,0,0,0,0,0,0,0,0,0,0,0,0,0,0,0,0,0,0,0,0,0,0,0,0,0,0,0
TOWLB-SGW-XL-CHEVR - DTC,TOWLB-SGW-XL-CHEVR,DTC,124,10,47,90,79,0,0,0,0,0,0,0,0,0,0,0,0,0,0,0,0,0,0,0,0,0,0,0,0,0,0,0,0,0,0,0,2582.36,196.74,1020.9,2195.46,1939.87,0,0,0,0,0,0,0,0,0,0,0,0,0,0,0,0,0,0,0,0,0,0,0,0,0,0,0,0,0,0,0
TOWLB-SGW-XL-CHEVR - FBA,TOWLB-SGW-XL-CHEVR,FBA,12,0,0,0,0,0,0,0,0,0,0,0,0,0,0,0,0,0,0,0,0,0,0,0,0,0,0,0,0,0,0,0,0,0,0,0,310.73,0,0,0,0,0,0,0,0,0,0,0,0,0,0,0,0,0,0,0,0,0,0,0,0,0,0,0,0,0,0,0,0,0,0,0
TOWLB-SGW-XL-GETWAV - B2B,TOWLB-SGW-XL-GETWAV,B2B,5,17,18,45,53,36,8,1,0,0,0,0,0,0,0,0,0,0,0,0,0,0,0,0,0,0,0,0,0,0,0,0,0,0,0,0,63.61,230.5,236.59,503.37,638.39,478.63,75.21,14.05,0,0,0,0,0,0,0,0,0,0,0,0,0,0,0,0,0,0,0,0,0,0,0,0,0,0,0,0
TOWLB-SGW-XL-GETWAV - DTC,TOWLB-SGW-XL-GETWAV,DTC,130,93,137,164,263,169,0,0,0,0,1,0,0,0,0,0,0,0,0,0,0,0,0,0,0,0,0,0,0,0,0,0,0,0,0,0,2960.22,2314.4,3411.45,4126.59,6684.2,4272.13,0,0,0,0,30,0,0,0,0,0,0,0,0,0,0,0,0,0,0,0,0,0,0,0,0,0,0,0,0,0
TOWLB-SGW-XL-GETWAV - FBA,TOWLB-SGW-XL-GETWAV,FBA,13,31,24,57,64,115,1,0,0,0,0,0,0,0,0,0,0,0,0,0,0,0,0,0,0,0,0,0,0,0,0,0,0,0,0,0,358.17,815.64,653.87,1451.72,1779.7,2954.68,20.92,0,0,0,0,0,0,0,0,0,0,0,0,0,0,0,0,0,0,0,0,0,0,0,0,0,0,0,0,0
TOWLB-SGW-XL-GROOVY - B2B,TOWLB-SGW-XL-GROOVY,B2B,2,6,0,0,2,0,0,0,0,0,0,0,0,0,0,0,0,0,0,0,0,0,0,0,0,0,0,0,0,0,0,0,0,0,0,0,25.17,81.68,0,0,26.66,0,0,0,0,0,0,0,0,0,0,0,0,0,0,0,0,0,0,0,0,0,0,0,0,0,0,0,0,0,0,0
TOWLB-SGW-XL-GROOVY - DTC,TOWLB-SGW-XL-GROOVY,DTC,99,70,10,0,8,1,0,0,0,0,0,0,1,0,0,0,0,0,0,0,0,0,0,0,0,0,0,0,0,0,0,0,0,0,0,0,2029.29,1556.37,97.2,0,206.68,26.67,0,0,0,0,0,0,21.03,0,0,0,0,0,0,0,0,0,0,0,0,0,0,0,0,0,0,0,0,0,0,0
TOWLB-SGW-XL-GROOVY - FBA,TOWLB-SGW-XL-GROOVY,FBA,9,1,0,1,5,0,0,0,0,0,0,0,0,0,0,0,0,0,0,0,0,0,0,0,0,0,0,0,0,0,0,0,0,0,0,0,237.91,30.83,0,25.49,126.22,0,0,0,0,0,0,0,0,0,0,0,0,0,0,0,0,0,0,0,0,0,0,0,0,0,0,0,0,0,0,0
TOWLB-SGW-XL-RISSUN - B2B,TOWLB-SGW-XL-RISSUN,B2B,7,6,7,24,0,0,0,0,0,0,0,0,0,0,0,0,0,0,0,0,0,0,0,0,0,0,0,0,0,0,0,0,0,0,0,0,90.6,80.88,94.42,321.46,0,0,0,0,0,0,0,0,0,0,0,0,0,0,0,0,0,0,0,0,0,0,0,0,0,0,0,0,0,0,0,0
TOWLB-SGW-XL-RISSUN - DTC,TOWLB-SGW-XL-RISSUN,DTC,59,4,47,75,3,4,0,0,0,0,0,0,0,0,0,0,0,0,0,0,0,0,0,0,0,0,0,0,0,0,0,0,0,0,0,0,1161.28,80,1042.56,1926.39,74.67,101.6,0,0,0,0,0,0,0,0,0,0,0,0,0,0,0,0,0,0,0,0,0,0,0,0,0,0,0,0,0,0
TOWLB-SGW-XL-RISSUN - FBA,TOWLB-SGW-XL-RISSUN,FBA,10,0,0,0,0,0,0,0,0,0,0,0,0,0,0,0,0,0,0,0,0,0,0,0,0,0,0,0,0,0,0,0,0,0,0,0,263.06,0,0,0,0,0,0,0,0,0,0,0,0,0,0,0,0,0,0,0,0,0,0,0,0,0,0,0,0,0,0,0,0,0,0,0
TOWLB-SUM-LG-4SET - DTC,TOWLB-SUM-LG-4SET,DTC,0,0,20,41,24,52,247,28,2,7,23,8,0,3,7,0,0,0,0,0,0,0,0,0,0,0,0,0,0,0,0,0,0,0,0,0,0,0,1341.2,2740.5,1522.5,-74.67,97.34,126,0,-7,-21,133,0,0,67.2,0,0,0,0,0,0,0,0,0,0,0,0,0,0,0,0,0,0,0,0,0
TOWLB-SUM-LG-5SET - DTC,TOWLB-SUM-LG-5SET,DTC,8,8,5,10,11,37,158,24,3,4,18,17,0,0,0,0,0,0,0,0,0,0,0,0,0,0,0,0,0,0,0,0,0,0,0,0,681.31,704.64,438.65,895.97,919.3,-36.75,-70,-35,-8.75,-17.79,-8.75,0,0,0,0,0,0,0,0,0,0,0,0,0,0,0,0,0,0,0,0,0,0,0,0,0
TOWLB-SUM-LG-5SET - FBA,TOWLB-SUM-LG-5SET,FBA,1,2,1,1,1,2,8,2,0,0,2,0,0,0,0,0,0,0,0,0,0,0,0,0,0,0,0,0,0,0,0,0,0,0,0,0,85.83,171.66,85.83,85.83,108.26,-21.49,141.8,83.75,0,0,73.05,0,0,0,0,0,0,0,0,0,0,0,0,0,0,0,0,0,0,0,0,0,0,0,0,0
TOWLB-SUM-LG-6SET-RAINSHRS - DTC,TOWLB-SUM-LG-6SET-RAINSHRS,DTC,0,0,0,0,0,0,0,0,0,0,0,0,0,3,3,0,0,0,0,0,0,0,0,0,0,1,0,0,0,0,0,0,0,0,0,0,0,0,0,0,0,0,0,0,0,0,0,0,0,0,-19.6,0,0,0,0,0,0,0,0,0,0,0,0,0,0,0,0,0,0,0,0,0
TOWLB-SUM-LG-COLAGN - B2B,TOWLB-SUM-LG-COLAGN,B2B,0,0,0,0,0,0,0,2,0,0,0,0,19,46,288,249,192,56,72,90,18,54,24,6,19,753,41,425,60,178,164,0,0,0,0,0,0,0,0,0,0,0,0,0,0,0,0,0,198.81,1803.46,3021.4,5773.62,2121.59,660.58,846.97,963.6,251.32,717.42,340.32,82.5,232.58,52174.28,523.88,4821.28,808.5,2411.33,2122.93,0,0,0,0,0
TOWLB-SUM-LG-COLAGN - DTC,TOWLB-SUM-LG-COLAGN,DTC,0,0,0,0,0,0,0,0,0,0,0,0,0,239,370,519,671,512,871,695,269,115,505,193,80,122,177,190,385,592,339,0,0,0,0,0,0,0,0,0,0,0,0,0,0,0,0,0,0,5029.43,7384.23,10180.69,13523.19,10077.81,17143.65,13729.29,6182.44,2713.81,10980.23,4754.58,1946.19,2995.13,4354.49,4513.49,9274.02,14293.21,8242.25,0,0,0,0,0
TOWLB-SUM-LG-COLAGN - FBA,TOWLB-SUM-LG-COLAGN,FBA,0,0,0,0,0,0,0,0,0,0,0,0,0,7,35,36,80,110,105,71,33,21,27,35,10,9,12,10,37,76,60,0,0,0,0,0,0,0,0,0,0,0,0,0,0,0,0,0,0,184.53,800.15,801.49,1753.4,2433.7,2180.38,1499.71,827.01,536.68,629.48,920.91,266.65,247.41,327.15,252.91,930.12,1816.11,1582.83,0,0,0,0,0
TOWLB-SUM-LG-CSTCANDY - B2B,TOWLB-SUM-LG-CSTCANDY,B2B,0,0,0,0,0,0,0,0,0,0,0,0,28,62,125,117,108,117,125,142,50,46,0,24,24,594,171,431,393,647,89,0,0,0,0,0,0,0,0,0,0,0,0,0,0,0,0,0,286.41,708.45,1151.12,1868.13,1247.18,1363.89,1420.91,1569.47,662.42,594.95,0,330,317.64,58939.8,2171.5,5030.23,4758.45,8428.86,1201.68,0,0,0,0,0
TOWLB-SUM-LG-CSTCANDY - DTC,TOWLB-SUM-LG-CSTCANDY,DTC,0,0,0,0,0,0,0,0,0,0,0,0,0,224,268,470,867,641,462,516,221,90,278,153,71,99,98,104,201,260,181,0,0,0,0,0,0,0,0,0,0,0,0,0,0,0,0,0,0,4994.51,5755.68,10172.17,18503.55,13587.89,9695.83,11016.53,5302.33,2151.65,6432.98,3768.46,1812.84,2497.35,2531.66,2636.92,5046.08,6411.64,4628.37,0,0,0,0,0
TOWLB-SUM-LG-CSTCANDY - FBA,TOWLB-SUM-LG-CSTCANDY,FBA,0,0,0,0,0,0,0,0,0,0,0,0,0,13,47,103,125,105,169,74,37,14,30,41,35,31,28,19,37,76,89,0,0,0,0,0,0,0,0,0,0,0,0,0,0,0,0,0,0,319.91,1081.97,2282.51,2770.32,2376.53,3417.12,1599.88,921.39,325.47,692.7,1026.91,835.24,779.96,690.4,463.76,960.76,1833.78,2381.76,0,0,0,0,0
TOWLB-SUM-LG-DSKDWN - B2B,TOWLB-SUM-LG-DSKDWN,B2B,18,14,19,27,38,24,37,36,15,38,4,0,0,0,0,0,0,0,0,0,0,0,0,0,0,0,0,0,0,0,0,0,0,0,0,0,196.36,164.17,222.81,321.34,446.02,279.84,422.06,430,181.69,456.15,47.93,0,0,0,0,0,0,0,0,0,0,0,0,0,0,0,0,0,0,0,0,0,0,0,0,0
TOWLB-SUM-LG-DSKDWN - DTC,TOWLB-SUM-LG-DSKDWN,DTC,96,100,169,243,269,202,771,357,152,83,281,191,1,19,55,0,1,0,0,0,0,1,0,0,0,0,0,0,0,0,0,0,0,0,0,0,1932.5,1972.76,3036.08,4212.04,5265.51,4070.81,15041.49,7393.77,3419.65,1784.59,5584.57,3811.69,20.21,427.15,1022.04,0,22,0,0,0,0,19.8,0,0,0,0,0,0,0,0,0,0,0,0,0,0
TOWLB-SUM-LG-DSKDWN - FBA,TOWLB-SUM-LG-DSKDWN,FBA,46,38,54,57,23,64,164,150,41,33,50,29,13,3,3,0,0,0,0,0,0,0,0,0,0,0,0,0,0,0,0,0,0,0,0,0,1048.88,783.75,1161.39,1226.35,516.99,1449.02,3458.37,3399.33,956.53,761.04,990.92,666.57,303.28,69.99,69.99,0,0,0,0,0,0,0,0,0,0,0,0,0,0,0,0,0,0,0,0,0
TOWLB-SUM-LG-ENDRVR - B2B,TOWLB-SUM-LG-ENDRVR,B2B,39,240,637,76,70,269,282,800,30,67,20,3,32,1,15,17,42,147,27,0,0,0,0,0,0,0,0,0,0,0,0,0,0,0,0,0,430.07,2592.21,7257.79,858.39,781.49,2946.84,3034.27,8511.56,361.75,810.11,240.74,38.1,357.13,4279.22,180.08,198.68,494.05,1107.17,309.86,0,0,0,0,0,0,0,0,0,0,0,0,0,0,0,0,0
TOWLB-SUM-LG-ENDRVR - DTC,TOWLB-SUM-LG-ENDRVR,DTC,82,128,260,308,449,383,807,593,249,161,407,536,469,95,123,276,257,159,271,1,19,11,0,0,0,0,0,0,0,0,0,0,0,0,0,0,1576.31,2593.16,5429.56,6530.56,9644.77,8284.15,16850.66,12516.17,5545.74,3524.19,8234.43,10823.34,9097.49,2153.7,2771.77,6144.21,5728.13,3492.32,5878.06,20,434.59,240.15,0,0,0,0,0,0,0,0,0,0,0,0,0,0
TOWLB-SUM-LG-ENDRVR - FBA,TOWLB-SUM-LG-ENDRVR,FBA,6,14,24,85,89,123,186,161,41,27,75,54,28,34,36,46,50,102,162,52,48,15,197,0,2,0,0,0,0,0,0,0,0,0,0,0,121.14,298.65,477.44,1554.03,1953.14,2716.65,3852.72,3604.65,960.69,617.17,1454.47,1204.53,653.25,793.23,650.1,803.15,899.45,1805.45,3245.81,1141.61,1054.99,365.66,1981.65,0,52.23,0,0,0,0,0,0,0,0,0,0,0
TOWLB-SUM-LG-MIAMI - B2B,TOWLB-SUM-LG-MIAMI,B2B,0,0,0,0,0,0,0,1,0,0,0,0,25,53,166,42,111,50,391,403,210,42,40,280,87,1101,115,561,209,135,168,0,0,0,0,0,0,0,0,0,0,0,0,0,0,0,0,0,264.36,5386.19,4282.64,7396.18,4048.21,594.11,4252.96,4380.08,2400.37,577.5,503.25,3446.26,1083.98,16231.71,1475.77,6208.56,2684.38,1770.64,2216.5,0,0,0,0,0
TOWLB-SUM-LG-MIAMI - DTC,TOWLB-SUM-LG-MIAMI,DTC,0,0,0,0,0,0,0,0,0,0,0,0,0,208,349,487,300,442,742,607,221,126,428,202,114,126,191,232,430,631,316,0,0,0,0,0,0,0,0,0,0,0,0,0,0,0,0,0,0,4413.72,7113.69,9393.55,6165.68,8962.27,14263.1,12238.91,5157.08,3037.77,9233.04,5034.68,2929.75,3243.96,4532.23,4751.09,10517.15,15142.35,7836.58,0,0,0,0,0
TOWLB-SUM-LG-MIAMI - FBA,TOWLB-SUM-LG-MIAMI,FBA,0,0,0,0,0,0,0,0,0,0,0,0,0,10,37,52,93,135,132,75,17,18,31,15,2,9,10,16,18,96,65,0,0,0,0,0,0,0,0,0,0,0,0,0,0,0,0,0,0,243.7,858.54,1157.06,2027.23,3016.8,2684.59,1650.08,440.69,440.47,711.94,373.84,52.23,249.99,280.28,409.6,438.19,2321.35,1789.82,0,0,0,0,0
TOWLB-SUM-LG-OCEAN - B2B,TOWLB-SUM-LG-OCEAN,B2B,0,0,0,0,0,0,0,0,0,0,0,0,0,0,0,0,0,0,0,0,0,0,0,0,0,675,104,376,52,290,209,0,0,0,0,0,0,0,0,0,0,0,0,0,0,0,0,0,0,0,0,0,0,0,0,0,0,0,0,0,0,7839.43,1393.5,4304.92,674.7,3707.01,2686.76,0,0,0,0,0
TOWLB-SUM-LG-OCEAN - DTC,TOWLB-SUM-LG-OCEAN,DTC,0,0,0,0,0,0,0,0,0,0,0,0,0,0,0,0,0,0,0,0,0,0,0,0,0,18,128,164,269,406,197,0,0,0,0,0,0,0,0,0,0,0,0,0,0,0,0,0,0,0,0,0,0,0,0,0,0,0,0,0,0,464.66,3084.82,3768.67,5946.04,9157.01,4357.14,0,0,0,0,0
TOWLB-SUM-LG-OCEAN - FBA,TOWLB-SUM-LG-OCEAN,FBA,0,0,0,0,0,0,0,0,0,0,0,0,0,0,0,0,0,0,0,0,0,0,0,0,0,0,12,20,46,74,22,0,0,0,0,0,0,0,0,0,0,0,0,0,0,0,0,0,0,0,0,0,0,0,0,0,0,0,0,0,0,0,323.02,522.31,1207.82,1749.54,570.22,0,0,0,0,0
TOWLB-SUM-LG-PCHSUN - B2B,TOWLB-SUM-LG-PCHSUN,B2B,19,20,159,30,29,39,59,37,61,25,5,0,0,0,10,0,0,2,0,0,0,0,0,0,0,0,0,0,0,0,0,0,0,0,0,0,215.43,228.12,1855.44,352.07,340.02,447.04,682.92,428.46,715.38,294.93,58.3,0,0,0,112.51,0,0,23.32,0,0,0,0,0,0,0,0,0,0,0,0,0,0,0,0,0,0
TOWLB-SUM-LG-PCHSUN - DTC,TOWLB-SUM-LG-PCHSUN,DTC,78,66,133,200,252,304,777,360,171,91,286,203,0,9,310,1,2,13,1,0,0,4,0,0,0,0,0,0,0,0,0,0,0,0,0,0,1478.73,1306.25,2299.59,3230.11,4677.72,6336.75,15381.76,7565.47,3710.06,1995.57,5687.31,4155.56,0,193.35,6021.99,15.87,40.28,264.78,22,0,0,80.91,0,0,0,0,0,0,0,0,0,0,0,0,0,0
TOWLB-SUM-LG-PCHSUN - FBA,TOWLB-SUM-LG-PCHSUN,FBA,28,24,32,41,74,88,142,100,38,30,17,9,1,0,17,37,124,56,2,0,0,0,0,0,0,0,0,0,0,0,0,0,0,0,0,0,624.07,490.45,699.43,864.99,1649.08,1924.71,2971.47,2270.67,899.76,708.89,377.55,218.29,23.33,0,306.95,650.02,1884.06,800.37,28,0,0,0,0,0,0,0,0,0,0,0,0,0,0,0,0,0
TOWLB-SUM-LG-PEACH-R - DTC,TOWLB-SUM-LG-PEACH-R,DTC,7,3,0,0,0,0,0,0,0,0,0,0,0,0,0,0,0,0,0,0,0,0,0,0,0,0,0,0,0,0,0,0,0,0,0,0,125.54,59.87,0,0,0,0,0,0,0,0,0,0,0,0,0,0,0,0,0,0,0,0,0,0,0,0,0,0,0,0,0,0,0,0,0,0
TOWLB-SUM-LG-RAINB-R - B2B,TOWLB-SUM-LG-RAINB-R,B2B,14,28,219,10,324,41,92,12,0,2,5,19,13,28,3,56,94,37,85,43,12,46,6,2,12,7,6,20,28,0,6,0,0,0,0,0,160.55,321.87,2543.77,118.29,3748.32,477.74,1024.02,141.94,0,24.53,58.3,220.55,158.94,540.65,35.54,703.4,1086.36,442.84,992.83,498.7,165,578.74,74.22,0,151.33,1469.16,82.5,275,325.42,0,82.5,0,0,0,0,0
TOWLB-SUM-LG-RAINB-R - DTC,TOWLB-SUM-LG-RAINB-R,DTC,46,50,111,173,224,192,517,72,10,18,132,104,46,29,79,99,178,147,169,319,156,18,258,98,30,26,42,45,55,69,63,0,0,0,0,0,649.94,384.31,820.44,1266.43,1263.63,3488.33,9535.4,1247.91,177.46,342.35,2402.22,1977.32,946.46,593.46,1483.63,2022.06,3561.61,3021.73,3171.78,5601.99,2783.73,396.23,4579.78,1817.15,578.17,604.27,941.08,1039.9,1134.28,1516.5,1280.64,0,0,0,0,0
TOWLB-SUM-LG-RAINB-R - FBA,TOWLB-SUM-LG-RAINB-R,FBA,13,10,10,47,11,13,54,46,2,1,3,4,9,8,15,12,24,42,47,27,14,4,19,5,0,0,1,4,51,37,0,0,0,0,0,0,277.74,171.47,191.29,704.16,64.08,272.98,1114.31,1012.39,46.66,27.49,47.87,58.36,200.79,178.31,338.27,247.28,515.83,901.1,903.57,572.63,326.45,81.51,376.75,109,0,0,26.12,85.99,1080.58,653.04,0,0,0,0,0,0
TOWLB-SUM-LG-SANDSEA - B2B,TOWLB-SUM-LG-SANDSEA,B2B,33,150,562,30,31,36,43,219,11,35,5,16,13,32,28,39,72,186,123,128,254,12,0,12,50,0,5,0,0,0,0,0,0,0,0,0,378.39,1635.8,7394.02,321.88,340.62,426.52,487.61,2363.28,132.32,417.01,58.3,192.31,140.51,4635.14,1376.33,3826.85,845.33,2073.78,3572.26,1501.41,2773.86,139.92,0,165,583,0,58.3,0,0,0,0,0,0,0,0,0
TOWLB-SUM-LG-SANDSEA - DTC,TOWLB-SUM-LG-SANDSEA,DTC,0,11,106,167,192,132,232,175,116,41,124,165,65,35,79,152,472,164,288,799,404,22,463,585,252,13,0,72,85,8,8,0,0,0,0,0,0,255.07,2359.46,3875.2,4201.49,2871.24,5095.79,3809.9,2579.32,934.54,2642.24,3734.53,1502.26,772.54,1624.53,3202.36,10110.37,3331.73,5797.82,14075.79,7150.02,535.93,8453.09,10754.6,4455.37,262.7,0,1617.59,1834.68,147.4,149.07,0,0,0,0,0
TOWLB-SUM-LG-SANDSEA - FBA,TOWLB-SUM-LG-SANDSEA,FBA,0,1,16,22,44,30,48,56,14,12,21,1,8,9,8,9,11,17,24,18,4,4,4,3,1,5,5,14,33,43,5,0,0,0,0,0,0,27.5,361.21,443.05,987.69,649.68,987.75,1252.18,326.62,276.46,444.42,27.49,190.79,209.97,163.1,202.96,246.89,366.24,523.03,389.55,105.8,97.97,79.32,73.15,26.66,133.3,132.31,305.81,698.48,911.56,103.39,0,0,0,0,0
TOWLB-SUM-LG-TUTFRU - B2B,TOWLB-SUM-LG-TUTFRU,B2B,0,0,0,0,0,0,0,0,0,0,0,0,0,0,0,0,0,0,0,0,0,0,0,0,0,684,88,376,87,119,122,0,0,0,0,0,0,0,0,0,0,0,0,0,0,0,0,0,0,0,0,0,0,0,0,0,0,0,0,0,0,7965.17,1157.87,4267.15,1099.58,1542.75,1584,0,0,0,0,0
TOWLB-SUM-LG-TUTFRU - DTC,TOWLB-SUM-LG-TUTFRU,DTC,0,0,0,0,0,0,0,0,0,0,0,0,0,0,0,0,0,0,0,0,0,0,0,0,0,21,119,179,236,374,238,0,0,0,0,0,0,0,0,0,0,0,0,0,0,0,0,0,0,0,0,0,0,0,0,0,0,0,0,0,0,554.04,2900.28,4131.73,5397.53,8260,5463.82,0,0,0,0,0
TOWLB-SUM-LG-TUTFRU - FBA,TOWLB-SUM-LG-TUTFRU,FBA,0,0,0,0,0,0,0,0,0,0,0,0,0,0,0,0,0,0,0,0,0,0,0,0,0,0,8,15,15,55,22,0,0,0,0,0,0,0,0,0,0,0,0,0,0,0,0,0,0,0,0,0,0,0,0,0,0,0,0,0,0,0,218.55,398.6,402.17,1307.37,578.7,0,0,0,0,0
TOWLB-SUM-LG-UNICN-R - B2B,TOWLB-SUM-LG-UNICN-R,B2B,21,244,723,165,72,387,81,990,50,85,15,20,1,80,11,304,99,315,345,130,228,24,12,12,63,50,14,18,7,26,0,0,0,0,0,0,245.57,2617.74,7644.91,1685.37,801.29,4040.27,869.43,10465.3,468.69,919.75,178.77,234.66,-4.33,3833.91,2238.14,5671.34,1072.35,3424.92,5875.26,1393.14,2482.72,320.11,149.06,165,655.26,2560.14,192.5,236.97,93.07,357.5,0,0,0,0,0,0
TOWLB-SUM-LG-UNICN-R - DTC,TOWLB-SUM-LG-UNICN-R,DTC,135,128,242,356,526,361,867,385,147,102,278,297,147,108,186,291,484,500,652,597,231,59,481,219,68,56,93,76,133,133,151,0,0,0,0,0,2481.53,1809.86,3144.37,4841.8,7370.94,7225.87,17223.56,8157.92,3116.42,2219.3,5476.85,6140.13,3205.56,2295.83,3821.01,6015.93,9631.61,9974.36,12954.49,10624.32,4387.65,1383.46,8629.59,4199.09,1531.2,1413.26,2269.27,1794.25,3198.2,2922.36,3473.28,0,0,0,0,0
TOWLB-SUM-LG-UNICN-R - FBA,TOWLB-SUM-LG-UNICN-R,FBA,33,28,71,51,126,107,160,202,108,93,149,176,39,32,44,49,100,102,146,90,30,4,149,34,13,5,6,5,12,173,8,0,0,0,0,0,707.22,558.5,1516.24,1031.16,2583.44,2307.67,3272.96,4596.84,2523.09,2033.11,2834.47,3822.56,912.32,742.37,1005.76,1093.94,2213.49,2250.38,2965.12,1965.89,724.27,85.53,2104.2,788.6,315.32,137.45,152.59,113.47,245.49,3463.76,216.79,0,0,0,0,0
TOWLB-SUM-MD-UNICN - B2B,TOWLB-SUM-MD-UNICN,B2B,3,10,3,83,24,9,10,25,13,23,27,10,13,12,1,66,10,0,23,0,6,18,0,6,6,1,46,40,0,0,0,0,0,0,0,0,28.5,99,31.58,827.37,243.6,90,100,250,136.84,184.25,207.5,75,114.79,110.2,9.5,660,100,0,206.01,0,60,180,0,60,53.06,-0.43,488.25,443.46,0,0,0,0,0,0,0,0
TOWLB-SUM-MD-UNICN - DTC,TOWLB-SUM-MD-UNICN,DTC,10,37,66,109,118,101,216,160,94,60,121,128,79,58,14,93,126,0,132,12,78,38,187,150,47,61,39,30,46,46,40,0,0,0,0,0,199.3,729.68,1235.57,2102.28,2310.83,2005.24,4108.83,3228.44,1889.66,1178.82,2203.2,2453.66,1563.17,1064.14,258.21,1655.27,2295.41,0,2332.25,197.37,1534.51,705.43,3092.3,2751.25,881.22,1112.48,792.12,633.04,1014.93,1065.47,860.3,0,0,0,0,0
TOWLB-SUM-MD-UNICN - FBA,TOWLB-SUM-MD-UNICN,FBA,0,4,3,12,28,19,23,39,13,13,10,10,19,10,2,6,34,13,16,44,31,12,15,26,22,13,26,40,41,35,10,0,0,0,0,0,0,92.65,64.9,227.48,543.82,362.63,405.26,754.78,263.99,273.64,181.01,187.96,379.83,201.38,43.33,133.4,642.78,252.03,311.2,816.97,621.77,221.89,253.85,477.74,387.81,259.87,512.75,815.89,936.92,834.54,233.69,0,0,0,0,0
TOWLB-SUM-X2-UNICN - B2B,TOWLB-SUM-X2-UNICN,B2B,0,2,0,3,10,1,0,3,0,2,0,0,2,0,0,4,0,0,4,32,0,0,0,0,0,0,0,1,4,0,0,0,0,0,0,0,0,39.58,0,62.49,208.3,21.75,0,63.34,0,41.66,0,0,-1.98,0,0,1398.53,0,0,83.32,435.06,0,0,0,0,0,0,0,22.27,83.32,0,0,0,0,0,0,0
TOWLB-SUM-X2-UNICN - DTC,TOWLB-SUM-X2-UNICN,DTC,7,3,27,29,51,41,75,116,20,7,47,28,9,16,31,0,44,41,34,48,39,8,36,38,66,23,37,36,60,37,24,0,0,0,0,0,0,75,819.62,991.71,1577.57,1573.5,2767.81,3595.35,605.83,264.6,1532.22,935.08,318.1,606.62,1087.3,0,1536.61,1375.49,1144.71,1522.14,1240.19,256.68,1103.72,1107.84,1846.1,787.14,1317.71,1279.7,2058.05,1515.76,997.56,0,0,0,0,0
TOWLB-SUM-X2-UNICN - FBA,TOWLB-SUM-X2-UNICN,FBA,0,0,4,5,6,7,12,10,2,2,5,0,1,1,4,5,4,5,19,6,0,0,0,2,0,0,0,1,9,23,16,0,0,0,0,0,0,0,150.99,182.65,249.96,283.31,441.61,370.78,83.32,83.32,203.86,0,41.66,41.66,158.31,191.63,162.47,202.55,687.39,248.72,0,0,0,91.66,0,0,0,36.66,306.1,786.86,563.9,0,0,0,0,0
TOWLB-SUM-XL-4SET - DTC,TOWLB-SUM-XL-4SET,DTC,0,0,18,2,8,62,28,52,22,14,12,18,13,6,0,2,0,0,0,0,0,0,0,0,0,0,0,0,0,0,0,0,0,0,0,0,0,0,1372,136,600,-114.4,-40,264,56,-16,-15.2,68,0,-17.06,0,-8.53,0,0,0,0,0,0,0,0,0,0,0,0,0,0,0,0,0,0,0,0
TOWLB-SUM-XL-5SET - DTC,TOWLB-SUM-XL-5SET,DTC,0,0,1,0,6,39,19,45,15,9,7,18,12,3,0,0,0,0,0,0,0,0,0,0,0,0,0,0,0,0,0,0,0,0,0,0,0,0,90.67,0,592.02,-36,-20,440,71,151,-10,90,96,-10.67,0,0,0,0,0,0,0,0,0,0,0,0,0,0,0,0,0,0,0,0,0,0
TOWLB-SUM-XL-5SET - FBA,TOWLB-SUM-XL-5SET,FBA,0,0,0,1,8,10,3,4,0,2,1,0,0,0,0,0,0,0,0,0,0,0,0,0,0,0,0,0,0,0,0,0,0,0,0,0,0,0,0,78.84,758.74,303.79,195,97.5,0,0,-12.28,0,0,0,0,0,0,0,0,0,0,0,0,0,0,0,0,0,0,0,0,0,0,0,0,0
TOWLB-SUM-XL-6SET - DTC,TOWLB-SUM-XL-6SET,DTC,0,0,0,0,0,0,1,3,0,1,3,2,1,2,0,1,0,0,0,0,0,0,0,0,0,0,0,0,0,0,0,0,0,0,0,0,0,0,0,0,0,0,0,0,0,111.67,96.75,0,0,0,0,0,0,0,0,0,0,0,0,0,0,0,0,0,0,0,0,0,0,0,0,0
TOWLB-SUM-XL-6SET-RAINSHRS - DTC,TOWLB-SUM-XL-6SET-RAINSHRS,DTC,0,0,0,0,0,0,0,0,0,0,0,0,0,3,0,0,0,0,0,0,0,0,0,0,0,0,0,0,0,0,0,0,0,0,0,0,0,0,0,0,0,0,0,0,0,0,0,0,0,0,0,0,0,0,0,0,0,0,0,0,0,0,0,0,0,0,0,0,0,0,0,0
TOWLB-SUM-XL-COLAGN - B2B,TOWLB-SUM-XL-COLAGN,B2B,0,0,0,0,0,0,0,0,0,0,0,0,11,43,49,38,38,69,56,21,12,6,0,0,0,10,25,16,24,42,24,0,0,0,0,0,0,0,0,0,0,0,0,0,0,0,0,0,127.51,545.26,581.78,1126.27,495.15,823.45,728.79,287.61,180,79.98,0,0,0,88.72,334.36,203.62,277.5,630,270,0,0,0,0,0
TOWLB-SUM-XL-COLAGN - DTC,TOWLB-SUM-XL-COLAGN,DTC,0,0,0,0,0,0,0,0,0,0,0,0,2,188,258,442,558,724,855,706,259,134,375,181,94,109,234,308,561,934,499,0,0,0,0,0,0,0,0,0,0,0,0,0,0,0,0,0,0,4427.07,5934.69,10156.76,12675.1,16613.12,18664.26,15203.73,6321.09,3381.68,9052.41,4305.87,2541.72,2934.07,6104.03,8174.12,14297.92,24298.19,13312.98,0,0,0,0,0
TOWLB-SUM-XL-COLAGN - FBA,TOWLB-SUM-XL-COLAGN,FBA,0,0,0,0,0,0,0,0,0,0,0,0,0,8,37,65,77,146,153,87,34,34,27,31,8,18,18,25,48,115,42,0,0,0,0,0,0,0,0,0,0,0,0,0,0,0,0,0,0,224.95,961.48,1630.56,1867.8,3669.32,3525.57,2151.51,970.53,929.04,671.74,883.21,227.93,539.82,532.1,713.75,1337.53,3043.49,1205.65,0,0,0,0,0
TOWLB-SUM-XL-CSTCANDY - B2B,TOWLB-SUM-XL-CSTCANDY,B2B,0,0,0,0,0,0,0,0,0,0,0,0,20,55,83,48,54,553,90,25,12,12,6,12,0,29,21,27,38,418,48,0,0,0,0,0,0,0,0,0,0,0,0,0,0,0,0,0,239.91,704.62,1016.02,1262.32,692.68,4838.92,1180.35,331.25,180,159.96,79.98,180,0,10167.09,271.29,101.81,434.57,6270,630,0,0,0,0,0
TOWLB-SUM-XL-CSTCANDY - DTC,TOWLB-SUM-XL-CSTCANDY,DTC,0,0,0,0,0,0,0,0,0,0,0,0,0,136,157,293,615,434,525,396,186,78,214,95,57,66,82,103,282,350,252,0,0,0,0,0,0,0,0,0,0,0,0,0,0,0,0,0,0,3386.3,3823.44,6965.23,14303.46,10076.21,12138.8,9119.05,5024.07,1971.76,5023.99,2429.5,1504.01,1659.04,2217.03,2842.15,7644.35,9949.58,7141.39,0,0,0,0,0
TOWLB-SUM-XL-CSTCANDY - FBA,TOWLB-SUM-XL-CSTCANDY,FBA,0,0,0,0,0,0,0,0,0,0,0,0,0,6,49,100,125,168,278,135,47,24,24,26,16,17,24,32,33,180,41,0,0,0,0,0,0,0,0,0,0,0,0,0,0,0,0,0,0,170.46,1247.86,2541.11,3127.44,4226.42,6495.43,3352.38,1320.45,670.1,637.05,689.56,447.44,484.5,672.62,883.42,917.92,4633.44,1188.16,0,0,0,0,0
TOWLB-SUM-XL-DSKDWN - B2B,TOWLB-SUM-XL-DSKDWN,B2B,13,4,7,13,38,14,3,17,6,11,3,0,7,3,8,3,0,0,0,0,0,0,0,0,0,0,0,0,0,0,0,0,0,0,0,0,164.12,54.52,93.31,170.27,506.54,187.8,39.99,230.67,79.98,148.05,39.99,0,84.26,40.92,107.4,39.99,0,0,0,0,0,0,0,0,0,0,0,0,0,0,0,0,0,0,0,0
TOWLB-SUM-XL-DSKDWN - DTC,TOWLB-SUM-XL-DSKDWN,DTC,82,74,124,165,229,258,91,209,114,90,155,329,386,49,86,49,22,0,1,0,0,0,2,0,0,0,0,0,0,0,0,0,0,0,0,0,1944.53,1671.07,2527.49,3970.9,5212.61,5965.43,2024.16,4541.58,2661.72,2066.05,3471,7071.82,7984.73,1187.67,2236.08,1198.82,555.61,0,30.83,0,0,0,59.06,0,0,0,0,0,0,0,0,0,0,0,0,0
TOWLB-SUM-XL-DSKDWN - FBA,TOWLB-SUM-XL-DSKDWN,FBA,27,27,64,57,24,93,9,14,38,32,27,26,2,7,24,34,55,26,37,32,21,4,6,2,4,0,7,54,6,0,0,0,0,0,0,0,706.01,692.41,1583.46,1342.5,405.11,2277.64,217.48,314.2,1013.33,817.49,656.48,677.16,61.66,187.46,491.41,682.43,1113.63,519.77,914.23,798.35,521.97,119.96,149.98,53.99,116.96,0,182.93,1282.66,139.19,0,0,0,0,0,0,0
TOWLB-SUM-XL-ENDRVR - B2B,TOWLB-SUM-XL-ENDRVR,B2B,8,14,3,11,448,36,37,30,8,20,5,4,15,16,20,14,56,106,91,24,0,0,0,0,0,0,0,0,0,0,0,0,0,0,0,0,101.29,181.39,39.99,80.34,5921.97,481.44,467.65,409.58,108.55,275.19,66.65,28.61,183.99,216.02,267.36,187.82,754.42,1304.09,1184.72,303.84,0,0,0,0,0,0,0,0,0,0,0,0,0,0,0,0
TOWLB-SUM-XL-ENDRVR - DTC,TOWLB-SUM-XL-ENDRVR,DTC,0,0,17,256,401,330,444,430,144,91,296,398,513,66,103,195,302,286,648,618,6,0,7,0,0,0,0,0,0,0,0,0,0,0,0,0,0,0,383.33,6326.71,9259.21,8042.01,10692.29,9956.88,3515.17,2147.52,6676.52,8478.09,10349.72,1631.31,2544.63,4857.71,7592.03,7302.62,14774.19,13091.01,111.09,0,162.66,0,0,0,0,0,0,0,0,0,0,0,0,0
TOWLB-SUM-XL-ENDRVR - FBA,TOWLB-SUM-XL-ENDRVR,FBA,49,48,57,60,104,161,220,182,42,44,51,36,24,25,23,43,96,95,190,54,46,12,53,0,0,0,0,0,0,0,0,0,0,0,0,0,1275.97,1201.52,1394.49,1418.54,2449.23,3928.64,5091.88,4605.14,1117.05,1074.43,1253,958.24,641.74,667.12,480.09,882.41,1956.46,1934.03,4312.86,1329.86,1131.72,323.97,661.42,0,0,0,0,0,0,0,0,0,0,0,0,0
TOWLB-SUM-XL-MIAMI - B2B,TOWLB-SUM-XL-MIAMI,B2B,0,0,0,0,0,0,0,0,0,0,0,1,12,57,50,36,57,671,79,48,18,0,6,0,6,22,44,17,68,142,36,0,0,0,0,0,0,0,0,0,0,0,0,0,0,0,0,0,124.7,6065.09,593.44,1365.24,752.13,5780.33,1007.33,647.52,249.96,0,90,0,90,7468.72,599.69,215.43,884.57,2115,450,0,0,0,0,0
TOWLB-SUM-XL-MIAMI - DTC,TOWLB-SUM-XL-MIAMI,DTC,0,0,0,0,0,0,0,0,0,0,0,0,2,137,210,392,382,505,801,593,243,100,286,171,80,101,157,236,560,894,440,0,0,0,0,0,0,0,0,0,0,0,0,0,0,0,0,0,0,3189.3,4760.31,8948.78,8671.68,11701.92,17478.28,12810.78,6061.86,2554.05,6878.65,4043.8,2199.11,2743.22,4030.17,6115.66,14342.33,23509.76,11772.62,0,0,0,0,0
TOWLB-SUM-XL-MIAMI - FBA,TOWLB-SUM-XL-MIAMI,FBA,0,0,0,0,0,0,0,0,0,0,0,0,0,5,25,57,83,83,154,57,19,19,31,18,14,22,30,23,34,106,55,0,0,0,0,0,0,0,0,0,0,0,0,0,0,0,0,0,0,136.63,666.28,1426.27,2092.51,2100.09,3533.66,1396.89,503.2,499.16,767.69,490.21,378.14,627,841.4,608.93,959.69,2917.98,1613.44,0,0,0,0,0
TOWLB-SUM-XL-OCEAN - B2B,TOWLB-SUM-XL-OCEAN,B2B,0,0,0,0,0,0,0,0,0,0,0,0,0,0,0,0,0,0,0,0,0,0,0,0,0,57,50,16,6,18,6,0,0,0,0,0,0,0,0,0,0,0,0,0,0,0,0,0,0,0,0,0,0,0,0,0,0,0,0,0,0,797.25,664.04,199.12,7.5,270,90,0,0,0,0,0
TOWLB-SUM-XL-OCEAN - DTC,TOWLB-SUM-XL-OCEAN,DTC,0,0,0,0,0,0,0,0,0,0,0,0,0,0,0,0,0,0,0,0,0,0,0,0,0,18,150,187,361,612,211,0,0,0,0,0,0,0,0,0,0,0,0,0,0,0,0,0,0,0,0,0,0,0,0,0,0,0,0,0,0,504.33,3747.25,4553.46,8730.4,15092.13,5118.11,0,0,0,0,0
TOWLB-SUM-XL-OCEAN - FBA,TOWLB-SUM-XL-OCEAN,FBA,0,0,0,0,0,0,0,0,0,0,0,0,0,0,0,0,0,0,0,0,0,0,0,0,0,1,20,23,56,116,4,0,0,0,0,0,0,0,0,0,0,0,0,0,0,0,0,0,0,0,0,0,0,0,0,0,0,0,0,0,0,33.33,583.33,641.8,1580.71,3057.04,123.3,0,0,0,0,0
TOWLB-SUM-XL-PCHSUN - B2B,TOWLB-SUM-XL-PCHSUN,B2B,19,6,10,10,30,15,33,16,7,13,4,1,8,5,11,2,0,0,0,0,0,0,0,0,0,0,0,0,0,0,0,0,0,0,0,0,241.78,82.41,133.3,128.28,402.79,201.25,444.81,215.71,95.22,176.57,53.32,0,99.1,67.58,143,26.66,0,0,0,0,0,0,0,0,0,0,0,0,0,0,0,0,0,0,0,0
TOWLB-SUM-XL-PCHSUN - DTC,TOWLB-SUM-XL-PCHSUN,DTC,63,65,110,168,263,258,330,294,116,78,171,327,429,53,323,14,0,0,0,0,0,0,1,0,0,0,0,0,0,0,0,0,0,0,0,0,1532.27,1500.93,2172.52,3876.38,5877.32,5875.26,7867.99,6593,2730.86,1755.01,3751.02,7073.68,8631.04,1290.54,6854.52,313.81,0,0,0,0,0,0,28.8,0,0,0,0,0,0,0,0,0,0,0,0,0
TOWLB-SUM-XL-PCHSUN - FBA,TOWLB-SUM-XL-PCHSUN,FBA,26,26,66,77,47,119,139,141,32,18,42,25,4,8,24,35,100,122,2,0,0,1,0,0,0,0,0,0,0,0,0,0,0,0,0,0,682.5,682.51,1603.43,1809.86,994.85,2913.37,3291.43,3581.45,853.12,454.88,1015.81,641.26,117.32,214.12,506.12,716.71,1706.22,1958.2,42.66,0,0,33.33,0,0,0,0,0,0,0,0,0,0,0,0,0,0
TOWLB-SUM-XL-RAINB-R - B2B,TOWLB-SUM-XL-RAINB-R,B2B,13,2,36,22,23,24,50,29,9,13,1,10,3,1,0,17,21,926,46,12,12,0,6,0,6,41,18,6,17,0,12,0,0,0,0,0,166.58,26.66,463.88,295.43,279.94,332,674.75,394.05,119.97,179.13,13.33,135.09,48.38,4279.86,0,330.78,282.17,6001.34,602.92,159.96,169.98,0,90,0,79.6,2328.77,259.98,90,188.23,0,90,0,0,0,0,0
TOWLB-SUM-XL-RAINB-R - DTC,TOWLB-SUM-XL-RAINB-R,DTC,47,55,105,79,108,216,151,186,84,66,69,89,53,28,2,87,127,141,175,265,126,29,221,62,33,12,32,43,92,77,33,0,0,0,0,0,921.39,681.76,1021.52,1718.88,1635.72,4223.01,3379.71,3817.73,1812.71,1363.74,1433.2,1896.61,1093.21,606.82,0,1898.25,2789.94,2393.29,3631.34,5072.4,2515.41,617.97,4063.79,1182.02,727.63,303.22,829.49,1016.24,2253.4,1915.77,948.77,0,0,0,0,0
TOWLB-SUM-XL-RAINB-R - FBA,TOWLB-SUM-XL-RAINB-R,FBA,9,10,10,28,48,64,78,54,11,17,17,12,3,6,7,18,13,21,61,28,9,2,7,4,8,3,10,9,39,69,20,0,0,0,0,0,234.6,239.61,234.43,624.84,991.75,1440.12,1785.36,1330.06,273.26,361.47,343.26,287.53,79.98,160.8,186.62,428.19,260.17,517.87,1354.43,679.85,238.92,56.98,177.42,109.46,233.92,78.96,268.4,235.58,980.82,1568.93,589.3,0,0,0,0,0
TOWLB-SUM-XL-SANDSEA - B2B,TOWLB-SUM-XL-SANDSEA,B2B,9,17,5,26,28,29,22,23,4,9,4,8,13,3,23,12,1,20,42,12,0,0,0,12,6,0,5,0,22,0,0,0,0,0,0,0,113.42,222.8,66.65,288.24,322.5,393.52,264.92,317.96,53.32,124.9,53.32,106.64,130.56,39.99,301.75,281.49,13.33,164.17,531.6,159.96,0,0,0,180,90,0,66.65,0,244.29,0,0,0,0,0,0,0
TOWLB-SUM-XL-SANDSEA - DTC,TOWLB-SUM-XL-SANDSEA,DTC,0,13,90,124,117,102,173,126,53,35,76,64,29,21,39,82,25,11,166,596,322,31,349,397,483,1,0,142,505,246,0,0,0,0,0,0,0,309.48,2230.45,3125.32,2829.82,2547.61,4203.03,3071.64,1355.66,878.14,1735.87,1578.82,729.16,492.58,973.92,1755.17,551.23,207.33,3642.86,11543.48,6383.85,751.6,6694.55,7364.19,8914.45,20.1,0,3182.89,11954.09,5830.86,0,0,0,0,0,0
TOWLB-SUM-XL-SANDSEA - FBA,TOWLB-SUM-XL-SANDSEA,FBA,0,4,29,27,48,41,73,53,12,12,16,16,13,8,3,4,23,16,22,13,2,3,0,2,0,1,2,15,74,9,0,0,0,0,0,0,0,103.15,713.03,655.81,1219.99,1005.23,1715.71,1345.67,319.92,311.92,362.43,409.19,346.58,213.28,79.98,103.97,581.16,414.72,525.21,321.24,59.98,76.44,0,45.32,0,29.99,58.49,355.5,1682.7,216.38,0,0,0,0,0,0
TOWLB-SUM-XL-TUTFRU - B2B,TOWLB-SUM-XL-TUTFRU,B2B,0,0,0,0,0,0,0,0,0,0,0,0,0,0,0,0,0,0,0,0,0,0,0,0,0,51,32,16,12,6,24,0,0,0,0,0,0,0,0,0,0,0,0,0,0,0,0,0,0,0,0,0,0,0,0,0,0,0,0,0,0,711.75,434.54,203.62,180,90,270,0,0,0,0,0
TOWLB-SUM-XL-TUTFRU - DTC,TOWLB-SUM-XL-TUTFRU,DTC,0,0,0,0,0,0,0,0,0,0,0,0,0,0,0,0,0,0,0,0,0,0,0,0,0,26,139,205,399,595,208,0,0,0,0,0,0,0,0,0,0,0,0,0,0,0,0,0,0,0,0,0,0,0,0,0,0,0,0,0,0,768.15,3535.78,5107.14,9755.46,14289.61,5186.27,0,0,0,0,0
TOWLB-SUM-XL-TUTFRU - FBA,TOWLB-SUM-XL-TUTFRU,FBA,0,0,0,0,0,0,0,0,0,0,0,0,0,0,0,0,0,0,0,0,0,0,0,0,0,0,11,12,24,73,14,0,0,0,0,0,0,0,0,0,0,0,0,0,0,0,0,0,0,0,0,0,0,0,0,0,0,0,0,0,0,0,326.89,326.89,665.77,1895.61,398.88,0,0,0,0,0
TOWLB-SUM-XL-UNICN-R - B2B,TOWLB-SUM-XL-UNICN-R,B2B,5,9,146,6,493,15,42,17,8,13,7,10,1,35,1,15,53,80,89,96,30,6,12,0,18,43,0,12,10,18,18,0,0,0,0,0,65.61,122.4,1930.18,76.96,6545.03,201.4,535.45,226.61,106.64,176.22,93.31,134.24,-4.95,3762.73,14.09,298.9,708.73,992.54,1141.36,973.52,429.96,79.98,160.98,0,255.1,1726.25,0,180,82.29,270,180,0,0,0,0,0
TOWLB-SUM-XL-UNICN-R - DTC,TOWLB-SUM-XL-UNICN-R,DTC,95,85,171,29,222,329,324,296,120,96,131,122,89,45,9,138,246,277,340,421,173,48,383,141,61,42,55,72,125,112,114,0,0,0,0,0,1939.16,1353.22,2588.83,396.17,4144.17,6984.5,7546.03,6512.63,2686.63,2152.96,2906.9,2655.21,2044.33,1028.03,219.1,3196,5586.43,6294.72,7484.42,8366.33,3648.21,1162.86,7245.25,2929.97,1431.46,1083.7,1436.81,1834.25,3152.44,2885.23,3085.79,0,0,0,0,0
TOWLB-SUM-XL-UNICN-R - FBA,TOWLB-SUM-XL-UNICN-R,FBA,19,19,15,5,15,101,167,109,69,88,129,76,16,12,20,25,40,33,78,15,4,9,289,2,4,4,11,4,9,63,4,0,0,0,0,0,502.04,457.76,350.77,95.75,140.26,2375.07,3883.62,2755.44,1831.83,2013.91,2612.28,1751.1,432.26,314.87,517.21,607.58,922.12,800.28,1691.06,325.29,102.29,221.38,4353.16,50.98,110.96,108.95,323.89,103.13,209.43,1351.7,118.46,0,0,0,0,0
TOWLB-TYD-LG-BLUE - B2B,TOWLB-TYD-LG-BLUE,B2B,0,0,0,4,0,0,0,0,0,0,0,0,0,0,0,0,0,0,0,0,0,0,0,0,0,0,0,0,0,0,0,0,0,0,0,0,0,0,0,44,0,0,0,0,0,0,0,0,0,0,0,0,0,0,0,0,0,0,0,0,0,0,0,0,0,0,0,0,0,0,0,0
TOWLB-TYD-LG-BLUE - DTC,TOWLB-TYD-LG-BLUE,DTC,0,0,0,31,45,2,1,0,0,0,0,0,0,0,0,0,0,0,0,0,0,0,0,0,0,0,0,0,0,0,0,0,0,0,0,0,0,0,0,730.13,1047.72,50,22.76,0,0,0,0,0,0,0,0,0,0,0,0,0,0,0,0,0,0,0,0,0,0,0,0,0,0,0,0,0
TOWLB-TYD-LG-GREEN - B2B,TOWLB-TYD-LG-GREEN,B2B,2,0,0,0,0,0,0,0,0,0,0,0,0,0,0,0,0,0,0,0,0,0,0,0,0,0,0,0,0,0,0,0,0,0,0,0,22.41,0,0,0,0,0,0,0,0,0,0,0,0,0,0,0,0,0,0,0,0,0,0,0,0,0,0,0,0,0,0,0,0,0,0,0
TOWLB-TYD-LG-GREEN - DTC,TOWLB-TYD-LG-GREEN,DTC,28,0,5,0,0,0,0,0,0,0,0,0,0,0,0,0,0,0,0,0,0,0,0,0,0,0,0,0,0,0,0,0,0,0,0,0,636.25,0,110.09,0,0,0,0,0,0,0,0,0,0,0,0,0,0,0,0,0,0,0,0,0,0,0,0,0,0,0,0,0,0,0,0,0
TOWLB-TYD-LG-NAVY - B2B,TOWLB-TYD-LG-NAVY,B2B,0,0,0,2,0,0,0,0,0,0,0,0,0,0,0,0,0,0,0,0,0,0,0,0,0,0,0,0,0,0,0,0,0,0,0,0,0,0,0,22,0,0,0,0,0,0,0,0,0,0,0,0,0,0,0,0,0,0,0,0,0,0,0,0,0,0,0,0,0,0,0,0
TOWLB-TYD-LG-NAVY - DTC,TOWLB-TYD-LG-NAVY,DTC,26,2,40,2,0,0,0,0,0,0,0,0,0,0,0,0,0,0,0,0,0,0,0,0,0,0,0,0,0,0,0,0,0,0,0,0,612.84,47.67,928.75,41.83,0,0,0,0,0,0,0,0,0,0,0,0,0,0,0,0,0,0,0,0,0,0,0,0,0,0,0,0,0,0,0,0
TOWLB-TYD-LG-PINK - B2B,TOWLB-TYD-LG-PINK,B2B,0,0,0,4,0,0,0,0,0,0,0,0,0,0,0,0,0,0,0,0,0,0,0,0,0,0,0,0,0,0,0,0,0,0,0,0,0,0,0,44,0,0,0,0,0,0,0,0,0,0,0,0,0,0,0,0,0,0,0,0,0,0,0,0,0,0,0,0,0,0,0,0
TOWLB-TYD-XL-BLUE - B2B,TOWLB-TYD-XL-BLUE,B2B,0,0,0,6,0,0,0,0,0,0,0,0,0,0,0,0,0,0,0,0,0,0,0,0,0,0,0,0,0,0,0,0,0,0,0,0,0,0,0,75.46,0,0,0,0,0,0,0,0,0,0,0,0,0,0,0,0,0,0,0,0,0,0,0,0,0,0,0,0,0,0,0,0
TOWLB-TYD-XL-BLUE - DTC,TOWLB-TYD-XL-BLUE,DTC,0,0,0,18,6,0,0,0,0,0,0,0,0,0,0,0,0,0,0,0,0,0,0,0,0,0,0,0,0,0,0,0,0,0,0,0,0,0,0,457.53,155.33,0,0,0,0,0,0,0,0,0,0,0,0,0,0,0,0,0,0,0,0,0,0,0,0,0,0,0,0,0,0,0
TOWLB-TYD-XL-GREEN - B2B,TOWLB-TYD-XL-GREEN,B2B,0,1,0,0,0,0,0,0,0,0,0,0,0,0,0,0,0,0,0,0,0,0,0,0,0,0,0,0,0,0,0,0,0,0,0,0,0,13.78,0,0,0,0,0,0,0,0,0,0,0,0,0,0,0,0,0,0,0,0,0,0,0,0,0,0,0,0,0,0,0,0,0,0
TOWLB-TYD-XL-GREEN - DTC,TOWLB-TYD-XL-GREEN,DTC,0,0,12,0,0,0,0,0,0,0,0,0,0,0,0,0,0,0,0,0,0,0,0,0,0,0,0,0,0,0,0,0,0,0,0,0,0,0,316.07,0,0,0,0,0,0,0,0,0,0,0,0,0,0,0,0,0,0,0,0,0,0,0,0,0,0,0,0,0,0,0,0,0
TOWLB-TYD-XL-NAVY - B2B,TOWLB-TYD-XL-NAVY,B2B,0,0,0,9,0,0,0,0,0,0,0,0,0,0,0,0,0,0,0,0,0,0,0,0,0,0,0,0,0,0,0,0,0,0,0,0,0,0,0,113.45,0,0,0,0,0,0,0,0,0,0,0,0,0,0,0,0,0,0,0,0,0,0,0,0,0,0,0,0,0,0,0,0
TOWLB-TYD-XL-NAVY - DTC,TOWLB-TYD-XL-NAVY,DTC,0,0,0,18,3,0,0,0,0,0,0,0,0,0,0,0,0,0,0,0,0,0,0,0,0,0,0,0,0,0,0,0,0,0,0,0,0,0,0,436.01,72,0,0,0,0,0,0,0,0,0,0,0,0,0,0,0,0,0,0,0,0,0,0,0,0,0,0,0,0,0,0,0
TOWLB-TYD-XL-PINK - B2B,TOWLB-TYD-XL-PINK,B2B,0,0,0,9,0,0,0,0,0,0,0,0,0,0,0,0,0,0,0,0,0,0,0,0,0,0,0,0,0,0,0,0,0,0,0,0,0,0,0,113.45,0,0,0,0,0,0,0,0,0,0,0,0,0,0,0,0,0,0,0,0,0,0,0,0,0,0,0,0,0,0,0,0
TOWLB-TYD-XL-PINK - DTC,TOWLB-TYD-XL-PINK,DTC,0,0,0,29,23,0,0,0,0,0,0,0,0,0,0,0,0,0,0,0,0,0,0,0,0,0,0,0,0,0,0,0,0,0,0,0,0,0,0,744.21,566.81,0,0,0,0,0,0,0,0,0,0,0,0,0,0,0,0,0,0,0,0,0,0,0,0,0,0,0,0,0,0,0
TOWLF-ESS-LG-4SET-R - DTC,TOWLF-ESS-LG-4SET-R,DTC,0,0,0,0,1,0,2,0,0,0,0,0,1,1,0,0,0,5,3,5,6,0,1,0,2,5,0,3,5,5,10,0,0,0,0,0,0,0,0,0,67.5,0,0,0,0,0,0,0,0,0,0,0,0,0,0,0,0,0,60,0,0,0,0,0,-7.5,-7.5,75,0,0,0,0,0
TOWLF-ESS-LG-4SET-R - FBA,TOWLF-ESS-LG-4SET-R,FBA,0,0,0,0,0,1,0,0,0,0,0,0,0,0,0,0,0,0,0,0,1,0,0,0,1,1,0,0,0,3,0,0,0,0,0,0,0,0,0,0,0,79.17,0,0,0,0,0,0,0,0,0,0,0,0,0,0,0,0,0,0,0,0,0,0,0,74.99,0,0,0,0,0,0
TOWLF-ESS-LG-6SET - DTC,TOWLF-ESS-LG-6SET,DTC,0,0,0,0,0,0,0,0,0,0,0,0,0,0,0,0,0,0,0,2,1,0,1,0,1,0,1,1,3,7,3,0,0,0,0,0,0,0,0,0,0,0,0,0,0,0,0,0,0,0,0,0,0,0,0,0,0,0,0,0,0,0,0,0,-10.05,0,0,0,0,0,0,0
TOWLF-ESS-LG-BLUE-R - B2B,TOWLF-ESS-LG-BLUE-R,B2B,0,14,1,9,12,10,8,32,0,0,0,0,1,5,4,0,7,11,23,0,6,0,0,0,0,5,6,0,6,0,0,0,0,0,0,0,0,128.38,10.41,99.94,115.99,100.28,88.28,329.78,0,0,0,0,-0.49,52.05,41.64,0,72.87,75.59,224.44,0,66,0,0,0,0,32.61,75,0,62.46,0,0,0,0,0,0,0
TOWLF-ESS-LG-BLUE-R - DTC,TOWLF-ESS-LG-BLUE-R,DTC,30,15,20,35,39,43,59,114,40,30,47,58,14,18,26,7,28,53,44,71,42,9,54,27,10,14,17,21,23,33,33,0,0,0,0,0,618.99,309.26,414.37,694.98,798.73,864.47,1202.44,2200.74,837.01,606.08,947.38,1175.9,291.77,381.28,537.42,151.76,592.22,1013.51,924.15,1301.68,779.84,210.12,1053.6,599.65,213.9,308.33,399.61,501.73,483.3,744.47,717.05,0,0,0,0,0
TOWLF-ESS-LG-BLUE-R - FBA,TOWLF-ESS-LG-BLUE-R,FBA,2,7,15,20,4,27,34,24,10,1,1,8,18,17,8,13,21,12,18,15,7,2,5,7,2,2,3,9,7,13,11,0,0,0,0,0,47.98,141.64,291.61,383.28,83.32,528.62,643.71,515.65,221.95,18.18,23.99,168.75,383.42,354.82,169.19,258.3,414.52,245.34,349.74,289.49,160.37,42.48,90.79,165.14,43.74,43.74,78.72,212.42,164.93,301.15,268.64,0,0,0,0,0
TOWLF-ESS-LG-BLUE-R.amzn1 - FBA,TOWLF-ESS-LG-BLUE-R.amzn1,FBA,0,0,0,0,0,0,0,0,0,0,0,0,0,0,0,0,0,0,1,0,0,0,0,0,0,0,0,0,0,0,0,0,0,0,0,0,0,0,0,0,0,0,0,0,0,0,0,0,0,0,0,0,0,0,15.62,0,0,0,0,0,0,0,0,0,0,0,0,0,0,0,0,0
TOWLF-ESS-LG-DKBLU - B2B,TOWLF-ESS-LG-DKBLU,B2B,6,24,5,5,114,2,13,0,0,0,0,2,3,0,7,2,7,17,0,0,10,30,0,0,0,60,0,0,42,6,0,0,0,0,0,0,66.2,284.6,52.07,53.76,1928.64,20.82,140.33,0,0,0,0,23.08,19.42,0,72.87,20.82,73.74,139.52,0,0,106.46,375,0,0,0,630.43,0,0,499.92,62.46,0,0,0,0,0,0
TOWLF-ESS-LG-DKBLU - DTC,TOWLF-ESS-LG-DKBLU,DTC,35,68,81,111,122,24,94,0,76,33,215,312,99,14,95,269,252,129,99,120,56,35,175,169,13,41,160,36,60,79,38,0,0,0,0,0,759.04,1416.87,1720.95,2279.82,2539.5,483.31,1918.58,0,1592.7,696.9,4205.83,6533.35,2106.5,318.12,1991.6,5229.11,4905.92,2705.77,2087.15,2595.78,1355.24,888.87,3527.78,3645.35,316.28,989.97,3448.79,864.79,1418.03,1869.23,915.71,0,0,0,0,0
TOWLF-ESS-LG-DKBLU - FBA,TOWLF-ESS-LG-DKBLU,FBA,3,20,15,16,6,6,86,4,4,4,33,50,52,3,22,37,51,80,75,48,25,22,10,23,12,18,20,25,44,42,26,0,0,0,0,0,65.6,425.1,295.03,320.8,134.57,121.73,1664.23,79.15,95.96,99.46,671.79,1076,1090.74,65.04,485.47,767.74,1078.29,1633.9,1413.05,965.72,616.43,542.28,249.07,584.76,297.38,449.82,503.47,616,1068.04,1017.46,664.63,0,0,0,0,0
TOWLF-ESS-LG-GREEN-R - B2B,TOWLF-ESS-LG-GREEN-R,B2B,0,20,3,4,3,11,2,12,0,0,0,0,45,1,0,1,5,12,10,0,0,0,0,0,0,0,18,0,12,12,0,0,0,0,0,0,0,184.6,31.23,43.35,33.25,110.08,20.82,112.69,0,0,0,0,455.47,10.41,0,10.41,52.05,86,94.73,0,0,0,0,0,0,0,198,0,137.46,128.46,0,0,0,0,0,0
TOWLF-ESS-LG-GREEN-R - DTC,TOWLF-ESS-LG-GREEN-R,DTC,13,14,11,21,16,19,39,17,17,21,27,29,13,11,7,9,0,15,32,20,16,1,38,11,9,13,8,10,19,30,31,0,0,0,0,0,258.47,286.66,229.14,452.29,284.87,389.88,770.32,335.44,353.95,455.1,534.85,577.8,258.05,226.05,147.38,184.38,0,222.21,642.52,376.18,333.53,22.5,755.66,236.14,198.81,293.33,190.08,219.66,406.07,660.84,667.41,0,0,0,0,0
TOWLF-ESS-LG-GREEN-R - FBA,TOWLF-ESS-LG-GREEN-R,FBA,1,0,0,0,0,1,2,1,3,0,3,6,4,1,5,4,5,10,12,3,2,2,2,2,4,3,6,1,15,10,4,0,0,0,0,0,23.99,0,0,0,0,19.79,40.64,22.91,63.65,0,56.23,118.72,86.48,20.83,104.15,72.92,102.07,201.72,218.31,63.87,43.74,47.49,39.56,49.98,91.22,68.73,139.94,24.99,307.48,226.18,97.46,0,0,0,0,0
TOWLF-ESS-LG-GREY-R - B2B,TOWLF-ESS-LG-GREY-R,B2B,60,114,2,3,13,4,5,16,0,0,0,0,0,0,4,1,5,11,0,0,12,0,0,0,0,10,0,0,0,0,50,0,0,0,0,0,1062.5,1899.21,20.82,32.51,122.84,41.04,57.05,157.13,0,0,0,0,0,0,41.64,10.41,52.05,75.59,0,0,128.46,0,0,0,0,65.21,0,0,0,0,625,0,0,0,0,0
TOWLF-ESS-LG-GREY-R - DTC,TOWLF-ESS-LG-GREY-R,DTC,42,15,18,20,39,43,58,52,5,4,30,39,21,22,11,19,26,35,32,19,14,10,33,20,13,11,10,11,24,31,32,0,0,0,0,0,863.9,306.47,354.16,389.55,770.36,911.74,1170.1,1039.93,104.37,84.46,608.71,792.29,435.4,472.5,237.27,415.88,550.16,630.93,633.5,362.94,272.85,238.32,643.15,436.24,308.8,250.6,246.74,237.02,543.98,660.57,698.4,0,0,0,0,0
TOWLF-ESS-LG-GREY-R - FBA,TOWLF-ESS-LG-GREY-R,FBA,19,9,11,2,6,6,5,24,1,0,1,3,5,17,10,6,15,21,17,1,4,6,8,7,5,2,4,6,8,20,11,0,0,0,0,0,394.2,172.2,225.03,48.32,125.33,124.2,95.82,504.54,15.63,0,21.87,70.89,108.32,360.75,208.3,114.56,302.53,419.62,312.56,20.83,86.08,132.23,173.67,167.43,117.6,43.74,98.71,147.43,200.74,428.4,268.64,0,0,0,0,0
TOWLF-ESS-LG-LTPPL - B2B,TOWLF-ESS-LG-LTPPL,B2B,0,0,2,3,14,0,8,4,0,0,0,0,0,0,2,3,7,11,0,0,0,0,0,0,0,0,6,0,0,0,0,0,0,0,0,0,0,0,20.82,32.51,138.49,0,88.28,44.44,0,0,0,0,0,0,20.82,31.23,73.74,75.59,0,0,0,0,0,0,0,0,75,0,0,0,0,0,0,0,0,0
TOWLF-ESS-LG-LTPPL - DTC,TOWLF-ESS-LG-LTPPL,DTC,22,15,20,20,30,20,16,15,23,21,43,46,14,14,13,29,28,30,26,16,12,6,33,19,13,5,8,9,13,17,11,0,0,0,0,0,460.75,303.35,420.2,418.59,625.56,420.32,328.15,312.72,483.45,430.83,867.15,949.29,289.52,306.56,269.91,555.17,581.6,636.33,546.31,310.93,269.78,155.82,679.44,400.36,297.79,125,184.25,221.08,302.34,352.04,249.41,0,0,0,0,0
TOWLF-ESS-LG-LTPPL - FBA,TOWLF-ESS-LG-LTPPL,FBA,6,4,2,2,1,0,5,10,2,2,3,3,4,5,4,4,12,16,9,17,7,3,5,2,2,3,7,5,10,20,10,0,0,0,0,0,124.64,86.26,41.66,41.66,20.83,0,102.14,208.3,47.98,47.98,59.37,64.57,83.65,104.15,83.84,83.32,233.26,320.74,178.78,335.18,166.61,72.47,98.9,44.77,49.98,75.8,179.09,122.45,245.73,487.33,228.24,0,0,0,0,0
TOWLF-ESS-LG-PINK-R - B2B,TOWLF-ESS-LG-PINK-R,B2B,0,0,0,0,14,2,6,12,0,0,0,0,2,0,0,0,2,18,0,0,0,6,0,0,6,0,18,0,0,0,0,0,0,0,0,0,0,0,0,0,134.73,20.22,62.46,135.72,0,0,0,0,19.78,0,0,0,20.82,148.46,0,0,0,62.46,0,0,57.38,0,198,0,0,0,0,0,0,0,0,0
TOWLF-ESS-LG-PINK-R - DTC,TOWLF-ESS-LG-PINK-R,DTC,19,13,14,22,28,23,58,40,22,16,39,36,12,4,19,22,23,29,38,31,17,13,37,30,9,13,8,15,25,25,26,0,0,0,0,0,398.4,272.74,290.22,459.61,557.61,486.75,1152.99,834.54,463.05,343.64,804.62,756.29,253.58,75.8,378.54,458.19,461.46,508.13,782.84,620.8,355.64,304.48,760.52,665.43,196.66,285.9,191.74,338.41,541.85,565.14,558.79,0,0,0,0,0
TOWLF-ESS-LG-PINK-R - FBA,TOWLF-ESS-LG-PINK-R,FBA,6,5,2,3,4,11,8,5,4,0,1,5,3,4,4,8,7,9,8,11,5,3,4,4,5,5,4,6,9,11,6,0,0,0,0,0,122.92,103.47,37.5,58.33,83.32,228.09,147.91,106.23,83.32,0,20.83,110.47,62.49,83.32,83.32,160.39,142.05,174.93,147.41,221.53,109.96,67.26,94.75,94.75,116.67,102.06,98.71,142.44,191.61,241.17,134.95,0,0,0,0,0
TOWLF-ESS-SM-4SET-R - DTC,TOWLF-ESS-SM-4SET-R,DTC,0,0,0,0,1,0,0,2,0,0,3,1,0,0,0,0,0,0,0,0,0,0,0,0,0,0,0,0,0,0,0,0,0,0,0,0,0,0,0,0,44.67,0,0,0,0,0,0,0,0,0,0,0,0,0,0,0,0,0,0,0,0,0,0,0,0,0,0,0,0,0,0,0
TOWLF-ESS-SM-BLUE-R - B2B,TOWLF-ESS-SM-BLUE-R,B2B,0,0,1,5,1,11,4,0,0,0,0,0,0,0,0,0,0,0,0,0,0,0,3,0,0,0,0,0,0,0,0,0,0,0,0,0,0,0,6.25,28.74,6.58,65.11,27.05,0,0,0,0,0,0,0,0,0,0,0,0,0,0,0,17.59,0,0,0,0,0,0,0,0,0,0,0,0,0
TOWLF-ESS-SM-BLUE-R - DTC,TOWLF-ESS-SM-BLUE-R,DTC,91,27,12,15,12,17,16,31,38,26,148,125,29,1,0,0,0,21,17,0,0,4,26,0,0,1,0,0,0,0,0,0,0,0,0,0,1074.08,357.72,157.35,192.67,135.32,205.3,204.04,347.53,414.65,268.72,995.37,839.94,319.39,13.33,0,0,0,239.96,192.94,0,0,37.57,279.59,0,0,9,0,0,0,0,0,0,0,0,0,0
TOWLF-ESS-SM-DKBLU - B2B,TOWLF-ESS-SM-DKBLU,B2B,0,0,0,0,3,2,4,1,0,1,0,0,0,0,0,0,0,0,0,0,0,0,0,0,0,0,0,0,0,0,0,0,0,0,0,0,0,0,0,0,19.08,11.77,27.05,0,0,6.25,0,0,0,0,0,0,0,0,0,0,0,0,0,0,0,0,0,0,0,0,0,0,0,0,0,0
TOWLF-ESS-SM-DKBLU - DTC,TOWLF-ESS-SM-DKBLU,DTC,35,0,41,29,48,56,67,92,106,95,76,0,10,0,0,1,0,3,0,0,0,1,0,0,0,0,0,0,0,0,0,0,0,0,0,0,493.14,0,532.95,382.97,627.03,769.42,844.52,1056.15,1149.77,1036.73,850.2,0,111.28,0,0,9,0,36.25,0,0,0,12,0,0,0,0,0,0,0,0,0,0,0,0,0,0
TOWLF-ESS-SM-GREEN-R - B2B,TOWLF-ESS-SM-GREEN-R,B2B,5,0,1,7,1,12,6,0,0,0,0,0,2,6,0,2,3,3,9,0,0,0,3,0,0,0,0,0,0,0,0,0,0,0,0,0,28.13,0,6.25,41.24,6.58,70.99,39.55,0,0,0,0,0,11.88,37.5,0,13.16,19.38,15.75,51.74,0,0,0,17.59,0,0,0,0,0,0,0,0,0,0,0,0,0
TOWLF-ESS-SM-GREEN-R - DTC,TOWLF-ESS-SM-GREEN-R,DTC,7,11,6,8,9,13,25,28,29,24,90,113,25,24,25,33,40,27,129,38,1,1,52,8,0,0,0,0,0,0,0,0,0,0,0,0,97.92,137.01,73.4,105.51,101.47,173.87,312.28,348.44,313.02,261.92,632.72,940.15,268.34,247.29,288.87,348.41,435.47,301.31,1372.62,420.63,12,10,337.71,96.55,0,0,0,0,0,0,0,0,0,0,0,0
TOWLF-ESS-SM-GREY-R - B2B,TOWLF-ESS-SM-GREY-R,B2B,5,0,1,0,2,1,4,0,0,1,0,0,1,2,0,0,0,0,0,0,0,0,1,0,0,0,0,0,0,0,0,0,0,0,0,0,28.13,0,6.25,0,12.83,6.25,27.05,0,0,6.25,0,0,-0.3,12.5,0,0,0,0,0,0,0,0,6.52,0,0,0,0,0,0,0,0,0,0,0,0,0
TOWLF-ESS-SM-GREY-R - DTC,TOWLF-ESS-SM-GREY-R,DTC,8,20,13,19,22,15,19,39,35,27,176,258,75,35,34,26,0,1,0,0,0,3,12,1,0,0,0,0,0,0,0,0,0,0,0,0,98.99,251.56,182.79,236.24,247.9,175.56,233.9,430.65,359.72,278.16,1185.24,2442.04,829.54,401.46,383.61,248.35,0,10.98,0,0,0,46.05,163.95,12.38,0,0,0,0,0,0,0,0,0,0,0,0
TOWLF-ESS-SM-LTPPL - B2B,TOWLF-ESS-SM-LTPPL,B2B,5,0,0,5,0,1,0,0,0,0,0,0,0,0,0,0,0,0,0,0,0,0,0,0,0,0,0,0,0,0,0,0,0,0,0,0,28.13,0,0,28.74,0,5.89,0,0,0,0,0,0,0,0,0,0,0,0,0,0,0,0,0,0,0,0,0,0,0,0,0,0,0,0,0,0
TOWLF-ESS-SM-LTPPL - DTC,TOWLF-ESS-SM-LTPPL,DTC,13,13,15,9,18,13,22,31,24,24,102,106,6,0,0,0,0,13,29,0,0,0,1,0,0,0,0,0,0,0,0,0,0,0,0,0,180.13,161.12,191.29,124.86,241.23,164.55,281.31,361.33,272.66,260.56,779.04,913.01,73.49,0,0,0,0,141.67,312.4,0,0,0,11.82,0,0,0,0,0,0,0,0,0,0,0,0,0
TOWLF-ESS-SM-PINK-R - B2B,TOWLF-ESS-SM-PINK-R,B2B,0,0,0,0,1,3,0,0,0,1,0,0,0,3,1,0,4,3,0,0,0,0,0,0,0,0,0,0,0,0,0,0,0,0,0,0,0,0,0,0,6.58,18.02,0,0,0,6.25,0,0,0,18.75,6.25,0,25.63,15.75,0,0,0,0,0,0,0,0,0,0,0,0,0,0,0,0,0,0
TOWLF-ESS-SM-PINK-R - DTC,TOWLF-ESS-SM-PINK-R,DTC,9,11,10,12,13,15,23,31,27,20,97,101,26,25,28,25,36,27,143,66,1,3,41,0,0,0,0,0,0,0,0,0,0,0,0,0,122.23,128.93,133.77,159.27,156.95,184.85,291.91,362.36,276.54,210.39,700.31,870.26,295.58,282.3,311.47,272.97,405.04,310.46,1099.22,701.68,15.33,31.33,366.96,0,0,0,0,0,0,0,0,0,0,0,0,0
TOWLF-ESS-XL-4SET-R - DTC,TOWLF-ESS-XL-4SET-R,DTC,0,1,0,0,1,1,0,0,0,0,0,0,0,0,0,0,0,0,2,3,3,1,0,1,1,1,6,4,9,7,10,0,0,0,0,0,0,78.3,0,0,87,0,0,0,0,0,0,0,0,0,0,0,0,0,0,0,0,0,0,0,0,0,0,0,-8.25,0,0,0,0,0,0,0
TOWLF-ESS-XL-4SET-R - FBA,TOWLF-ESS-XL-4SET-R,FBA,1,0,0,0,0,0,0,0,0,0,0,1,0,0,0,0,0,0,0,0,1,0,0,0,0,0,0,1,0,2,0,0,0,0,0,0,91.17,0,0,0,0,0,0,0,0,0,0,91.17,0,0,0,0,0,0,0,0,82.49,0,0,0,0,0,0,-6.88,0,164.98,0,0,0,0,0,0
TOWLF-ESS-XL-6SET - DTC,TOWLF-ESS-XL-6SET,DTC,0,0,0,0,0,0,0,0,0,0,0,0,0,0,0,0,0,0,2,2,4,2,2,0,0,0,2,6,3,5,6,0,0,0,0,0,0,0,0,0,0,0,0,0,0,0,0,0,0,0,0,0,0,0,0,0,0,110.55,0,0,0,0,0,-11.05,0,-11.05,110.55,0,0,0,0,0
TOWLF-ESS-XL-6SET - FBA,TOWLF-ESS-XL-6SET,FBA,0,0,0,0,1,0,0,0,0,0,0,0,0,0,0,0,0,0,0,0,0,0,0,0,0,1,0,0,1,0,0,0,0,0,0,0,0,0,0,0,0,0,0,0,0,0,0,0,0,0,0,0,0,0,0,0,0,0,0,0,0,110.55,0,0,0,0,0,0,0,0,0,0
TOWLF-ESS-XL-BLUE-R - B2B,TOWLF-ESS-XL-BLUE-R,B2B,0,0,1,6,1,1,0,3,0,0,0,0,0,0,2,0,0,11,0,0,0,0,0,0,0,0,0,6,7,0,0,0,0,0,0,0,0,0,12.08,72.48,15.79,13.09,0,38.56,0,0,0,0,0,0,24.16,0,0,73.44,0,0,0,0,0,0,0,0,0,72.48,97.11,0,0,0,0,0,0,0
TOWLF-ESS-XL-BLUE-R - DTC,TOWLF-ESS-XL-BLUE-R,DTC,18,25,15,23,43,58,24,15,13,17,32,20,12,13,17,25,34,17,22,72,43,9,34,12,5,13,23,29,40,40,36,0,0,0,0,0,430.15,561.27,349.35,537.77,974.68,1321.01,526.35,345.6,297.67,391.34,697.4,469.55,285.22,296.67,386.62,589.04,776.34,393.08,488.05,1449.12,886.34,196.38,722.93,263.32,141.52,222.8,566.53,667.54,902.72,970.98,853.5,0,0,0,0,0
TOWLF-ESS-XL-BLUE-R - FBA,TOWLF-ESS-XL-BLUE-R,FBA,13,12,7,2,14,32,15,6,15,6,7,4,13,2,7,10,7,14,16,7,2,3,1,0,0,4,2,10,16,10,4,0,0,0,0,0,293.05,279.04,158.79,51.83,336.52,719.96,323.72,153.29,362.4,137.7,154.14,95.27,314.08,48.32,164.29,227.1,152.79,316.47,340.65,157.02,48.11,76.97,22.95,0,0,100.89,54.98,259.44,361.44,251.91,108.59,0,0,0,0,0
TOWLF-ESS-XL-DKBLU - B2B,TOWLF-ESS-XL-DKBLU,B2B,6,0,0,45,3,0,0,0,0,0,0,2,0,0,4,1,0,12,2,0,0,0,0,0,0,20,18,0,1,5,0,0,0,0,0,0,76.83,0,0,555.48,39.95,0,0,0,0,0,0,26.78,0,0,48.32,12.08,0,97.71,24.16,0,0,0,0,0,0,147.64,217.8,0,14.61,60.5,0,0,0,0,0,0
TOWLF-ESS-XL-DKBLU - DTC,TOWLF-ESS-XL-DKBLU,DTC,0,0,15,130,143,20,95,0,54,38,149,155,73,72,80,101,125,123,130,112,73,44,139,121,29,39,109,55,74,89,58,0,0,0,0,0,0,0,361.61,3007.34,3256.56,470.79,2180.03,0,1241.87,896.79,3282.08,3644.72,1790.55,1744.87,1865.37,2207.51,2905.61,2925.43,3032.83,2625.02,1870.19,1123.72,2978.42,2925,794.88,1080.71,2909.66,1434.5,1877.88,2280.32,1486.78,0,0,0,0,0
TOWLF-ESS-XL-DKBLU - FBA,TOWLF-ESS-XL-DKBLU,FBA,0,0,0,15,40,9,73,3,6,5,19,14,23,14,36,56,62,82,71,48,18,23,18,23,13,19,18,34,42,51,20,0,0,0,0,0,0,0,0,383.68,953.77,220.69,1631.18,72.48,169.98,142.45,496.4,381.64,589.84,359.41,855.27,1281.49,1449.56,1904.07,1535.52,1080.61,496.51,595.68,439.27,624.02,347.78,513.24,492.08,890.67,1095.86,1365.4,545.74,0,0,0,0,0
TOWLF-ESS-XL-GREEN-R - B2B,TOWLF-ESS-XL-GREEN-R,B2B,0,0,3,0,2,0,0,2,0,0,0,0,2,1,2,0,0,16,0,0,0,0,0,0,0,0,0,6,0,6,0,0,0,0,0,0,0,0,36.24,0,27.87,0,0,24.16,0,0,0,0,22.95,12.08,24.16,0,0,146.03,0,0,0,0,0,0,0,0,0,72.48,0,72.48,0,0,0,0,0,0
TOWLF-ESS-XL-GREEN-R - DTC,TOWLF-ESS-XL-GREEN-R,DTC,9,6,14,11,26,23,23,25,8,12,18,8,6,9,5,16,22,19,27,25,18,8,20,10,4,7,13,17,30,30,30,0,0,0,0,0,211.52,90.01,320.15,268.1,582.93,538.68,522.32,571.26,177.34,273.61,411.05,186.21,149.84,207.27,118.37,357.93,517.47,459.02,623.62,505.08,342.65,174.26,415.96,221.43,104.03,174.64,292.62,373.96,699.14,720.9,704.86,0,0,0,0,0
TOWLF-ESS-XL-GREEN-R - FBA,TOWLF-ESS-XL-GREEN-R,FBA,3,2,3,3,4,3,1,1,0,1,0,1,2,2,2,4,6,5,8,6,4,0,1,3,1,1,2,2,13,9,6,0,0,0,0,0,48.32,45.91,62.81,62.81,94.92,72.48,28.33,28.33,0,22.62,0,22.79,48.32,48.32,48.32,94.22,144.96,111.13,171.54,135.2,108.08,0,24.74,76.98,24.74,18.42,54.98,47.77,281.12,230.92,156.7,0,0,0,0,0
TOWLF-ESS-XL-GREY-R - B2B,TOWLF-ESS-XL-GREY-R,B2B,0,0,2,0,102,0,0,1,0,0,0,0,0,2,3,1,0,11,0,0,0,0,0,0,0,0,18,0,0,0,0,0,0,0,0,0,0,0,24.16,0,1961.2,0,0,0,0,0,0,0,0,24.16,36.24,12.08,0,85.63,0,0,0,0,0,0,0,0,217.8,0,0,0,0,0,0,0,0,0
TOWLF-ESS-XL-GREY-R - DTC,TOWLF-ESS-XL-GREY-R,DTC,28,24,16,27,29,33,34,69,28,14,15,22,6,12,7,14,17,29,37,29,22,16,31,16,9,4,10,17,30,28,29,0,0,0,0,0,633.93,561.75,378.27,645.55,660.42,767.85,780.92,1626.14,639.62,349.89,333.57,522.21,152.59,268.24,166.48,330.28,393.43,678.92,811.34,639.86,467.42,384.7,724.22,407.98,236.29,97.34,212.87,387.42,724.94,659.79,670.01,0,0,0,0,0
TOWLF-ESS-XL-GREY-R - FBA,TOWLF-ESS-XL-GREY-R,FBA,11,16,0,3,11,23,27,27,3,1,3,4,3,9,4,13,12,19,18,8,3,9,6,3,4,3,3,5,22,16,5,0,0,0,0,0,238.65,362.38,0,80.94,276.55,541.56,612.86,623.32,74.23,25.91,77.19,99.44,72.48,217.44,91.81,302.25,277.84,427.6,364.82,177.57,75.6,242.8,153.09,82.47,109.96,73.4,69.3,130.24,499.87,393.19,131.95,0,0,0,0,0
TOWLF-ESS-XL-LTPPL - B2B,TOWLF-ESS-XL-LTPPL,B2B,0,0,0,0,0,0,0,2,0,0,0,0,1,0,0,3,0,11,0,0,0,0,0,0,0,0,0,6,0,0,0,0,0,0,0,0,0,0,0,0,0,0,0,24.16,0,0,0,0,-0.57,0,0,36.24,0,85.63,0,0,0,0,0,0,0,0,0,72.48,0,0,0,0,0,0,0,0
TOWLF-ESS-XL-LTPPL - DTC,TOWLF-ESS-XL-LTPPL,DTC,6,10,10,17,27,25,24,25,19,12,20,19,9,7,11,9,12,29,18,26,16,12,31,6,4,9,9,13,14,15,11,0,0,0,0,0,145.7,246.56,246.98,414.45,616.45,608.01,549.83,615.85,427.56,255.82,448.96,457.37,214.59,155.83,257.79,216.13,283.09,680.85,386.22,557.04,355.48,268.05,635.08,137.08,100.96,235.29,229.73,292.93,323.81,373.01,253.35,0,0,0,0,0
TOWLF-ESS-XL-LTPPL - FBA,TOWLF-ESS-XL-LTPPL,FBA,3,1,1,3,3,0,1,0,2,2,1,1,2,3,3,4,6,12,16,9,2,4,2,0,0,1,3,4,6,7,8,0,0,0,0,0,72.48,22.96,19.33,57.97,65.92,0,28.33,0,56.66,50.95,25.91,28.33,48.32,72.48,72.48,97.24,137.7,276.35,337.02,199.3,42.23,99.91,50.43,0,0,18.42,75.35,111.37,144.87,184.57,208.76,0,0,0,0,0
TOWLF-ESS-XL-PINK-R - B2B,TOWLF-ESS-XL-PINK-R,B2B,0,0,0,0,0,4,0,2,0,0,0,0,2,0,2,0,0,14,0,0,0,0,0,0,0,0,0,0,0,0,0,0,0,0,0,0,0,0,0,0,0,54.66,0,24.16,0,0,0,0,10.9,0,24.16,0,0,121.87,0,0,0,0,0,0,0,0,0,0,0,0,0,0,0,0,0,0
TOWLF-ESS-XL-PINK-R - DTC,TOWLF-ESS-XL-PINK-R,DTC,9,5,16,21,28,14,20,16,13,6,8,12,8,3,8,12,18,22,30,24,16,12,16,8,2,4,15,23,30,36,28,0,0,0,0,0,223.82,73.01,369.27,505.5,629.37,327.51,459.96,362.54,309.32,147.73,172.16,280.63,195.49,67.67,189.13,244.35,407.84,518.7,706.13,543.26,357.09,277.29,334.31,186.97,45.38,92.14,345.45,534.52,691.46,857.75,635.24,0,0,0,0,0
TOWLF-ESS-XL-PINK-R - FBA,TOWLF-ESS-XL-PINK-R,FBA,4,3,1,1,1,0,1,3,3,0,2,4,1,2,4,4,4,6,14,3,3,1,1,2,0,1,6,4,9,8,2,0,0,0,0,0,72.48,67.65,19.32,19.33,22.44,0,24.16,67.65,72.48,0,41.06,91.47,24.16,48.32,96.64,94.22,91.8,141.39,300.77,62.81,75.6,27.49,23.37,54.98,0,18.42,145.72,97.25,221.84,198.32,53.61,0,0,0,0,0
TOWLH-CBH-3SET-CREAM - DTC,TOWLH-CBH-3SET-CREAM,DTC,3,1,2,1,1,1,3,1,1,4,10,3,5,5,7,8,0,0,0,0,0,0,0,0,0,0,0,0,0,0,0,0,0,0,0,0,144.64,43.14,117.45,58.72,58.72,-6.83,-13.66,-10.25,61.5,32.55,40.66,-11.62,-11.62,0,46.46,-5.8,0,0,0,0,0,0,0,0,0,0,0,0,0,0,0,0,0,0,0,0
TOWLH-CBH-3SET-CREAM - FBA,TOWLH-CBH-3SET-CREAM,FBA,0,0,0,0,0,0,2,0,0,0,0,0,0,0,1,0,0,0,0,0,0,0,0,0,0,0,0,0,0,0,0,0,0,0,0,0,0,0,0,0,0,0,106.98,0,0,0,0,0,0,0,66.92,0,0,0,0,0,0,0,0,0,0,0,0,0,0,0,0,0,0,0,0,0
TOWLH-CBH-3SET-FOAM - DTC,TOWLH-CBH-3SET-FOAM,DTC,2,1,0,1,4,2,2,4,1,1,8,7,8,6,3,2,1,0,0,0,0,0,0,0,0,0,0,0,0,0,0,0,0,0,0,0,96.42,58.72,0,65.25,244.32,-13.67,-13.66,-42.19,-6.83,-5.81,-11.62,-11.62,-5.81,58.08,0,-5.81,-11.62,0,0,0,0,0,0,0,0,0,0,0,0,0,0,0,0,0,0,0
TOWLH-CBH-3SET-FOAM - FBA,TOWLH-CBH-3SET-FOAM,FBA,0,0,0,1,0,0,0,0,0,0,0,0,0,0,0,0,0,0,0,0,0,0,0,0,0,0,0,0,0,0,0,0,0,0,0,0,0,0,0,53.83,0,0,0,0,0,0,0,0,0,0,0,0,0,0,0,0,0,0,0,0,0,0,0,0,0,0,0,0,0,0,0,0
TOWLH-CBH-3SET-NAVY - DTC,TOWLH-CBH-3SET-NAVY,DTC,3,9,1,2,2,4,6,0,2,3,8,1,0,0,0,0,0,0,0,0,0,0,0,0,0,0,0,0,0,0,0,0,0,0,0,0,137.03,499.18,65.25,120.72,107.74,-20.5,-43.77,0,-13.66,46.46,-5.81,0,0,0,0,0,0,0,0,0,0,0,0,0,0,0,0,0,0,0,0,0,0,0,0,0
TOWLH-CBH-3SET-NAVY - FBA,TOWLH-CBH-3SET-NAVY,FBA,0,0,0,1,0,0,0,0,0,0,0,0,0,0,0,0,0,0,0,0,0,0,0,0,0,0,0,0,0,0,0,0,0,0,0,0,0,0,0,53.83,0,0,0,0,0,0,0,0,0,0,0,0,0,0,0,0,0,0,0,0,0,0,0,0,0,0,0,0,0,0,0,0
TOWLH-CBH-3SET-PINK - DTC,TOWLH-CBH-3SET-PINK,DTC,2,0,2,1,0,1,1,1,0,1,0,4,2,6,1,5,4,3,5,3,0,0,0,0,0,0,0,0,0,0,0,0,0,0,0,0,130.86,0,110.93,58.72,0,0,-6.83,58.08,0,0,0,-11.62,-11.62,46.47,58.08,-58.08,0,0,0,47.83,0,0,0,0,0,0,0,0,0,0,0,0,0,0,0,0
TOWLH-CBH-6SET-CREAM - DTC,TOWLH-CBH-6SET-CREAM,DTC,0,0,0,0,0,0,0,0,0,3,4,5,7,2,3,1,0,0,0,0,0,0,0,0,0,0,0,0,0,0,0,0,0,0,0,0,0,0,0,0,0,0,0,0,0,76.53,0,0,-19.14,86.1,-9.57,-9.57,0,0,0,0,0,0,0,0,0,0,0,0,0,0,0,0,0,0,0,0
TOWLH-CBH-6SET-FOAM - DTC,TOWLH-CBH-6SET-FOAM,DTC,0,0,0,0,0,0,0,0,0,0,0,3,0,2,0,0,3,0,0,0,0,0,0,0,0,0,0,0,0,0,0,0,0,0,0,0,0,0,0,0,0,0,0,0,0,0,0,0,0,0,0,0,-19.13,0,0,0,0,0,0,0,0,0,0,0,0,0,0,0,0,0,0,0
TOWLH-CBH-6SET-NAVY - DTC,TOWLH-CBH-6SET-NAVY,DTC,0,0,0,0,0,0,0,0,0,0,0,0,1,0,0,0,0,0,0,0,0,0,0,0,0,0,0,0,0,0,0,0,0,0,0,0,0,0,0,0,0,0,0,0,0,0,0,0,0,0,0,0,0,0,0,0,0,0,0,0,0,0,0,0,0,0,0,0,0,0,0,0
TOWLH-CBH-6SET-PINK - DTC,TOWLH-CBH-6SET-PINK,DTC,0,0,0,0,0,0,0,0,0,0,0,1,0,1,0,3,4,0,1,0,0,0,0,0,0,0,0,0,0,0,0,0,0,0,0,0,0,0,0,0,0,0,0,0,0,0,0,0,0,0,0,86.1,0,0,0,0,0,0,0,0,0,0,0,0,0,0,0,0,0,0,0,0
TOWLH-CBH-6SET-SHWPWR - DTC,TOWLH-CBH-6SET-SHWPWR,DTC,0,0,0,0,0,0,0,0,0,0,4,3,1,0,0,0,0,0,0,0,0,0,0,0,0,0,0,0,0,0,0,0,0,0,0,0,0,0,0,0,0,0,0,0,0,0,0,0,0,0,0,0,0,0,0,0,0,0,0,0,0,0,0,0,0,0,0,0,0,0,0,0
TOWLH-CBH-LG-4SET - DTC,TOWLH-CBH-LG-4SET,DTC,3,5,7,4,2,2,9,5,1,4,17,2,6,0,0,0,0,0,0,0,0,0,0,0,0,0,0,0,0,0,0,0,0,0,0,0,237.87,408,543.36,355.2,192,0,-36,161.85,0,-17.27,-32,76,-8,0,0,0,0,0,0,0,0,0,0,0,0,0,0,0,0,0,0,0,0,0,0,0
TOWLH-CBH-LG-4SET - FBA,TOWLH-CBH-LG-4SET,FBA,0,0,0,1,0,0,0,0,0,0,0,0,0,0,0,0,0,0,0,0,0,0,0,0,0,0,0,0,0,0,0,0,0,0,0,0,0,0,0,79.19,0,0,0,0,0,0,0,0,0,0,0,0,0,0,0,0,0,0,0,0,0,0,0,0,0,0,0,0,0,0,0,0
TOWLH-CBH-LG-CREAM - B2B,TOWLH-CBH-LG-CREAM,B2B,4,0,0,0,0,4,0,23,0,0,20,0,1,0,0,0,0,0,0,0,0,0,0,0,0,0,0,0,0,0,0,0,0,0,0,0,50.65,0,0,0,0,50,0,287.5,0,0,250,0,-0.59,0,0,0,0,0,0,0,0,0,0,0,0,0,0,0,0,0,0,0,0,0,0,0
TOWLH-CBH-LG-CREAM - DTC,TOWLH-CBH-LG-CREAM,DTC,14,26,14,16,28,15,19,18,9,24,56,41,39,19,17,18,0,0,0,0,0,0,0,0,0,0,0,0,0,0,0,0,0,0,0,0,183.44,455.14,139.72,211.34,597.67,336.09,410.56,409.28,201.52,442.24,1089.76,813.36,748.29,359.48,330.74,378.02,0,0,0,0,0,0,0,0,0,0,0,0,0,0,0,0,0,0,0,0
TOWLH-CBH-LG-CREAM - FBA,TOWLH-CBH-LG-CREAM,FBA,0,0,0,1,0,0,3,0,1,0,2,0,0,0,1,1,2,0,4,5,12,1,0,0,0,0,0,0,0,0,0,0,0,0,0,0,0,0,0,0,0,0,47.05,0,30.83,0,46.66,0,0,0,22.31,30.82,53.32,0,94.96,122.45,224.02,16.8,0,0,0,0,0,0,0,0,0,0,0,0,0,0
TOWLH-CBH-LG-FOAM - B2B,TOWLH-CBH-LG-FOAM,B2B,4,0,6,0,0,0,0,20,1,0,0,15,1,0,2,0,5,0,0,0,0,0,0,0,0,0,0,0,0,0,0,0,0,0,0,0,50.65,0,79.98,0,0,0,0,250,13.33,0,0,187.5,-0.59,0,26.57,0,62.5,0,0,0,0,0,0,0,0,0,0,0,0,0,0,0,0,0,0,0
TOWLH-CBH-LG-FOAM - DTC,TOWLH-CBH-LG-FOAM,DTC,18,19,15,8,16,10,33,25,14,16,83,59,32,13,24,9,8,0,0,0,0,2,1,68,0,1,0,0,0,0,0,0,0,0,0,0,288.4,295.7,191.34,70.67,238.13,205.82,719.89,543.65,329.59,360.67,1661.41,1197,665.06,264.56,450.66,210.91,135.03,0,0,0,0,43.47,27.33,577.97,0,24,0,0,0,0,0,0,0,0,0,0
TOWLH-CBH-LG-FOAM - FBA,TOWLH-CBH-LG-FOAM,FBA,0,0,0,2,2,0,0,0,0,1,0,1,0,2,2,1,1,4,2,1,0,0,2,0,0,0,0,0,0,0,0,0,0,0,0,0,0,0,0,0,46.1,0,0,0,0,26.66,0,26.66,0,53.32,53.32,26.66,21.33,79.96,47.48,22.49,0,0,44,0,0,0,0,0,0,0,0,0,0,0,0,0
TOWLH-CBH-LG-NAVY - B2B,TOWLH-CBH-LG-NAVY,B2B,4,0,8,0,1,3,2,34,1,0,0,0,1,0,0,0,0,0,0,0,0,0,0,0,0,0,0,0,0,0,0,0,0,0,0,0,50.65,0,108.31,0,13.33,39.99,26.66,425,13.33,0,0,0,-0.59,0,0,0,0,0,0,0,0,0,0,0,0,0,0,0,0,0,0,0,0,0,0,0
TOWLH-CBH-LG-NAVY - DTC,TOWLH-CBH-LG-NAVY,DTC,20,32,12,19,20,18,41,34,27,22,93,21,15,0,1,0,0,0,0,0,0,3,2,37,0,0,0,0,0,0,0,0,0,0,0,0,311.74,429.33,73.06,331.31,385.01,375.82,851.82,784.09,389.44,488.23,1928.69,442.91,308.12,0,25,0,0,0,0,0,0,74.67,51.33,327.05,0,0,0,0,0,0,0,0,0,0,0,0
TOWLH-CBH-LG-NAVY - FBA,TOWLH-CBH-LG-NAVY,FBA,0,0,0,2,0,0,0,4,0,0,1,1,0,0,0,0,0,0,0,0,0,0,0,0,0,0,0,0,0,0,0,0,0,0,0,0,0,0,0,0,0,0,0,106.64,0,0,20,26.66,0,0,0,0,0,0,0,0,0,0,0,0,0,0,0,0,0,0,0,0,0,0,0,0
TOWLH-CBH-LG-PINK - B2B,TOWLH-CBH-LG-PINK,B2B,3,0,6,0,0,0,2,0,0,0,0,1,1,0,0,1,7,1,0,0,0,0,0,0,0,0,0,0,0,0,0,0,0,0,0,0,37.99,0,79.98,0,0,0,27.48,0,0,0,0,0,-0.59,0,0,0,88.33,10.5,0,0,0,0,0,0,0,0,0,0,0,0,0,0,0,0,0,0
TOWLH-CBH-LG-PINK - DTC,TOWLH-CBH-LG-PINK,DTC,10,13,13,12,12,6,17,15,12,20,58,37,12,22,7,28,27,35,69,10,0,0,8,132,0,0,0,0,0,0,0,0,0,0,0,0,107.46,197.34,98.37,146.84,249.92,137.77,362.49,313.84,249.02,416.26,1221.07,788.78,223.97,438.37,165.19,537.15,543.47,752.62,1134.9,167.52,0,0,189.45,1121.62,0,0,0,0,0,0,0,0,0,0,0,0
TOWLH-CBH-LG-PINK - FBA,TOWLH-CBH-LG-PINK,FBA,0,0,0,2,0,0,0,0,0,0,2,1,1,1,1,0,2,4,0,4,3,1,2,9,12,2,0,0,0,0,0,0,0,0,0,0,0,0,0,23.67,0,0,0,0,0,0,47.99,26.66,26.66,29.17,26.66,0,50.65,79.81,0,97.46,62.33,22,37.34,160.53,206.24,30.8,0,0,0,0,0,0,0,0,0,0
TOWLH-CBH-SM-4SET - DTC,TOWLH-CBH-SM-4SET,DTC,1,3,2,1,0,1,3,2,1,0,2,5,1,3,3,4,0,0,0,0,0,0,0,0,0,0,0,0,0,0,0,0,0,0,0,0,37.8,121.5,99.9,54,0,-5.1,-10.28,-10.2,-5.1,0,0,-4.53,0,40.8,-4.53,40.8,0,0,0,0,0,0,0,0,0,0,0,0,0,0,0,0,0,0,0,0
TOWLH-CBH-SM-CREAM - B2B,TOWLH-CBH-SM-CREAM,B2B,4,0,0,0,0,0,0,0,10,5,30,0,0,0,0,0,0,0,0,0,0,0,0,0,0,0,0,0,0,0,0,0,0,0,0,0,28.5,0,0,0,0,0,0,0,70.8,35.4,212.4,0,0,0,0,0,0,0,0,0,0,0,0,0,0,0,0,0,0,0,0,0,0,0,0,0
TOWLH-CBH-SM-CREAM - DTC,TOWLH-CBH-SM-CREAM,DTC,11,22,9,6,4,18,15,22,7,18,43,42,26,19,20,22,1,0,19,0,0,0,0,76,4,1,0,0,0,0,0,0,0,0,0,0,89.1,206.44,54.9,50.25,40.58,239.57,216.31,290.45,104.17,268.89,632.94,582.38,412.04,246.66,317.57,334.35,14.17,0,171.65,0,0,0,0,406.04,35.38,18.33,0,0,0,0,0,0,0,0,0,0
TOWLH-CBH-SM-CREAM - FBA,TOWLH-CBH-SM-CREAM,FBA,0,0,0,0,0,0,2,0,0,0,0,0,0,0,1,0,0,0,0,0,0,0,0,0,0,0,0,0,0,0,0,0,0,0,0,0,0,0,0,0,0,0,21.55,0,0,0,0,0,0,0,22.31,0,0,0,0,0,0,0,0,0,0,0,0,0,0,0,0,0,0,0,0,0
TOWLH-CBH-SM-FOAM - B2B,TOWLH-CBH-SM-FOAM,B2B,4,0,6,0,0,0,0,0,10,5,30,0,0,3,4,0,0,3,0,0,0,0,0,0,0,0,0,0,0,0,0,0,0,0,0,0,28.5,0,45,0,0,0,0,0,70.8,35.4,212.4,0,0,22.5,30.1,0,0,17.85,0,0,0,0,0,0,0,0,0,0,0,0,0,0,0,0,0,0
TOWLH-CBH-SM-FOAM - DTC,TOWLH-CBH-SM-FOAM,DTC,13,10,4,5,5,5,13,25,5,9,25,29,14,23,16,14,15,9,22,63,2,4,10,72,11,3,15,10,28,30,13,0,0,0,0,0,120.3,71.55,28.5,39.75,12,58.48,186.23,323.8,75.19,121.36,337.58,421.27,238.97,321.76,224.11,169.55,229.77,113.48,211.77,417.63,8.96,51,64.5,338.26,162,45.44,215.5,145.54,386.5,433.14,184.88,0,0,0,0,0
TOWLH-CBH-SM-FOAM - FBA,TOWLH-CBH-SM-FOAM,FBA,0,0,0,1,0,0,0,0,0,0,0,0,0,0,0,0,0,0,0,0,0,0,0,0,0,0,0,0,0,0,0,0,0,0,0,0,0,0,0,0,0,0,0,0,0,0,0,0,0,0,0,0,0,0,0,0,0,0,0,0,0,0,0,0,0,0,0,0,0,0,0,0
TOWLH-CBH-SM-NAVY - B2B,TOWLH-CBH-SM-NAVY,B2B,4,0,12,0,0,0,0,0,15,1,12,15,0,0,0,2,3,3,0,0,0,0,0,0,0,0,0,0,0,0,0,0,0,0,0,0,28.5,0,91.88,0,0,0,0,0,106.2,7.99,70.8,106.2,0,0,0,15,22.5,17.85,0,0,0,0,0,0,0,0,0,0,0,0,0,0,0,0,0,0
TOWLH-CBH-SM-NAVY - DTC,TOWLH-CBH-SM-NAVY,DTC,11,25,5,7,7,9,27,23,11,11,26,17,9,10,22,11,11,9,37,21,0,0,10,81,11,10,11,13,10,4,0,0,0,0,0,0,80.25,160.98,26.74,57,68.5,133.16,335.54,288.2,163.47,161.65,367.73,209.39,123.04,119.43,286.46,140.58,150.13,121.74,367.56,164.44,0,0,122.6,437.22,154.58,147.98,164.32,184.87,143.74,55.5,0,0,0,0,0,0
TOWLH-CBH-SM-NAVY - FBA,TOWLH-CBH-SM-NAVY,FBA,0,0,0,1,0,0,0,0,0,0,0,0,0,0,0,0,0,0,0,0,0,0,0,0,0,0,0,0,0,0,0,0,0,0,0,0,0,0,0,0,0,0,0,0,0,0,0,0,0,0,0,0,0,0,0,0,0,0,0,0,0,0,0,0,0,0,0,0,0,0,0,0
TOWLH-CBH-SM-PINK - B2B,TOWLH-CBH-SM-PINK,B2B,3,0,6,0,0,0,0,0,0,0,0,0,1,0,0,0,0,3,0,0,0,0,0,0,0,0,0,0,0,0,0,0,0,0,0,0,21.38,0,45,0,0,0,0,0,0,0,0,0,-0.34,0,0,0,0,17.85,0,0,0,0,0,0,0,0,0,0,0,0,0,0,0,0,0,0
TOWLH-CBH-SM-PINK - DTC,TOWLH-CBH-SM-PINK,DTC,4,9,7,4,4,3,8,6,9,2,10,21,3,18,5,19,22,13,35,89,94,0,41,61,16,3,6,14,14,8,6,0,0,0,0,0,12.15,74.25,45.48,26.25,60,48.27,110.12,85.1,97.63,29.2,117.53,280.8,50.05,254.9,66.1,249.05,330.34,193.79,384.77,486.24,479.42,0,219.1,370.52,161.12,45.17,91.24,207.49,195.83,118.75,100.27,0,0,0,0,0
TOWLH-CBH-XL-4SET - DTC,TOWLH-CBH-XL-4SET,DTC,4,2,0,2,3,3,6,4,3,3,8,14,9,0,3,0,0,0,0,0,0,0,0,1,0,1,0,0,0,0,0,0,0,0,0,0,302.16,194.25,0,194.25,321.9,-21,-31.66,78.75,-10.5,-10.7,-18.66,-9.33,-18.66,0,-18.66,0,0,0,0,0,0,0,0,0,0,84,0,0,0,0,0,0,0,0,0,0
TOWLH-CBH-XL-CREAM - B2B,TOWLH-CBH-XL-CREAM,B2B,0,0,1,0,2,1,2,0,0,1,0,2,0,0,0,0,0,9,0,0,0,0,0,0,0,0,0,0,0,0,0,0,0,0,0,0,0,0,15.41,0,30.82,15.41,30.82,0,0,16.45,0,0,0,0,0,0,0,110.25,0,0,0,0,0,0,0,0,0,0,0,0,0,0,0,0,0,0
TOWLH-CBH-XL-CREAM - DTC,TOWLH-CBH-XL-CREAM,DTC,17,22,6,4,15,12,14,17,12,24,51,48,34,20,26,21,20,32,8,0,0,1,3,54,0,1,0,0,0,0,0,0,0,0,0,0,277.29,469.6,114.09,27.75,305.32,309.18,357.25,439.51,304.96,553.22,1064.05,1069.19,691.06,425.19,560.27,444.61,550.22,768.09,150.7,0,0,25.5,94.83,546.74,0,21,0,0,0,0,0,0,0,0,0,0
TOWLH-CBH-XL-CREAM - FBA,TOWLH-CBH-XL-CREAM,FBA,0,0,0,0,1,0,3,0,2,1,2,0,0,1,4,0,3,0,9,7,2,0,1,0,0,0,0,0,0,0,0,0,0,0,0,0,0,0,0,0,34.99,0,48.97,0,61.66,30.83,50.16,0,0,30.83,96.31,0,83.31,0,218.67,183.69,42,0,20.66,0,0,0,0,0,0,0,0,0,0,0,0,0
TOWLH-CBH-XL-FOAM - B2B,TOWLH-CBH-XL-FOAM,B2B,0,0,30,1,0,4,0,1,1,0,0,3,0,3,1,0,1,0,0,0,0,0,0,0,0,0,0,0,0,0,0,0,0,0,0,0,0,0,462.3,0,0,61.64,0,15.41,15.41,0,0,0,0,46.23,15.49,0,14.58,0,0,0,0,0,0,0,0,0,0,0,0,0,0,0,0,0,0,0
TOWLH-CBH-XL-FOAM - DTC,TOWLH-CBH-XL-FOAM,DTC,18,15,3,6,19,11,19,20,11,13,56,54,24,29,20,31,7,5,17,0,0,3,0,214,0,5,1,0,0,0,0,0,0,0,0,0,294.4,286.45,84.79,81.71,281.54,258.16,470,469.63,288.91,347.28,1304.57,1258.97,554.85,674.34,508.12,837.14,115.03,106.92,333.51,0,0,76.5,0,2014.1,0,129.33,33.33,0,0,0,0,0,0,0,0,0
TOWLH-CBH-XL-FOAM - FBA,TOWLH-CBH-XL-FOAM,FBA,0,0,0,1,0,0,0,1,1,2,2,0,0,2,0,0,3,6,9,13,15,0,1,0,0,0,0,0,0,0,0,0,0,0,0,0,0,0,0,0,0,0,0,24.66,30.83,61.66,38.66,0,0,69.98,0,0,81.72,134.15,209.94,338.23,322.82,0,21,0,0,0,0,0,0,0,0,0,0,0,0,0
TOWLH-CBH-XL-NAVY - B2B,TOWLH-CBH-XL-NAVY,B2B,0,0,5,0,0,2,2,0,1,2,2,2,0,0,0,0,0,0,0,0,0,0,0,0,0,0,0,0,0,0,0,0,0,0,0,0,0,0,78.01,0,0,31.69,30.82,0,15.41,32.89,0,0,0,0,0,0,0,0,0,0,0,0,0,0,0,0,0,0,0,0,0,0,0,0,0,0
TOWLH-CBH-XL-NAVY - DTC,TOWLH-CBH-XL-NAVY,DTC,23,41,11,9,15,14,31,25,16,25,86,68,25,0,13,0,0,0,0,0,0,0,0,50,0,1,0,0,0,0,0,0,0,0,0,0,369.86,713.01,269.89,151.08,281.3,336.29,692.7,655.49,413.22,645.06,1960.11,1623.25,601.74,0,344.88,0,0,0,0,0,0,0,0,538.77,0,21,0,0,0,0,0,0,0,0,0,0
TOWLH-CBH-XL-NAVY - FBA,TOWLH-CBH-XL-NAVY,FBA,0,0,0,1,2,0,0,2,1,0,2,0,0,0,0,0,1,0,0,0,0,0,0,0,0,0,0,0,0,0,0,0,0,0,0,0,0,0,0,0,69.98,0,0,55.49,30.83,0,48.34,0,0,0,0,0,27.74,0,0,0,0,0,0,0,0,0,0,0,0,0,0,0,0,0,0,0
TOWLH-CBH-XL-PINK - B2B,TOWLH-CBH-XL-PINK,B2B,0,0,1,0,0,0,0,1,0,0,0,2,0,0,0,0,0,8,0,0,0,0,0,0,0,0,0,0,0,0,0,0,0,0,0,0,0,0,15.41,0,0,0,0,15.41,0,0,0,0,0,0,0,0,0,98,0,0,0,0,0,0,0,0,0,0,0,0,0,0,0,0,0,0
TOWLH-CBH-XL-PINK - DTC,TOWLH-CBH-XL-PINK,DTC,11,11,7,6,5,8,15,16,6,8,37,39,14,17,8,28,22,27,91,65,1,0,0,204,1,3,0,0,1,0,0,0,0,0,0,0,134.58,223.25,143.24,84.79,58.58,208.24,392.33,415.07,152.1,195.46,889.59,915.37,342.86,385.79,200.6,602.02,482.44,638.34,1703.67,1182.93,9.9,0,0,1933.07,30,76.5,0,0,30,0,0,0,0,0,0,0
TOWLH-CBH-XL-PINK - FBA,TOWLH-CBH-XL-PINK,FBA,0,0,0,0,0,0,0,1,0,0,1,1,1,0,0,0,4,6,2,4,6,1,0,6,11,3,1,0,0,0,0,0,0,0,0,0,0,0,0,0,0,0,0,30.83,0,0,19.33,30.83,30.83,0,0,0,105.05,139.96,55.4,89.72,125.66,18.9,0,119.68,212.1,65.08,21,0,0,0,0,0,0,0,0,0
TOWLH-CLA-3SET-NAVY - DTC,TOWLH-CLA-3SET-NAVY,DTC,1,1,2,3,4,0,1,2,2,3,4,1,0,0,0,0,0,0,0,0,0,0,0,0,0,0,0,0,0,0,0,0,0,0,0,0,64.13,60.75,100.85,173.13,223.92,0,0,57,57,-6.33,-37.68,0,0,0,0,0,0,0,0,0,0,0,0,0,0,0,0,0,0,0,0,0,0,0,0,0
TOWLH-CLA-3SET-WHITE - DTC,TOWLH-CLA-3SET-WHITE,DTC,0,4,0,0,0,0,0,0,0,1,1,1,1,0,2,3,4,3,3,1,0,0,0,0,0,0,0,0,0,0,0,0,0,0,0,0,0,215.66,0,0,0,0,0,0,0,50.67,-5.38,53.83,0,0,0,-10.77,-37.66,-16.14,-9.7,0,0,0,0,0,0,0,0,0,0,0,0,0,0,0,0,0
TOWLH-CLA-LG-NAVY - B2B,TOWLH-CLA-LG-NAVY,B2B,0,6,0,0,0,0,0,5,0,0,2,0,0,0,0,0,6,0,0,0,0,0,0,0,0,0,0,0,0,0,0,0,0,0,0,0,0,76.21,0,0,0,0,0,58.3,0,0,28.77,0,0,0,0,0,69.96,0,0,0,0,0,0,0,0,0,0,0,0,0,0,0,0,0,0,0
TOWLH-CLA-LG-NAVY - DTC,TOWLH-CLA-LG-NAVY,DTC,15,13,18,21,49,28,37,44,33,36,29,3,10,0,37,32,35,2,5,0,0,0,0,0,0,0,0,0,0,0,0,0,0,0,0,0,325.88,251.24,391.58,426.25,1033.66,647.47,751.44,971.88,712.59,807.68,520.68,70.11,208.87,0,816.84,705.22,767.46,42.01,81.64,0,0,0,0,0,0,0,0,0,0,0,0,0,0,0,0,0
TOWLH-CLA-LG-NAVY - FBA,TOWLH-CLA-LG-NAVY,FBA,1,0,2,1,0,1,2,2,2,1,0,0,0,0,1,1,2,0,0,0,0,0,0,0,0,0,0,0,0,0,0,0,0,0,0,0,29.16,0,60.82,29.16,0,29.16,34.15,49.38,58.32,29.16,0,0,0,0,28.33,28.33,50,0,0,0,0,0,0,0,0,0,0,0,0,0,0,0,0,0,0,0
TOWLH-CLA-LG-WHITE - B2B,TOWLH-CLA-LG-WHITE,B2B,0,0,0,0,0,0,2,5,0,0,2,0,0,2,2,0,0,5,0,0,0,0,0,0,0,0,0,0,0,0,0,0,0,0,0,0,0,0,0,0,0,0,27.92,58.3,0,0,28.77,0,0,25,25,0,0,40.85,0,0,0,0,0,0,0,0,0,0,0,0,0,0,0,0,0,0
TOWLH-CLA-LG-WHITE - DTC,TOWLH-CLA-LG-WHITE,DTC,5,5,7,5,2,1,4,13,7,2,6,5,9,5,3,5,12,7,27,264,100,0,7,0,1,0,0,0,0,0,0,0,0,0,0,0,95,22.5,154.83,108.33,21,21,65.33,275.71,107.33,42.11,114.61,90.11,163.08,107.76,56.88,102.32,242.94,135.48,414.98,2135.46,690.47,0,63,0,23.33,0,0,0,0,0,0,0,0,0,0,0
TOWLH-CLA-LG-WHITE - FBA,TOWLH-CLA-LG-WHITE,FBA,0,0,1,4,1,1,4,2,5,1,3,0,0,1,1,1,0,6,1,0,3,3,3,1,0,0,0,0,0,0,0,0,0,0,0,0,0,0,24.99,84.97,22.46,24.99,90.64,44.98,126.35,24.99,56.99,0,0,24.99,24.99,24.99,0,125.99,23.33,0,48.98,48.99,49.05,16.33,0,0,0,0,0,0,0,0,0,0,0,0
TOWLH-CLA-SM-NAVY - B2B,TOWLH-CLA-SM-NAVY,B2B,0,0,1,2,0,1,0,0,0,1,2,0,1,0,0,1,4,0,0,0,0,0,0,0,0,0,0,0,0,0,0,0,0,0,0,0,0,0,7.32,13.86,0,6.66,0,0,0,7.05,15.42,0,-0.3,0,0,6.81,25,0,0,0,0,0,0,0,0,0,0,0,0,0,0,0,0,0,0,0
TOWLH-CLA-SM-NAVY - DTC,TOWLH-CLA-SM-NAVY,DTC,10,13,8,7,13,12,18,18,16,18,24,21,6,2,14,19,13,0,23,33,0,1,7,32,0,1,0,0,0,0,0,0,0,0,0,0,113.34,165.47,77.72,51.71,112.71,136.87,206.05,232.37,213.47,250.77,270.03,253.52,80.45,22.5,173.38,221.33,163.98,0,198.34,209.6,0,11.25,54.3,126.86,0,10.63,0,0,0,0,0,0,0,0,0,0
TOWLH-CLA-SM-NAVY - FBA,TOWLH-CLA-SM-NAVY,FBA,0,1,0,1,0,1,2,4,0,1,7,5,0,0,0,1,1,0,5,3,0,0,0,0,0,0,0,0,0,0,0,0,0,0,0,0,0,12.89,0,17.49,0,17.49,34.98,54.07,0,14.17,61.66,56.65,0,0,0,12.32,15.82,0,64.53,37.68,0,0,0,0,0,0,0,0,0,0,0,0,0,0,0,0
TOWLH-CLA-SM-WHITE - B2B,TOWLH-CLA-SM-WHITE,B2B,0,0,0,13,0,0,4,0,0,0,2,0,0,0,2,0,0,0,1,0,0,0,0,0,0,0,0,0,0,0,0,0,0,0,0,0,0,0,0,90.08,0,0,28.71,0,0,0,15.42,0,0,0,13.32,0,0,0,5.46,0,0,0,0,0,0,0,0,0,0,0,0,0,0,0,0,0
TOWLH-CLA-SM-WHITE - DTC,TOWLH-CLA-SM-WHITE,DTC,6,9,5,3,4,4,10,4,3,2,15,7,9,2,3,10,5,5,14,7,6,18,26,0,0,0,0,0,0,0,0,0,0,0,0,0,78,60,54,43.34,51.49,46.25,124.98,40.5,33.75,36.94,160.27,83.29,107.54,21.25,51.71,135.07,84.26,75.07,139.06,67.76,49.79,151.75,125.56,0,0,0,0,0,0,0,0,0,0,0,0,0
TOWLH-CLA-SM-WHITE - FBA,TOWLH-CLA-SM-WHITE,FBA,1,1,0,0,0,0,1,1,2,1,5,2,0,0,0,0,1,1,6,4,1,5,4,8,12,10,9,6,0,5,4,0,0,0,0,0,16.64,13.34,0,0,0,0,13.32,10.66,30.81,13.32,33.12,30.8,0,0,0,0,12.49,11.24,70.36,52.87,8.75,50.94,37.45,61.7,89.04,87.5,77.01,56.4,0,42.44,49.34,0,0,0,0,0
TOWLH-CLA-XL-NAVY - B2B,TOWLH-CLA-XL-NAVY,B2B,0,0,1,1,0,2,1,1,0,1,2,0,1,0,0,0,0,0,1,0,0,0,0,0,0,0,0,0,0,0,0,0,0,0,0,0,0,0,16.02,15.17,0,29.16,15.12,14.58,0,15.51,33.92,0,-0.65,0,0,0,0,0,12.02,0,0,0,0,0,0,0,0,0,0,0,0,0,0,0,0,0
TOWLH-CLA-XL-NAVY - DTC,TOWLH-CLA-XL-NAVY,DTC,22,18,15,18,24,16,35,24,25,13,51,5,0,0,0,0,0,20,77,17,0,0,0,0,0,0,0,0,0,0,0,0,0,0,0,0,570.85,472.59,378.92,417.97,545.97,411.55,879.48,605.39,641.49,313.78,1157.44,135.05,0,0,0,0,0,476.31,1378.82,319.83,0,0,0,0,0,0,0,0,0,0,0,0,0,0,0,0
TOWLH-CLA-XL-NAVY - FBA,TOWLH-CLA-XL-NAVY,FBA,0,1,3,1,1,5,8,0,2,0,1,0,0,0,0,0,0,3,2,0,0,0,0,0,0,0,0,0,0,0,0,0,0,0,0,0,0,33.33,78.3,27.5,26.23,141.42,198.6,0,66.66,0,24.96,0,0,0,0,0,0,80.9,52.53,0,0,0,0,0,0,0,0,0,0,0,0,0,0,0,0,0
TOWLH-CLA-XL-WHITE - B2B,TOWLH-CLA-XL-WHITE,B2B,1,0,0,12,0,0,12,0,0,1,2,0,1,0,3,0,0,0,1,0,0,0,0,0,0,0,0,0,0,0,0,0,0,0,0,0,15.44,0,0,182.03,0,0,184.09,0,0,15.51,33.92,0,-0.65,0,43.74,0,0,0,12.02,0,0,0,0,0,0,0,0,0,0,0,0,0,0,0,0,0
TOWLH-CLA-XL-WHITE - DTC,TOWLH-CLA-XL-WHITE,DTC,3,7,8,5,4,5,4,7,2,4,14,9,16,4,5,9,4,4,30,177,0,1,2,0,0,0,0,0,0,0,0,0,0,0,0,0,86.79,90.84,216.1,81.67,107.96,132,72.05,173.25,52.25,95.36,313.9,204.94,364.5,100.96,90.88,213.32,71.76,81.32,527.57,1652.9,0,30.83,46.75,0,0,0,0,0,0,0,0,0,0,0,0,0
TOWLH-CLA-XL-WHITE - FBA,TOWLH-CLA-XL-WHITE,FBA,0,1,0,0,0,0,1,1,0,0,2,4,1,0,0,2,1,4,0,0,4,3,4,13,16,12,0,0,0,0,0,0,0,0,0,0,0,33.33,0,0,0,0,23.33,29.16,0,0,53.33,116.63,29.16,0,0,52.49,27.49,76.97,0,0,77,57.75,73.15,222.32,271.44,232.64,0,0,0,0,0,0,0,0,0,0
TOWLH-CLB-3SET-CHRYBMB - DTC,TOWLH-CLB-3SET-CHRYBMB,DTC,0,0,0,0,0,0,0,0,0,0,0,0,0,0,0,0,0,0,0,0,0,6,5,0,0,0,0,1,2,0,2,0,0,0,0,0,0,0,0,0,0,0,0,0,0,0,0,0,0,0,0,0,0,0,0,0,0,55.93,-12.46,0,0,0,0,0,0,0,0,0,0,0,0,0
TOWLH-CLB-3SET-PEPPNCH - DTC,TOWLH-CLB-3SET-PEPPNCH,DTC,0,0,0,0,0,0,0,0,0,0,0,0,0,0,0,0,0,0,0,0,0,4,5,2,6,0,0,2,11,0,4,0,0,0,0,0,0,0,0,0,0,0,0,0,0,0,0,0,0,0,0,0,0,0,0,0,0,-12.18,-21.31,0,0,0,0,-12.16,-24.33,0,0,0,0,0,0,0
TOWLH-CLB-6SET-CHRYBMB - DTC,TOWLH-CLB-6SET-CHRYBMB,DTC,0,0,0,0,0,0,0,0,0,0,0,0,0,0,0,0,0,0,0,0,0,1,2,0,0,0,0,1,2,0,5,0,0,0,0,0,0,0,0,0,0,0,0,0,0,0,0,0,0,0,0,0,0,0,0,0,0,0,0,0,0,0,0,0,0,0,87.92,0,0,0,0,0
TOWLH-CLB-6SET-PNCHPAIR - DTC,TOWLH-CLB-6SET-PNCHPAIR,DTC,0,0,0,0,0,0,0,0,0,0,0,0,0,0,0,0,0,0,0,0,0,3,11,3,0,0,0,0,6,0,9,0,0,0,0,0,0,0,0,0,0,0,0,0,0,0,0,0,0,0,0,0,0,0,0,0,0,0,57.62,96.03,0,0,0,0,-19.2,0,67.22,0,0,0,0,0
TOWLH-CLB-LG-4SET-PNCHPAIR - DTC,TOWLH-CLB-LG-4SET-PNCHPAIR,DTC,0,0,0,0,0,0,0,0,0,0,0,0,0,0,0,0,0,0,0,0,0,7,5,1,0,2,8,15,6,0,9,0,0,0,0,0,0,0,0,0,0,0,0,0,0,0,0,0,0,0,0,0,0,0,0,0,0,100,68,0,0,0,0,-8,-8,0,-16,0,0,0,0,0
TOWLH-CLB-LG-CHRYBMB - B2B,TOWLH-CLB-LG-CHRYBMB,B2B,0,0,0,0,0,0,0,0,0,0,0,0,0,0,0,0,0,0,0,0,0,12,24,0,0,0,6,6,68,0,0,0,0,0,0,0,0,0,0,0,0,0,0,0,0,0,0,0,0,0,0,0,0,0,0,0,0,159.96,1719.92,0,0,0,79.98,79.98,906.44,0,0,0,0,0,0,0
TOWLH-CLB-LG-CHRYBMB - DTC,TOWLH-CLB-LG-CHRYBMB,DTC,0,0,0,0,0,0,0,0,0,0,0,0,0,0,0,0,0,0,0,0,0,92,254,89,1,7,56,73,65,0,73,0,0,0,0,0,0,0,0,0,0,0,0,0,0,0,0,0,0,0,0,0,0,0,0,0,0,2157.95,5532.12,2145.49,30,170.66,1322.12,1562.87,1368,0,1489.61,0,0,0,0,0
TOWLH-CLB-LG-CHRYBMB - FBA,TOWLH-CLB-LG-CHRYBMB,FBA,0,0,0,0,0,0,0,0,0,0,0,0,0,0,0,0,0,0,0,0,0,3,6,8,1,0,3,8,25,13,1,0,0,0,0,0,0,0,0,0,0,0,0,0,0,0,0,0,0,0,0,0,0,0,0,0,0,85.44,157.29,207.94,26.66,0,78.44,207.27,595.82,289.21,24.99,0,0,0,0,0
TOWLH-CLB-LG-PEPPNCH - B2B,TOWLH-CLB-LG-PEPPNCH,B2B,0,0,0,0,0,0,0,0,0,0,0,0,0,0,0,0,0,0,0,0,0,6,6,0,0,0,0,0,6,36,10,0,0,0,0,0,0,0,0,0,0,0,0,0,0,0,0,0,0,0,0,0,0,0,0,0,0,79.98,1479.98,0,0,0,0,0,86.23,483.22,133.3,0,0,0,0,0
TOWLH-CLB-LG-PEPPNCH - DTC,TOWLH-CLB-LG-PEPPNCH,DTC,0,0,0,0,0,0,0,0,0,0,0,0,0,0,0,0,0,0,0,0,0,48,109,68,54,34,53,71,82,42,39,0,0,0,0,0,0,0,0,0,0,0,0,0,0,0,0,0,0,0,0,0,0,0,0,0,0,1076.79,2330.55,1515.38,1264.68,840.97,1253.22,1623.11,1770.68,1070.08,774.85,0,0,0,0,0
TOWLH-CLB-LG-PEPPNCH - FBA,TOWLH-CLB-LG-PEPPNCH,FBA,0,0,0,0,0,0,0,0,0,0,0,0,0,0,0,0,0,0,0,0,0,1,5,12,7,5,14,10,21,37,1,0,0,0,0,0,0,0,0,0,0,0,0,0,0,0,0,0,0,0,0,0,0,0,0,0,0,29.99,133.96,317.91,178.63,133.3,359.71,253.27,505.35,856.1,24.99,0,0,0,0,0
TOWLH-CLB-SM-CHRYBMB - B2B,TOWLH-CLB-SM-CHRYBMB,B2B,0,0,0,0,0,0,0,0,0,0,0,0,0,0,0,0,0,0,0,0,2,0,6,0,0,0,0,0,0,6,0,0,0,0,0,0,0,0,0,0,0,0,0,0,0,0,0,0,0,0,0,0,0,0,0,0,18,0,45,0,0,0,0,0,0,45,0,0,0,0,0,0
TOWLH-CLB-SM-CHRYBMB - DTC,TOWLH-CLB-SM-CHRYBMB,DTC,0,0,0,0,0,0,0,0,0,0,0,0,0,0,0,0,0,0,0,0,0,31,42,11,0,2,0,14,32,30,49,0,0,0,0,0,0,0,0,0,0,0,0,0,0,0,0,0,0,0,0,0,0,0,0,0,0,446.04,597.71,138.01,0,21,0,198.74,417.8,440.77,714.44,0,0,0,0,0
TOWLH-CLB-SM-CHRYBMB - FBA,TOWLH-CLB-SM-CHRYBMB,FBA,0,0,0,0,0,0,0,0,0,0,0,0,0,0,0,0,0,0,0,0,0,0,2,4,5,2,1,0,7,10,0,0,0,0,0,0,0,0,0,0,0,0,0,0,0,0,0,0,0,0,0,0,0,0,0,0,0,0,28.48,61.46,68.95,24.73,14.99,0,94.43,139.86,0,0,0,0,0,0
TOWLH-CLB-SM-PEPPNCH - B2B,TOWLH-CLB-SM-PEPPNCH,B2B,0,0,0,0,0,0,0,0,0,0,0,0,0,0,0,0,0,0,0,0,0,4,0,0,0,0,0,0,0,0,0,0,0,0,0,0,0,0,0,0,0,0,0,0,0,0,0,0,0,0,0,0,0,0,0,0,0,28.32,0,0,0,0,0,0,0,0,0,0,0,0,0,0
TOWLH-CLB-SM-PEPPNCH - DTC,TOWLH-CLB-SM-PEPPNCH,DTC,0,0,0,0,0,0,0,0,0,0,0,0,0,0,0,0,0,0,0,0,0,22,29,13,13,1,0,5,36,1,34,0,0,0,0,0,0,0,0,0,0,0,0,0,0,0,0,0,0,0,0,0,0,0,0,0,0,328.54,443.39,157.27,200.86,13.5,0,82.77,592.54,18.33,518.47,0,0,0,0,0
TOWLH-CLB-SM-PEPPNCH - FBA,TOWLH-CLB-SM-PEPPNCH,FBA,0,0,0,0,0,0,0,0,0,0,0,0,0,0,0,0,0,0,0,0,0,2,1,2,2,5,5,5,7,0,1,0,0,0,0,0,0,0,0,0,0,0,0,0,0,0,0,0,0,0,0,0,0,0,0,0,0,26.98,14.99,28.48,26.09,74.95,71.95,67.45,92.93,0,14.16,0,0,0,0,0
TOWLH-CLB-XL-4SET-PNCHPAIR - DTC,TOWLH-CLB-XL-4SET-PNCHPAIR,DTC,0,0,0,0,0,0,0,0,0,0,0,0,0,0,0,0,0,0,0,0,0,9,4,0,0,1,2,2,3,0,21,0,0,0,0,0,0,0,0,0,0,0,0,0,0,0,0,0,0,0,0,0,0,0,0,0,0,-31.5,-22.5,0,0,90,0,0,-9,0,149.09,0,0,0,0,0
TOWLH-CLB-XL-CHRYBMB - B2B,TOWLH-CLB-XL-CHRYBMB,B2B,0,0,0,0,0,0,0,0,0,0,0,0,0,0,0,0,0,0,0,0,3,0,12,0,0,0,0,0,33,0,40,0,0,0,0,0,0,0,0,0,0,0,0,0,0,0,0,0,0,0,0,0,0,0,0,0,55.61,0,2192.04,0,0,0,0,0,495,0,600,0,0,0,0,0
TOWLH-CLB-XL-CHRYBMB - DTC,TOWLH-CLB-XL-CHRYBMB,DTC,0,0,0,0,0,0,0,0,0,0,0,0,0,0,0,0,0,0,0,0,0,76,154,88,1,11,22,38,36,0,121,0,0,0,0,0,0,0,0,0,0,0,0,0,0,0,0,0,0,0,0,0,0,0,0,0,0,1833.37,3661.43,2301.67,25.5,281.55,602.88,1023.46,776.96,0,2873.99,0,0,0,0,0
TOWLH-CLB-XL-CHRYBMB - FBA,TOWLH-CLB-XL-CHRYBMB,FBA,0,0,0,0,0,0,0,0,0,0,0,0,0,0,0,0,0,0,0,0,0,1,1,14,15,21,19,9,20,1,0,0,0,0,0,0,0,0,0,0,0,0,0,0,0,0,0,0,0,0,0,0,0,0,0,0,0,33.33,26.99,395.89,428.86,631.75,556.31,263.91,566.8,29.99,0,0,0,0,0,0
TOWLH-CLB-XL-MIDNFIZ - FBA,TOWLH-CLB-XL-MIDNFIZ,FBA,0,0,0,0,0,0,0,0,0,0,0,0,0,0,0,0,0,0,0,0,0,0,0,0,0,0,0,0,0,0,1,0,0,0,0,0,0,0,0,0,0,0,0,0,0,0,0,0,0,0,0,0,0,0,0,0,0,0,0,0,0,0,0,0,0,0,28.64,0,0,0,0,0
TOWLH-CLB-XL-PEPPNCH - B2B,TOWLH-CLB-XL-PEPPNCH,B2B,0,0,0,0,0,0,0,0,0,0,0,0,0,0,0,0,0,0,0,0,0,4,0,0,0,0,6,0,0,0,50,0,0,0,0,0,0,0,0,0,0,0,0,0,0,0,0,0,0,0,0,0,0,0,0,0,0,58.32,2012.04,0,0,0,97.4,0,0,0,750,0,0,0,0,0
TOWLH-CLB-XL-PEPPNCH - DTC,TOWLH-CLB-XL-PEPPNCH,DTC,0,0,0,0,0,0,0,0,0,0,0,0,0,0,0,0,0,0,0,0,0,55,98,65,56,45,53,32,67,0,104,0,0,0,0,0,0,0,0,0,0,0,0,0,0,0,0,0,0,0,0,0,0,0,0,0,0,1289.87,2345.2,1390.64,1500.83,1238.88,1428.24,875.25,1681.66,0,2481.91,0,0,0,0,0
TOWLH-CLB-XL-PEPPNCH - FBA,TOWLH-CLB-XL-PEPPNCH,FBA,0,0,0,0,0,0,0,0,0,0,0,0,0,0,0,0,0,0,0,0,0,1,3,11,10,12,6,8,13,0,0,0,0,0,0,0,0,0,0,0,0,0,0,0,0,0,0,0,0,0,0,0,0,0,0,0,0,30.33,86.97,314.9,287.91,349.38,179.94,221.94,347.89,0,0,0,0,0,0,0
TOWLH-DES-3SET-TIGPALM - DTC,TOWLH-DES-3SET-TIGPALM,DTC,0,0,0,0,0,0,0,0,0,0,0,0,0,0,0,0,0,0,0,0,0,3,9,5,0,0,0,0,6,0,5,0,0,0,0,0,0,0,0,0,0,0,0,0,0,0,0,0,0,0,0,0,0,0,0,0,0,-12.18,22.41,121.82,0,0,0,0,-18.24,0,57.28,0,0,0,0,0
TOWLH-DES-6SET-TIGPALM - DTC,TOWLH-DES-6SET-TIGPALM,DTC,0,0,0,0,0,0,0,0,0,0,0,0,0,0,0,0,0,0,0,0,0,5,9,5,0,0,0,0,4,0,2,0,0,0,0,0,0,0,0,0,0,0,0,0,0,0,0,0,0,0,0,0,0,0,0,0,0,-19.21,-19.2,0,0,0,0,0,-28.8,0,0,0,0,0,0,0
TOWLH-DES-LG-BOHMDRM - FBA,TOWLH-DES-LG-BOHMDRM,FBA,0,0,0,0,0,0,0,0,0,0,0,0,0,0,0,0,0,0,0,0,0,0,0,0,0,0,0,0,1,0,0,0,0,0,0,0,0,0,0,0,0,0,0,0,0,0,0,0,0,0,0,0,0,0,0,0,0,0,0,0,0,0,0,0,17.33,0,0,0,0,0,0,0
TOWLH-DES-LG-TIGPALM - B2B,TOWLH-DES-LG-TIGPALM,B2B,0,0,0,0,0,0,0,0,0,0,0,0,0,0,0,0,0,0,0,0,3,54,18,0,12,0,6,0,0,13,50,0,0,0,0,0,0,0,0,0,0,0,0,0,0,0,0,0,0,0,0,0,0,0,0,0,47.68,689.94,1089.94,0,148.76,0,76.02,0,0,159.96,666.5,0,0,0,0,0
TOWLH-DES-LG-TIGPALM - DTC,TOWLH-DES-LG-TIGPALM,DTC,0,0,0,0,0,0,0,0,0,0,0,0,0,0,0,0,0,0,0,0,0,40,109,108,30,2,0,0,46,49,14,0,0,0,0,0,0,0,0,0,0,0,0,0,0,0,0,0,0,0,0,0,0,0,0,0,0,836.22,2357.85,2247.83,761.37,55.47,0,0,988.75,1230.82,273.97,0,0,0,0,0
TOWLH-DES-LG-TIGPALM - FBA,TOWLH-DES-LG-TIGPALM,FBA,0,0,0,0,0,0,0,0,0,0,0,0,0,0,0,0,0,0,0,0,0,0,4,7,3,14,8,7,4,18,2,0,0,0,0,0,0,0,0,0,0,0,0,0,0,0,0,0,0,0,0,0,0,0,0,0,0,0,107.33,143.96,77.32,358.59,213.28,165.43,98.64,405.68,48.73,0,0,0,0,0
TOWLH-DES-SM-TIGPALM - B2B,TOWLH-DES-SM-TIGPALM,B2B,0,0,0,0,0,0,0,0,0,0,0,0,0,0,0,0,0,0,0,0,3,36,0,0,0,0,0,0,0,0,0,0,0,0,0,0,0,0,0,0,0,0,0,0,0,0,0,0,0,0,0,0,0,0,0,0,27.01,254.88,0,0,0,0,0,0,0,0,0,0,0,0,0,0
TOWLH-DES-SM-TIGPALM - DTC,TOWLH-DES-SM-TIGPALM,DTC,0,0,0,0,0,0,0,0,0,0,0,0,0,0,0,0,0,0,0,0,0,24,45,28,2,1,0,15,28,0,26,0,0,0,0,0,0,0,0,0,0,0,0,0,0,0,0,0,0,0,0,0,0,0,0,0,0,331.45,659.65,356.41,0,15,0,211.83,445.66,0,416.34,0,0,0,0,0
TOWLH-DES-SM-TIGPALM - FBA,TOWLH-DES-SM-TIGPALM,FBA,0,0,0,0,0,0,0,0,0,0,0,0,0,0,0,0,0,0,0,0,0,0,0,2,5,3,3,2,5,0,0,0,0,0,0,0,0,0,0,0,0,0,0,0,0,0,0,0,0,0,0,0,0,0,0,0,0,0,0,29.98,58.47,44.97,44.22,29.3,62.21,0,0,0,0,0,0,0
TOWLH-DES-XL-BOHMDRM - FBA,TOWLH-DES-XL-BOHMDRM,FBA,0,0,0,0,0,0,0,0,0,0,0,0,0,0,0,0,0,0,0,0,0,0,0,0,0,0,0,0,0,0,1,0,0,0,0,0,0,0,0,0,0,0,0,0,0,0,0,0,0,0,0,0,0,0,0,0,0,0,0,0,0,0,0,0,0,0,28.63,0,0,0,0,0
TOWLH-DES-XL-TIGPALM - B2B,TOWLH-DES-XL-TIGPALM,B2B,0,0,0,0,0,0,0,0,0,0,0,0,0,0,0,0,0,0,0,0,3,0,12,0,6,0,0,6,0,0,75,0,0,0,0,0,0,0,0,0,0,0,0,0,0,0,0,0,0,0,0,0,0,0,0,0,55.61,0,1375.56,0,82.68,0,0,90,0,0,1125,0,0,0,0,0
TOWLH-DES-XL-TIGPALM - DTC,TOWLH-DES-XL-TIGPALM,DTC,0,0,0,0,0,0,0,0,0,0,0,0,0,0,0,0,0,0,0,0,4,44,87,71,57,48,52,62,37,0,34,0,0,0,0,0,0,0,0,0,0,0,0,0,0,0,0,0,0,0,0,0,0,0,0,0,69.72,969.59,1925.39,1507.51,1349.21,1315.77,1471.83,1796.36,908.88,0,825.75,0,0,0,0,0
TOWLH-DES-XL-TIGPALM - FBA,TOWLH-DES-XL-TIGPALM,FBA,0,0,0,0,0,0,0,0,0,0,0,0,0,0,0,0,0,0,0,0,1,1,2,2,5,6,9,4,4,3,0,0,0,0,0,0,0,0,0,0,0,0,0,0,0,0,0,0,0,0,0,0,0,0,0,0,33.33,33.33,60.32,59.98,122.96,179.94,256.42,110.96,103.47,77.98,0,0,0,0,0,0
TOWLH-GEO-3SET-NAVY - DTC,TOWLH-GEO-3SET-NAVY,DTC,2,4,5,0,2,1,0,0,0,0,0,0,0,4,0,0,0,0,0,0,0,0,0,0,0,0,0,0,0,0,0,0,0,0,0,0,151.53,241.43,319.72,0,123.97,0,0,0,0,0,0,0,0,0,0,0,0,0,0,0,0,0,0,0,0,0,0,0,0,0,0,0,0,0,0,0
TOWLH-GEO-3SET-PARAD - DTC,TOWLH-GEO-3SET-PARAD,DTC,0,3,0,0,2,1,0,0,1,0,0,0,0,2,4,0,0,0,0,0,0,0,0,0,0,0,0,0,0,0,0,0,0,0,0,0,0,185.97,0,0,110.92,-6.83,0,0,-6.83,0,0,0,0,-5.81,-23.24,0,0,0,0,0,0,0,0,0,0,0,0,0,0,0,0,0,0,0,0,0
TOWLH-GEO-3SET-PINK - DTC,TOWLH-GEO-3SET-PINK,DTC,1,1,0,0,0,1,1,0,2,0,0,0,0,0,2,0,0,0,0,0,0,0,0,0,0,0,0,0,0,0,0,0,0,0,0,0,45.67,55.47,0,0,0,-6.83,-6.83,0,-20.5,0,0,0,0,0,-5.81,0,0,0,0,0,0,0,0,0,0,0,0,0,0,0,0,0,0,0,0,0
TOWLH-GEO-3SET-SAGE - DTC,TOWLH-GEO-3SET-SAGE,DTC,2,3,0,1,0,0,1,0,3,0,0,0,0,1,7,4,0,0,0,0,0,0,0,0,0,0,0,0,0,0,0,0,0,0,0,0,91.34,141.73,0,65.25,0,0,-10.25,0,-18.29,0,0,0,0,0,-17.43,-23.24,0,0,0,0,0,0,0,0,0,0,0,0,0,0,0,0,0,0,0,0
TOWLH-GEO-LG-4SET - DTC,TOWLH-GEO-LG-4SET,DTC,0,1,2,1,3,5,0,0,0,0,0,0,0,3,0,0,0,0,0,0,0,0,0,0,0,0,0,0,0,0,0,0,0,0,0,0,0,96,177.61,86.4,288,-9,0,0,0,0,0,0,0,-16,0,0,0,0,0,0,0,0,0,0,0,0,0,0,0,0,0,0,0,0,0,0
TOWLH-GEO-LG-NAVY - B2B,TOWLH-GEO-LG-NAVY,B2B,0,0,5,0,1,25,0,0,0,0,0,0,0,0,0,0,0,0,0,0,0,0,0,0,0,0,0,0,0,0,0,0,0,0,0,0,0,0,67.97,0,13.33,232.49,0,0,0,0,0,0,0,0,0,0,0,0,0,0,0,0,0,0,0,0,0,0,0,0,0,0,0,0,0,0
TOWLH-GEO-LG-NAVY - DTC,TOWLH-GEO-LG-NAVY,DTC,29,39,24,15,21,17,0,0,0,0,0,0,0,7,0,0,0,0,0,0,106,28,1,0,0,0,0,0,0,0,0,0,0,0,0,0,600.62,807.29,423.74,346.67,430,386.06,0,0,0,0,0,0,0,137.44,0,0,0,0,0,0,2018.19,511.46,26.67,0,0,0,0,0,0,0,0,0,0,0,0,0
TOWLH-GEO-LG-NAVY - FBA,TOWLH-GEO-LG-NAVY,FBA,0,0,0,0,1,0,0,0,0,0,0,0,0,3,0,0,0,0,0,0,4,0,1,0,0,0,0,0,0,0,0,0,0,0,0,0,0,0,0,0,23.98,0,0,0,0,0,0,0,0,55.71,0,0,0,0,0,0,84.67,0,22,0,0,0,0,0,0,0,0,0,0,0,0,0
TOWLH-GEO-LG-PARAD - B2B,TOWLH-GEO-LG-PARAD,B2B,0,0,6,0,1,3,6,0,0,0,0,0,0,0,0,0,0,0,0,0,0,0,0,0,0,0,0,0,0,0,0,0,0,0,0,0,0,0,81.65,0,13.33,26.25,79.98,0,0,0,0,0,0,0,0,0,0,0,0,0,0,0,0,0,0,0,0,0,0,0,0,0,0,0,0,0
TOWLH-GEO-LG-PARAD - DTC,TOWLH-GEO-LG-PARAD,DTC,10,19,5,7,18,17,16,65,70,0,0,0,4,8,10,0,0,8,0,0,0,0,0,0,0,0,0,0,0,0,0,0,0,0,0,0,242.43,333.79,77.34,146,265.23,394.81,366.74,1151.45,1137.26,0,0,0,65.48,162.72,173.87,0,0,126.54,0,0,0,0,0,0,0,0,0,0,0,0,0,0,0,0,0,0
TOWLH-GEO-LG-PARAD - FBA,TOWLH-GEO-LG-PARAD,FBA,0,0,1,0,0,0,0,0,0,3,0,0,0,0,1,2,11,9,2,0,0,0,0,0,0,0,0,0,0,0,0,0,0,0,0,0,0,0,23.25,0,0,0,0,0,0,52.47,0,0,0,0,17.49,34.98,168.43,131.96,25.97,0,0,0,0,0,0,0,0,0,0,0,0,0,0,0,0,0
TOWLH-GEO-LG-PINK - B2B,TOWLH-GEO-LG-PINK,B2B,0,0,4,0,0,2,2,30,0,0,0,0,0,0,0,0,0,0,0,0,0,0,0,0,1,0,0,0,0,0,0,0,0,0,0,0,0,0,53.32,0,0,22.34,27.07,375,0,0,0,0,0,0,0,0,0,0,0,0,0,0,0,0,25,0,0,0,0,0,0,0,0,0,0,0
TOWLH-GEO-LG-PINK - DTC,TOWLH-GEO-LG-PINK,DTC,7,8,14,9,20,15,15,58,50,1,0,0,3,3,16,0,17,0,0,0,0,0,2,31,0,0,0,0,0,0,0,0,0,0,0,0,150.49,126.55,311.01,189.34,407.59,329.03,345.73,1023.06,829.25,16.79,0,0,50.76,60,265.69,0,256.99,0,0,0,0,0,33.6,247.41,0,0,0,0,0,0,0,0,0,0,0,0
TOWLH-GEO-LG-PINK - FBA,TOWLH-GEO-LG-PINK,FBA,0,0,0,0,0,0,1,2,0,2,0,0,0,1,2,6,3,17,27,6,0,0,0,0,0,0,0,0,0,0,0,0,0,0,0,0,0,0,0,0,0,0,30.83,53.32,0,34.98,0,0,0,19.1,34.98,97.94,43.72,270.98,393.37,101.44,0,0,0,0,0,0,0,0,0,0,0,0,0,0,0,0
TOWLH-GEO-LG-SAGE - B2B,TOWLH-GEO-LG-SAGE,B2B,0,0,4,0,0,4,1,0,0,0,0,0,0,0,2,0,0,0,0,0,0,0,0,0,0,0,0,0,0,0,0,0,0,0,0,0,0,0,53.32,0,0,35,12.5,0,0,0,0,0,0,0,21.25,0,0,0,0,0,0,0,0,0,0,0,0,0,0,0,0,0,0,0,0,0
TOWLH-GEO-LG-SAGE - DTC,TOWLH-GEO-LG-SAGE,DTC,17,15,14,10,15,17,17,69,40,0,0,0,1,4,33,48,0,12,0,0,0,0,1,0,0,0,0,0,0,0,0,0,0,0,0,0,315.39,245.34,289.33,191.33,280.08,392.04,389.09,1198.89,654.24,0,0,0,17.5,79.36,564.27,818.45,0,207.27,0,0,0,0,22,0,0,0,0,0,0,0,0,0,0,0,0,0
TOWLH-GEO-LG-SAGE - FBA,TOWLH-GEO-LG-SAGE,FBA,0,0,0,0,0,0,0,2,1,1,0,0,0,3,9,1,17,20,8,0,0,0,0,0,0,0,0,0,0,0,0,0,0,0,0,0,0,0,0,0,0,0,0,53.32,17.49,17.49,0,0,0,57.42,157.42,15.74,257.11,318.97,118.05,0,0,0,0,0,0,0,0,0,0,0,0,0,0,0,0,0
TOWLH-GEO-SM-4SET - DTC,TOWLH-GEO-SM-4SET,DTC,0,0,1,1,1,0,1,1,0,0,0,0,0,1,1,3,1,3,0,16,0,0,0,0,0,0,0,0,0,0,0,0,0,0,0,0,0,0,54,54,54,0,0,-5.19,0,0,0,0,0,40.8,-4.53,-9.06,0,0,0,0,0,0,0,0,0,0,0,0,0,0,0,0,0,0,0,0
TOWLH-GEO-SM-NAVY - B2B,TOWLH-GEO-SM-NAVY,B2B,0,0,3,0,0,5,1,0,0,0,0,0,0,0,2,0,0,1,1,0,0,0,0,0,17,0,0,0,0,0,0,0,0,0,0,0,0,0,24.72,0,0,29.87,7.5,0,0,0,0,0,0,0,12.03,0,0,5.95,6.18,0,0,0,0,0,240.84,0,0,0,0,0,0,0,0,0,0,0
TOWLH-GEO-SM-NAVY - DTC,TOWLH-GEO-SM-NAVY,DTC,12,19,13,6,11,7,6,30,35,10,0,0,9,5,15,54,2,52,56,130,3,3,21,76,8,0,0,0,0,0,0,0,0,0,0,0,122.96,176.28,98.42,69.75,114.5,99.56,79.13,293.69,323.61,91.86,0,0,76.8,88.77,159.72,492.52,22.14,550.51,564.95,709.58,25.31,38.16,195.09,439.68,89.33,0,0,0,0,0,0,0,0,0,0,0
TOWLH-GEO-SM-PARAD - B2B,TOWLH-GEO-SM-PARAD,B2B,0,0,6,0,0,1,0,0,0,0,0,0,0,0,0,2,0,0,0,0,0,0,0,0,0,0,0,0,0,0,0,0,0,0,0,0,0,0,46.88,0,0,4.96,0,0,0,0,0,0,0,0,0,12.34,0,0,0,0,0,0,0,0,0,0,0,0,0,0,0,0,0,0,0,0
TOWLH-GEO-SM-PARAD - DTC,TOWLH-GEO-SM-PARAD,DTC,5,9,3,9,11,5,8,25,28,19,40,10,5,4,15,24,4,32,32,179,40,0,21,99,0,7,12,0,0,0,0,0,0,0,0,0,62.1,73.5,30.81,106.42,107.83,75.15,101.73,228.5,260.93,171.3,312.26,93.86,40.16,64.22,186.5,229.53,40.93,307.59,341.46,887.29,174.61,0,215.31,529.86,0,78.54,129.41,0,0,0,0,0,0,0,0,0
TOWLH-GEO-SM-PINK - B2B,TOWLH-GEO-SM-PINK,B2B,0,0,0,0,2,4,0,0,15,0,0,15,0,0,0,0,0,1,0,0,0,0,0,0,0,0,0,0,0,0,0,0,0,0,0,0,0,0,0,0,15.7,22.56,0,0,106.2,0,0,84.9,0,0,0,0,0,5.95,0,0,0,0,0,0,0,0,0,0,0,0,0,0,0,0,0,0
TOWLH-GEO-SM-PINK - DTC,TOWLH-GEO-SM-PINK,DTC,5,9,5,4,9,3,6,24,13,19,31,14,1,1,26,38,1,24,9,65,57,13,122,47,0,3,2,0,0,0,0,0,0,0,0,0,48.04,93.01,57,42.75,112,47.45,86.34,221.05,154.52,177.49,246.21,103.46,6.88,11.33,260.07,369.15,11.33,242.34,95.59,316.54,342.06,133.78,682.01,208.56,0,33.16,27.66,0,0,0,0,0,0,0,0,0
TOWLH-GEO-SM-SAGE - B2B,TOWLH-GEO-SM-SAGE,B2B,0,0,0,0,0,2,0,0,0,0,0,0,0,0,4,0,6,0,0,0,0,0,0,0,0,0,0,0,0,0,0,0,0,0,0,0,0,0,0,0,0,9.92,0,0,0,0,0,0,0,0,24.06,0,37.03,0,0,0,0,0,0,0,0,0,0,0,0,0,0,0,0,0,0,0
TOWLH-GEO-SM-SAGE - DTC,TOWLH-GEO-SM-SAGE,DTC,7,12,5,5,8,3,5,35,32,26,8,0,2,2,33,44,2,40,34,103,1,0,49,85,0,4,0,0,0,0,0,0,0,0,0,0,59.4,111.9,51.15,42.33,99.7,37.43,72.5,333.06,305.38,247.94,75.85,0,16.94,30.69,368.31,414.65,19.26,388.19,333.41,549.57,4.25,0,316.62,516.99,0,45.05,0,0,0,0,0,0,0,0,0,0
TOWLH-GEO-XL-4SET - DTC,TOWLH-GEO-XL-4SET,DTC,0,0,1,1,2,3,5,0,0,0,0,0,0,2,0,0,0,0,0,0,0,0,0,0,0,0,0,0,0,0,0,0,0,0,0,0,0,0,111,111,205.35,-31.5,0,0,0,0,0,0,0,74.67,0,0,0,0,0,0,0,0,0,0,0,0,0,0,0,0,0,0,0,0,0,0
TOWLH-GEO-XL-NAVY - B2B,TOWLH-GEO-XL-NAVY,B2B,0,0,1,2,0,16,0,0,0,0,0,0,0,0,0,0,0,0,0,0,0,0,0,0,0,0,0,0,0,0,0,0,0,0,0,0,0,0,16.93,0,0,168.53,0,0,0,0,0,0,0,0,0,0,0,0,0,0,0,0,0,0,0,0,0,0,0,0,0,0,0,0,0,0
TOWLH-GEO-XL-NAVY - DTC,TOWLH-GEO-XL-NAVY,DTC,41,48,22,16,19,19,5,0,0,0,0,0,0,6,0,0,0,0,0,0,67,38,5,0,0,0,0,0,0,0,0,0,0,0,0,0,997.95,1096.33,448.15,429.06,417.5,481.68,105,0,0,0,0,0,0,124.1,0,0,0,0,0,0,1383.86,765.85,108.27,0,0,0,0,0,0,0,0,0,0,0,0,0
TOWLH-GEO-XL-NAVY - FBA,TOWLH-GEO-XL-NAVY,FBA,0,0,0,0,0,1,2,2,0,0,0,0,0,4,0,0,0,0,0,0,7,1,0,0,0,0,0,0,0,0,0,0,0,0,0,0,0,0,0,0,0,27.65,61.66,61.92,0,0,0,0,0,85.83,0,0,0,0,0,0,170.31,24.33,0,0,0,0,0,0,0,0,0,0,0,0,0,0
TOWLH-GEO-XL-PARAD - B2B,TOWLH-GEO-XL-PARAD,B2B,0,0,1,0,0,6,0,1,0,0,0,0,0,0,0,0,0,0,0,0,0,0,0,0,0,0,0,0,0,0,0,0,0,0,0,0,0,0,16.37,0,0,66.45,0,15.41,0,0,0,0,0,0,0,0,0,0,0,0,0,0,0,0,0,0,0,0,0,0,0,0,0,0,0,0
TOWLH-GEO-XL-PARAD - DTC,TOWLH-GEO-XL-PARAD,DTC,9,11,4,12,16,11,19,53,37,73,1,0,7,5,16,1,11,0,0,0,0,0,0,0,0,0,0,0,0,0,0,0,0,0,0,0,202.53,206.48,78.94,292.3,324.22,250.33,467.91,1012.1,721.03,1389.9,20.42,0,132.03,114.55,316.63,22.08,195.88,0,0,0,0,0,0,0,0,0,0,0,0,0,0,0,0,0,0,0
TOWLH-GEO-XL-PARAD - FBA,TOWLH-GEO-XL-PARAD,FBA,0,0,1,0,0,0,0,2,3,0,0,0,0,1,2,3,8,11,34,0,0,0,0,0,0,0,0,0,0,0,0,0,0,0,0,0,0,0,26.9,0,0,0,0,55.49,79.99,0,0,0,0,20.42,36.75,57.17,153.15,200.09,576.02,0,0,0,0,0,0,0,0,0,0,0,0,0,0,0,0,0
TOWLH-GEO-XL-PINK - B2B,TOWLH-GEO-XL-PINK,B2B,0,0,2,0,0,10,0,1,0,1,0,0,0,0,0,0,0,0,0,0,0,0,0,0,0,0,0,0,0,0,0,0,0,0,0,0,0,0,33.5,0,0,112.93,0,15.41,0,16.45,0,0,0,0,0,0,0,0,0,0,0,0,0,0,0,0,0,0,0,0,0,0,0,0,0,0
TOWLH-GEO-XL-PINK - DTC,TOWLH-GEO-XL-PINK,DTC,7,13,9,8,9,15,25,32,31,46,57,3,5,2,36,6,2,17,1,0,0,0,0,57,0,0,0,0,0,0,0,0,0,0,0,0,156.92,311.7,222,202.65,194.37,364.5,614.71,674.38,602.87,899.35,992.75,49.63,82.26,46.66,687.43,100.86,44.17,343.71,17.35,0,0,0,0,530.5,0,0,0,0,0,0,0,0,0,0,0,0
TOWLH-GEO-XL-PINK - FBA,TOWLH-GEO-XL-PINK,FBA,0,0,0,0,1,1,0,3,1,1,4,0,0,0,7,4,6,1,0,0,0,0,0,1,0,0,0,0,0,0,0,0,0,0,0,0,0,0,0,0,34.99,26.4,0,92.49,20.42,20.42,64.67,0,0,0,134.41,73.5,112.3,17.56,0,0,0,0,0,22.67,0,0,0,0,0,0,0,0,0,0,0,0
TOWLH-GEO-XL-SAGE - B2B,TOWLH-GEO-XL-SAGE,B2B,0,2,0,1,0,12,1,0,0,0,0,0,0,0,1,0,0,0,0,0,0,0,0,0,0,0,0,0,0,0,0,0,0,0,0,0,0,33.79,0,0,0,122.5,14.58,0,0,0,0,0,0,0,12.39,0,0,0,0,0,0,0,0,0,0,0,0,0,0,0,0,0,0,0,0,0
TOWLH-GEO-XL-SAGE - DTC,TOWLH-GEO-XL-SAGE,DTC,13,23,10,9,13,16,23,66,35,0,0,0,5,3,51,75,12,0,0,0,0,0,0,0,0,0,0,0,0,0,0,0,0,0,0,0,296.21,524.65,253.39,201.17,309.99,380.99,544.98,1302.4,661.99,0,0,0,90.87,66.02,992.04,1451.61,218.77,0,0,0,0,0,0,0,0,0,0,0,0,0,0,0,0,0,0,0
TOWLH-GEO-XL-SAGE - FBA,TOWLH-GEO-XL-SAGE,FBA,0,0,0,0,0,2,1,4,2,0,0,0,0,1,9,3,10,10,0,0,0,0,0,0,0,0,0,0,0,0,0,0,0,0,0,0,0,0,0,0,0,54.04,37.49,117.15,40.5,0,0,0,0,24.58,154.83,49,179.7,155.16,0,0,0,0,0,0,0,0,0,0,0,0,0,0,0,0,0,0
TOWLH-HID-3SET-BLUE - DTC,TOWLH-HID-3SET-BLUE,DTC,13,2,0,0,0,0,0,0,0,0,0,0,0,0,0,0,0,0,0,0,0,0,0,0,0,0,0,0,0,0,0,0,0,0,0,0,472.06,61.62,0,0,0,0,0,0,0,0,0,0,0,0,0,0,0,0,0,0,0,0,0,0,0,0,0,0,0,0,0,0,0,0,0,0
TOWLH-HID-3SET-PINK - DTC,TOWLH-HID-3SET-PINK,DTC,1,0,0,0,0,0,0,0,0,0,0,0,0,0,0,0,0,0,0,0,0,0,0,0,0,0,0,0,0,0,0,0,0,0,0,0,49.3,0,0,0,0,0,0,0,0,0,0,0,0,0,0,0,0,0,0,0,0,0,0,0,0,0,0,0,0,0,0,0,0,0,0,0
TOWLH-HID-LG-BLACK - B2B,TOWLH-HID-LG-BLACK,B2B,1,0,0,0,0,0,0,0,0,0,0,0,0,0,0,0,0,0,0,0,0,0,0,0,0,0,0,0,0,0,0,0,0,0,0,0,12.01,0,0,0,0,0,0,0,0,0,0,0,0,0,0,0,0,0,0,0,0,0,0,0,0,0,0,0,0,0,0,0,0,0,0,0
TOWLH-HID-LG-BLUE - DTC,TOWLH-HID-LG-BLUE,DTC,69,33,8,0,0,0,0,1,0,0,0,0,0,0,0,0,0,0,0,0,31,0,0,0,0,0,0,0,0,0,0,0,0,0,0,0,843.51,489.21,122.69,0,0,0,0,15.75,0,0,0,0,0,0,0,0,0,0,0,0,568.75,0,0,0,0,0,0,0,0,0,0,0,0,0,0,0
TOWLH-HID-LG-BLUE - FBA,TOWLH-HID-LG-BLUE,FBA,0,0,1,2,0,1,1,1,0,0,0,0,0,0,0,0,0,0,0,0,2,0,0,0,0,0,0,0,0,0,0,0,0,0,0,0,0,0,21.34,48.01,0,26.67,26.67,26.67,0,0,0,0,0,0,0,0,0,0,0,0,39.37,0,0,0,0,0,0,0,0,0,0,0,0,0,0,0
TOWLH-HID-LG-GREEN - DTC,TOWLH-HID-LG-GREEN,DTC,0,0,6,0,0,0,0,0,0,0,0,0,0,0,0,0,0,0,0,0,1,0,0,0,0,0,0,0,0,0,0,0,0,0,0,0,0,0,107.53,0,0,0,0,0,0,0,0,0,0,0,0,0,0,0,0,0,20.7,0,0,0,0,0,0,0,0,0,0,0,0,0,0,0
TOWLH-HID-LG-GREEN - FBA,TOWLH-HID-LG-GREEN,FBA,2,0,2,1,0,0,0,0,0,0,0,0,0,0,0,0,0,0,0,0,1,0,0,0,0,0,0,0,0,0,0,0,0,0,0,0,53.32,0,48,21.33,0,0,0,0,0,0,0,0,0,0,0,0,0,0,0,0,17.49,0,0,0,0,0,0,0,0,0,0,0,0,0,0,0
TOWLH-HID-LG-PINK - B2B,TOWLH-HID-LG-PINK,B2B,0,5,0,0,0,0,0,0,0,0,0,0,0,0,0,0,0,0,0,0,0,0,0,0,0,0,0,0,0,0,0,0,0,0,0,0,0,67.94,0,0,0,0,0,0,0,0,0,0,0,0,0,0,0,0,0,0,0,0,0,0,0,0,0,0,0,0,0,0,0,0,0,0
TOWLH-HID-LG-PINK - DTC,TOWLH-HID-LG-PINK,DTC,50,58,5,0,1,6,0,3,6,0,0,0,0,0,0,0,0,0,0,0,2,0,0,0,0,0,0,0,0,0,0,0,0,0,0,0,811.99,885.62,81.16,0,0,89.25,0,46.45,100.92,0,0,0,0,0,0,0,0,0,0,0,39,0,0,0,0,0,0,0,0,0,0,0,0,0,0,0
TOWLH-HID-LG-PINK - FBA,TOWLH-HID-LG-PINK,FBA,0,1,0,0,0,0,0,0,0,0,0,0,0,0,0,0,0,0,0,0,1,0,0,0,0,0,0,0,0,0,0,0,0,0,0,0,0,26.67,0,0,0,0,0,0,0,0,0,0,0,0,0,0,0,0,0,0,18.67,0,0,0,0,0,0,0,0,0,0,0,0,0,0,0
TOWLH-HID-SM-4SET - DTC,TOWLH-HID-SM-4SET,DTC,1,1,0,1,1,0,1,4,0,1,0,0,0,0,0,0,0,0,0,0,0,0,0,0,0,0,0,0,0,0,0,0,0,0,0,0,27,48,0,48,48,0,-3.97,-3.97,0,0,0,0,0,0,0,0,0,0,0,0,0,0,0,0,0,0,0,0,0,0,0,0,0,0,0,0
TOWLH-HID-SM-BLACK - B2B,TOWLH-HID-SM-BLACK,B2B,0,0,0,0,0,1,0,0,0,0,0,0,0,0,0,0,0,0,0,0,0,0,0,0,0,0,0,0,0,0,0,0,0,0,0,0,0,0,0,0,0,7.5,0,0,0,0,0,0,0,0,0,0,0,0,0,0,0,0,0,0,0,0,0,0,0,0,0,0,0,0,0,0
TOWLH-HID-SM-BLACK - DTC,TOWLH-HID-SM-BLACK,DTC,9,16,24,6,10,14,34,54,18,17,37,6,3,0,0,0,2,0,0,0,0,0,0,0,0,0,0,0,0,0,0,0,0,0,0,0,89.9,160.35,297.38,65.09,69.78,141.45,324.46,507.75,194.67,166.19,303.8,60.94,26.67,0,0,0,21.86,0,0,0,0,0,0,0,0,0,0,0,0,0,0,0,0,0,0,0
TOWLH-HID-SM-BLUE - DTC,TOWLH-HID-SM-BLUE,DTC,26,12,2,3,8,11,16,23,4,9,18,7,9,4,0,1,0,0,2,35,0,0,0,54,4,3,0,0,0,0,0,0,0,0,0,0,115.66,89.4,21.6,24,68.69,103.28,146.62,212.99,36.94,83.87,165.03,57.62,81.03,47.96,0,9.91,0,0,19.82,196.84,0,0,0,296.28,18.44,31.38,0,0,0,0,0,0,0,0,0,0
TOWLH-HID-SM-GREEN - DTC,TOWLH-HID-SM-GREEN,DTC,4,11,4,2,22,6,16,32,11,14,13,9,14,1,3,1,0,0,0,0,0,0,0,27,0,2,0,0,0,0,0,0,0,0,0,0,28.78,90.11,44.27,12,223.98,61.37,149.75,302.87,102.16,129.91,109.12,87.25,119.25,9.91,31.07,9.55,0,0,0,0,0,0,0,188.69,0,21,0,0,0,0,0,0,0,0,0,0
TOWLH-HID-SM-PINK - DTC,TOWLH-HID-SM-PINK,DTC,10,12,4,10,5,5,24,30,8,5,0,0,3,10,4,0,0,4,7,19,0,0,4,61,80,3,0,0,0,0,0,0,0,0,0,0,72.38,95.93,48.8,113.54,40.49,46.07,226.07,273.56,66.4,47.67,0,0,27.75,102.05,35.28,0,0,43.83,74.65,102.66,0,0,46.79,353.17,379.7,34.73,0,0,0,0,0,0,0,0,0,0
TOWLH-HID-XL-BLACK - DTC,TOWLH-HID-XL-BLACK,DTC,0,3,11,0,0,0,0,0,0,0,0,0,0,0,0,0,0,0,0,0,0,0,0,0,0,0,0,0,0,0,0,0,0,0,0,0,0,72.4,258.41,0,0,0,0,0,0,0,0,0,0,0,0,0,0,0,0,0,0,0,0,0,0,0,0,0,0,0,0,0,0,0,0,0
TOWLH-HID-XL-BLUE - DTC,TOWLH-HID-XL-BLUE,DTC,56,8,5,0,0,3,0,0,0,0,0,0,0,0,0,0,0,0,0,0,13,0,1,0,0,0,0,0,0,0,0,0,0,0,0,0,858.2,110.54,124.21,0,0,63.77,0,0,0,0,0,0,0,0,0,0,0,0,0,0,264.39,0,22.89,0,0,0,0,0,0,0,0,0,0,0,0,0
TOWLH-HID-XL-BLUE - FBA,TOWLH-HID-XL-BLUE,FBA,0,0,0,0,1,1,1,1,0,0,0,0,0,0,0,0,0,0,0,0,1,0,0,0,0,0,0,0,0,0,0,0,0,0,0,0,0,0,0,0,30.83,30.83,19.11,30.83,0,0,0,0,0,0,0,0,0,0,0,0,23.75,0,0,0,0,0,0,0,0,0,0,0,0,0,0,0
TOWLH-HID-XL-GREEN - DTC,TOWLH-HID-XL-GREEN,DTC,1,1,5,0,0,0,0,0,0,0,0,0,0,0,0,0,0,0,0,0,0,0,0,0,0,0,0,0,0,0,0,0,0,0,0,0,20.97,24.67,119.51,0,0,0,0,0,0,0,0,0,0,0,0,0,0,0,0,0,0,0,0,0,0,0,0,0,0,0,0,0,0,0,0,0
TOWLH-HID-XL-PINK - DTC,TOWLH-HID-XL-PINK,DTC,4,2,8,0,0,0,0,0,0,0,0,0,0,0,0,0,0,0,0,0,17,0,0,42,0,0,0,0,0,0,0,0,0,0,0,0,67.84,44.4,193.66,0,0,0,0,0,0,0,0,0,0,0,0,0,0,0,0,0,359.18,0,0,385.21,0,0,0,0,0,0,0,0,0,0,0,0
TOWLH-HID-XL-PINK - FBA,TOWLH-HID-XL-PINK,FBA,1,0,0,0,0,0,0,0,0,0,0,0,0,0,0,0,0,0,0,0,0,0,0,1,0,0,0,0,0,0,0,0,0,0,0,0,19.04,0,0,0,0,0,0,0,0,0,0,0,0,0,0,0,0,0,0,0,0,0,0,22.67,0,0,0,0,0,0,0,0,0,0,0,0
TOWLH-HOM-LG-LTBLU-R - DTC,TOWLH-HOM-LG-LTBLU-R,DTC,0,0,0,1,0,0,0,0,0,0,0,0,0,0,0,0,0,0,0,0,0,0,0,0,0,0,0,0,0,0,0,0,0,0,0,0,0,0,0,20,0,0,0,0,0,0,0,0,0,0,0,0,0,0,0,0,0,0,0,0,0,0,0,0,0,0,0,0,0,0,0,0
TOWLH-HOM-LG-LTBLU-R - FBA,TOWLH-HOM-LG-LTBLU-R,FBA,1,1,0,1,1,3,1,2,1,1,0,0,0,0,0,0,0,0,0,0,0,0,0,0,0,0,0,0,0,0,0,0,0,0,0,0,22.5,24.99,0,19.98,20,74.97,15.65,44.98,29.15,24.99,0,0,0,0,0,0,0,0,0,0,0,0,0,0,0,0,0,0,0,0,0,0,0,0,0,0
TOWLH-HOM-LG-LTGRN-R - FBA,TOWLH-HOM-LG-LTGRN-R,FBA,0,0,2,2,2,4,0,0,0,0,0,0,0,0,0,0,0,0,0,0,0,0,0,0,0,0,0,0,0,0,0,0,0,0,0,0,0,0,44.99,44.98,49.98,89.96,0,0,0,0,0,0,0,0,0,0,0,0,0,0,0,0,0,0,0,0,0,0,0,0,0,0,0,0,0,0
TOWLH-HOM-LG-LTPNK-R - FBA,TOWLH-HOM-LG-LTPNK-R,FBA,4,3,1,0,2,1,1,1,0,1,5,0,0,0,0,0,0,0,0,0,0,0,0,0,0,0,0,0,0,0,0,0,0,0,0,0,92.46,66.43,24.99,0,49.98,20,15.23,24.99,0,24.99,62.5,0,0,0,0,0,0,0,0,0,0,0,0,0,0,0,0,0,0,0,0,0,0,0,0,0
TOWLH-HOM-LG-TERRA - DTC,TOWLH-HOM-LG-TERRA,DTC,0,2,3,1,0,0,0,0,0,0,0,0,0,0,0,0,0,0,0,0,0,1,0,0,0,0,0,0,0,0,0,0,0,0,0,0,0,41.33,59.81,17,0,0,0,0,0,0,0,0,0,0,0,0,0,0,0,0,0,13.88,0,0,0,0,0,0,0,0,0,0,0,0,0,0
TOWLH-HOM-LG-TERRA-R - DTC,TOWLH-HOM-LG-TERRA-R,DTC,0,0,0,4,0,0,0,0,0,0,0,0,0,0,0,0,0,0,0,0,0,0,0,0,0,0,0,0,0,0,0,0,0,0,0,0,0,0,0,72,0,0,0,0,0,0,0,0,0,0,0,0,0,0,0,0,0,0,0,0,0,0,0,0,0,0,0,0,0,0,0,0
TOWLH-HOM-LG-TERRA-R - FBA,TOWLH-HOM-LG-TERRA-R,FBA,1,3,0,0,0,1,2,0,2,0,0,0,0,0,0,0,0,0,0,0,0,0,0,0,0,0,0,0,0,0,0,0,0,0,0,0,24.99,72.47,0,0,0,24.99,39.97,0,49.98,0,0,0,0,0,0,0,0,0,0,0,0,0,0,0,0,0,0,0,0,0,0,0,0,0,0,0
TOWLH-HOM-LG-WHITE-R - FBA,TOWLH-HOM-LG-WHITE-R,FBA,4,1,0,0,0,0,0,0,0,0,0,0,0,0,0,0,0,0,0,0,0,0,0,0,0,0,0,0,0,0,0,0,0,0,0,0,89.96,17.49,0,0,0,0,0,0,0,0,0,0,0,0,0,0,0,0,0,0,0,0,0,0,0,0,0,0,0,0,0,0,0,0,0,0
TOWLH-HOM-SM-LTBLU - DTC,TOWLH-HOM-SM-LTBLU,DTC,0,0,11,6,2,3,1,0,0,0,0,0,0,0,0,0,0,0,0,0,0,0,0,0,0,0,0,0,0,0,0,0,0,0,0,0,0,0,122.63,74.06,22.32,25.73,10.7,0,0,0,0,0,0,0,0,0,0,0,0,0,0,0,0,0,0,0,0,0,0,0,0,0,0,0,0,0
TOWLH-HOM-SM-LTGRN - DTC,TOWLH-HOM-SM-LTGRN,DTC,0,7,11,1,4,2,1,0,0,0,0,0,0,0,0,0,0,0,0,0,0,0,0,31,0,0,0,0,0,0,0,0,0,0,0,0,0,78.97,134.93,11.27,40.57,19.52,7.09,0,0,0,0,0,0,0,0,0,0,0,0,0,0,0,0,127.24,0,0,0,0,0,0,0,0,0,0,0,0
TOWLH-HOM-SM-LTPNK - DTC,TOWLH-HOM-SM-LTPNK,DTC,0,1,2,0,5,0,0,0,0,0,0,0,0,0,0,0,0,0,0,0,0,0,0,0,0,0,0,0,0,0,0,0,0,0,0,0,0,14,24.57,0,52.41,0,0,0,0,0,0,0,0,0,0,0,0,0,0,0,0,0,0,0,0,0,0,0,0,0,0,0,0,0,0,0
TOWLH-HOM-SM-NAVY - DTC,TOWLH-HOM-SM-NAVY,DTC,0,0,20,22,6,2,1,0,0,0,0,0,0,0,0,0,0,0,0,0,0,0,0,0,0,0,0,0,0,0,0,0,0,0,0,0,0,0,228.47,219.54,65.83,17.05,10.31,0,0,0,0,0,0,0,0,0,0,0,0,0,0,0,0,0,0,0,0,0,0,0,0,0,0,0,0,0
TOWLH-HOM-SM-TERRA - DTC,TOWLH-HOM-SM-TERRA,DTC,0,0,3,0,0,3,0,0,0,0,0,0,0,0,0,0,0,0,0,0,0,0,0,0,0,0,0,0,0,0,0,0,0,0,0,0,0,0,32.94,0,0,29.5,0,0,0,0,0,0,0,0,0,0,0,0,0,0,0,0,0,0,0,0,0,0,0,0,0,0,0,0,0,0
TOWLH-HOM-SM-WHITE - DTC,TOWLH-HOM-SM-WHITE,DTC,1,0,5,0,0,1,0,0,0,0,0,0,0,0,0,0,0,0,0,0,0,0,0,0,0,0,0,0,0,0,0,0,0,0,0,0,11.78,0,55.57,0,0,9.98,0,0,0,0,0,0,0,0,0,0,0,0,0,0,0,0,0,0,0,0,0,0,0,0,0,0,0,0,0,0
TOWLH-HOM-XL-LTBLU-R - DTC,TOWLH-HOM-XL-LTBLU-R,DTC,0,1,0,0,0,0,0,0,0,0,0,0,0,0,0,0,0,0,0,0,0,0,0,0,0,0,0,0,0,0,0,0,0,0,0,0,0,21,0,0,0,0,0,0,0,0,0,0,0,0,0,0,0,0,0,0,0,0,0,0,0,0,0,0,0,0,0,0,0,0,0,0
TOWLH-HOM-XL-LTBLU-R - FBA,TOWLH-HOM-XL-LTBLU-R,FBA,0,1,1,3,0,1,2,1,1,0,1,0,0,0,0,0,0,0,0,0,0,0,0,0,0,0,0,0,0,0,0,0,0,0,0,0,0,29.16,29.16,69.99,0,29.16,46.65,29.16,29.16,0,12.5,0,0,0,0,0,0,0,0,0,0,0,0,0,0,0,0,0,0,0,0,0,0,0,0,0
TOWLH-HOM-XL-LTGRN-R - FBA,TOWLH-HOM-XL-LTGRN-R,FBA,1,0,0,3,2,0,0,0,0,0,0,0,0,0,0,0,0,0,0,0,0,0,0,0,0,0,0,0,0,0,0,0,0,0,0,0,26.25,0,0,81.66,52.49,0,0,0,0,0,0,0,0,0,0,0,0,0,0,0,0,0,0,0,0,0,0,0,0,0,0,0,0,0,0,0
TOWLH-HOM-XL-LTPNK-R - FBA,TOWLH-HOM-XL-LTPNK-R,FBA,4,1,3,2,7,0,0,0,0,0,0,0,0,0,0,0,0,0,0,0,0,0,0,0,0,0,0,0,0,0,0,0,0,0,0,0,99.96,24.99,74.97,44.99,154.77,0,0,0,0,0,0,0,0,0,0,0,0,0,0,0,0,0,0,0,0,0,0,0,0,0,0,0,0,0,0,0
TOWLH-HOM-XL-TERRA - DTC,TOWLH-HOM-XL-TERRA,DTC,0,0,0,0,0,0,0,0,0,0,0,0,0,0,0,0,0,0,0,0,0,0,1,0,0,0,0,0,0,0,0,0,0,0,0,0,0,0,0,0,0,0,0,0,0,0,0,0,0,0,0,0,0,0,0,0,0,0,18.92,0,0,0,0,0,0,0,0,0,0,0,0,0
TOWLH-HOM-XL-TERRA-R - FBA,TOWLH-HOM-XL-TERRA-R,FBA,0,0,0,5,7,3,1,2,0,0,0,1,0,0,0,0,0,0,0,0,0,0,0,0,0,0,0,0,0,0,0,0,0,0,0,0,0,0,0,128.3,198.29,87.48,23.33,52.49,0,0,0,24.78,0,0,0,0,0,0,0,0,0,0,0,0,0,0,0,0,0,0,0,0,0,0,0,0
TOWLH-HOM-XL-WHITE-R - DTC,TOWLH-HOM-XL-WHITE-R,DTC,0,0,0,1,0,0,0,0,0,0,0,0,0,0,0,0,0,0,0,0,0,0,0,0,0,0,0,0,0,0,0,0,0,0,0,0,0,0,0,24.33,0,0,0,0,0,0,0,0,0,0,0,0,0,0,0,0,0,0,0,0,0,0,0,0,0,0,0,0,0,0,0,0
TOWLH-HOM-XL-WHITE-R - FBA,TOWLH-HOM-XL-WHITE-R,FBA,2,0,0,2,3,3,2,0,1,0,4,0,0,0,0,0,0,0,0,0,0,0,0,0,0,0,0,0,0,0,0,0,0,0,0,0,58.32,0,0,58.32,81.65,69.97,40.82,0,29.16,0,50,0,0,0,0,0,0,0,0,0,0,0,0,0,0,0,0,0,0,0,0,0,0,0,0,0
TOWLH-RET-3SET-CONG - DTC,TOWLH-RET-3SET-CONG,DTC,10,9,0,0,0,0,0,0,0,0,0,0,0,0,0,0,0,0,0,0,0,0,0,0,0,0,0,0,0,0,0,0,0,0,0,0,298.95,298.35,0,0,0,0,0,0,0,0,0,0,0,0,0,0,0,0,0,0,0,0,0,0,0,0,0,0,0,0,0,0,0,0,0,0
TOWLH-RET-3SET-SINH - DTC,TOWLH-RET-3SET-SINH,DTC,5,5,0,0,0,0,0,0,0,0,0,0,0,0,0,0,0,0,0,0,0,0,0,0,0,0,0,0,0,0,0,0,0,0,0,0,234.18,175.53,0,0,0,0,0,0,0,0,0,0,0,0,0,0,0,0,0,0,0,0,0,0,0,0,0,0,0,0,0,0,0,0,0,0
TOWLH-RET-LG-CONG - B2B,TOWLH-RET-LG-CONG,B2B,2,0,0,5,13,0,0,0,0,0,0,0,0,0,0,0,0,0,0,0,0,0,0,0,0,0,0,0,0,0,0,0,0,0,0,0,25.33,0,0,56,145.6,0,0,0,0,0,0,0,0,0,0,0,0,0,0,0,0,0,0,0,0,0,0,0,0,0,0,0,0,0,0,0
TOWLH-RET-LG-CONG - DTC,TOWLH-RET-LG-CONG,DTC,12,22,42,69,2,18,17,0,0,1,0,0,0,0,0,0,0,0,0,0,0,0,0,0,0,0,0,0,0,0,0,0,0,0,0,0,40.47,281.62,876.2,1612.1,38.4,269.83,302.89,0,0,16.81,0,0,0,0,0,0,0,0,0,0,0,0,0,0,0,0,0,0,0,0,0,0,0,0,0,0
TOWLH-RET-LG-MONT - B2B,TOWLH-RET-LG-MONT,B2B,2,0,0,0,0,0,0,0,0,0,0,0,0,0,0,0,0,0,0,0,0,0,0,0,0,0,0,0,0,0,0,0,0,0,0,0,25.33,0,0,0,0,0,0,0,0,0,0,0,0,0,0,0,0,0,0,0,0,0,0,0,0,0,0,0,0,0,0,0,0,0,0,0
TOWLH-RET-LG-MONT - DTC,TOWLH-RET-LG-MONT,DTC,37,1,14,0,0,0,0,0,0,0,0,0,0,0,0,0,0,0,0,0,0,0,0,0,0,0,0,0,0,0,0,0,0,0,0,0,773.8,19.2,301.26,0,0,0,0,0,0,0,0,0,0,0,0,0,0,0,0,0,0,0,0,0,0,0,0,0,0,0,0,0,0,0,0,0
TOWLH-RET-LG-SINH - B2B,TOWLH-RET-LG-SINH,B2B,2,0,4,10,15,0,0,0,0,0,0,0,0,0,0,0,0,0,0,0,0,0,0,0,0,0,0,0,0,0,0,0,0,0,0,0,25.33,0,42.64,112,157.94,0,0,0,0,0,0,0,0,0,0,0,0,0,0,0,0,0,0,0,0,0,0,0,0,0,0,0,0,0,0,0
TOWLH-RET-LG-SINH - DTC,TOWLH-RET-LG-SINH,DTC,56,60,31,32,1,9,4,7,0,0,0,0,0,0,0,0,0,0,0,0,21,2,0,0,0,0,0,0,0,0,0,0,0,0,0,0,884.87,991.55,643.98,684.16,17.07,139,66.88,100.33,0,0,0,0,0,0,0,0,0,0,0,0,381.55,40.26,0,0,0,0,0,0,0,0,0,0,0,0,0,0
TOWLH-RET-SM-5SET - DTC,TOWLH-RET-SM-5SET,DTC,5,5,1,1,3,2,1,2,2,2,0,1,0,0,1,0,0,0,0,1,0,0,0,0,0,0,0,0,0,0,0,0,0,0,0,0,217.5,203.96,60,54,157.47,0,0,0,-4.96,-4.96,0,0,0,0,0,0,0,0,0,0,0,0,0,0,0,0,0,0,0,0,0,0,0,0,0,0
TOWLH-RET-SM-5SET - FBA,TOWLH-RET-SM-5SET,FBA,0,0,0,1,7,1,0,0,0,1,2,2,1,1,5,1,2,8,4,8,0,0,0,0,0,0,0,0,0,0,0,0,0,0,0,0,0,0,0,12.82,92.92,-3.1,0,0,0,0,15.49,0,0,17.49,13.42,0,156.66,37.61,9.35,32.65,0,0,0,0,0,0,0,0,0,0,0,0,0,0,0,0
TOWLH-RET-SM-CONG - B2B,TOWLH-RET-SM-CONG,B2B,2,0,2,0,4,0,1,0,0,0,0,0,0,3,0,0,0,1,0,0,0,0,0,0,45,0,0,0,0,0,0,0,0,0,0,0,14.25,0,13.5,0,28.5,0,7.5,0,0,0,0,0,0,22.5,0,0,0,5.95,0,0,0,0,0,0,637.5,0,0,0,0,0,0,0,0,0,0,0
TOWLH-RET-SM-CONG - DTC,TOWLH-RET-SM-CONG,DTC,37,26,5,5,22,9,19,22,26,16,35,18,14,6,9,12,0,0,2,20,39,12,96,74,80,2,1,0,0,0,0,0,0,0,0,0,202.99,114.29,46.2,53.4,195.3,92.68,192.27,221.32,250.47,147.72,285.13,144.92,135.54,64.61,96.11,99.33,0,0,19.82,99.48,244.89,114.3,515.93,369.08,378.98,24.33,8.93,0,0,0,0,0,0,0,0,0
TOWLH-RET-SM-CONG - FBA,TOWLH-RET-SM-CONG,FBA,0,0,0,1,7,2,1,0,0,1,2,2,1,1,7,1,2,9,4,8,0,0,1,0,0,0,0,0,0,0,0,0,0,0,0,0,0,0,0,0,0,21.07,14.82,0,0,3.5,3.1,6.6,3.5,0,45.88,3.33,0,36.6,9.47,22.78,0,0,16.66,0,0,0,0,0,0,0,0,0,0,0,0,0
TOWLH-RET-SM-MONT - B2B,TOWLH-RET-SM-MONT,B2B,2,0,2,0,2,1,0,0,0,0,0,0,0,0,0,0,0,1,0,0,0,0,0,0,0,0,0,0,0,0,0,0,0,0,0,0,14.25,0,13.5,0,13.5,6.21,0,0,0,0,0,0,0,0,0,0,0,5.95,0,0,0,0,0,0,0,0,0,0,0,0,0,0,0,0,0,0
TOWLH-RET-SM-MONT - DTC,TOWLH-RET-SM-MONT,DTC,23,18,12,15,27,14,32,44,26,18,22,31,34,19,9,25,0,21,5,35,25,13,16,82,0,7,0,0,0,0,0,0,0,0,0,0,169.32,127.7,135.55,168.71,248.14,140.98,300.69,422.13,254.16,174.93,178.33,273.65,300.93,206.94,97.34,243.04,0,197.66,51.21,195.83,204.27,139.52,141.17,495.77,0,83.6,0,0,0,0,0,0,0,0,0,0
TOWLH-RET-SM-MONT - FBA,TOWLH-RET-SM-MONT,FBA,0,0,0,3,8,1,0,0,0,1,2,2,1,1,5,1,3,8,4,8,1,0,2,0,0,0,0,2,2,0,0,0,0,0,0,0,0,0,0,34.98,17.49,3.58,0,0,0,3.5,3.1,6.6,3.5,0,15.9,3.33,15.83,23.18,9.47,22.78,16.66,0,33.32,0,0,0,0,31.71,24.65,0,0,0,0,0,0,0
TOWLH-RET-SM-SANT - DTC,TOWLH-RET-SM-SANT,DTC,24,23,7,5,29,14,23,23,19,18,21,15,9,4,6,6,0,0,3,13,12,0,2,49,130,24,12,0,0,0,0,0,0,0,0,0,207.33,194.47,61.06,46.67,283.95,141.87,222.05,218.8,177.07,170.87,178.77,127,80.65,40.31,62.46,61.29,0,0,27.25,71.82,57.71,0,19.73,265.24,721.34,266.77,124.78,0,0,0,0,0,0,0,0,0
TOWLH-RET-SM-SANT - FBA,TOWLH-RET-SM-SANT,FBA,0,0,0,1,7,1,0,1,0,2,2,2,1,1,5,1,2,8,4,8,0,0,0,0,0,0,0,0,0,0,0,0,0,0,0,0,0,0,0,0,0,3.58,0,17.49,0,19.21,3.1,6.6,3.5,0,15.9,3.33,0,23.18,9.47,22.78,0,0,0,0,0,0,0,0,0,0,0,0,0,0,0,0
TOWLH-RET-SM-SAPO - B2B,TOWLH-RET-SM-SAPO,B2B,0,0,2,0,2,0,1,0,0,0,0,0,0,0,0,0,0,0,0,0,0,0,0,0,0,0,0,0,0,0,0,0,0,0,0,0,0,0,13.32,0,13.5,0,7.5,0,0,0,0,0,0,0,0,0,0,0,0,0,0,0,0,0,0,0,0,0,0,0,0,0,0,0,0,0
TOWLH-RET-SM-SAPO - DTC,TOWLH-RET-SM-SAPO,DTC,17,19,12,7,19,14,21,21,10,9,12,24,8,12,7,8,0,0,5,19,17,8,76,42,98,1,17,1,4,0,0,0,0,0,0,0,137.74,143.07,127.35,77.51,157.77,138.98,206.08,189.99,96.58,84.74,93.21,212.47,76.59,134.02,79.01,66.28,0,0,50.37,115.49,131.07,88.05,419.38,222.14,515.38,10.5,190.99,13.83,44.28,0,0,0,0,0,0,0
TOWLH-RET-SM-SAPO - FBA,TOWLH-RET-SM-SAPO,FBA,0,0,0,1,7,1,0,0,0,1,2,3,1,1,5,1,2,8,8,8,0,0,0,0,0,0,0,0,0,0,0,0,0,0,0,0,0,0,0,0,0,3.58,0,0,0,3.5,3.1,22.01,3.5,0,15.9,3.33,0,23.18,54.69,22.78,0,0,0,0,0,0,0,0,0,0,0,0,0,0,0,0
TOWLH-RET-SM-SINH - B2B,TOWLH-RET-SM-SINH,B2B,2,0,0,0,0,0,0,0,0,0,0,0,0,0,0,0,0,1,0,0,0,0,0,0,0,0,0,0,0,0,0,0,0,0,0,0,14.25,0,0,0,0,0,0,0,0,0,0,0,0,0,0,0,0,5.95,0,0,0,0,0,0,0,0,0,0,0,0,0,0,0,0,0,0
TOWLH-RET-SM-SINH - DTC,TOWLH-RET-SM-SINH,DTC,26,23,14,6,22,13,25,32,15,23,28,18,17,13,11,14,0,0,3,25,19,12,75,42,59,34,43,49,57,76,31,0,0,0,0,0,164.22,131.03,147.05,56.4,196.88,127.64,260.92,313.56,130.58,219.49,233.25,158.74,174.33,132.42,116.02,146.44,0,0,31.57,136.27,119.31,132.94,406.46,280,555.11,379.37,488.25,507.8,609.05,800.17,324.23,0,0,0,0,0
TOWLH-RET-SM-SINH - FBA,TOWLH-RET-SM-SINH,FBA,0,0,0,1,7,1,0,0,0,1,2,3,1,1,5,2,3,8,5,10,0,0,0,3,1,0,0,1,1,1,2,0,0,0,0,0,0,0,0,0,0,3.58,0,0,0,3.5,3.1,22.01,3.5,0,15.9,15.65,15.83,23.18,26.13,53.61,0,0,0,29.69,15.32,0,0,15.32,16.66,13.61,27.98,0,0,0,0,0
TOWLH-RET-XL-CONG - B2B,TOWLH-RET-XL-CONG,B2B,2,0,0,0,0,0,0,0,0,0,0,0,0,0,0,0,0,0,0,0,0,0,0,0,1,0,0,0,0,0,0,0,0,0,0,0,29.3,0,0,0,0,0,0,0,0,0,0,0,0,0,0,0,0,0,0,0,0,0,0,0,29.17,0,0,0,0,0,0,0,0,0,0,0
TOWLH-RET-XL-CONG - DTC,TOWLH-RET-XL-CONG,DTC,114,43,9,0,0,0,0,0,0,0,0,0,0,0,0,0,0,0,0,0,0,0,0,0,0,0,0,0,0,0,0,0,0,0,0,0,2087.08,659.64,217.41,0,0,0,0,0,0,0,0,0,0,0,0,0,0,0,0,0,0,0,0,0,0,0,0,0,0,0,0,0,0,0,0,0
TOWLH-RET-XL-CONG - FBA,TOWLH-RET-XL-CONG,FBA,0,0,0,1,0,0,0,0,0,0,0,0,0,0,0,0,0,0,0,0,0,0,0,0,0,0,0,0,0,0,0,0,0,0,0,0,0,0,0,24.67,0,0,0,0,0,0,0,0,0,0,0,0,0,0,0,0,0,0,0,0,0,0,0,0,0,0,0,0,0,0,0,0
TOWLH-RET-XL-MONT - B2B,TOWLH-RET-XL-MONT,B2B,2,0,0,0,0,0,0,0,0,0,0,0,0,0,0,0,0,0,0,0,0,0,0,0,0,0,0,0,0,0,0,0,0,0,0,0,29.3,0,0,0,0,0,0,0,0,0,0,0,0,0,0,0,0,0,0,0,0,0,0,0,0,0,0,0,0,0,0,0,0,0,0,0
TOWLH-RET-XL-MONT - DTC,TOWLH-RET-XL-MONT,DTC,0,0,5,0,0,0,0,0,0,0,0,0,0,0,0,0,0,0,0,0,0,0,0,0,0,0,0,0,0,0,0,0,0,0,0,0,0,0,121.61,0,0,0,0,0,0,0,0,0,0,0,0,0,0,0,0,0,0,0,0,0,0,0,0,0,0,0,0,0,0,0,0,0
TOWLH-RET-XL-SINH - B2B,TOWLH-RET-XL-SINH,B2B,2,0,0,0,0,0,0,0,0,0,0,0,0,0,0,0,0,0,0,0,0,0,0,0,0,0,0,0,0,0,0,0,0,0,0,0,29.3,0,0,0,0,0,0,0,0,0,0,0,0,0,0,0,0,0,0,0,0,0,0,0,0,0,0,0,0,0,0,0,0,0,0,0
TOWLH-RET-XL-SINH - DTC,TOWLH-RET-XL-SINH,DTC,68,89,8,0,0,0,0,0,0,0,0,0,0,0,0,0,1,0,0,0,0,0,0,0,0,0,0,0,0,0,0,0,0,0,0,0,1261.44,1702.98,198.86,0,0,0,0,0,0,0,0,0,0,0,0,0,18.38,0,0,0,0,0,0,0,0,0,0,0,0,0,0,0,0,0,0,0
TOWLH-RET-XL-SINH - FBA,TOWLH-RET-XL-SINH,FBA,3,0,0,0,0,0,0,0,0,0,0,0,0,0,0,0,0,0,0,0,0,0,0,0,0,0,0,0,0,0,0,0,0,0,0,0,89.42,0,0,0,0,0,0,0,0,0,0,0,0,0,0,0,0,0,0,0,0,0,0,0,0,0,0,0,0,0,0,0,0,0,0,0
WS-POS-EASEL-BAG-2023 - B2B,WS-POS-EASEL-BAG-2023,B2B,0,0,0,0,0,0,0,0,0,0,0,0,0,0,5,0,0,0,0,0,0,0,0,0,0,0,0,0,0,0,0,0,0,0,0,0,0,0,0,0,0,0,0,0,0,0,0,0,0,0,2.5,0,0,0,0,0,0,0,0,0,0,0,0,0,0,0,0,0,0,0,0,0
WS-POS-EASEL-COOL-2023 - B2B,WS-POS-EASEL-COOL-2023,B2B,0,1,0,0,0,0,0,0,0,0,0,0,1,0,0,7,0,0,0,0,1,0,0,0,0,0,0,0,0,0,0,0,0,0,0,0,0,0.53,0,0,0,0,0,0,0,0,0,0,-0.08,0,0,0,0,0,0,0,0.57,0,0,0,0,0,0,0,0,0,0,0,0,0,0,0
WS-POS-EASEL-HAIRW-2023 - B2B,WS-POS-EASEL-HAIRW-2023,B2B,0,3,0,0,0,0,1,0,0,0,0,0,0,0,1,7,0,0,1,0,0,0,0,2,0,0,0,0,0,0,0,0,0,0,0,0,0,0.53,0,0,0,0,0.5,0,0,0,0,0,0,0,0.49,0,0,0,0.45,0,0,0,0,0.94,0,0,0,0,0,0,0,0,0,0,0,0
WS-POS-EASEL-HOODT-2023 - B2B,WS-POS-EASEL-HOODT-2023,B2B,0,1,0,0,0,0,0,0,0,0,0,0,0,0,0,0,0,0,0,0,0,0,0,0,0,0,0,0,0,0,0,0,0,0,0,0,0,0.53,0,0,0,0,0,0,0,0,0,0,0,0,0,0,0,0,0,0,0,0,0,0,0,0,0,0,0,0,0,0,0,0,0,0
WS-POS-EASEL-MAKUP-STD-2023 - B2B,WS-POS-EASEL-MAKUP-STD-2023,B2B,0,4,0,0,0,0,0,0,0,0,0,0,0,0,0,0,0,0,0,0,0,0,0,0,0,0,0,0,0,0,0,0,0,0,0,0,0,0,0,0,0,0,0,0,0,0,0,0,0,0,0,0,0,0,0,0,0,0,0,0,0,0,0,0,0,0,0,0,0,0,0,0
WS-POS-EASEL-PICNIC-2023 - B2B,WS-POS-EASEL-PICNIC-2023,B2B,0,0,0,0,0,0,0,0,0,0,0,0,2,0,0,5,1,0,1,0,0,0,0,0,0,0,0,0,0,0,0,0,0,0,0,0,0,0,0,0,0,0,0,0,0,0,0,0,0.47,0,0,0,0.5,0,0.45,0,0,0,0,0,0,0,0,0,0,0,0,0,0,0,0,0
WS-POS-EASEL-PONCHA-2023 - B2B,WS-POS-EASEL-PONCHA-2023,B2B,0,4,1,0,0,0,0,0,0,0,0,0,1,0,0,1,4,0,0,0,0,0,0,0,0,0,0,0,0,0,0,0,0,0,0,0,0,1.01,0.5,0,0,0,0,0,0,0,0,0,-0.08,0,0,0.5,2,0,0,0,0,0,0,0,0,0,0,0,0,0,0,0,0,0,0,0
WS-POS-EASEL-TOWLB-2023 - B2B,WS-POS-EASEL-TOWLB-2023,B2B,0,3,3,1,0,0,3,1,0,0,0,0,2,2,3,10,11,7,1,1,1,0,0,0,0,0,1,0,0,0,0,0,0,0,0,0,0,0.53,1.5,0.83,0,0,2.16,0.53,0,0,0,0,0.47,1,1.58,1.55,4.5,3.67,0.49,0.45,0.45,0,0,0,0,0,0.45,0,0,0,0,0,0,0,0,0
WS-POS-EASEL-TOWLH-2023 - B2B,WS-POS-EASEL-TOWLH-2023,B2B,0,0,0,0,0,0,0,0,0,0,0,0,0,0,0,0,0,0,0,0,1,0,0,0,0,0,0,0,0,0,0,0,0,0,0,0,0,0,0,0,0,0,0,0,0,0,0,0,0,0,0,0,0,0,0,0,0.57,0,0,0,0,0,0,0,0,0,0,0,0,0,0,0