summary_key,subcategory,country,channel,year,month,year_month,units,revenue,is_excluded
Bag - Beach|AU|DTC|2024_10,Bag - Beach,AU,DTC,2024,10,2024_10,4,150.9,FALSE
Bag - Beach|AU|DTC|2024_11,Bag - Beach,AU,DTC,2024,11,2024_11,19,697.39,FALSE
Bag - Beach|AU|DTC|2024_12,Bag - Beach,AU,DTC,2024,12,2024_12,32,1318.54,FALSE
Bag - Beach|AU|DTC|2025_01,Bag - Beach,AU,DTC,2025,1,2025_01,8,319.23,FALSE
Bag - Beach|AU|DTC|2025_02,Bag - Beach,AU,DTC,2025,2,2025_02,3,82.23,FALSE
Bag - Beach|AU|DTC|2025_03,Bag - Beach,AU,DTC,2025,3,2025_03,7,283.71,FALSE
Bag - Beach|AU|DTC|2025_04,Bag - Beach,AU,DTC,2025,4,2025_04,7,290.19,FALSE
Bag - Beach|AU|DTC|2025_05,Bag - Beach,AU,DTC,2025,5,2025_05,9,321.71,FALSE
Bag - Beach|AU|DTC|2025_06,Bag - Beach,AU,DTC,2025,6,2025_06,9,229.67,FALSE
Bag - Beach|AU|DTC|2025_07,Bag - Beach,AU,DTC,2025,7,2025_07,17,600.4,FALSE
Bag - Beach|AU|DTC|2025_08,Bag - Beach,AU,DTC,2025,8,2025_08,22,812.59,FALSE
Bag - Beach|AU|DTC|2025_09,Bag - Beach,AU,DTC,2025,9,2025_09,14,522.24,FALSE
Bag - Beach|AU|DTC|2025_10,Bag - Beach,AU,DTC,2025,10,2025_10,28,1103.64,FALSE
Bag - Beach|AU|DTC|2025_11,Bag - Beach,AU,DTC,2025,11,2025_11,83,2351.99,FALSE
Bag - Beach|AU|DTC|2025_12,Bag - Beach,AU,DTC,2025,12,2025_12,150,4987.3,FALSE
Bag - Beach|AU|DTC|2026_01,Bag - Beach,AU,DTC,2026,1,2026_01,21,806.62,FALSE
Bag - Beach|AU|DTC|2026_02,Bag - Beach,AU,DTC,2026,2,2026_02,11,340.35,FALSE
Bag - Beach|AU|DTC|2026_03,Bag - Beach,AU,DTC,2026,3,2026_03,17,615.13,FALSE
Bag - Beach|AU|DTC|2026_04,Bag - Beach,AU,DTC,2026,4,2026_04,2,66.66,FALSE
Bag - Beach|AU|DTC|2026_05,Bag - Beach,AU,DTC,2026,5,2026_05,7,265.19,FALSE
Bag - Beach|AU|DTC|2026_06,Bag - Beach,AU,DTC,2026,6,2026_06,4,119.8,FALSE
Bag - Beach|AU|FBA|2025_12,Bag - Beach,AU,FBA,2025,12,2025_12,2,94.72,FALSE
Bag - Beach|CA|FBA|2025_03,Bag - Beach,CA,FBA,2025,3,2025_03,1,28.55,FALSE
Bag - Beach|EU|B2B|2024_08,Bag - Beach,EU,B2B,2024,8,2024_08,8,78.09,FALSE
Bag - Beach|EU|B2B|2024_09,Bag - Beach,EU,B2B,2024,9,2024_09,2,0,FALSE
Bag - Beach|EU|B2B|2024_10,Bag - Beach,EU,B2B,2024,10,2024_10,1,0,FALSE
Bag - Beach|EU|B2B|2024_12,Bag - Beach,EU,B2B,2024,12,2024_12,33,447.95,FALSE
Bag - Beach|EU|B2B|2025_04,Bag - Beach,EU,B2B,2025,4,2025_04,6,112.72,FALSE
Bag - Beach|EU|B2B|2025_05,Bag - Beach,EU,B2B,2025,5,2025_05,4,71.15,FALSE
Bag - Beach|EU|B2B|2025_06,Bag - Beach,EU,B2B,2025,6,2025_06,21,329.14,FALSE
Bag - Beach|EU|B2B|2025_07,Bag - Beach,EU,B2B,2025,7,2025_07,20,346.68,FALSE
Bag - Beach|EU|B2B|2025_08,Bag - Beach,EU,B2B,2025,8,2025_08,21,294.03,FALSE
Bag - Beach|EU|B2B|2025_09,Bag - Beach,EU,B2B,2025,9,2025_09,18,268.69,FALSE
Bag - Beach|EU|B2B|2025_12,Bag - Beach,EU,B2B,2025,12,2025_12,1,0,FALSE
Bag - Beach|EU|B2B|2026_01,Bag - Beach,EU,B2B,2026,1,2026_01,500,9221.85,FALSE
Bag - Beach|EU|B2B|2026_02,Bag - Beach,EU,B2B,2026,2,2026_02,0,478.14,FALSE
Bag - Beach|EU|B2B|2026_03,Bag - Beach,EU,B2B,2026,3,2026_03,4,79.56,FALSE
Bag - Beach|EU|B2B|2026_05,Bag - Beach,EU,B2B,2026,5,2026_05,6,117.8,FALSE
Bag - Beach|EU|B2B|2026_06,Bag - Beach,EU,B2B,2026,6,2026_06,10,118.86,FALSE
Bag - Beach|EU|DTC|2024_06,Bag - Beach,EU,DTC,2024,6,2024_06,3,97.66,FALSE
Bag - Beach|EU|DTC|2024_07,Bag - Beach,EU,DTC,2024,7,2024_07,12,318.91,FALSE
Bag - Beach|EU|DTC|2024_08,Bag - Beach,EU,DTC,2024,8,2024_08,5,184.45,FALSE
Bag - Beach|EU|DTC|2024_09,Bag - Beach,EU,DTC,2024,9,2024_09,2,73.39,FALSE
Bag - Beach|EU|DTC|2024_10,Bag - Beach,EU,DTC,2024,10,2024_10,1,34.64,FALSE
Bag - Beach|EU|DTC|2024_12,Bag - Beach,EU,DTC,2024,12,2024_12,7,228.33,FALSE
Bag - Beach|EU|DTC|2025_01,Bag - Beach,EU,DTC,2025,1,2025_01,11,372.33,FALSE
Bag - Beach|EU|DTC|2025_04,Bag - Beach,EU,DTC,2025,4,2025_04,2,79.04,FALSE
Bag - Beach|EU|DTC|2025_05,Bag - Beach,EU,DTC,2025,5,2025_05,23,788.51,FALSE
Bag - Beach|EU|DTC|2025_06,Bag - Beach,EU,DTC,2025,6,2025_06,44,1478.79,FALSE
Bag - Beach|EU|DTC|2025_07,Bag - Beach,EU,DTC,2025,7,2025_07,32,993.99,FALSE
Bag - Beach|EU|DTC|2025_08,Bag - Beach,EU,DTC,2025,8,2025_08,21,672.42,FALSE
Bag - Beach|EU|DTC|2025_09,Bag - Beach,EU,DTC,2025,9,2025_09,10,324.01,FALSE
Bag - Beach|EU|DTC|2025_11,Bag - Beach,EU,DTC,2025,11,2025_11,20,546.49,FALSE
Bag - Beach|EU|DTC|2025_12,Bag - Beach,EU,DTC,2025,12,2025_12,20,533.54,FALSE
Bag - Beach|EU|DTC|2026_01,Bag - Beach,EU,DTC,2026,1,2026_01,20,586.22,FALSE
Bag - Beach|EU|DTC|2026_02,Bag - Beach,EU,DTC,2026,2,2026_02,11,363.81,FALSE
Bag - Beach|EU|DTC|2026_03,Bag - Beach,EU,DTC,2026,3,2026_03,34,1028.96,FALSE
Bag - Beach|EU|DTC|2026_04,Bag - Beach,EU,DTC,2026,4,2026_04,29,971.02,FALSE
Bag - Beach|EU|DTC|2026_05,Bag - Beach,EU,DTC,2026,5,2026_05,28,923.75,FALSE
Bag - Beach|EU|DTC|2026_06,Bag - Beach,EU,DTC,2026,6,2026_06,11,404.4,FALSE
Bag - Beach|EU|FBA|2024_11,Bag - Beach,EU,FBA,2024,11,2024_11,1,47.71,FALSE
Bag - Beach|EU|FBA|2025_06,Bag - Beach,EU,FBA,2025,6,2025_06,1,56.46,FALSE
Bag - Beach|EU|FBA|2025_07,Bag - Beach,EU,FBA,2025,7,2025_07,2,85.88,FALSE
Bag - Beach|EU|FBA|2025_08,Bag - Beach,EU,FBA,2025,8,2025_08,2,85.74,FALSE
Bag - Beach|UK|B2B|2024_04,Bag - Beach,UK,B2B,2024,4,2024_04,7,120,FALSE
Bag - Beach|UK|B2B|2024_05,Bag - Beach,UK,B2B,2024,5,2024_05,7,140,FALSE
Bag - Beach|UK|B2B|2024_06,Bag - Beach,UK,B2B,2024,6,2024_06,11,223.9,FALSE
Bag - Beach|UK|B2B|2024_07,Bag - Beach,UK,B2B,2024,7,2024_07,7,100,FALSE
Bag - Beach|UK|B2B|2024_12,Bag - Beach,UK,B2B,2024,12,2024_12,14,280,FALSE
Bag - Beach|UK|B2B|2025_01,Bag - Beach,UK,B2B,2025,1,2025_01,8,126.54,FALSE
Bag - Beach|UK|B2B|2025_03,Bag - Beach,UK,B2B,2025,3,2025_03,9,177.65,FALSE
Bag - Beach|UK|B2B|2025_04,Bag - Beach,UK,B2B,2025,4,2025_04,41,1319.04,FALSE
Bag - Beach|UK|B2B|2025_05,Bag - Beach,UK,B2B,2025,5,2025_05,55,1084.29,FALSE
Bag - Beach|UK|B2B|2025_06,Bag - Beach,UK,B2B,2025,6,2025_06,65,1313.1,FALSE
Bag - Beach|UK|B2B|2025_07,Bag - Beach,UK,B2B,2025,7,2025_07,3,65.63,FALSE
Bag - Beach|UK|B2B|2026_01,Bag - Beach,UK,B2B,2026,1,2026_01,8,149.15,FALSE
Bag - Beach|UK|B2B|2026_02,Bag - Beach,UK,B2B,2026,2,2026_02,1,1040.61,FALSE
Bag - Beach|UK|B2B|2026_03,Bag - Beach,UK,B2B,2026,3,2026_03,10,191.32,FALSE
Bag - Beach|UK|B2B|2026_06,Bag - Beach,UK,B2B,2026,6,2026_06,502,10435.83,FALSE
Bag - Beach|UK|DTC|2024_04,Bag - Beach,UK,DTC,2024,4,2024_04,21,762.66,FALSE
Bag - Beach|UK|DTC|2024_05,Bag - Beach,UK,DTC,2024,5,2024_05,132,4649.41,FALSE
Bag - Beach|UK|DTC|2024_06,Bag - Beach,UK,DTC,2024,6,2024_06,138,4956.91,FALSE
Bag - Beach|UK|DTC|2024_07,Bag - Beach,UK,DTC,2024,7,2024_07,153,5597.33,FALSE
Bag - Beach|UK|DTC|2024_08,Bag - Beach,UK,DTC,2024,8,2024_08,150,5137.65,FALSE
Bag - Beach|UK|DTC|2024_09,Bag - Beach,UK,DTC,2024,9,2024_09,55,1940.98,FALSE
Bag - Beach|UK|DTC|2024_10,Bag - Beach,UK,DTC,2024,10,2024_10,23,819.42,FALSE
Bag - Beach|UK|DTC|2024_11,Bag - Beach,UK,DTC,2024,11,2024_11,77,2609.35,FALSE
Bag - Beach|UK|DTC|2024_12,Bag - Beach,UK,DTC,2024,12,2024_12,81,2894.18,FALSE
Bag - Beach|UK|DTC|2025_01,Bag - Beach,UK,DTC,2025,1,2025_01,51,1885.67,FALSE
Bag - Beach|UK|DTC|2025_02,Bag - Beach,UK,DTC,2025,2,2025_02,29,1149.74,FALSE
Bag - Beach|UK|DTC|2025_03,Bag - Beach,UK,DTC,2025,3,2025_03,134,5062.22,FALSE
Bag - Beach|UK|DTC|2025_04,Bag - Beach,UK,DTC,2025,4,2025_04,270,10319.43,FALSE
Bag - Beach|UK|DTC|2025_05,Bag - Beach,UK,DTC,2025,5,2025_05,409,14839.78,FALSE
Bag - Beach|UK|DTC|2025_06,Bag - Beach,UK,DTC,2025,6,2025_06,273,10030.34,FALSE
Bag - Beach|UK|DTC|2025_07,Bag - Beach,UK,DTC,2025,7,2025_07,160,5527.98,FALSE
Bag - Beach|UK|DTC|2025_08,Bag - Beach,UK,DTC,2025,8,2025_08,1,43.33,FALSE
Bag - Beach|UK|DTC|2025_09,Bag - Beach,UK,DTC,2025,9,2025_09,87,2898.92,FALSE
Bag - Beach|UK|DTC|2025_10,Bag - Beach,UK,DTC,2025,10,2025_10,101,3371.63,FALSE
Bag - Beach|UK|DTC|2025_11,Bag - Beach,UK,DTC,2025,11,2025_11,455,11591.82,FALSE
Bag - Beach|UK|DTC|2025_12,Bag - Beach,UK,DTC,2025,12,2025_12,126,3949.68,FALSE
Bag - Beach|UK|DTC|2026_01,Bag - Beach,UK,DTC,2026,1,2026_01,32,1163.43,FALSE
Bag - Beach|UK|DTC|2026_02,Bag - Beach,UK,DTC,2026,2,2026_02,47,1809.47,FALSE
Bag - Beach|UK|DTC|2026_03,Bag - Beach,UK,DTC,2026,3,2026_03,117,4245.17,FALSE
Bag - Beach|UK|DTC|2026_04,Bag - Beach,UK,DTC,2026,4,2026_04,111,4361.81,FALSE
Bag - Beach|UK|DTC|2026_05,Bag - Beach,UK,DTC,2026,5,2026_05,200,7387.3,FALSE
Bag - Beach|UK|DTC|2026_06,Bag - Beach,UK,DTC,2026,6,2026_06,157,5900.44,FALSE
Bag - Beach|UK|FBA|2024_05,Bag - Beach,UK,FBA,2024,5,2024_05,1,40.83,FALSE
Bag - Beach|UK|FBA|2024_06,Bag - Beach,UK,FBA,2024,6,2024_06,8,310.32,FALSE
Bag - Beach|UK|FBA|2024_07,Bag - Beach,UK,FBA,2024,7,2024_07,13,418.64,FALSE
Bag - Beach|UK|FBA|2024_08,Bag - Beach,UK,FBA,2024,8,2024_08,4,176.79,FALSE
Bag - Beach|UK|FBA|2024_09,Bag - Beach,UK,FBA,2024,9,2024_09,1,43.48,FALSE
Bag - Beach|UK|FBA|2024_11,Bag - Beach,UK,FBA,2024,11,2024_11,5,206.05,FALSE
Bag - Beach|UK|FBA|2025_01,Bag - Beach,UK,FBA,2025,1,2025_01,2,85.9,FALSE
Bag - Beach|UK|FBA|2025_02,Bag - Beach,UK,FBA,2025,2,2025_02,1,43.43,FALSE
Bag - Beach|UK|FBA|2025_03,Bag - Beach,UK,FBA,2025,3,2025_03,7,285.81,FALSE
Bag - Beach|UK|FBA|2025_04,Bag - Beach,UK,FBA,2025,4,2025_04,5,200.06,FALSE
Bag - Beach|UK|FBA|2025_05,Bag - Beach,UK,FBA,2025,5,2025_05,9,363.59,FALSE
Bag - Beach|UK|FBA|2025_06,Bag - Beach,UK,FBA,2025,6,2025_06,16,610.92,FALSE
Bag - Beach|UK|FBA|2025_07,Bag - Beach,UK,FBA,2025,7,2025_07,6,251.98,FALSE
Bag - Beach|UK|FBA|2025_09,Bag - Beach,UK,FBA,2025,9,2025_09,1,44.25,FALSE
Bag - Beach|UK|FBA|2025_10,Bag - Beach,UK,FBA,2025,10,2025_10,17,570.85,FALSE
Bag - Beach|UK|FBA|2025_11,Bag - Beach,UK,FBA,2025,11,2025_11,14,476.6,FALSE
Bag - Beach|UK|FBA|2025_12,Bag - Beach,UK,FBA,2025,12,2025_12,28,990.67,FALSE
Bag - Beach|UK|FBA|2026_01,Bag - Beach,UK,FBA,2026,1,2026_01,33,1142.96,FALSE
Bag - Beach|UK|FBA|2026_02,Bag - Beach,UK,FBA,2026,2,2026_02,14,532.58,FALSE
Bag - Beach|UK|FBA|2026_03,Bag - Beach,UK,FBA,2026,3,2026_03,12,495.08,FALSE
Bag - Beach|UK|FBA|2026_04,Bag - Beach,UK,FBA,2026,4,2026_04,21,833.9,FALSE
Bag - Beach|UK|FBA|2026_05,Bag - Beach,UK,FBA,2026,5,2026_05,44,1757.35,FALSE
Bag - Beach|UK|FBA|2026_06,Bag - Beach,UK,FBA,2026,6,2026_06,24,969.14,FALSE
Bag - Beach|US|B2B|2024_04,Bag - Beach,US,B2B,2024,4,2024_04,12,85.28,FALSE
Bag - Beach|US|B2B|2024_05,Bag - Beach,US,B2B,2024,5,2024_05,22,431.66,FALSE
Bag - Beach|US|B2B|2024_06,Bag - Beach,US,B2B,2024,6,2024_06,8,153.8,FALSE
Bag - Beach|US|B2B|2024_07,Bag - Beach,US,B2B,2024,7,2024_07,7,145.89,FALSE
Bag - Beach|US|B2B|2024_08,Bag - Beach,US,B2B,2024,8,2024_08,8,168.77,FALSE
Bag - Beach|US|B2B|2024_10,Bag - Beach,US,B2B,2024,10,2024_10,2,41.91,FALSE
Bag - Beach|US|B2B|2024_11,Bag - Beach,US,B2B,2024,11,2024_11,1,0,FALSE
Bag - Beach|US|B2B|2024_12,Bag - Beach,US,B2B,2024,12,2024_12,20,232.81,FALSE
Bag - Beach|US|B2B|2025_01,Bag - Beach,US,B2B,2025,1,2025_01,32,658.38,FALSE
Bag - Beach|US|B2B|2025_02,Bag - Beach,US,B2B,2025,2,2025_02,46,861.14,FALSE
Bag - Beach|US|B2B|2025_03,Bag - Beach,US,B2B,2025,3,2025_03,49,952.91,FALSE
Bag - Beach|US|B2B|2025_04,Bag - Beach,US,B2B,2025,4,2025_04,67,1127.23,FALSE
Bag - Beach|US|B2B|2025_05,Bag - Beach,US,B2B,2025,5,2025_05,62,1180.95,FALSE
Bag - Beach|US|B2B|2025_06,Bag - Beach,US,B2B,2025,6,2025_06,12,244.02,FALSE
Bag - Beach|US|B2B|2025_07,Bag - Beach,US,B2B,2025,7,2025_07,14,279.48,FALSE
Bag - Beach|US|B2B|2025_09,Bag - Beach,US,B2B,2025,9,2025_09,17,358.46,FALSE
Bag - Beach|US|B2B|2025_10,Bag - Beach,US,B2B,2025,10,2025_10,10,204.72,FALSE
Bag - Beach|US|B2B|2025_11,Bag - Beach,US,B2B,2025,11,2025_11,1,0,FALSE
Bag - Beach|US|B2B|2025_12,Bag - Beach,US,B2B,2025,12,2025_12,57,1021.39,FALSE
Bag - Beach|US|B2B|2026_01,Bag - Beach,US,B2B,2026,1,2026_01,8,163.72,FALSE
Bag - Beach|US|B2B|2026_02,Bag - Beach,US,B2B,2026,2,2026_02,21,407.56,FALSE
Bag - Beach|US|B2B|2026_03,Bag - Beach,US,B2B,2026,3,2026_03,118,2385,FALSE
Bag - Beach|US|B2B|2026_04,Bag - Beach,US,B2B,2026,4,2026_04,83,1206.84,FALSE
Bag - Beach|US|B2B|2026_05,Bag - Beach,US,B2B,2026,5,2026_05,20,402.99,FALSE
Bag - Beach|US|B2B|2026_06,Bag - Beach,US,B2B,2026,6,2026_06,36,726.52,FALSE
Bag - Beach|US|DTC|2024_04,Bag - Beach,US,DTC,2024,4,2024_04,6,240.73,FALSE
Bag - Beach|US|DTC|2024_05,Bag - Beach,US,DTC,2024,5,2024_05,12,433.29,FALSE
Bag - Beach|US|DTC|2024_06,Bag - Beach,US,DTC,2024,6,2024_06,12,405.85,FALSE
Bag - Beach|US|DTC|2024_07,Bag - Beach,US,DTC,2024,7,2024_07,14,473.45,FALSE
Bag - Beach|US|DTC|2024_08,Bag - Beach,US,DTC,2024,8,2024_08,4,146.2,FALSE
Bag - Beach|US|DTC|2024_09,Bag - Beach,US,DTC,2024,9,2024_09,4,134.87,FALSE
Bag - Beach|US|DTC|2024_11,Bag - Beach,US,DTC,2024,11,2024_11,4,109.51,FALSE
Bag - Beach|US|DTC|2024_12,Bag - Beach,US,DTC,2024,12,2024_12,13,391.94,FALSE
Bag - Beach|US|DTC|2025_01,Bag - Beach,US,DTC,2025,1,2025_01,5,183.61,FALSE
Bag - Beach|US|DTC|2025_02,Bag - Beach,US,DTC,2025,2,2025_02,8,215.84,FALSE
Bag - Beach|US|DTC|2025_03,Bag - Beach,US,DTC,2025,3,2025_03,16,631.11,FALSE
Bag - Beach|US|DTC|2025_04,Bag - Beach,US,DTC,2025,4,2025_04,41,1515.34,FALSE
Bag - Beach|US|DTC|2025_05,Bag - Beach,US,DTC,2025,5,2025_05,82,3047.97,FALSE
Bag - Beach|US|DTC|2025_06,Bag - Beach,US,DTC,2025,6,2025_06,21,810.22,FALSE
Bag - Beach|US|DTC|2025_07,Bag - Beach,US,DTC,2025,7,2025_07,26,981.87,FALSE
Bag - Beach|US|DTC|2025_08,Bag - Beach,US,DTC,2025,8,2025_08,11,436.99,FALSE
Bag - Beach|US|DTC|2025_09,Bag - Beach,US,DTC,2025,9,2025_09,9,262.74,FALSE
Bag - Beach|US|DTC|2025_10,Bag - Beach,US,DTC,2025,10,2025_10,7,268.69,FALSE
Bag - Beach|US|DTC|2025_11,Bag - Beach,US,DTC,2025,11,2025_11,31,932.98,FALSE
Bag - Beach|US|DTC|2025_12,Bag - Beach,US,DTC,2025,12,2025_12,94,3104.77,FALSE
Bag - Beach|US|DTC|2026_01,Bag - Beach,US,DTC,2026,1,2026_01,20,601.27,FALSE
Bag - Beach|US|DTC|2026_02,Bag - Beach,US,DTC,2026,2,2026_02,23,944.54,FALSE
Bag - Beach|US|DTC|2026_03,Bag - Beach,US,DTC,2026,3,2026_03,15,636.3,FALSE
Bag - Beach|US|DTC|2026_04,Bag - Beach,US,DTC,2026,4,2026_04,9,325.28,FALSE
Bag - Beach|US|DTC|2026_05,Bag - Beach,US,DTC,2026,5,2026_05,21,837.72,FALSE
Bag - Beach|US|DTC|2026_06,Bag - Beach,US,DTC,2026,6,2026_06,23,796.67,FALSE
Bag - Beach|US|FBA|2025_03,Bag - Beach,US,FBA,2025,3,2025_03,4,136.44,FALSE
Bag - Beach|US|FBA|2025_04,Bag - Beach,US,FBA,2025,4,2025_04,12,464.5,FALSE
Bag - Beach|US|FBA|2025_05,Bag - Beach,US,FBA,2025,5,2025_05,26,957.52,FALSE
Bag - Beach|US|FBA|2025_06,Bag - Beach,US,FBA,2025,6,2025_06,10,341.45,FALSE
Bag - Beach|US|FBA|2025_07,Bag - Beach,US,FBA,2025,7,2025_07,11,383.1,FALSE
Bag - Beach|US|FBA|2025_08,Bag - Beach,US,FBA,2025,8,2025_08,7,209.88,FALSE
Bag - Beach|US|FBA|2025_09,Bag - Beach,US,FBA,2025,9,2025_09,1,30.79,FALSE
Bag - Beach|US|FBA|2025_10,Bag - Beach,US,FBA,2025,10,2025_10,1,36.78,FALSE
Bag - Beach|US|FBA|2025_11,Bag - Beach,US,FBA,2025,11,2025_11,1,37.23,FALSE
Bag - Beach|US|FBA|2025_12,Bag - Beach,US,FBA,2025,12,2025_12,11,403.06,FALSE
Bag - Beach|US|FBA|2026_01,Bag - Beach,US,FBA,2026,1,2026_01,9,311.98,FALSE
Bag - Beach|US|FBA|2026_02,Bag - Beach,US,FBA,2026,2,2026_02,15,540.2,FALSE
Bag - Beach|US|FBA|2026_03,Bag - Beach,US,FBA,2026,3,2026_03,23,841.39,FALSE
Bag - Beach|US|FBA|2026_04,Bag - Beach,US,FBA,2026,4,2026_04,15,529.86,FALSE
Bag - Beach|US|FBA|2026_05,Bag - Beach,US,FBA,2026,5,2026_05,11,376.5,FALSE
Bag - Beach|US|FBA|2026_06,Bag - Beach,US,FBA,2026,6,2026_06,5,190.83,FALSE
Bag - Cooling|AU|DTC|2025_04,Bag - Cooling,AU,DTC,2025,4,2025_04,1,53.93,FALSE
Bag - Cooling|AU|DTC|2025_06,Bag - Cooling,AU,DTC,2025,6,2025_06,2,41.62,FALSE
Bag - Cooling|AU|DTC|2025_07,Bag - Cooling,AU,DTC,2025,7,2025_07,2,33.65,FALSE
Bag - Cooling|AU|DTC|2025_08,Bag - Cooling,AU,DTC,2025,8,2025_08,4,172.15,FALSE
Bag - Cooling|AU|DTC|2025_09,Bag - Cooling,AU,DTC,2025,9,2025_09,3,132.52,FALSE
Bag - Cooling|AU|DTC|2025_10,Bag - Cooling,AU,DTC,2025,10,2025_10,5,211.57,FALSE
Bag - Cooling|AU|DTC|2025_11,Bag - Cooling,AU,DTC,2025,11,2025_11,9,239.21,FALSE
Bag - Cooling|AU|DTC|2025_12,Bag - Cooling,AU,DTC,2025,12,2025_12,23,805.11,FALSE
Bag - Cooling|AU|DTC|2026_01,Bag - Cooling,AU,DTC,2026,1,2026_01,2,77.46,FALSE
Bag - Cooling|AU|DTC|2026_02,Bag - Cooling,AU,DTC,2026,2,2026_02,1,44.37,FALSE
Bag - Cooling|AU|DTC|2026_04,Bag - Cooling,AU,DTC,2026,4,2026_04,1,53.11,FALSE
Bag - Cooling|AU|DTC|2026_05,Bag - Cooling,AU,DTC,2026,5,2026_05,1,45.03,FALSE
Bag - Cooling|AU|DTC|2026_06,Bag - Cooling,AU,DTC,2026,6,2026_06,1,0,FALSE
Bag - Cooling|EU|B2B|2025_04,Bag - Cooling,EU,B2B,2025,4,2025_04,4,90.87,FALSE
Bag - Cooling|EU|B2B|2025_05,Bag - Cooling,EU,B2B,2025,5,2025_05,11,237.77,FALSE
Bag - Cooling|EU|B2B|2025_06,Bag - Cooling,EU,B2B,2025,6,2025_06,33,707.52,FALSE
Bag - Cooling|EU|B2B|2025_07,Bag - Cooling,EU,B2B,2025,7,2025_07,8,122.23,FALSE
Bag - Cooling|EU|B2B|2025_08,Bag - Cooling,EU,B2B,2025,8,2025_08,25,485.21,FALSE
Bag - Cooling|EU|B2B|2025_09,Bag - Cooling,EU,B2B,2025,9,2025_09,4,104.28,FALSE
Bag - Cooling|EU|B2B|2025_11,Bag - Cooling,EU,B2B,2025,11,2025_11,2,47.78,FALSE
Bag - Cooling|EU|B2B|2025_12,Bag - Cooling,EU,B2B,2025,12,2025_12,1,0,FALSE
Bag - Cooling|EU|B2B|2026_02,Bag - Cooling,EU,B2B,2026,2,2026_02,12,1168.53,FALSE
Bag - Cooling|EU|B2B|2026_03,Bag - Cooling,EU,B2B,2026,3,2026_03,16,373.52,FALSE
Bag - Cooling|EU|B2B|2026_04,Bag - Cooling,EU,B2B,2026,4,2026_04,9,221.47,FALSE
Bag - Cooling|EU|B2B|2026_05,Bag - Cooling,EU,B2B,2026,5,2026_05,6,147.31,FALSE
Bag - Cooling|EU|B2B|2026_06,Bag - Cooling,EU,B2B,2026,6,2026_06,6,146.61,FALSE
Bag - Cooling|EU|DTC|2025_05,Bag - Cooling,EU,DTC,2025,5,2025_05,5,216.49,FALSE
Bag - Cooling|EU|DTC|2025_06,Bag - Cooling,EU,DTC,2025,6,2025_06,12,463.06,FALSE
Bag - Cooling|EU|DTC|2025_07,Bag - Cooling,EU,DTC,2025,7,2025_07,7,268.31,FALSE
Bag - Cooling|EU|DTC|2025_08,Bag - Cooling,EU,DTC,2025,8,2025_08,2,79.14,FALSE
Bag - Cooling|EU|DTC|2025_09,Bag - Cooling,EU,DTC,2025,9,2025_09,4,107.89,FALSE
Bag - Cooling|EU|DTC|2025_10,Bag - Cooling,EU,DTC,2025,10,2025_10,1,34.73,FALSE
Bag - Cooling|EU|DTC|2025_11,Bag - Cooling,EU,DTC,2025,11,2025_11,7,230.37,FALSE
Bag - Cooling|EU|DTC|2025_12,Bag - Cooling,EU,DTC,2025,12,2025_12,3,113.52,FALSE
Bag - Cooling|EU|DTC|2026_01,Bag - Cooling,EU,DTC,2026,1,2026_01,1,34.01,FALSE
Bag - Cooling|EU|DTC|2026_02,Bag - Cooling,EU,DTC,2026,2,2026_02,1,41.11,FALSE
Bag - Cooling|EU|DTC|2026_03,Bag - Cooling,EU,DTC,2026,3,2026_03,4,148.84,FALSE
Bag - Cooling|EU|DTC|2026_04,Bag - Cooling,EU,DTC,2026,4,2026_04,4,188.53,FALSE
Bag - Cooling|EU|DTC|2026_05,Bag - Cooling,EU,DTC,2026,5,2026_05,5,216.58,FALSE
Bag - Cooling|EU|DTC|2026_06,Bag - Cooling,EU,DTC,2026,6,2026_06,10,431.44,FALSE
Bag - Cooling|UK|B2B|2025_04,Bag - Cooling,UK,B2B,2025,4,2025_04,10,214,FALSE
Bag - Cooling|UK|B2B|2025_05,Bag - Cooling,UK,B2B,2025,5,2025_05,18,428.39,FALSE
Bag - Cooling|UK|B2B|2025_06,Bag - Cooling,UK,B2B,2025,6,2025_06,1,22.91,FALSE
Bag - Cooling|UK|B2B|2025_08,Bag - Cooling,UK,B2B,2025,8,2025_08,20,458.2,FALSE
Bag - Cooling|UK|B2B|2026_01,Bag - Cooling,UK,B2B,2026,1,2026_01,8,188.44,FALSE
Bag - Cooling|UK|B2B|2026_02,Bag - Cooling,UK,B2B,2026,2,2026_02,2,2021.85,FALSE
Bag - Cooling|UK|B2B|2026_03,Bag - Cooling,UK,B2B,2026,3,2026_03,46,1102.5,FALSE
Bag - Cooling|UK|B2B|2026_04,Bag - Cooling,UK,B2B,2026,4,2026_04,18,437.5,FALSE
Bag - Cooling|UK|B2B|2026_05,Bag - Cooling,UK,B2B,2026,5,2026_05,32,594.46,FALSE
Bag - Cooling|UK|B2B|2026_06,Bag - Cooling,UK,B2B,2026,6,2026_06,92,2300,FALSE
Bag - Cooling|UK|DTC|2025_03,Bag - Cooling,UK,DTC,2025,3,2025_03,11,463.54,FALSE
Bag - Cooling|UK|DTC|2025_04,Bag - Cooling,UK,DTC,2025,4,2025_04,90,3776.55,FALSE
Bag - Cooling|UK|DTC|2025_05,Bag - Cooling,UK,DTC,2025,5,2025_05,108,4176.92,FALSE
Bag - Cooling|UK|DTC|2025_06,Bag - Cooling,UK,DTC,2025,6,2025_06,71,2709.65,FALSE
Bag - Cooling|UK|DTC|2025_07,Bag - Cooling,UK,DTC,2025,7,2025_07,115,4671.99,FALSE
Bag - Cooling|UK|DTC|2025_08,Bag - Cooling,UK,DTC,2025,8,2025_08,60,2135.11,FALSE
Bag - Cooling|UK|DTC|2025_09,Bag - Cooling,UK,DTC,2025,9,2025_09,15,563.21,FALSE
Bag - Cooling|UK|DTC|2025_10,Bag - Cooling,UK,DTC,2025,10,2025_10,7,295,FALSE
Bag - Cooling|UK|DTC|2025_11,Bag - Cooling,UK,DTC,2025,11,2025_11,22,872.65,FALSE
Bag - Cooling|UK|DTC|2025_12,Bag - Cooling,UK,DTC,2025,12,2025_12,22,814.65,FALSE
Bag - Cooling|UK|DTC|2026_01,Bag - Cooling,UK,DTC,2026,1,2026_01,7,302.5,FALSE
Bag - Cooling|UK|DTC|2026_02,Bag - Cooling,UK,DTC,2026,2,2026_02,4,177.5,FALSE
Bag - Cooling|UK|DTC|2026_03,Bag - Cooling,UK,DTC,2026,3,2026_03,33,1172.89,FALSE
Bag - Cooling|UK|DTC|2026_04,Bag - Cooling,UK,DTC,2026,4,2026_04,108,4799.83,FALSE
Bag - Cooling|UK|DTC|2026_05,Bag - Cooling,UK,DTC,2026,5,2026_05,198,8279.55,FALSE
Bag - Cooling|UK|DTC|2026_06,Bag - Cooling,UK,DTC,2026,6,2026_06,190,8354.64,FALSE
Bag - Cooling|UK|FBA|2025_07,Bag - Cooling,UK,FBA,2025,7,2025_07,3,136.23,FALSE
Bag - Cooling|UK|FBA|2025_08,Bag - Cooling,UK,FBA,2025,8,2025_08,3,137.49,FALSE
Bag - Cooling|UK|FBA|2025_09,Bag - Cooling,UK,FBA,2025,9,2025_09,1,49.99,FALSE
Bag - Cooling|UK|FBA|2025_11,Bag - Cooling,UK,FBA,2025,11,2025_11,1,49.99,FALSE
Bag - Cooling|UK|FBA|2025_12,Bag - Cooling,UK,FBA,2025,12,2025_12,2,99.98,FALSE
Bag - Cooling|UK|FBA|2026_02,Bag - Cooling,UK,FBA,2026,2,2026_02,2,99.98,FALSE
Bag - Cooling|UK|FBA|2026_04,Bag - Cooling,UK,FBA,2026,4,2026_04,4,174.96,FALSE
Bag - Cooling|UK|FBA|2026_05,Bag - Cooling,UK,FBA,2026,5,2026_05,3,134.97,FALSE
Bag - Cooling|UK|FBA|2026_06,Bag - Cooling,UK,FBA,2026,6,2026_06,6,279.2,FALSE
Bag - Cooling|US|B2B|2025_01,Bag - Cooling,US,B2B,2025,1,2025_01,12,326.08,FALSE
Bag - Cooling|US|B2B|2025_02,Bag - Cooling,US,B2B,2025,2,2025_02,14,330.85,FALSE
Bag - Cooling|US|B2B|2025_03,Bag - Cooling,US,B2B,2025,3,2025_03,13,340.54,FALSE
Bag - Cooling|US|B2B|2025_04,Bag - Cooling,US,B2B,2025,4,2025_04,24,487.76,FALSE
Bag - Cooling|US|B2B|2025_05,Bag - Cooling,US,B2B,2025,5,2025_05,26,604.71,FALSE
Bag - Cooling|US|B2B|2025_06,Bag - Cooling,US,B2B,2025,6,2025_06,18,470.54,FALSE
Bag - Cooling|US|B2B|2025_07,Bag - Cooling,US,B2B,2025,7,2025_07,8,216.51,FALSE
Bag - Cooling|US|B2B|2025_08,Bag - Cooling,US,B2B,2025,8,2025_08,8,195.23,FALSE
Bag - Cooling|US|B2B|2025_09,Bag - Cooling,US,B2B,2025,9,2025_09,14,332.77,FALSE
Bag - Cooling|US|B2B|2025_10,Bag - Cooling,US,B2B,2025,10,2025_10,8,143.26,FALSE
Bag - Cooling|US|B2B|2025_11,Bag - Cooling,US,B2B,2025,11,2025_11,1,0,FALSE
Bag - Cooling|US|B2B|2025_12,Bag - Cooling,US,B2B,2025,12,2025_12,1,4167,FALSE
Bag - Cooling|US|B2B|2026_01,Bag - Cooling,US,B2B,2026,1,2026_01,1,28,FALSE
Bag - Cooling|US|B2B|2026_02,Bag - Cooling,US,B2B,2026,2,2026_02,29,762.16,FALSE
Bag - Cooling|US|B2B|2026_03,Bag - Cooling,US,B2B,2026,3,2026_03,155,4193.97,FALSE
Bag - Cooling|US|B2B|2026_04,Bag - Cooling,US,B2B,2026,4,2026_04,51,894.72,FALSE
Bag - Cooling|US|B2B|2026_05,Bag - Cooling,US,B2B,2026,5,2026_05,60,1669.01,FALSE
Bag - Cooling|US|B2B|2026_06,Bag - Cooling,US,B2B,2026,6,2026_06,12,317.02,FALSE
Bag - Cooling|US|DTC|2025_03,Bag - Cooling,US,DTC,2025,3,2025_03,1,0,FALSE
Bag - Cooling|US|DTC|2025_04,Bag - Cooling,US,DTC,2025,4,2025_04,11,510.58,FALSE
Bag - Cooling|US|DTC|2025_05,Bag - Cooling,US,DTC,2025,5,2025_05,4,178.74,FALSE
Bag - Cooling|US|DTC|2025_06,Bag - Cooling,US,DTC,2025,6,2025_06,9,449.59,FALSE
Bag - Cooling|US|DTC|2025_07,Bag - Cooling,US,DTC,2025,7,2025_07,10,476.69,FALSE
Bag - Cooling|US|DTC|2025_08,Bag - Cooling,US,DTC,2025,8,2025_08,1,47.2,FALSE
Bag - Cooling|US|DTC|2025_09,Bag - Cooling,US,DTC,2025,9,2025_09,1,47.04,FALSE
Bag - Cooling|US|DTC|2025_10,Bag - Cooling,US,DTC,2025,10,2025_10,1,55.95,FALSE
Bag - Cooling|US|DTC|2025_11,Bag - Cooling,US,DTC,2025,11,2025_11,5,193.36,FALSE
Bag - Cooling|US|DTC|2025_12,Bag - Cooling,US,DTC,2025,12,2025_12,1,33.78,FALSE
Bag - Cooling|US|DTC|2026_01,Bag - Cooling,US,DTC,2026,1,2026_01,3,111.36,FALSE
Bag - Cooling|US|DTC|2026_02,Bag - Cooling,US,DTC,2026,2,2026_02,3,164.97,FALSE
Bag - Cooling|US|DTC|2026_03,Bag - Cooling,US,DTC,2026,3,2026_03,7,334.71,FALSE
Bag - Cooling|US|DTC|2026_04,Bag - Cooling,US,DTC,2026,4,2026_04,13,661.9,FALSE
Bag - Cooling|US|DTC|2026_05,Bag - Cooling,US,DTC,2026,5,2026_05,27,1386.75,FALSE
Bag - Cooling|US|DTC|2026_06,Bag - Cooling,US,DTC,2026,6,2026_06,16,850.61,FALSE
Bag - Cooling|US|FBA|2025_11,Bag - Cooling,US,FBA,2025,11,2025_11,1,49.2,FALSE
Bag - Cooling|US|FBA|2026_02,Bag - Cooling,US,FBA,2026,2,2026_02,1,47.63,FALSE
Bag - Cooling|US|FBA|2026_06,Bag - Cooling,US,FBA,2026,6,2026_06,1,56.13,FALSE
Bag - Dry MD|AU|DTC|2025_04,Bag - Dry MD,AU,DTC,2025,4,2025_04,3,96.35,FALSE
Bag - Dry MD|AU|DTC|2025_06,Bag - Dry MD,AU,DTC,2025,6,2025_06,5,124.55,FALSE
Bag - Dry MD|AU|DTC|2025_07,Bag - Dry MD,AU,DTC,2025,7,2025_07,2,72,FALSE
Bag - Dry MD|AU|DTC|2025_08,Bag - Dry MD,AU,DTC,2025,8,2025_08,1,35.33,FALSE
Bag - Dry MD|AU|DTC|2025_09,Bag - Dry MD,AU,DTC,2025,9,2025_09,2,70.11,FALSE
Bag - Dry MD|AU|DTC|2025_10,Bag - Dry MD,AU,DTC,2025,10,2025_10,2,60.27,FALSE
Bag - Dry MD|AU|DTC|2025_11,Bag - Dry MD,AU,DTC,2025,11,2025_11,11,278.14,FALSE
Bag - Dry MD|AU|DTC|2025_12,Bag - Dry MD,AU,DTC,2025,12,2025_12,19,535.11,FALSE
Bag - Dry MD|AU|DTC|2026_01,Bag - Dry MD,AU,DTC,2026,1,2026_01,1,31.48,FALSE
Bag - Dry MD|AU|DTC|2026_02,Bag - Dry MD,AU,DTC,2026,2,2026_02,2,74.51,FALSE
Bag - Dry MD|AU|DTC|2026_03,Bag - Dry MD,AU,DTC,2026,3,2026_03,2,74.05,FALSE
Bag - Dry MD|AU|DTC|2026_05,Bag - Dry MD,AU,DTC,2026,5,2026_05,2,64.94,FALSE
Bag - Dry MD|AU|DTC|2026_06,Bag - Dry MD,AU,DTC,2026,6,2026_06,1,0,FALSE
Bag - Dry MD|EU|B2B|2025_04,Bag - Dry MD,EU,B2B,2025,4,2025_04,2,32.68,FALSE
Bag - Dry MD|EU|B2B|2025_05,Bag - Dry MD,EU,B2B,2025,5,2025_05,6,101.87,FALSE
Bag - Dry MD|EU|B2B|2025_07,Bag - Dry MD,EU,B2B,2025,7,2025_07,6,106.81,FALSE
Bag - Dry MD|EU|B2B|2025_08,Bag - Dry MD,EU,B2B,2025,8,2025_08,26,389.03,FALSE
Bag - Dry MD|EU|B2B|2025_10,Bag - Dry MD,EU,B2B,2025,10,2025_10,2,35.43,FALSE
Bag - Dry MD|EU|B2B|2025_11,Bag - Dry MD,EU,B2B,2025,11,2025_11,2,34.42,FALSE
Bag - Dry MD|EU|B2B|2025_12,Bag - Dry MD,EU,B2B,2025,12,2025_12,1,0,FALSE
Bag - Dry MD|EU|B2B|2026_02,Bag - Dry MD,EU,B2B,2026,2,2026_02,17,334.08,FALSE
Bag - Dry MD|EU|B2B|2026_03,Bag - Dry MD,EU,B2B,2026,3,2026_03,46,804.29,FALSE
Bag - Dry MD|EU|B2B|2026_04,Bag - Dry MD,EU,B2B,2026,4,2026_04,27,476.84,FALSE
Bag - Dry MD|EU|B2B|2026_05,Bag - Dry MD,EU,B2B,2026,5,2026_05,40,669.55,FALSE
Bag - Dry MD|EU|B2B|2026_06,Bag - Dry MD,EU,B2B,2026,6,2026_06,19,234.79,FALSE
Bag - Dry MD|EU|DTC|2025_08,Bag - Dry MD,EU,DTC,2025,8,2025_08,1,34.73,FALSE
Bag - Dry MD|EU|DTC|2025_10,Bag - Dry MD,EU,DTC,2025,10,2025_10,1,30.49,FALSE
Bag - Dry MD|EU|DTC|2025_11,Bag - Dry MD,EU,DTC,2025,11,2025_11,6,136.98,FALSE
Bag - Dry MD|EU|DTC|2025_12,Bag - Dry MD,EU,DTC,2025,12,2025_12,5,144.98,FALSE
Bag - Dry MD|EU|DTC|2026_02,Bag - Dry MD,EU,DTC,2026,2,2026_02,1,41.25,FALSE
Bag - Dry MD|EU|DTC|2026_03,Bag - Dry MD,EU,DTC,2026,3,2026_03,3,86.57,FALSE
Bag - Dry MD|EU|DTC|2026_04,Bag - Dry MD,EU,DTC,2026,4,2026_04,7,222.61,FALSE
Bag - Dry MD|EU|DTC|2026_05,Bag - Dry MD,EU,DTC,2026,5,2026_05,6,202.09,FALSE
Bag - Dry MD|EU|DTC|2026_06,Bag - Dry MD,EU,DTC,2026,6,2026_06,15,501.38,FALSE
Bag - Dry MD|UK|B2B|2025_04,Bag - Dry MD,UK,B2B,2025,4,2025_04,23,378.17,FALSE
Bag - Dry MD|UK|B2B|2025_05,Bag - Dry MD,UK,B2B,2025,5,2025_05,40,671.47,FALSE
Bag - Dry MD|UK|B2B|2025_06,Bag - Dry MD,UK,B2B,2025,6,2025_06,9,149.94,FALSE
Bag - Dry MD|UK|B2B|2025_07,Bag - Dry MD,UK,B2B,2025,7,2025_07,13,218.19,FALSE
Bag - Dry MD|UK|B2B|2025_08,Bag - Dry MD,UK,B2B,2025,8,2025_08,12,199.92,FALSE
Bag - Dry MD|UK|B2B|2025_10,Bag - Dry MD,UK,B2B,2025,10,2025_10,1,0,FALSE
Bag - Dry MD|UK|B2B|2026_01,Bag - Dry MD,UK,B2B,2026,1,2026_01,4,71.25,FALSE
Bag - Dry MD|UK|B2B|2026_02,Bag - Dry MD,UK,B2B,2026,2,2026_02,58,1999.18,FALSE
Bag - Dry MD|UK|B2B|2026_03,Bag - Dry MD,UK,B2B,2026,3,2026_03,99,1705.34,FALSE
Bag - Dry MD|UK|B2B|2026_04,Bag - Dry MD,UK,B2B,2026,4,2026_04,27,498.75,FALSE
Bag - Dry MD|UK|B2B|2026_05,Bag - Dry MD,UK,B2B,2026,5,2026_05,95,1602.12,FALSE
Bag - Dry MD|UK|B2B|2026_06,Bag - Dry MD,UK,B2B,2026,6,2026_06,36,660.13,FALSE
Bag - Dry MD|UK|DTC|2025_04,Bag - Dry MD,UK,DTC,2025,4,2025_04,34,993.84,FALSE
Bag - Dry MD|UK|DTC|2025_05,Bag - Dry MD,UK,DTC,2025,5,2025_05,35,949.29,FALSE
Bag - Dry MD|UK|DTC|2025_06,Bag - Dry MD,UK,DTC,2025,6,2025_06,70,2240.6,FALSE
Bag - Dry MD|UK|DTC|2025_07,Bag - Dry MD,UK,DTC,2025,7,2025_07,37,1045.39,FALSE
Bag - Dry MD|UK|DTC|2025_08,Bag - Dry MD,UK,DTC,2025,8,2025_08,28,774.9,FALSE
Bag - Dry MD|UK|DTC|2025_09,Bag - Dry MD,UK,DTC,2025,9,2025_09,10,316.95,FALSE
Bag - Dry MD|UK|DTC|2025_10,Bag - Dry MD,UK,DTC,2025,10,2025_10,6,199.61,FALSE
Bag - Dry MD|UK|DTC|2025_11,Bag - Dry MD,UK,DTC,2025,11,2025_11,73,1795.03,FALSE
Bag - Dry MD|UK|DTC|2025_12,Bag - Dry MD,UK,DTC,2025,12,2025_12,40,1110.12,FALSE
Bag - Dry MD|UK|DTC|2026_01,Bag - Dry MD,UK,DTC,2026,1,2026_01,23,671.41,FALSE
Bag - Dry MD|UK|DTC|2026_02,Bag - Dry MD,UK,DTC,2026,2,2026_02,33,1163.99,FALSE
Bag - Dry MD|UK|DTC|2026_03,Bag - Dry MD,UK,DTC,2026,3,2026_03,237,8446.45,FALSE
Bag - Dry MD|UK|DTC|2026_04,Bag - Dry MD,UK,DTC,2026,4,2026_04,193,6730.74,FALSE
Bag - Dry MD|UK|DTC|2026_05,Bag - Dry MD,UK,DTC,2026,5,2026_05,232,7872.55,FALSE
Bag - Dry MD|UK|DTC|2026_06,Bag - Dry MD,UK,DTC,2026,6,2026_06,135,4392.46,FALSE
Bag - Dry MD|UK|FBA|2025_08,Bag - Dry MD,UK,FBA,2025,8,2025_08,4,126.53,FALSE
Bag - Dry MD|UK|FBA|2025_09,Bag - Dry MD,UK,FBA,2025,9,2025_09,2,70.82,FALSE
Bag - Dry MD|UK|FBA|2025_11,Bag - Dry MD,UK,FBA,2025,11,2025_11,1,37.49,FALSE
Bag - Dry MD|UK|FBA|2025_12,Bag - Dry MD,UK,FBA,2025,12,2025_12,4,149.96,FALSE
Bag - Dry MD|UK|FBA|2026_01,Bag - Dry MD,UK,FBA,2026,1,2026_01,2,67.48,FALSE
Bag - Dry MD|UK|FBA|2026_02,Bag - Dry MD,UK,FBA,2026,2,2026_02,3,115.81,FALSE
Bag - Dry MD|UK|FBA|2026_03,Bag - Dry MD,UK,FBA,2026,3,2026_03,10,371.16,FALSE
Bag - Dry MD|UK|FBA|2026_04,Bag - Dry MD,UK,FBA,2026,4,2026_04,24,840.2,FALSE
Bag - Dry MD|UK|FBA|2026_05,Bag - Dry MD,UK,FBA,2026,5,2026_05,20,708.57,FALSE
Bag - Dry MD|UK|FBA|2026_06,Bag - Dry MD,UK,FBA,2026,6,2026_06,9,309.3,FALSE
Bag - Dry MD|US|B2B|2025_02,Bag - Dry MD,US,B2B,2025,2,2025_02,1,20.95,FALSE
Bag - Dry MD|US|B2B|2025_03,Bag - Dry MD,US,B2B,2025,3,2025_03,28,564.22,FALSE
Bag - Dry MD|US|B2B|2025_04,Bag - Dry MD,US,B2B,2025,4,2025_04,171,3298.29,FALSE
Bag - Dry MD|US|B2B|2025_05,Bag - Dry MD,US,B2B,2025,5,2025_05,12,260.4,FALSE
Bag - Dry MD|US|B2B|2025_06,Bag - Dry MD,US,B2B,2025,6,2025_06,6,126.25,FALSE
Bag - Dry MD|US|B2B|2025_07,Bag - Dry MD,US,B2B,2025,7,2025_07,37,739.34,FALSE
Bag - Dry MD|US|B2B|2025_10,Bag - Dry MD,US,B2B,2025,10,2025_10,2,0,FALSE
Bag - Dry MD|US|B2B|2025_11,Bag - Dry MD,US,B2B,2025,11,2025_11,1,0,FALSE
Bag - Dry MD|US|B2B|2025_12,Bag - Dry MD,US,B2B,2025,12,2025_12,31,532.49,FALSE
Bag - Dry MD|US|B2B|2026_01,Bag - Dry MD,US,B2B,2026,1,2026_01,37,898.14,FALSE
Bag - Dry MD|US|B2B|2026_02,Bag - Dry MD,US,B2B,2026,2,2026_02,43,966.69,FALSE
Bag - Dry MD|US|B2B|2026_03,Bag - Dry MD,US,B2B,2026,3,2026_03,153,2995.24,FALSE
Bag - Dry MD|US|B2B|2026_04,Bag - Dry MD,US,B2B,2026,4,2026_04,34,355.75,FALSE
Bag - Dry MD|US|B2B|2026_05,Bag - Dry MD,US,B2B,2026,5,2026_05,16,940.62,FALSE
Bag - Dry MD|US|B2B|2026_06,Bag - Dry MD,US,B2B,2026,6,2026_06,12,285.64,FALSE
Bag - Dry MD|US|DTC|2025_03,Bag - Dry MD,US,DTC,2025,3,2025_03,2,38.63,FALSE
Bag - Dry MD|US|DTC|2025_04,Bag - Dry MD,US,DTC,2025,4,2025_04,6,211.63,FALSE
Bag - Dry MD|US|DTC|2025_05,Bag - Dry MD,US,DTC,2025,5,2025_05,5,184.81,FALSE
Bag - Dry MD|US|DTC|2025_06,Bag - Dry MD,US,DTC,2025,6,2025_06,6,250.89,FALSE
Bag - Dry MD|US|DTC|2025_07,Bag - Dry MD,US,DTC,2025,7,2025_07,1,38.02,FALSE
Bag - Dry MD|US|DTC|2025_08,Bag - Dry MD,US,DTC,2025,8,2025_08,3,134.27,FALSE
Bag - Dry MD|US|DTC|2025_09,Bag - Dry MD,US,DTC,2025,9,2025_09,1,44.12,FALSE
Bag - Dry MD|US|DTC|2025_11,Bag - Dry MD,US,DTC,2025,11,2025_11,3,124.86,FALSE
Bag - Dry MD|US|DTC|2025_12,Bag - Dry MD,US,DTC,2025,12,2025_12,9,375.7,FALSE
Bag - Dry MD|US|DTC|2026_01,Bag - Dry MD,US,DTC,2026,1,2026_01,6,195.89,FALSE
Bag - Dry MD|US|DTC|2026_02,Bag - Dry MD,US,DTC,2026,2,2026_02,2,88.29,FALSE
Bag - Dry MD|US|DTC|2026_03,Bag - Dry MD,US,DTC,2026,3,2026_03,32,1450.91,FALSE
Bag - Dry MD|US|DTC|2026_04,Bag - Dry MD,US,DTC,2026,4,2026_04,12,358.87,FALSE
Bag - Dry MD|US|DTC|2026_05,Bag - Dry MD,US,DTC,2026,5,2026_05,59,2435.55,FALSE
Bag - Dry MD|US|DTC|2026_06,Bag - Dry MD,US,DTC,2026,6,2026_06,27,1065.4,FALSE
Bag - Dry MD|US|FBA|2025_08,Bag - Dry MD,US,FBA,2025,8,2025_08,2,68.97,FALSE
Bag - Dry MD|US|FBA|2026_03,Bag - Dry MD,US,FBA,2026,3,2026_03,15,622.07,FALSE
Bag - Dry MD|US|FBA|2026_04,Bag - Dry MD,US,FBA,2026,4,2026_04,6,245.59,FALSE
Bag - Dry MD|US|FBA|2026_05,Bag - Dry MD,US,FBA,2026,5,2026_05,18,717.12,FALSE
Bag - Dry MD|US|FBA|2026_06,Bag - Dry MD,US,FBA,2026,6,2026_06,6,253.1,FALSE
Bag - Dry XS|AU|DTC|2025_04,Bag - Dry XS,AU,DTC,2025,4,2025_04,16,220.49,FALSE
Bag - Dry XS|AU|DTC|2025_05,Bag - Dry XS,AU,DTC,2025,5,2025_05,7,107.24,FALSE
Bag - Dry XS|AU|DTC|2025_06,Bag - Dry XS,AU,DTC,2025,6,2025_06,4,34.85,FALSE
Bag - Dry XS|AU|DTC|2025_07,Bag - Dry XS,AU,DTC,2025,7,2025_07,9,104.05,FALSE
Bag - Dry XS|AU|DTC|2025_08,Bag - Dry XS,AU,DTC,2025,8,2025_08,7,96.37,FALSE
Bag - Dry XS|AU|DTC|2025_09,Bag - Dry XS,AU,DTC,2025,9,2025_09,9,120.5,FALSE
Bag - Dry XS|AU|DTC|2025_10,Bag - Dry XS,AU,DTC,2025,10,2025_10,6,80.37,FALSE
Bag - Dry XS|AU|DTC|2025_11,Bag - Dry XS,AU,DTC,2025,11,2025_11,48,569.79,FALSE
Bag - Dry XS|AU|DTC|2025_12,Bag - Dry XS,AU,DTC,2025,12,2025_12,52,646.3,FALSE
Bag - Dry XS|AU|DTC|2026_01,Bag - Dry XS,AU,DTC,2026,1,2026_01,28,385.69,FALSE
Bag - Dry XS|AU|DTC|2026_02,Bag - Dry XS,AU,DTC,2026,2,2026_02,14,185.81,FALSE
Bag - Dry XS|AU|DTC|2026_03,Bag - Dry XS,AU,DTC,2026,3,2026_03,17,226.23,FALSE
Bag - Dry XS|AU|DTC|2026_04,Bag - Dry XS,AU,DTC,2026,4,2026_04,12,202.47,FALSE
Bag - Dry XS|AU|DTC|2026_05,Bag - Dry XS,AU,DTC,2026,5,2026_05,11,155.59,FALSE
Bag - Dry XS|AU|DTC|2026_06,Bag - Dry XS,AU,DTC,2026,6,2026_06,15,227.99,FALSE
Bag - Dry XS|AU|FBA|2025_12,Bag - Dry XS,AU,FBA,2025,12,2025_12,2,30.09,FALSE
Bag - Dry XS|AU|FBA|2026_01,Bag - Dry XS,AU,FBA,2026,1,2026_01,1,18.55,FALSE
Bag - Dry XS|AU|FBA|2026_02,Bag - Dry XS,AU,FBA,2026,2,2026_02,1,19.05,FALSE
Bag - Dry XS|AU|FBA|2026_05,Bag - Dry XS,AU,FBA,2026,5,2026_05,1,21.17,FALSE
Bag - Dry XS|EU|B2B|2025_04,Bag - Dry XS,EU,B2B,2025,4,2025_04,2,14.77,FALSE
Bag - Dry XS|EU|B2B|2025_05,Bag - Dry XS,EU,B2B,2025,5,2025_05,14,103.57,FALSE
Bag - Dry XS|EU|B2B|2025_06,Bag - Dry XS,EU,B2B,2025,6,2025_06,54,367.58,FALSE
Bag - Dry XS|EU|B2B|2025_07,Bag - Dry XS,EU,B2B,2025,7,2025_07,17,114.97,FALSE
Bag - Dry XS|EU|B2B|2025_08,Bag - Dry XS,EU,B2B,2025,8,2025_08,65,409.86,FALSE
Bag - Dry XS|EU|B2B|2025_10,Bag - Dry XS,EU,B2B,2025,10,2025_10,6,39.75,FALSE
Bag - Dry XS|EU|B2B|2025_11,Bag - Dry XS,EU,B2B,2025,11,2025_11,2,15.45,FALSE
Bag - Dry XS|EU|B2B|2025_12,Bag - Dry XS,EU,B2B,2025,12,2025_12,2,0,FALSE
Bag - Dry XS|EU|B2B|2026_01,Bag - Dry XS,EU,B2B,2026,1,2026_01,16,106.36,FALSE
Bag - Dry XS|EU|B2B|2026_02,Bag - Dry XS,EU,B2B,2026,2,2026_02,132,1500.95,FALSE
Bag - Dry XS|EU|B2B|2026_03,Bag - Dry XS,EU,B2B,2026,3,2026_03,220,1686.75,FALSE
Bag - Dry XS|EU|B2B|2026_04,Bag - Dry XS,EU,B2B,2026,4,2026_04,270,2065.64,FALSE
Bag - Dry XS|EU|B2B|2026_05,Bag - Dry XS,EU,B2B,2026,5,2026_05,215,1658.9,FALSE
Bag - Dry XS|EU|B2B|2026_06,Bag - Dry XS,EU,B2B,2026,6,2026_06,162,1258.23,FALSE
Bag - Dry XS|EU|DTC|2025_06,Bag - Dry XS,EU,DTC,2025,6,2025_06,3,35.48,FALSE
Bag - Dry XS|EU|DTC|2025_07,Bag - Dry XS,EU,DTC,2025,7,2025_07,22,310.09,FALSE
Bag - Dry XS|EU|DTC|2025_08,Bag - Dry XS,EU,DTC,2025,8,2025_08,5,68.04,FALSE
Bag - Dry XS|EU|DTC|2025_09,Bag - Dry XS,EU,DTC,2025,9,2025_09,3,40.47,FALSE
Bag - Dry XS|EU|DTC|2025_10,Bag - Dry XS,EU,DTC,2025,10,2025_10,4,54.2,FALSE
Bag - Dry XS|EU|DTC|2025_11,Bag - Dry XS,EU,DTC,2025,11,2025_11,33,369.78,FALSE
Bag - Dry XS|EU|DTC|2025_12,Bag - Dry XS,EU,DTC,2025,12,2025_12,21,249.28,FALSE
Bag - Dry XS|EU|DTC|2026_01,Bag - Dry XS,EU,DTC,2026,1,2026_01,2,31.85,FALSE
Bag - Dry XS|EU|DTC|2026_02,Bag - Dry XS,EU,DTC,2026,2,2026_02,6,95.64,FALSE
Bag - Dry XS|EU|DTC|2026_03,Bag - Dry XS,EU,DTC,2026,3,2026_03,28,411.1,FALSE
Bag - Dry XS|EU|DTC|2026_04,Bag - Dry XS,EU,DTC,2026,4,2026_04,29,448.68,FALSE
Bag - Dry XS|EU|DTC|2026_05,Bag - Dry XS,EU,DTC,2026,5,2026_05,57,872.03,FALSE
Bag - Dry XS|EU|DTC|2026_06,Bag - Dry XS,EU,DTC,2026,6,2026_06,57,841.57,FALSE
Bag - Dry XS|EU|FBA|2026_05,Bag - Dry XS,EU,FBA,2026,5,2026_05,1,16.2,FALSE
Bag - Dry XS|EU|FBA|2026_06,Bag - Dry XS,EU,FBA,2026,6,2026_06,2,38.04,FALSE
Bag - Dry XS|UK|B2B|2025_03,Bag - Dry XS,UK,B2B,2025,3,2025_03,8,61.88,FALSE
Bag - Dry XS|UK|B2B|2025_04,Bag - Dry XS,UK,B2B,2025,4,2025_04,73,543.8,FALSE
Bag - Dry XS|UK|B2B|2025_05,Bag - Dry XS,UK,B2B,2025,5,2025_05,47,355.29,FALSE
Bag - Dry XS|UK|B2B|2025_06,Bag - Dry XS,UK,B2B,2025,6,2025_06,53,422.7,FALSE
Bag - Dry XS|UK|B2B|2025_07,Bag - Dry XS,UK,B2B,2025,7,2025_07,26,197.84,FALSE
Bag - Dry XS|UK|B2B|2025_09,Bag - Dry XS,UK,B2B,2025,9,2025_09,4,30,FALSE
Bag - Dry XS|UK|B2B|2025_10,Bag - Dry XS,UK,B2B,2025,10,2025_10,4,34.78,FALSE
Bag - Dry XS|UK|B2B|2025_11,Bag - Dry XS,UK,B2B,2025,11,2025_11,12,104.27,FALSE
Bag - Dry XS|UK|B2B|2026_01,Bag - Dry XS,UK,B2B,2026,1,2026_01,12,93.92,FALSE
Bag - Dry XS|UK|B2B|2026_02,Bag - Dry XS,UK,B2B,2026,2,2026_02,98,1715,FALSE
Bag - Dry XS|UK|B2B|2026_03,Bag - Dry XS,UK,B2B,2026,3,2026_03,242,1991.94,FALSE
Bag - Dry XS|UK|B2B|2026_04,Bag - Dry XS,UK,B2B,2026,4,2026_04,270,2185.91,FALSE
Bag - Dry XS|UK|B2B|2026_05,Bag - Dry XS,UK,B2B,2026,5,2026_05,518,4312.26,FALSE
Bag - Dry XS|UK|B2B|2026_06,Bag - Dry XS,UK,B2B,2026,6,2026_06,677,5621.27,FALSE
Bag - Dry XS|UK|DTC|2025_03,Bag - Dry XS,UK,DTC,2025,3,2025_03,68,1014.43,FALSE
Bag - Dry XS|UK|DTC|2025_04,Bag - Dry XS,UK,DTC,2025,4,2025_04,618,9509.5,FALSE
Bag - Dry XS|UK|DTC|2025_05,Bag - Dry XS,UK,DTC,2025,5,2025_05,246,3436.52,FALSE
Bag - Dry XS|UK|DTC|2025_06,Bag - Dry XS,UK,DTC,2025,6,2025_06,198,2877.9,FALSE
Bag - Dry XS|UK|DTC|2025_07,Bag - Dry XS,UK,DTC,2025,7,2025_07,140,2026.9,FALSE
Bag - Dry XS|UK|DTC|2025_09,Bag - Dry XS,UK,DTC,2025,9,2025_09,31,496.72,FALSE
Bag - Dry XS|UK|DTC|2025_10,Bag - Dry XS,UK,DTC,2025,10,2025_10,62,994.87,FALSE
Bag - Dry XS|UK|DTC|2025_11,Bag - Dry XS,UK,DTC,2025,11,2025_11,198,2824.63,FALSE
Bag - Dry XS|UK|DTC|2025_12,Bag - Dry XS,UK,DTC,2025,12,2025_12,167,2551.47,FALSE
Bag - Dry XS|UK|DTC|2026_01,Bag - Dry XS,UK,DTC,2026,1,2026_01,99,1615.96,FALSE
Bag - Dry XS|UK|DTC|2026_02,Bag - Dry XS,UK,DTC,2026,2,2026_02,548,9483.27,FALSE
Bag - Dry XS|UK|DTC|2026_03,Bag - Dry XS,UK,DTC,2026,3,2026_03,1011,16979.13,FALSE
Bag - Dry XS|UK|DTC|2026_04,Bag - Dry XS,UK,DTC,2026,4,2026_04,855,14487.81,FALSE
Bag - Dry XS|UK|DTC|2026_05,Bag - Dry XS,UK,DTC,2026,5,2026_05,1558,26108.28,FALSE
Bag - Dry XS|UK|DTC|2026_06,Bag - Dry XS,UK,DTC,2026,6,2026_06,1779,30291.78,FALSE
Bag - Dry XS|UK|FBA|2025_07,Bag - Dry XS,UK,FBA,2025,7,2025_07,25,461.16,FALSE
Bag - Dry XS|UK|FBA|2025_09,Bag - Dry XS,UK,FBA,2025,9,2025_09,3,57.57,FALSE
Bag - Dry XS|UK|FBA|2025_10,Bag - Dry XS,UK,FBA,2025,10,2025_10,6,115.14,FALSE
Bag - Dry XS|UK|FBA|2025_11,Bag - Dry XS,UK,FBA,2025,11,2025_11,10,186.72,FALSE
Bag - Dry XS|UK|FBA|2025_12,Bag - Dry XS,UK,FBA,2025,12,2025_12,13,246.63,FALSE
Bag - Dry XS|UK|FBA|2026_01,Bag - Dry XS,UK,FBA,2026,1,2026_01,22,386.35,FALSE
Bag - Dry XS|UK|FBA|2026_02,Bag - Dry XS,UK,FBA,2026,2,2026_02,92,1547.75,FALSE
Bag - Dry XS|UK|FBA|2026_03,Bag - Dry XS,UK,FBA,2026,3,2026_03,212,3541.78,FALSE
Bag - Dry XS|UK|FBA|2026_04,Bag - Dry XS,UK,FBA,2026,4,2026_04,320,5082.1,FALSE
Bag - Dry XS|UK|FBA|2026_05,Bag - Dry XS,UK,FBA,2026,5,2026_05,449,7202.49,FALSE
Bag - Dry XS|UK|FBA|2026_06,Bag - Dry XS,UK,FBA,2026,6,2026_06,347,5615.21,FALSE
Bag - Dry XS|US|B2B|2024_12,Bag - Dry XS,US,B2B,2024,12,2024_12,0,1078.5,FALSE
Bag - Dry XS|US|B2B|2025_01,Bag - Dry XS,US,B2B,2025,1,2025_01,6,67.44,FALSE
Bag - Dry XS|US|B2B|2025_02,Bag - Dry XS,US,B2B,2025,2,2025_02,28,277.56,FALSE
Bag - Dry XS|US|B2B|2025_03,Bag - Dry XS,US,B2B,2025,3,2025_03,69,701.22,FALSE
Bag - Dry XS|US|B2B|2025_04,Bag - Dry XS,US,B2B,2025,4,2025_04,165,1581.72,FALSE
Bag - Dry XS|US|B2B|2025_05,Bag - Dry XS,US,B2B,2025,5,2025_05,63,616.09,FALSE
Bag - Dry XS|US|B2B|2025_07,Bag - Dry XS,US,B2B,2025,7,2025_07,4,50.1,FALSE
Bag - Dry XS|US|B2B|2025_09,Bag - Dry XS,US,B2B,2025,9,2025_09,7,46.53,FALSE
Bag - Dry XS|US|B2B|2025_10,Bag - Dry XS,US,B2B,2025,10,2025_10,5,0,FALSE
Bag - Dry XS|US|B2B|2025_11,Bag - Dry XS,US,B2B,2025,11,2025_11,2,0,FALSE
Bag - Dry XS|US|B2B|2025_12,Bag - Dry XS,US,B2B,2025,12,2025_12,5,5591.01,FALSE
Bag - Dry XS|US|B2B|2026_01,Bag - Dry XS,US,B2B,2026,1,2026_01,29,342.63,FALSE
Bag - Dry XS|US|B2B|2026_02,Bag - Dry XS,US,B2B,2026,2,2026_02,1594,14999.74,FALSE
Bag - Dry XS|US|B2B|2026_03,Bag - Dry XS,US,B2B,2026,3,2026_03,752,7662.08,FALSE
Bag - Dry XS|US|B2B|2026_04,Bag - Dry XS,US,B2B,2026,4,2026_04,238,2302.02,FALSE
Bag - Dry XS|US|B2B|2026_05,Bag - Dry XS,US,B2B,2026,5,2026_05,342,4178.5,FALSE
Bag - Dry XS|US|B2B|2026_06,Bag - Dry XS,US,B2B,2026,6,2026_06,16,169.3,FALSE
Bag - Dry XS|US|DTC|2025_01,Bag - Dry XS,US,DTC,2025,1,2025_01,1,14.45,FALSE
Bag - Dry XS|US|DTC|2025_03,Bag - Dry XS,US,DTC,2025,3,2025_03,4,53.82,FALSE
Bag - Dry XS|US|DTC|2025_04,Bag - Dry XS,US,DTC,2025,4,2025_04,20,353.2,FALSE
Bag - Dry XS|US|DTC|2025_05,Bag - Dry XS,US,DTC,2025,5,2025_05,29,567.01,FALSE
Bag - Dry XS|US|DTC|2025_06,Bag - Dry XS,US,DTC,2025,6,2025_06,6,125.55,FALSE
Bag - Dry XS|US|DTC|2025_07,Bag - Dry XS,US,DTC,2025,7,2025_07,7,151.72,FALSE
Bag - Dry XS|US|DTC|2025_08,Bag - Dry XS,US,DTC,2025,8,2025_08,9,202.87,FALSE
Bag - Dry XS|US|DTC|2025_09,Bag - Dry XS,US,DTC,2025,9,2025_09,5,101.11,FALSE
Bag - Dry XS|US|DTC|2025_10,Bag - Dry XS,US,DTC,2025,10,2025_10,2,57,FALSE
Bag - Dry XS|US|DTC|2025_11,Bag - Dry XS,US,DTC,2025,11,2025_11,5,85.53,FALSE
Bag - Dry XS|US|DTC|2025_12,Bag - Dry XS,US,DTC,2025,12,2025_12,11,205.51,FALSE
Bag - Dry XS|US|DTC|2026_01,Bag - Dry XS,US,DTC,2026,1,2026_01,6,149.03,FALSE
Bag - Dry XS|US|DTC|2026_02,Bag - Dry XS,US,DTC,2026,2,2026_02,57,710.73,FALSE
Bag - Dry XS|US|DTC|2026_03,Bag - Dry XS,US,DTC,2026,3,2026_03,203,4948.83,FALSE
Bag - Dry XS|US|DTC|2026_04,Bag - Dry XS,US,DTC,2026,4,2026_04,92,2135.62,FALSE
Bag - Dry XS|US|DTC|2026_05,Bag - Dry XS,US,DTC,2026,5,2026_05,147,3303.71,FALSE
Bag - Dry XS|US|DTC|2026_06,Bag - Dry XS,US,DTC,2026,6,2026_06,101,2319.76,FALSE
Bag - Dry XS|US|FBA|2025_08,Bag - Dry XS,US,FBA,2025,8,2025_08,3,50.2,FALSE
Bag - Dry XS|US|FBA|2025_09,Bag - Dry XS,US,FBA,2025,9,2025_09,1,18.48,FALSE
Bag - Dry XS|US|FBA|2025_10,Bag - Dry XS,US,FBA,2025,10,2025_10,1,16.94,FALSE
Bag - Dry XS|US|FBA|2025_11,Bag - Dry XS,US,FBA,2025,11,2025_11,4,64.54,FALSE
Bag - Dry XS|US|FBA|2025_12,Bag - Dry XS,US,FBA,2025,12,2025_12,4,65.65,FALSE
Bag - Dry XS|US|FBA|2026_01,Bag - Dry XS,US,FBA,2026,1,2026_01,1,16.71,FALSE
Bag - Dry XS|US|FBA|2026_02,Bag - Dry XS,US,FBA,2026,2,2026_02,7,129.39,FALSE
Bag - Dry XS|US|FBA|2026_03,Bag - Dry XS,US,FBA,2026,3,2026_03,88,1841.33,FALSE
Bag - Dry XS|US|FBA|2026_04,Bag - Dry XS,US,FBA,2026,4,2026_04,57,1196.48,FALSE
Bag - Dry XS|US|FBA|2026_05,Bag - Dry XS,US,FBA,2026,5,2026_05,60,1318.98,FALSE
Bag - Dry XS|US|FBA|2026_06,Bag - Dry XS,US,FBA,2026,6,2026_06,48,1055.12,FALSE
Bag - Foldable|AU|DTC|2024_01,Bag - Foldable,AU,DTC,2024,1,2024_01,231,2477.78,FALSE
Bag - Foldable|AU|DTC|2024_02,Bag - Foldable,AU,DTC,2024,2,2024_02,169,1797.04,FALSE
Bag - Foldable|AU|DTC|2024_03,Bag - Foldable,AU,DTC,2024,3,2024_03,104,1214.04,FALSE
Bag - Foldable|AU|DTC|2024_04,Bag - Foldable,AU,DTC,2024,4,2024_04,102,1138.36,FALSE
Bag - Foldable|AU|DTC|2024_05,Bag - Foldable,AU,DTC,2024,5,2024_05,101,1151.29,FALSE
Bag - Foldable|AU|DTC|2024_06,Bag - Foldable,AU,DTC,2024,6,2024_06,89,1297.75,FALSE
Bag - Foldable|AU|DTC|2024_07,Bag - Foldable,AU,DTC,2024,7,2024_07,106,1367.04,FALSE
Bag - Foldable|AU|DTC|2024_08,Bag - Foldable,AU,DTC,2024,8,2024_08,164,2069.03,FALSE
Bag - Foldable|AU|DTC|2024_09,Bag - Foldable,AU,DTC,2024,9,2024_09,121,1669.79,FALSE
Bag - Foldable|AU|DTC|2024_10,Bag - Foldable,AU,DTC,2024,10,2024_10,223,2854.37,FALSE
Bag - Foldable|AU|DTC|2024_11,Bag - Foldable,AU,DTC,2024,11,2024_11,730,8578.9,FALSE
Bag - Foldable|AU|DTC|2024_12,Bag - Foldable,AU,DTC,2024,12,2024_12,864,10650.05,FALSE
Bag - Foldable|AU|DTC|2025_01,Bag - Foldable,AU,DTC,2025,1,2025_01,347,3423.57,FALSE
Bag - Foldable|AU|DTC|2025_02,Bag - Foldable,AU,DTC,2025,2,2025_02,105,1080.94,FALSE
Bag - Foldable|AU|DTC|2025_03,Bag - Foldable,AU,DTC,2025,3,2025_03,84,1058.73,FALSE
Bag - Foldable|AU|DTC|2025_04,Bag - Foldable,AU,DTC,2025,4,2025_04,65,735.47,FALSE
Bag - Foldable|AU|DTC|2025_05,Bag - Foldable,AU,DTC,2025,5,2025_05,64,769.2,FALSE
Bag - Foldable|AU|DTC|2025_06,Bag - Foldable,AU,DTC,2025,6,2025_06,95,1105.24,FALSE
Bag - Foldable|AU|DTC|2025_07,Bag - Foldable,AU,DTC,2025,7,2025_07,170,1953.85,FALSE
Bag - Foldable|AU|DTC|2025_08,Bag - Foldable,AU,DTC,2025,8,2025_08,231,2358.07,FALSE
Bag - Foldable|AU|DTC|2025_09,Bag - Foldable,AU,DTC,2025,9,2025_09,199,2361.8,FALSE
Bag - Foldable|AU|DTC|2025_10,Bag - Foldable,AU,DTC,2025,10,2025_10,222,2662.42,FALSE
Bag - Foldable|AU|DTC|2025_11,Bag - Foldable,AU,DTC,2025,11,2025_11,1381,10674.86,FALSE
Bag - Foldable|AU|DTC|2025_12,Bag - Foldable,AU,DTC,2025,12,2025_12,854,9859.9,FALSE
Bag - Foldable|AU|DTC|2026_01,Bag - Foldable,AU,DTC,2026,1,2026_01,169,2137.64,FALSE
Bag - Foldable|AU|DTC|2026_02,Bag - Foldable,AU,DTC,2026,2,2026_02,154,1818.48,FALSE
Bag - Foldable|AU|DTC|2026_03,Bag - Foldable,AU,DTC,2026,3,2026_03,100,1195.22,FALSE
Bag - Foldable|AU|DTC|2026_04,Bag - Foldable,AU,DTC,2026,4,2026_04,144,1765.11,FALSE
Bag - Foldable|AU|DTC|2026_05,Bag - Foldable,AU,DTC,2026,5,2026_05,57,745.51,FALSE
Bag - Foldable|AU|DTC|2026_06,Bag - Foldable,AU,DTC,2026,6,2026_06,46,640.77,FALSE
Bag - Foldable|AU|FBA|2024_01,Bag - Foldable,AU,FBA,2024,1,2024_01,2,36.2,FALSE
Bag - Foldable|AU|FBA|2024_04,Bag - Foldable,AU,FBA,2024,4,2024_04,2,37.9,FALSE
Bag - Foldable|AU|FBA|2024_05,Bag - Foldable,AU,FBA,2024,5,2024_05,8,143.68,FALSE
Bag - Foldable|AU|FBA|2024_06,Bag - Foldable,AU,FBA,2024,6,2024_06,7,119.45,FALSE
Bag - Foldable|AU|FBA|2024_07,Bag - Foldable,AU,FBA,2024,7,2024_07,13,201.01,FALSE
Bag - Foldable|AU|FBA|2024_08,Bag - Foldable,AU,FBA,2024,8,2024_08,20,310.93,FALSE
Bag - Foldable|AU|FBA|2024_09,Bag - Foldable,AU,FBA,2024,9,2024_09,28,447.08,FALSE
Bag - Foldable|AU|FBA|2024_10,Bag - Foldable,AU,FBA,2024,10,2024_10,22,353.43,FALSE
Bag - Foldable|AU|FBA|2024_11,Bag - Foldable,AU,FBA,2024,11,2024_11,28,458.21,FALSE
Bag - Foldable|AU|FBA|2024_12,Bag - Foldable,AU,FBA,2024,12,2024_12,56,924.48,FALSE
Bag - Foldable|AU|FBA|2025_01,Bag - Foldable,AU,FBA,2025,1,2025_01,33,515.01,FALSE
Bag - Foldable|AU|FBA|2025_02,Bag - Foldable,AU,FBA,2025,2,2025_02,17,263.88,FALSE
Bag - Foldable|AU|FBA|2025_03,Bag - Foldable,AU,FBA,2025,3,2025_03,18,251.4,FALSE
Bag - Foldable|AU|FBA|2025_04,Bag - Foldable,AU,FBA,2025,4,2025_04,16,221.1,FALSE
Bag - Foldable|AU|FBA|2025_05,Bag - Foldable,AU,FBA,2025,5,2025_05,22,254.3,FALSE
Bag - Foldable|AU|FBA|2025_06,Bag - Foldable,AU,FBA,2025,6,2025_06,9,134.19,FALSE
Bag - Foldable|AU|FBA|2025_07,Bag - Foldable,AU,FBA,2025,7,2025_07,16,227.83,FALSE
Bag - Foldable|AU|FBA|2025_08,Bag - Foldable,AU,FBA,2025,8,2025_08,10,145.56,FALSE
Bag - Foldable|AU|FBA|2025_09,Bag - Foldable,AU,FBA,2025,9,2025_09,24,359.56,FALSE
Bag - Foldable|AU|FBA|2025_10,Bag - Foldable,AU,FBA,2025,10,2025_10,46,644.91,FALSE
Bag - Foldable|AU|FBA|2025_11,Bag - Foldable,AU,FBA,2025,11,2025_11,154,1244.13,FALSE
Bag - Foldable|AU|FBA|2025_12,Bag - Foldable,AU,FBA,2025,12,2025_12,226,3443.86,FALSE
Bag - Foldable|AU|FBA|2026_01,Bag - Foldable,AU,FBA,2026,1,2026_01,111,1682.01,FALSE
Bag - Foldable|AU|FBA|2026_02,Bag - Foldable,AU,FBA,2026,2,2026_02,54,853.93,FALSE
Bag - Foldable|AU|FBA|2026_03,Bag - Foldable,AU,FBA,2026,3,2026_03,46,730.26,FALSE
Bag - Foldable|AU|FBA|2026_04,Bag - Foldable,AU,FBA,2026,4,2026_04,29,441.18,FALSE
Bag - Foldable|AU|FBA|2026_05,Bag - Foldable,AU,FBA,2026,5,2026_05,67,907.32,FALSE
Bag - Foldable|AU|FBA|2026_06,Bag - Foldable,AU,FBA,2026,6,2026_06,43,590.5,FALSE
Bag - Foldable|CA|FBA|2024_01,Bag - Foldable,CA,FBA,2024,1,2024_01,11,156.15,FALSE
Bag - Foldable|CA|FBA|2024_02,Bag - Foldable,CA,FBA,2024,2,2024_02,41,585.42,FALSE
Bag - Foldable|CA|FBA|2024_03,Bag - Foldable,CA,FBA,2024,3,2024_03,16,237.05,FALSE
Bag - Foldable|CA|FBA|2024_04,Bag - Foldable,CA,FBA,2024,4,2024_04,24,341.16,FALSE
Bag - Foldable|CA|FBA|2024_05,Bag - Foldable,CA,FBA,2024,5,2024_05,20,280.44,FALSE
Bag - Foldable|CA|FBA|2024_06,Bag - Foldable,CA,FBA,2024,6,2024_06,18,226.81,FALSE
Bag - Foldable|CA|FBA|2024_07,Bag - Foldable,CA,FBA,2024,7,2024_07,19,250.02,FALSE
Bag - Foldable|CA|FBA|2024_08,Bag - Foldable,CA,FBA,2024,8,2024_08,1,13.86,FALSE
Bag - Foldable|CA|FBA|2024_10,Bag - Foldable,CA,FBA,2024,10,2024_10,1,18.88,FALSE
Bag - Foldable|CA|FBA|2025_03,Bag - Foldable,CA,FBA,2025,3,2025_03,8,116.49,FALSE
Bag - Foldable|CA|FBA|2025_04,Bag - Foldable,CA,FBA,2025,4,2025_04,6,63.31,FALSE
Bag - Foldable|CA|FBA|2025_05,Bag - Foldable,CA,FBA,2025,5,2025_05,4,56.16,FALSE
Bag - Foldable|CA|FBA|2025_06,Bag - Foldable,CA,FBA,2025,6,2025_06,2,26.57,FALSE
Bag - Foldable|CA|FBA|2025_07,Bag - Foldable,CA,FBA,2025,7,2025_07,4,57.53,FALSE
Bag - Foldable|EU|B2B|2024_01,Bag - Foldable,EU,B2B,2024,1,2024_01,336,1414.53,FALSE
Bag - Foldable|EU|B2B|2024_02,Bag - Foldable,EU,B2B,2024,2,2024_02,121,636.47,FALSE
Bag - Foldable|EU|B2B|2024_03,Bag - Foldable,EU,B2B,2024,3,2024_03,87,601.43,FALSE
Bag - Foldable|EU|B2B|2024_04,Bag - Foldable,EU,B2B,2024,4,2024_04,363,2269.34,FALSE
Bag - Foldable|EU|B2B|2024_05,Bag - Foldable,EU,B2B,2024,5,2024_05,413,1542.14,FALSE
Bag - Foldable|EU|B2B|2024_06,Bag - Foldable,EU,B2B,2024,6,2024_06,201,1052.88,FALSE
Bag - Foldable|EU|B2B|2024_07,Bag - Foldable,EU,B2B,2024,7,2024_07,677,3475.43,FALSE
Bag - Foldable|EU|B2B|2024_08,Bag - Foldable,EU,B2B,2024,8,2024_08,141,369,FALSE
Bag - Foldable|EU|B2B|2024_09,Bag - Foldable,EU,B2B,2024,9,2024_09,67,141.26,FALSE
Bag - Foldable|EU|B2B|2024_10,Bag - Foldable,EU,B2B,2024,10,2024_10,4,0,FALSE
Bag - Foldable|EU|B2B|2024_11,Bag - Foldable,EU,B2B,2024,11,2024_11,120,668.42,FALSE
Bag - Foldable|EU|B2B|2024_12,Bag - Foldable,EU,B2B,2024,12,2024_12,267,479.43,FALSE
Bag - Foldable|EU|B2B|2025_01,Bag - Foldable,EU,B2B,2025,1,2025_01,4,28.78,FALSE
Bag - Foldable|EU|B2B|2025_02,Bag - Foldable,EU,B2B,2025,2,2025_02,258,3527.96,FALSE
Bag - Foldable|EU|B2B|2025_03,Bag - Foldable,EU,B2B,2025,3,2025_03,190,5726.64,FALSE
Bag - Foldable|EU|B2B|2025_04,Bag - Foldable,EU,B2B,2025,4,2025_04,470,2735.05,FALSE
Bag - Foldable|EU|B2B|2025_05,Bag - Foldable,EU,B2B,2025,5,2025_05,368,2300.89,FALSE
Bag - Foldable|EU|B2B|2025_06,Bag - Foldable,EU,B2B,2025,6,2025_06,530,3127.23,FALSE
Bag - Foldable|EU|B2B|2025_07,Bag - Foldable,EU,B2B,2025,7,2025_07,145,774.6,FALSE
Bag - Foldable|EU|B2B|2025_08,Bag - Foldable,EU,B2B,2025,8,2025_08,227,1058.62,FALSE
Bag - Foldable|EU|B2B|2025_09,Bag - Foldable,EU,B2B,2025,9,2025_09,46,271.36,FALSE
Bag - Foldable|EU|B2B|2025_10,Bag - Foldable,EU,B2B,2025,10,2025_10,10,52.12,FALSE
Bag - Foldable|EU|B2B|2025_11,Bag - Foldable,EU,B2B,2025,11,2025_11,20,127.46,FALSE
Bag - Foldable|EU|B2B|2025_12,Bag - Foldable,EU,B2B,2025,12,2025_12,32,146.84,FALSE
Bag - Foldable|EU|B2B|2026_01,Bag - Foldable,EU,B2B,2026,1,2026_01,20,116.45,FALSE
Bag - Foldable|EU|B2B|2026_02,Bag - Foldable,EU,B2B,2026,2,2026_02,93,603.87,FALSE
Bag - Foldable|EU|B2B|2026_03,Bag - Foldable,EU,B2B,2026,3,2026_03,386,2390.65,FALSE
Bag - Foldable|EU|B2B|2026_04,Bag - Foldable,EU,B2B,2026,4,2026_04,780,3681.8,FALSE
Bag - Foldable|EU|B2B|2026_05,Bag - Foldable,EU,B2B,2026,5,2026_05,176,1130.96,FALSE
Bag - Foldable|EU|B2B|2026_06,Bag - Foldable,EU,B2B,2026,6,2026_06,437,2850.93,FALSE
Bag - Foldable|EU|DTC|2024_01,Bag - Foldable,EU,DTC,2024,1,2024_01,49,497.43,FALSE
Bag - Foldable|EU|DTC|2024_02,Bag - Foldable,EU,DTC,2024,2,2024_02,51,542.2,FALSE
Bag - Foldable|EU|DTC|2024_03,Bag - Foldable,EU,DTC,2024,3,2024_03,142,1420.72,FALSE
Bag - Foldable|EU|DTC|2024_04,Bag - Foldable,EU,DTC,2024,4,2024_04,241,2415.65,FALSE
Bag - Foldable|EU|DTC|2024_05,Bag - Foldable,EU,DTC,2024,5,2024_05,320,3806.83,FALSE
Bag - Foldable|EU|DTC|2024_06,Bag - Foldable,EU,DTC,2024,6,2024_06,271,3437.43,FALSE
Bag - Foldable|EU|DTC|2024_07,Bag - Foldable,EU,DTC,2024,7,2024_07,395,4741.47,FALSE
Bag - Foldable|EU|DTC|2024_08,Bag - Foldable,EU,DTC,2024,8,2024_08,322,3883.9,FALSE
Bag - Foldable|EU|DTC|2024_09,Bag - Foldable,EU,DTC,2024,9,2024_09,161,1805.22,FALSE
Bag - Foldable|EU|DTC|2024_10,Bag - Foldable,EU,DTC,2024,10,2024_10,60,611.63,FALSE
Bag - Foldable|EU|DTC|2024_11,Bag - Foldable,EU,DTC,2024,11,2024_11,76,819.54,FALSE
Bag - Foldable|EU|DTC|2024_12,Bag - Foldable,EU,DTC,2024,12,2024_12,570,6247.48,FALSE
Bag - Foldable|EU|DTC|2025_01,Bag - Foldable,EU,DTC,2025,1,2025_01,37,392.44,FALSE
Bag - Foldable|EU|DTC|2025_02,Bag - Foldable,EU,DTC,2025,2,2025_02,52,600.59,FALSE
Bag - Foldable|EU|DTC|2025_03,Bag - Foldable,EU,DTC,2025,3,2025_03,146,1721.21,FALSE
Bag - Foldable|EU|DTC|2025_04,Bag - Foldable,EU,DTC,2025,4,2025_04,68,823.23,FALSE
Bag - Foldable|EU|DTC|2025_05,Bag - Foldable,EU,DTC,2025,5,2025_05,219,2402.14,FALSE
Bag - Foldable|EU|DTC|2025_06,Bag - Foldable,EU,DTC,2025,6,2025_06,698,7855.09,FALSE
Bag - Foldable|EU|DTC|2025_07,Bag - Foldable,EU,DTC,2025,7,2025_07,297,3310.68,FALSE
Bag - Foldable|EU|DTC|2025_08,Bag - Foldable,EU,DTC,2025,8,2025_08,342,3778.75,FALSE
Bag - Foldable|EU|DTC|2025_09,Bag - Foldable,EU,DTC,2025,9,2025_09,160,1717.89,FALSE
Bag - Foldable|EU|DTC|2025_10,Bag - Foldable,EU,DTC,2025,10,2025_10,79,875.73,FALSE
Bag - Foldable|EU|DTC|2025_11,Bag - Foldable,EU,DTC,2025,11,2025_11,303,2721.76,FALSE
Bag - Foldable|EU|DTC|2025_12,Bag - Foldable,EU,DTC,2025,12,2025_12,227,2108.08,FALSE
Bag - Foldable|EU|DTC|2026_01,Bag - Foldable,EU,DTC,2026,1,2026_01,172,1600.38,FALSE
Bag - Foldable|EU|DTC|2026_02,Bag - Foldable,EU,DTC,2026,2,2026_02,90,1010.67,FALSE
Bag - Foldable|EU|DTC|2026_03,Bag - Foldable,EU,DTC,2026,3,2026_03,144,1676.16,FALSE
Bag - Foldable|EU|DTC|2026_04,Bag - Foldable,EU,DTC,2026,4,2026_04,125,1473.41,FALSE
Bag - Foldable|EU|DTC|2026_05,Bag - Foldable,EU,DTC,2026,5,2026_05,265,3116.93,FALSE
Bag - Foldable|EU|DTC|2026_06,Bag - Foldable,EU,DTC,2026,6,2026_06,203,2377.3,FALSE
Bag - Foldable|EU|FBA|2024_01,Bag - Foldable,EU,FBA,2024,1,2024_01,5,96.5,FALSE
Bag - Foldable|EU|FBA|2024_02,Bag - Foldable,EU,FBA,2024,2,2024_02,6,77.01,FALSE
Bag - Foldable|EU|FBA|2024_03,Bag - Foldable,EU,FBA,2024,3,2024_03,24,310.67,FALSE
Bag - Foldable|EU|FBA|2024_04,Bag - Foldable,EU,FBA,2024,4,2024_04,28,381.37,FALSE
Bag - Foldable|EU|FBA|2024_05,Bag - Foldable,EU,FBA,2024,5,2024_05,41,569.05,FALSE
Bag - Foldable|EU|FBA|2024_06,Bag - Foldable,EU,FBA,2024,6,2024_06,22,226.76,FALSE
Bag - Foldable|EU|FBA|2024_07,Bag - Foldable,EU,FBA,2024,7,2024_07,16,258.76,FALSE
Bag - Foldable|EU|FBA|2024_08,Bag - Foldable,EU,FBA,2024,8,2024_08,2,42.04,FALSE
Bag - Foldable|EU|FBA|2024_09,Bag - Foldable,EU,FBA,2024,9,2024_09,4,107.97,FALSE
Bag - Foldable|EU|FBA|2024_10,Bag - Foldable,EU,FBA,2024,10,2024_10,2,49.97,FALSE
Bag - Foldable|EU|FBA|2024_12,Bag - Foldable,EU,FBA,2024,12,2024_12,6,128.22,FALSE
Bag - Foldable|EU|FBA|2025_03,Bag - Foldable,EU,FBA,2025,3,2025_03,3,73.57,FALSE
Bag - Foldable|EU|FBA|2025_04,Bag - Foldable,EU,FBA,2025,4,2025_04,3,64.43,FALSE
Bag - Foldable|EU|FBA|2025_05,Bag - Foldable,EU,FBA,2025,5,2025_05,8,133.4,FALSE
Bag - Foldable|EU|FBA|2025_06,Bag - Foldable,EU,FBA,2025,6,2025_06,14,264.11,FALSE
Bag - Foldable|EU|FBA|2025_07,Bag - Foldable,EU,FBA,2025,7,2025_07,12,203.62,FALSE
Bag - Foldable|EU|FBA|2025_08,Bag - Foldable,EU,FBA,2025,8,2025_08,21,383.52,FALSE
Bag - Foldable|EU|FBA|2025_09,Bag - Foldable,EU,FBA,2025,9,2025_09,6,110.99,FALSE
Bag - Foldable|EU|FBA|2025_10,Bag - Foldable,EU,FBA,2025,10,2025_10,4,80.26,FALSE
Bag - Foldable|EU|FBA|2025_12,Bag - Foldable,EU,FBA,2025,12,2025_12,16,322.12,FALSE
Bag - Foldable|EU|FBA|2026_01,Bag - Foldable,EU,FBA,2026,1,2026_01,18,350.9,FALSE
Bag - Foldable|EU|FBA|2026_02,Bag - Foldable,EU,FBA,2026,2,2026_02,13,260.22,FALSE
Bag - Foldable|EU|FBA|2026_03,Bag - Foldable,EU,FBA,2026,3,2026_03,23,466.03,FALSE
Bag - Foldable|EU|FBA|2026_04,Bag - Foldable,EU,FBA,2026,4,2026_04,9,158.39,FALSE
Bag - Foldable|EU|FBA|2026_05,Bag - Foldable,EU,FBA,2026,5,2026_05,88,1335.13,FALSE
Bag - Foldable|EU|FBA|2026_06,Bag - Foldable,EU,FBA,2026,6,2026_06,50,762.87,FALSE
Bag - Foldable|UK|B2B|2024_01,Bag - Foldable,UK,B2B,2024,1,2024_01,20,122.25,FALSE
Bag - Foldable|UK|B2B|2024_02,Bag - Foldable,UK,B2B,2024,2,2024_02,645,4059.79,FALSE
Bag - Foldable|UK|B2B|2024_03,Bag - Foldable,UK,B2B,2024,3,2024_03,972,5586.78,FALSE
Bag - Foldable|UK|B2B|2024_04,Bag - Foldable,UK,B2B,2024,4,2024_04,418,1992.62,FALSE
Bag - Foldable|UK|B2B|2024_05,Bag - Foldable,UK,B2B,2024,5,2024_05,826,6662.97,FALSE
Bag - Foldable|UK|B2B|2024_06,Bag - Foldable,UK,B2B,2024,6,2024_06,1050,6438.41,FALSE
Bag - Foldable|UK|B2B|2024_07,Bag - Foldable,UK,B2B,2024,7,2024_07,2245,16923.1,FALSE
Bag - Foldable|UK|B2B|2024_08,Bag - Foldable,UK,B2B,2024,8,2024_08,1148,6854.16,FALSE
Bag - Foldable|UK|B2B|2024_09,Bag - Foldable,UK,B2B,2024,9,2024_09,95,484.86,FALSE
Bag - Foldable|UK|B2B|2024_10,Bag - Foldable,UK,B2B,2024,10,2024_10,285,1701.06,FALSE
Bag - Foldable|UK|B2B|2024_11,Bag - Foldable,UK,B2B,2024,11,2024_11,952,5446.76,FALSE
Bag - Foldable|UK|B2B|2024_12,Bag - Foldable,UK,B2B,2024,12,2024_12,42,252.09,FALSE
Bag - Foldable|UK|B2B|2025_01,Bag - Foldable,UK,B2B,2025,1,2025_01,231,506.55,FALSE
Bag - Foldable|UK|B2B|2025_02,Bag - Foldable,UK,B2B,2025,2,2025_02,167,17335.87,FALSE
Bag - Foldable|UK|B2B|2025_03,Bag - Foldable,UK,B2B,2025,3,2025_03,-225,16783.74,FALSE
Bag - Foldable|UK|B2B|2025_04,Bag - Foldable,UK,B2B,2025,4,2025_04,472,7516.22,FALSE
Bag - Foldable|UK|B2B|2025_05,Bag - Foldable,UK,B2B,2025,5,2025_05,375,19246.83,FALSE
Bag - Foldable|UK|B2B|2025_06,Bag - Foldable,UK,B2B,2025,6,2025_06,804,4293.19,FALSE
Bag - Foldable|UK|B2B|2025_07,Bag - Foldable,UK,B2B,2025,7,2025_07,767,4541.9,FALSE
Bag - Foldable|UK|B2B|2025_08,Bag - Foldable,UK,B2B,2025,8,2025_08,215,1189.48,FALSE
Bag - Foldable|UK|B2B|2025_09,Bag - Foldable,UK,B2B,2025,9,2025_09,127,744.38,FALSE
Bag - Foldable|UK|B2B|2025_10,Bag - Foldable,UK,B2B,2025,10,2025_10,40,260,FALSE
Bag - Foldable|UK|B2B|2025_11,Bag - Foldable,UK,B2B,2025,11,2025_11,50,265.8,FALSE
Bag - Foldable|UK|B2B|2026_01,Bag - Foldable,UK,B2B,2026,1,2026_01,54,375.48,FALSE
Bag - Foldable|UK|B2B|2026_02,Bag - Foldable,UK,B2B,2026,2,2026_02,1181,79950.86,FALSE
Bag - Foldable|UK|B2B|2026_03,Bag - Foldable,UK,B2B,2026,3,2026_03,866,5834.05,FALSE
Bag - Foldable|UK|B2B|2026_04,Bag - Foldable,UK,B2B,2026,4,2026_04,1120,7258.95,FALSE
Bag - Foldable|UK|B2B|2026_05,Bag - Foldable,UK,B2B,2026,5,2026_05,428,3002.14,FALSE
Bag - Foldable|UK|B2B|2026_06,Bag - Foldable,UK,B2B,2026,6,2026_06,1965,14530.51,FALSE
Bag - Foldable|UK|DTC|2024_01,Bag - Foldable,UK,DTC,2024,1,2024_01,783,9724.97,FALSE
Bag - Foldable|UK|DTC|2024_02,Bag - Foldable,UK,DTC,2024,2,2024_02,965,11395.21,FALSE
Bag - Foldable|UK|DTC|2024_03,Bag - Foldable,UK,DTC,2024,3,2024_03,1480,17253.76,FALSE
Bag - Foldable|UK|DTC|2024_04,Bag - Foldable,UK,DTC,2024,4,2024_04,1808,20934.79,FALSE
Bag - Foldable|UK|DTC|2024_05,Bag - Foldable,UK,DTC,2024,5,2024_05,2027,23892.03,FALSE
Bag - Foldable|UK|DTC|2024_06,Bag - Foldable,UK,DTC,2024,6,2024_06,1706,22286.91,FALSE
Bag - Foldable|UK|DTC|2024_07,Bag - Foldable,UK,DTC,2024,7,2024_07,2814,35652.42,FALSE
Bag - Foldable|UK|DTC|2024_08,Bag - Foldable,UK,DTC,2024,8,2024_08,3127,35933.66,FALSE
Bag - Foldable|UK|DTC|2024_09,Bag - Foldable,UK,DTC,2024,9,2024_09,1442,15804.09,FALSE
Bag - Foldable|UK|DTC|2024_10,Bag - Foldable,UK,DTC,2024,10,2024_10,1152,12619.82,FALSE
Bag - Foldable|UK|DTC|2024_11,Bag - Foldable,UK,DTC,2024,11,2024_11,2320,24921.64,FALSE
Bag - Foldable|UK|DTC|2024_12,Bag - Foldable,UK,DTC,2024,12,2024_12,2553,23819.57,FALSE
Bag - Foldable|UK|DTC|2025_01,Bag - Foldable,UK,DTC,2025,1,2025_01,512,5862,FALSE
Bag - Foldable|UK|DTC|2025_02,Bag - Foldable,UK,DTC,2025,2,2025_02,1366,13935.57,FALSE
Bag - Foldable|UK|DTC|2025_03,Bag - Foldable,UK,DTC,2025,3,2025_03,2584,31051.27,FALSE
Bag - Foldable|UK|DTC|2025_04,Bag - Foldable,UK,DTC,2025,4,2025_04,2684,31178.82,FALSE
Bag - Foldable|UK|DTC|2025_05,Bag - Foldable,UK,DTC,2025,5,2025_05,2975,34331.33,FALSE
Bag - Foldable|UK|DTC|2025_06,Bag - Foldable,UK,DTC,2025,6,2025_06,2546,28005.77,FALSE
Bag - Foldable|UK|DTC|2025_07,Bag - Foldable,UK,DTC,2025,7,2025_07,2786,32595.13,FALSE
Bag - Foldable|UK|DTC|2025_08,Bag - Foldable,UK,DTC,2025,8,2025_08,3588,41043.16,FALSE
Bag - Foldable|UK|DTC|2025_09,Bag - Foldable,UK,DTC,2025,9,2025_09,1886,21728.5,FALSE
Bag - Foldable|UK|DTC|2025_10,Bag - Foldable,UK,DTC,2025,10,2025_10,638,7927.23,FALSE
Bag - Foldable|UK|DTC|2025_11,Bag - Foldable,UK,DTC,2025,11,2025_11,1902,21084.5,FALSE
Bag - Foldable|UK|DTC|2025_12,Bag - Foldable,UK,DTC,2025,12,2025_12,1626,17534.5,FALSE
Bag - Foldable|UK|DTC|2026_01,Bag - Foldable,UK,DTC,2026,1,2026_01,633,7912.63,FALSE
Bag - Foldable|UK|DTC|2026_02,Bag - Foldable,UK,DTC,2026,2,2026_02,312,4451.84,FALSE
Bag - Foldable|UK|DTC|2026_03,Bag - Foldable,UK,DTC,2026,3,2026_03,856,12670.98,FALSE
Bag - Foldable|UK|DTC|2026_04,Bag - Foldable,UK,DTC,2026,4,2026_04,836,12181.57,FALSE
Bag - Foldable|UK|DTC|2026_05,Bag - Foldable,UK,DTC,2026,5,2026_05,1601,22172.52,FALSE
Bag - Foldable|UK|DTC|2026_06,Bag - Foldable,UK,DTC,2026,6,2026_06,1342,19804.41,FALSE
Bag - Foldable|UK|FBA|2024_01,Bag - Foldable,UK,FBA,2024,1,2024_01,288,3425.32,FALSE
Bag - Foldable|UK|FBA|2024_02,Bag - Foldable,UK,FBA,2024,2,2024_02,460,5263.13,FALSE
Bag - Foldable|UK|FBA|2024_03,Bag - Foldable,UK,FBA,2024,3,2024_03,641,7375.57,FALSE
Bag - Foldable|UK|FBA|2024_04,Bag - Foldable,UK,FBA,2024,4,2024_04,418,4865.73,FALSE
Bag - Foldable|UK|FBA|2024_05,Bag - Foldable,UK,FBA,2024,5,2024_05,1508,18027.68,FALSE
Bag - Foldable|UK|FBA|2024_06,Bag - Foldable,UK,FBA,2024,6,2024_06,2078,24213.51,FALSE
Bag - Foldable|UK|FBA|2024_07,Bag - Foldable,UK,FBA,2024,7,2024_07,2860,31275.53,FALSE
Bag - Foldable|UK|FBA|2024_08,Bag - Foldable,UK,FBA,2024,8,2024_08,958,12535.92,FALSE
Bag - Foldable|UK|FBA|2024_09,Bag - Foldable,UK,FBA,2024,9,2024_09,670,8000.61,FALSE
Bag - Foldable|UK|FBA|2024_10,Bag - Foldable,UK,FBA,2024,10,2024_10,339,4298.26,FALSE
Bag - Foldable|UK|FBA|2024_11,Bag - Foldable,UK,FBA,2024,11,2024_11,711,7527.36,FALSE
Bag - Foldable|UK|FBA|2024_12,Bag - Foldable,UK,FBA,2024,12,2024_12,547,6229.98,FALSE
Bag - Foldable|UK|FBA|2025_01,Bag - Foldable,UK,FBA,2025,1,2025_01,146,1829.29,FALSE
Bag - Foldable|UK|FBA|2025_02,Bag - Foldable,UK,FBA,2025,2,2025_02,291,3640.13,FALSE
Bag - Foldable|UK|FBA|2025_03,Bag - Foldable,UK,FBA,2025,3,2025_03,1370,15468.19,FALSE
Bag - Foldable|UK|FBA|2025_04,Bag - Foldable,UK,FBA,2025,4,2025_04,1555,17620.78,FALSE
Bag - Foldable|UK|FBA|2025_05,Bag - Foldable,UK,FBA,2025,5,2025_05,1629,20118.7,FALSE
Bag - Foldable|UK|FBA|2025_06,Bag - Foldable,UK,FBA,2025,6,2025_06,1242,15649.52,FALSE
Bag - Foldable|UK|FBA|2025_07,Bag - Foldable,UK,FBA,2025,7,2025_07,1418,17027.48,FALSE
Bag - Foldable|UK|FBA|2025_08,Bag - Foldable,UK,FBA,2025,8,2025_08,1510,18282.5,FALSE
Bag - Foldable|UK|FBA|2025_09,Bag - Foldable,UK,FBA,2025,9,2025_09,775,9625.94,FALSE
Bag - Foldable|UK|FBA|2025_10,Bag - Foldable,UK,FBA,2025,10,2025_10,648,7542.7,FALSE
Bag - Foldable|UK|FBA|2025_11,Bag - Foldable,UK,FBA,2025,11,2025_11,417,5150.48,FALSE
Bag - Foldable|UK|FBA|2025_12,Bag - Foldable,UK,FBA,2025,12,2025_12,491,6198.6,FALSE
Bag - Foldable|UK|FBA|2026_01,Bag - Foldable,UK,FBA,2026,1,2026_01,468,5733.99,FALSE
Bag - Foldable|UK|FBA|2026_02,Bag - Foldable,UK,FBA,2026,2,2026_02,499,6301.53,FALSE
Bag - Foldable|UK|FBA|2026_03,Bag - Foldable,UK,FBA,2026,3,2026_03,517,6846.52,FALSE
Bag - Foldable|UK|FBA|2026_04,Bag - Foldable,UK,FBA,2026,4,2026_04,807,10571.3,FALSE
Bag - Foldable|UK|FBA|2026_05,Bag - Foldable,UK,FBA,2026,5,2026_05,1180,16140.35,FALSE
Bag - Foldable|UK|FBA|2026_06,Bag - Foldable,UK,FBA,2026,6,2026_06,708,9707.62,FALSE
Bag - Foldable|US|B2B|2024_01,Bag - Foldable,US,B2B,2024,1,2024_01,654,4315.93,FALSE
Bag - Foldable|US|B2B|2024_02,Bag - Foldable,US,B2B,2024,2,2024_02,1604,10476.68,FALSE
Bag - Foldable|US|B2B|2024_03,Bag - Foldable,US,B2B,2024,3,2024_03,1170,8146.42,FALSE
Bag - Foldable|US|B2B|2024_04,Bag - Foldable,US,B2B,2024,4,2024_04,731,3944.61,FALSE
Bag - Foldable|US|B2B|2024_05,Bag - Foldable,US,B2B,2024,5,2024_05,1421,10394.71,FALSE
Bag - Foldable|US|B2B|2024_06,Bag - Foldable,US,B2B,2024,6,2024_06,608,4249.01,FALSE
Bag - Foldable|US|B2B|2024_07,Bag - Foldable,US,B2B,2024,7,2024_07,139,1085.54,FALSE
Bag - Foldable|US|B2B|2024_08,Bag - Foldable,US,B2B,2024,8,2024_08,90,543.18,FALSE
Bag - Foldable|US|B2B|2024_09,Bag - Foldable,US,B2B,2024,9,2024_09,330,927.09,FALSE
Bag - Foldable|US|B2B|2024_10,Bag - Foldable,US,B2B,2024,10,2024_10,140,1072.11,FALSE
Bag - Foldable|US|B2B|2024_11,Bag - Foldable,US,B2B,2024,11,2024_11,72,65.65,FALSE
Bag - Foldable|US|B2B|2024_12,Bag - Foldable,US,B2B,2024,12,2024_12,206,18190.4,FALSE
Bag - Foldable|US|B2B|2025_01,Bag - Foldable,US,B2B,2025,1,2025_01,1182,3133.86,FALSE
Bag - Foldable|US|B2B|2025_02,Bag - Foldable,US,B2B,2025,2,2025_02,1113,9224.43,FALSE
Bag - Foldable|US|B2B|2025_03,Bag - Foldable,US,B2B,2025,3,2025_03,1027,8469.75,FALSE
Bag - Foldable|US|B2B|2025_04,Bag - Foldable,US,B2B,2025,4,2025_04,684,5356.96,FALSE
Bag - Foldable|US|B2B|2025_05,Bag - Foldable,US,B2B,2025,5,2025_05,619,4827.65,FALSE
Bag - Foldable|US|B2B|2025_06,Bag - Foldable,US,B2B,2025,6,2025_06,560,4273.95,FALSE
Bag - Foldable|US|B2B|2025_07,Bag - Foldable,US,B2B,2025,7,2025_07,161,1431.7,FALSE
Bag - Foldable|US|B2B|2025_08,Bag - Foldable,US,B2B,2025,8,2025_08,1037,11551.47,FALSE
Bag - Foldable|US|B2B|2025_09,Bag - Foldable,US,B2B,2025,9,2025_09,64,514.38,FALSE
Bag - Foldable|US|B2B|2025_10,Bag - Foldable,US,B2B,2025,10,2025_10,116,547.99,FALSE
Bag - Foldable|US|B2B|2025_11,Bag - Foldable,US,B2B,2025,11,2025_11,7,30.56,FALSE
Bag - Foldable|US|B2B|2025_12,Bag - Foldable,US,B2B,2025,12,2025_12,4,-3.34,FALSE
Bag - Foldable|US|B2B|2026_01,Bag - Foldable,US,B2B,2026,1,2026_01,84,730.32,FALSE
Bag - Foldable|US|B2B|2026_02,Bag - Foldable,US,B2B,2026,2,2026_02,3441,24534.4,FALSE
Bag - Foldable|US|B2B|2026_03,Bag - Foldable,US,B2B,2026,3,2026_03,1051,8729.85,FALSE
Bag - Foldable|US|B2B|2026_04,Bag - Foldable,US,B2B,2026,4,2026_04,625,5612.89,FALSE
Bag - Foldable|US|B2B|2026_05,Bag - Foldable,US,B2B,2026,5,2026_05,507,5171.76,FALSE
Bag - Foldable|US|B2B|2026_06,Bag - Foldable,US,B2B,2026,6,2026_06,241,2218.14,FALSE
Bag - Foldable|US|DTC|2024_01,Bag - Foldable,US,DTC,2024,1,2024_01,130,1481.33,FALSE
Bag - Foldable|US|DTC|2024_02,Bag - Foldable,US,DTC,2024,2,2024_02,386,4857.72,FALSE
Bag - Foldable|US|DTC|2024_03,Bag - Foldable,US,DTC,2024,3,2024_03,225,2690.25,FALSE
Bag - Foldable|US|DTC|2024_04,Bag - Foldable,US,DTC,2024,4,2024_04,435,2532.9,FALSE
Bag - Foldable|US|DTC|2024_05,Bag - Foldable,US,DTC,2024,5,2024_05,329,4239.58,FALSE
Bag - Foldable|US|DTC|2024_06,Bag - Foldable,US,DTC,2024,6,2024_06,318,5122.98,FALSE
Bag - Foldable|US|DTC|2024_07,Bag - Foldable,US,DTC,2024,7,2024_07,329,4409.32,FALSE
Bag - Foldable|US|DTC|2024_08,Bag - Foldable,US,DTC,2024,8,2024_08,209,2792.63,FALSE
Bag - Foldable|US|DTC|2024_09,Bag - Foldable,US,DTC,2024,9,2024_09,122,1631.83,FALSE
Bag - Foldable|US|DTC|2024_10,Bag - Foldable,US,DTC,2024,10,2024_10,143,1672.23,FALSE
Bag - Foldable|US|DTC|2024_11,Bag - Foldable,US,DTC,2024,11,2024_11,140,1764.47,FALSE
Bag - Foldable|US|DTC|2024_12,Bag - Foldable,US,DTC,2024,12,2024_12,538,7079.73,FALSE
Bag - Foldable|US|DTC|2025_01,Bag - Foldable,US,DTC,2025,1,2025_01,291,8783.71,FALSE
Bag - Foldable|US|DTC|2025_02,Bag - Foldable,US,DTC,2025,2,2025_02,512,5444.07,FALSE
Bag - Foldable|US|DTC|2025_03,Bag - Foldable,US,DTC,2025,3,2025_03,696,9465.84,FALSE
Bag - Foldable|US|DTC|2025_04,Bag - Foldable,US,DTC,2025,4,2025_04,436,6776.41,FALSE
Bag - Foldable|US|DTC|2025_05,Bag - Foldable,US,DTC,2025,5,2025_05,830,12625.03,FALSE
Bag - Foldable|US|DTC|2025_06,Bag - Foldable,US,DTC,2025,6,2025_06,385,5858.59,FALSE
Bag - Foldable|US|DTC|2025_07,Bag - Foldable,US,DTC,2025,7,2025_07,331,5266.42,FALSE
Bag - Foldable|US|DTC|2025_08,Bag - Foldable,US,DTC,2025,8,2025_08,269,4233.46,FALSE
Bag - Foldable|US|DTC|2025_09,Bag - Foldable,US,DTC,2025,9,2025_09,127,1842.51,FALSE
Bag - Foldable|US|DTC|2025_10,Bag - Foldable,US,DTC,2025,10,2025_10,73,1117.6,FALSE
Bag - Foldable|US|DTC|2025_11,Bag - Foldable,US,DTC,2025,11,2025_11,149,2070.07,FALSE
Bag - Foldable|US|DTC|2025_12,Bag - Foldable,US,DTC,2025,12,2025_12,147,2127.98,FALSE
Bag - Foldable|US|DTC|2026_01,Bag - Foldable,US,DTC,2026,1,2026_01,153,2611.01,FALSE
Bag - Foldable|US|DTC|2026_02,Bag - Foldable,US,DTC,2026,2,2026_02,189,2923.14,FALSE
Bag - Foldable|US|DTC|2026_03,Bag - Foldable,US,DTC,2026,3,2026_03,339,5986.79,FALSE
Bag - Foldable|US|DTC|2026_04,Bag - Foldable,US,DTC,2026,4,2026_04,285,4886.36,FALSE
Bag - Foldable|US|DTC|2026_05,Bag - Foldable,US,DTC,2026,5,2026_05,438,7331.33,FALSE
Bag - Foldable|US|DTC|2026_06,Bag - Foldable,US,DTC,2026,6,2026_06,198,3391.84,FALSE
Bag - Foldable|US|FBA|2024_01,Bag - Foldable,US,FBA,2024,1,2024_01,20,280.23,FALSE
Bag - Foldable|US|FBA|2024_02,Bag - Foldable,US,FBA,2024,2,2024_02,74,1003.99,FALSE
Bag - Foldable|US|FBA|2024_03,Bag - Foldable,US,FBA,2024,3,2024_03,139,1913.91,FALSE
Bag - Foldable|US|FBA|2024_04,Bag - Foldable,US,FBA,2024,4,2024_04,110,1683.14,FALSE
Bag - Foldable|US|FBA|2024_05,Bag - Foldable,US,FBA,2024,5,2024_05,146,2121.74,FALSE
Bag - Foldable|US|FBA|2024_06,Bag - Foldable,US,FBA,2024,6,2024_06,204,3015.34,FALSE
Bag - Foldable|US|FBA|2024_07,Bag - Foldable,US,FBA,2024,7,2024_07,183,2419.4,FALSE
Bag - Foldable|US|FBA|2024_08,Bag - Foldable,US,FBA,2024,8,2024_08,65,970.72,FALSE
Bag - Foldable|US|FBA|2024_09,Bag - Foldable,US,FBA,2024,9,2024_09,57,741.95,FALSE
Bag - Foldable|US|FBA|2024_10,Bag - Foldable,US,FBA,2024,10,2024_10,45,565.61,FALSE
Bag - Foldable|US|FBA|2024_11,Bag - Foldable,US,FBA,2024,11,2024_11,47,623.45,FALSE
Bag - Foldable|US|FBA|2024_12,Bag - Foldable,US,FBA,2024,12,2024_12,71,986.34,FALSE
Bag - Foldable|US|FBA|2025_01,Bag - Foldable,US,FBA,2025,1,2025_01,52,861.14,FALSE
Bag - Foldable|US|FBA|2025_02,Bag - Foldable,US,FBA,2025,2,2025_02,166,2430.3,FALSE
Bag - Foldable|US|FBA|2025_03,Bag - Foldable,US,FBA,2025,3,2025_03,539,7101.9,FALSE
Bag - Foldable|US|FBA|2025_04,Bag - Foldable,US,FBA,2025,4,2025_04,645,8553.92,FALSE
Bag - Foldable|US|FBA|2025_05,Bag - Foldable,US,FBA,2025,5,2025_05,625,9199.4,FALSE
Bag - Foldable|US|FBA|2025_06,Bag - Foldable,US,FBA,2025,6,2025_06,402,6143.44,FALSE
Bag - Foldable|US|FBA|2025_07,Bag - Foldable,US,FBA,2025,7,2025_07,330,5180.32,FALSE
Bag - Foldable|US|FBA|2025_08,Bag - Foldable,US,FBA,2025,8,2025_08,194,2827.74,FALSE
Bag - Foldable|US|FBA|2025_09,Bag - Foldable,US,FBA,2025,9,2025_09,46,790.45,FALSE
Bag - Foldable|US|FBA|2025_10,Bag - Foldable,US,FBA,2025,10,2025_10,82,1205.99,FALSE
Bag - Foldable|US|FBA|2025_11,Bag - Foldable,US,FBA,2025,11,2025_11,49,813.07,FALSE
Bag - Foldable|US|FBA|2025_12,Bag - Foldable,US,FBA,2025,12,2025_12,55,863.75,FALSE
Bag - Foldable|US|FBA|2026_01,Bag - Foldable,US,FBA,2026,1,2026_01,86,1275.57,FALSE
Bag - Foldable|US|FBA|2026_02,Bag - Foldable,US,FBA,2026,2,2026_02,269,4309.29,FALSE
Bag - Foldable|US|FBA|2026_03,Bag - Foldable,US,FBA,2026,3,2026_03,2142,36496.53,FALSE
Bag - Foldable|US|FBA|2026_04,Bag - Foldable,US,FBA,2026,4,2026_04,1178,19624.63,FALSE
Bag - Foldable|US|FBA|2026_05,Bag - Foldable,US,FBA,2026,5,2026_05,1745,30719.24,FALSE
Bag - Foldable|US|FBA|2026_06,Bag - Foldable,US,FBA,2026,6,2026_06,1020,17642.3,FALSE
Bag - Toiletry|AU|DTC|2024_10,Bag - Toiletry,AU,DTC,2024,10,2024_10,14,199.32,FALSE
Bag - Toiletry|AU|DTC|2024_11,Bag - Toiletry,AU,DTC,2024,11,2024_11,54,843.98,FALSE
Bag - Toiletry|AU|DTC|2024_12,Bag - Toiletry,AU,DTC,2024,12,2024_12,30,486.62,FALSE
Bag - Toiletry|AU|DTC|2025_01,Bag - Toiletry,AU,DTC,2025,1,2025_01,14,230.54,FALSE
Bag - Toiletry|AU|DTC|2025_02,Bag - Toiletry,AU,DTC,2025,2,2025_02,10,98.62,FALSE
Bag - Toiletry|AU|DTC|2025_03,Bag - Toiletry,AU,DTC,2025,3,2025_03,6,96.12,FALSE
Bag - Toiletry|AU|DTC|2025_04,Bag - Toiletry,AU,DTC,2025,4,2025_04,4,66.36,FALSE
Bag - Toiletry|AU|DTC|2025_05,Bag - Toiletry,AU,DTC,2025,5,2025_05,10,166.2,FALSE
Bag - Toiletry|AU|DTC|2025_06,Bag - Toiletry,AU,DTC,2025,6,2025_06,16,219.9,FALSE
Bag - Toiletry|AU|DTC|2025_07,Bag - Toiletry,AU,DTC,2025,7,2025_07,20,307.08,FALSE
Bag - Toiletry|AU|DTC|2025_08,Bag - Toiletry,AU,DTC,2025,8,2025_08,12,199.42,FALSE
Bag - Toiletry|AU|DTC|2025_09,Bag - Toiletry,AU,DTC,2025,9,2025_09,20,300.71,FALSE
Bag - Toiletry|AU|DTC|2025_10,Bag - Toiletry,AU,DTC,2025,10,2025_10,41,613.9,FALSE
Bag - Toiletry|AU|DTC|2025_11,Bag - Toiletry,AU,DTC,2025,11,2025_11,121,1705.29,FALSE
Bag - Toiletry|AU|DTC|2025_12,Bag - Toiletry,AU,DTC,2025,12,2025_12,128,1732.02,FALSE
Bag - Toiletry|AU|DTC|2026_01,Bag - Toiletry,AU,DTC,2026,1,2026_01,10,175.52,FALSE
Bag - Toiletry|AU|DTC|2026_02,Bag - Toiletry,AU,DTC,2026,2,2026_02,14,219.9,FALSE
Bag - Toiletry|AU|DTC|2026_03,Bag - Toiletry,AU,DTC,2026,3,2026_03,10,185.23,FALSE
Bag - Toiletry|AU|DTC|2026_04,Bag - Toiletry,AU,DTC,2026,4,2026_04,2,38.46,FALSE
Bag - Toiletry|AU|DTC|2026_05,Bag - Toiletry,AU,DTC,2026,5,2026_05,2,42.21,FALSE
Bag - Toiletry|AU|DTC|2026_06,Bag - Toiletry,AU,DTC,2026,6,2026_06,1,0,FALSE
Bag - Toiletry|AU|FBA|2025_10,Bag - Toiletry,AU,FBA,2025,10,2025_10,1,17.86,FALSE
Bag - Toiletry|AU|FBA|2026_01,Bag - Toiletry,AU,FBA,2026,1,2026_01,1,17.06,FALSE
Bag - Toiletry|AU|FBA|2026_04,Bag - Toiletry,AU,FBA,2026,4,2026_04,1,22.44,FALSE
Bag - Toiletry|EU|B2B|2024_07,Bag - Toiletry,EU,B2B,2024,7,2024_07,18,142.92,FALSE
Bag - Toiletry|EU|B2B|2024_08,Bag - Toiletry,EU,B2B,2024,8,2024_08,10,32.92,FALSE
Bag - Toiletry|EU|B2B|2024_09,Bag - Toiletry,EU,B2B,2024,9,2024_09,24,130.08,FALSE
Bag - Toiletry|EU|B2B|2024_10,Bag - Toiletry,EU,B2B,2024,10,2024_10,14,141.88,FALSE
Bag - Toiletry|EU|B2B|2024_12,Bag - Toiletry,EU,B2B,2024,12,2024_12,8,34.72,FALSE
Bag - Toiletry|EU|B2B|2025_02,Bag - Toiletry,EU,B2B,2025,2,2025_02,2,0,FALSE
Bag - Toiletry|EU|B2B|2025_06,Bag - Toiletry,EU,B2B,2025,6,2025_06,20,180.94,FALSE
Bag - Toiletry|EU|B2B|2025_07,Bag - Toiletry,EU,B2B,2025,7,2025_07,46,386.04,FALSE
Bag - Toiletry|EU|B2B|2025_09,Bag - Toiletry,EU,B2B,2025,9,2025_09,8,72.2,FALSE
Bag - Toiletry|EU|B2B|2025_11,Bag - Toiletry,EU,B2B,2025,11,2025_11,48,461.54,FALSE
Bag - Toiletry|EU|B2B|2025_12,Bag - Toiletry,EU,B2B,2025,12,2025_12,14,103.12,FALSE
Bag - Toiletry|EU|B2B|2026_01,Bag - Toiletry,EU,B2B,2026,1,2026_01,12,122.3,FALSE
Bag - Toiletry|EU|B2B|2026_02,Bag - Toiletry,EU,B2B,2026,2,2026_02,18,375.44,FALSE
Bag - Toiletry|EU|B2B|2026_03,Bag - Toiletry,EU,B2B,2026,3,2026_03,18,162.78,FALSE
Bag - Toiletry|EU|B2B|2026_04,Bag - Toiletry,EU,B2B,2026,4,2026_04,22,194.88,FALSE
Bag - Toiletry|EU|B2B|2026_05,Bag - Toiletry,EU,B2B,2026,5,2026_05,22,54.01,FALSE
Bag - Toiletry|EU|B2B|2026_06,Bag - Toiletry,EU,B2B,2026,6,2026_06,14,138.81,FALSE
Bag - Toiletry|EU|DTC|2024_06,Bag - Toiletry,EU,DTC,2024,6,2024_06,8,183.38,FALSE
Bag - Toiletry|EU|DTC|2024_07,Bag - Toiletry,EU,DTC,2024,7,2024_07,16,313.64,FALSE
Bag - Toiletry|EU|DTC|2024_08,Bag - Toiletry,EU,DTC,2024,8,2024_08,14,225.5,FALSE
Bag - Toiletry|EU|DTC|2024_09,Bag - Toiletry,EU,DTC,2024,9,2024_09,8,144.2,FALSE
Bag - Toiletry|EU|DTC|2024_10,Bag - Toiletry,EU,DTC,2024,10,2024_10,2,28.36,FALSE
Bag - Toiletry|EU|DTC|2024_11,Bag - Toiletry,EU,DTC,2024,11,2024_11,4,71.52,FALSE
Bag - Toiletry|EU|DTC|2024_12,Bag - Toiletry,EU,DTC,2024,12,2024_12,26,395.12,FALSE
Bag - Toiletry|EU|DTC|2025_01,Bag - Toiletry,EU,DTC,2025,1,2025_01,2,34.04,FALSE
Bag - Toiletry|EU|DTC|2025_06,Bag - Toiletry,EU,DTC,2025,6,2025_06,56,873.28,FALSE
Bag - Toiletry|EU|DTC|2025_07,Bag - Toiletry,EU,DTC,2025,7,2025_07,32,457.76,FALSE
Bag - Toiletry|EU|DTC|2025_09,Bag - Toiletry,EU,DTC,2025,9,2025_09,6,64.02,FALSE
Bag - Toiletry|EU|DTC|2025_10,Bag - Toiletry,EU,DTC,2025,10,2025_10,1,21.31,FALSE
Bag - Toiletry|EU|DTC|2025_11,Bag - Toiletry,EU,DTC,2025,11,2025_11,24,360.83,FALSE
Bag - Toiletry|EU|DTC|2025_12,Bag - Toiletry,EU,DTC,2025,12,2025_12,25,470.44,FALSE
Bag - Toiletry|EU|DTC|2026_01,Bag - Toiletry,EU,DTC,2026,1,2026_01,28,511.64,FALSE
Bag - Toiletry|EU|DTC|2026_02,Bag - Toiletry,EU,DTC,2026,2,2026_02,1,15.15,FALSE
Bag - Toiletry|EU|DTC|2026_03,Bag - Toiletry,EU,DTC,2026,3,2026_03,5,83.82,FALSE
Bag - Toiletry|EU|DTC|2026_04,Bag - Toiletry,EU,DTC,2026,4,2026_04,8,146.37,FALSE
Bag - Toiletry|EU|DTC|2026_05,Bag - Toiletry,EU,DTC,2026,5,2026_05,31,513.2,FALSE
Bag - Toiletry|EU|DTC|2026_06,Bag - Toiletry,EU,DTC,2026,6,2026_06,12,235.76,FALSE
Bag - Toiletry|EU|FBA|2025_09,Bag - Toiletry,EU,FBA,2025,9,2025_09,2,52.18,FALSE
Bag - Toiletry|EU|FBA|2025_12,Bag - Toiletry,EU,FBA,2025,12,2025_12,2,52.48,FALSE
Bag - Toiletry|EU|FBA|2026_01,Bag - Toiletry,EU,FBA,2026,1,2026_01,1,26.03,FALSE
Bag - Toiletry|EU|FBA|2026_05,Bag - Toiletry,EU,FBA,2026,5,2026_05,1,20.73,FALSE
Bag - Toiletry|UK|B2B|2024_04,Bag - Toiletry,UK,B2B,2024,4,2024_04,50,421.36,FALSE
Bag - Toiletry|UK|B2B|2024_05,Bag - Toiletry,UK,B2B,2024,5,2024_05,72,659.6,FALSE
Bag - Toiletry|UK|B2B|2024_06,Bag - Toiletry,UK,B2B,2024,6,2024_06,122,1090.88,FALSE
Bag - Toiletry|UK|B2B|2024_07,Bag - Toiletry,UK,B2B,2024,7,2024_07,88,794.7,FALSE
Bag - Toiletry|UK|B2B|2024_08,Bag - Toiletry,UK,B2B,2024,8,2024_08,168,1547.02,FALSE
Bag - Toiletry|UK|B2B|2024_10,Bag - Toiletry,UK,B2B,2024,10,2024_10,32,317.22,FALSE
Bag - Toiletry|UK|B2B|2024_11,Bag - Toiletry,UK,B2B,2024,11,2024_11,82,756.5,FALSE
Bag - Toiletry|UK|B2B|2024_12,Bag - Toiletry,UK,B2B,2024,12,2024_12,46,426.7,FALSE
Bag - Toiletry|UK|B2B|2025_01,Bag - Toiletry,UK,B2B,2025,1,2025_01,4,73.32,FALSE
Bag - Toiletry|UK|B2B|2025_02,Bag - Toiletry,UK,B2B,2025,2,2025_02,8,80.68,FALSE
Bag - Toiletry|UK|B2B|2025_03,Bag - Toiletry,UK,B2B,2025,3,2025_03,12,114.52,FALSE
Bag - Toiletry|UK|B2B|2025_04,Bag - Toiletry,UK,B2B,2025,4,2025_04,118,1974.2,FALSE
Bag - Toiletry|UK|B2B|2025_05,Bag - Toiletry,UK,B2B,2025,5,2025_05,56,520.04,FALSE
Bag - Toiletry|UK|B2B|2025_06,Bag - Toiletry,UK,B2B,2025,6,2025_06,32,297.26,FALSE
Bag - Toiletry|UK|B2B|2025_07,Bag - Toiletry,UK,B2B,2025,7,2025_07,12,101.12,FALSE
Bag - Toiletry|UK|B2B|2025_09,Bag - Toiletry,UK,B2B,2025,9,2025_09,50,415.8,FALSE
Bag - Toiletry|UK|B2B|2025_10,Bag - Toiletry,UK,B2B,2025,10,2025_10,68,658.36,FALSE
Bag - Toiletry|UK|B2B|2025_11,Bag - Toiletry,UK,B2B,2025,11,2025_11,90,1846.26,FALSE
Bag - Toiletry|UK|B2B|2025_12,Bag - Toiletry,UK,B2B,2025,12,2025_12,12,128.52,FALSE
Bag - Toiletry|UK|B2B|2026_01,Bag - Toiletry,UK,B2B,2026,1,2026_01,84,821.44,FALSE
Bag - Toiletry|UK|B2B|2026_02,Bag - Toiletry,UK,B2B,2026,2,2026_02,118,1864.59,FALSE
Bag - Toiletry|UK|B2B|2026_03,Bag - Toiletry,UK,B2B,2026,3,2026_03,43,435.73,FALSE
Bag - Toiletry|UK|B2B|2026_04,Bag - Toiletry,UK,B2B,2026,4,2026_04,98,964.48,FALSE
Bag - Toiletry|UK|B2B|2026_05,Bag - Toiletry,UK,B2B,2026,5,2026_05,266,2398.31,FALSE
Bag - Toiletry|UK|B2B|2026_06,Bag - Toiletry,UK,B2B,2026,6,2026_06,209,2165.28,FALSE
Bag - Toiletry|UK|DTC|2024_04,Bag - Toiletry,UK,DTC,2024,4,2024_04,26,373.96,FALSE
Bag - Toiletry|UK|DTC|2024_05,Bag - Toiletry,UK,DTC,2024,5,2024_05,342,6083.04,FALSE
Bag - Toiletry|UK|DTC|2024_06,Bag - Toiletry,UK,DTC,2024,6,2024_06,182,3046.66,FALSE
Bag - Toiletry|UK|DTC|2024_07,Bag - Toiletry,UK,DTC,2024,7,2024_07,276,4615.06,FALSE
Bag - Toiletry|UK|DTC|2024_08,Bag - Toiletry,UK,DTC,2024,8,2024_08,352,5425.02,FALSE
Bag - Toiletry|UK|DTC|2024_09,Bag - Toiletry,UK,DTC,2024,9,2024_09,186,3069.88,FALSE
Bag - Toiletry|UK|DTC|2024_10,Bag - Toiletry,UK,DTC,2024,10,2024_10,48,822.12,FALSE
Bag - Toiletry|UK|DTC|2024_11,Bag - Toiletry,UK,DTC,2024,11,2024_11,440,7123.2,FALSE
Bag - Toiletry|UK|DTC|2024_12,Bag - Toiletry,UK,DTC,2024,12,2024_12,218,3489.68,FALSE
Bag - Toiletry|UK|DTC|2025_01,Bag - Toiletry,UK,DTC,2025,1,2025_01,32,601.8,FALSE
Bag - Toiletry|UK|DTC|2025_03,Bag - Toiletry,UK,DTC,2025,3,2025_03,82,1539.66,FALSE
Bag - Toiletry|UK|DTC|2025_04,Bag - Toiletry,UK,DTC,2025,4,2025_04,200,3644.44,FALSE
Bag - Toiletry|UK|DTC|2025_05,Bag - Toiletry,UK,DTC,2025,5,2025_05,296,4758.76,FALSE
Bag - Toiletry|UK|DTC|2025_06,Bag - Toiletry,UK,DTC,2025,6,2025_06,222,3765.54,FALSE
Bag - Toiletry|UK|DTC|2025_07,Bag - Toiletry,UK,DTC,2025,7,2025_07,104,1704.98,FALSE
Bag - Toiletry|UK|DTC|2025_09,Bag - Toiletry,UK,DTC,2025,9,2025_09,58,1135.18,FALSE
Bag - Toiletry|UK|DTC|2025_10,Bag - Toiletry,UK,DTC,2025,10,2025_10,141,2725.23,FALSE
Bag - Toiletry|UK|DTC|2025_11,Bag - Toiletry,UK,DTC,2025,11,2025_11,661,11264.99,FALSE
Bag - Toiletry|UK|DTC|2025_12,Bag - Toiletry,UK,DTC,2025,12,2025_12,583,9828.9,FALSE
Bag - Toiletry|UK|DTC|2026_01,Bag - Toiletry,UK,DTC,2026,1,2026_01,323,4794.35,FALSE
Bag - Toiletry|UK|DTC|2026_02,Bag - Toiletry,UK,DTC,2026,2,2026_02,123,2310.67,FALSE
Bag - Toiletry|UK|DTC|2026_03,Bag - Toiletry,UK,DTC,2026,3,2026_03,162,3268.17,FALSE
Bag - Toiletry|UK|DTC|2026_04,Bag - Toiletry,UK,DTC,2026,4,2026_04,125,2537.47,FALSE
Bag - Toiletry|UK|DTC|2026_05,Bag - Toiletry,UK,DTC,2026,5,2026_05,215,4071.09,FALSE
Bag - Toiletry|UK|DTC|2026_06,Bag - Toiletry,UK,DTC,2026,6,2026_06,165,3234.12,FALSE
Bag - Toiletry|UK|FBA|2024_06,Bag - Toiletry,UK,FBA,2024,6,2024_06,2,45.64,FALSE
Bag - Toiletry|UK|FBA|2024_07,Bag - Toiletry,UK,FBA,2024,7,2024_07,8,184.56,FALSE
Bag - Toiletry|UK|FBA|2024_08,Bag - Toiletry,UK,FBA,2024,8,2024_08,4,104.66,FALSE
Bag - Toiletry|UK|FBA|2024_09,Bag - Toiletry,UK,FBA,2024,9,2024_09,2,49.68,FALSE
Bag - Toiletry|UK|FBA|2024_11,Bag - Toiletry,UK,FBA,2024,11,2024_11,4,99.26,FALSE
Bag - Toiletry|UK|FBA|2025_03,Bag - Toiletry,UK,FBA,2025,3,2025_03,4,106.64,FALSE
Bag - Toiletry|UK|FBA|2025_04,Bag - Toiletry,UK,FBA,2025,4,2025_04,4,106.64,FALSE
Bag - Toiletry|UK|FBA|2025_05,Bag - Toiletry,UK,FBA,2025,5,2025_05,16,300.88,FALSE
Bag - Toiletry|UK|FBA|2025_06,Bag - Toiletry,UK,FBA,2025,6,2025_06,20,381.26,FALSE
Bag - Toiletry|UK|FBA|2025_07,Bag - Toiletry,UK,FBA,2025,7,2025_07,6,118.96,FALSE
Bag - Toiletry|UK|FBA|2025_09,Bag - Toiletry,UK,FBA,2025,9,2025_09,1,23.38,FALSE
Bag - Toiletry|UK|FBA|2025_10,Bag - Toiletry,UK,FBA,2025,10,2025_10,15,310.13,FALSE
Bag - Toiletry|UK|FBA|2025_11,Bag - Toiletry,UK,FBA,2025,11,2025_11,22,459.51,FALSE
Bag - Toiletry|UK|FBA|2025_12,Bag - Toiletry,UK,FBA,2025,12,2025_12,60,1297.81,FALSE
Bag - Toiletry|UK|FBA|2026_01,Bag - Toiletry,UK,FBA,2026,1,2026_01,13,285.98,FALSE
Bag - Toiletry|UK|FBA|2026_02,Bag - Toiletry,UK,FBA,2026,2,2026_02,16,350.7,FALSE
Bag - Toiletry|UK|FBA|2026_03,Bag - Toiletry,UK,FBA,2026,3,2026_03,27,593.15,FALSE
Bag - Toiletry|UK|FBA|2026_04,Bag - Toiletry,UK,FBA,2026,4,2026_04,40,785.04,FALSE
Bag - Toiletry|UK|FBA|2026_05,Bag - Toiletry,UK,FBA,2026,5,2026_05,34,703.32,FALSE
Bag - Toiletry|UK|FBA|2026_06,Bag - Toiletry,UK,FBA,2026,6,2026_06,15,296.36,FALSE
Bag - Toiletry|US|B2B|2024_01,Bag - Toiletry,US,B2B,2024,1,2024_01,6,66.76,FALSE
Bag - Toiletry|US|B2B|2024_04,Bag - Toiletry,US,B2B,2024,4,2024_04,114,992.7,FALSE
Bag - Toiletry|US|B2B|2024_05,Bag - Toiletry,US,B2B,2024,5,2024_05,136,1550.58,FALSE
Bag - Toiletry|US|B2B|2024_06,Bag - Toiletry,US,B2B,2024,6,2024_06,132,1455,FALSE
Bag - Toiletry|US|B2B|2024_07,Bag - Toiletry,US,B2B,2024,7,2024_07,28,330.5,FALSE
Bag - Toiletry|US|B2B|2024_08,Bag - Toiletry,US,B2B,2024,8,2024_08,94,1009.32,FALSE
Bag - Toiletry|US|B2B|2024_09,Bag - Toiletry,US,B2B,2024,9,2024_09,16,171.24,FALSE
Bag - Toiletry|US|B2B|2024_11,Bag - Toiletry,US,B2B,2024,11,2024_11,304,2361.28,FALSE
Bag - Toiletry|US|B2B|2024_12,Bag - Toiletry,US,B2B,2024,12,2024_12,160,1064.24,FALSE
Bag - Toiletry|US|B2B|2025_01,Bag - Toiletry,US,B2B,2025,1,2025_01,8,86.46,FALSE
Bag - Toiletry|US|B2B|2025_02,Bag - Toiletry,US,B2B,2025,2,2025_02,374,3972.38,FALSE
Bag - Toiletry|US|B2B|2025_03,Bag - Toiletry,US,B2B,2025,3,2025_03,170,1912.48,FALSE
Bag - Toiletry|US|B2B|2025_04,Bag - Toiletry,US,B2B,2025,4,2025_04,10,48.08,FALSE
Bag - Toiletry|US|B2B|2025_05,Bag - Toiletry,US,B2B,2025,5,2025_05,42,511.32,FALSE
Bag - Toiletry|US|B2B|2025_06,Bag - Toiletry,US,B2B,2025,6,2025_06,22,232.4,FALSE
Bag - Toiletry|US|B2B|2025_07,Bag - Toiletry,US,B2B,2025,7,2025_07,24,335.54,FALSE
Bag - Toiletry|US|B2B|2025_09,Bag - Toiletry,US,B2B,2025,9,2025_09,88,1254.73,FALSE
Bag - Toiletry|US|B2B|2025_10,Bag - Toiletry,US,B2B,2025,10,2025_10,14,182.4,FALSE
Bag - Toiletry|US|B2B|2025_11,Bag - Toiletry,US,B2B,2025,11,2025_11,3,0,FALSE
Bag - Toiletry|US|B2B|2025_12,Bag - Toiletry,US,B2B,2025,12,2025_12,62,766.88,FALSE
Bag - Toiletry|US|B2B|2026_02,Bag - Toiletry,US,B2B,2026,2,2026_02,114,1450.4,FALSE
Bag - Toiletry|US|B2B|2026_03,Bag - Toiletry,US,B2B,2026,3,2026_03,1417,15915,FALSE
Bag - Toiletry|US|B2B|2026_04,Bag - Toiletry,US,B2B,2026,4,2026_04,6,73.27,FALSE
Bag - Toiletry|US|B2B|2026_05,Bag - Toiletry,US,B2B,2026,5,2026_05,59,756.39,FALSE
Bag - Toiletry|US|B2B|2026_06,Bag - Toiletry,US,B2B,2026,6,2026_06,8,0,FALSE
Bag - Toiletry|US|DTC|2024_04,Bag - Toiletry,US,DTC,2024,4,2024_04,6,127.38,FALSE
Bag - Toiletry|US|DTC|2024_05,Bag - Toiletry,US,DTC,2024,5,2024_05,34,667.08,FALSE
Bag - Toiletry|US|DTC|2024_06,Bag - Toiletry,US,DTC,2024,6,2024_06,30,618.02,FALSE
Bag - Toiletry|US|DTC|2024_07,Bag - Toiletry,US,DTC,2024,7,2024_07,44,712.84,FALSE
Bag - Toiletry|US|DTC|2024_08,Bag - Toiletry,US,DTC,2024,8,2024_08,18,384.62,FALSE
Bag - Toiletry|US|DTC|2024_09,Bag - Toiletry,US,DTC,2024,9,2024_09,10,194.76,FALSE
Bag - Toiletry|US|DTC|2024_10,Bag - Toiletry,US,DTC,2024,10,2024_10,2,42.88,FALSE
Bag - Toiletry|US|DTC|2024_11,Bag - Toiletry,US,DTC,2024,11,2024_11,2,30.86,FALSE
Bag - Toiletry|US|DTC|2024_12,Bag - Toiletry,US,DTC,2024,12,2024_12,16,259.04,FALSE
Bag - Toiletry|US|DTC|2025_02,Bag - Toiletry,US,DTC,2025,2,2025_02,8,156.46,FALSE
Bag - Toiletry|US|DTC|2025_03,Bag - Toiletry,US,DTC,2025,3,2025_03,12,253.48,FALSE
Bag - Toiletry|US|DTC|2025_04,Bag - Toiletry,US,DTC,2025,4,2025_04,12,208.74,FALSE
Bag - Toiletry|US|DTC|2025_05,Bag - Toiletry,US,DTC,2025,5,2025_05,8,179.72,FALSE
Bag - Toiletry|US|DTC|2025_06,Bag - Toiletry,US,DTC,2025,6,2025_06,18,393.56,FALSE
Bag - Toiletry|US|DTC|2025_07,Bag - Toiletry,US,DTC,2025,7,2025_07,12,256.44,FALSE
Bag - Toiletry|US|DTC|2025_08,Bag - Toiletry,US,DTC,2025,8,2025_08,2,46.9,FALSE
Bag - Toiletry|US|DTC|2025_09,Bag - Toiletry,US,DTC,2025,9,2025_09,13,215.67,FALSE
Bag - Toiletry|US|DTC|2025_10,Bag - Toiletry,US,DTC,2025,10,2025_10,8,196.53,FALSE
Bag - Toiletry|US|DTC|2025_11,Bag - Toiletry,US,DTC,2025,11,2025_11,30,611.31,FALSE
Bag - Toiletry|US|DTC|2025_12,Bag - Toiletry,US,DTC,2025,12,2025_12,130,3082.03,FALSE
Bag - Toiletry|US|DTC|2026_01,Bag - Toiletry,US,DTC,2026,1,2026_01,35,614.43,FALSE
Bag - Toiletry|US|DTC|2026_02,Bag - Toiletry,US,DTC,2026,2,2026_02,14,356.06,FALSE
Bag - Toiletry|US|DTC|2026_03,Bag - Toiletry,US,DTC,2026,3,2026_03,27,669.3,FALSE
Bag - Toiletry|US|DTC|2026_04,Bag - Toiletry,US,DTC,2026,4,2026_04,27,643.32,FALSE
Bag - Toiletry|US|DTC|2026_05,Bag - Toiletry,US,DTC,2026,5,2026_05,67,1528.62,FALSE
Bag - Toiletry|US|DTC|2026_06,Bag - Toiletry,US,DTC,2026,6,2026_06,11,248.96,FALSE
Bag - Toiletry|US|FBA|2024_01,Bag - Toiletry,US,FBA,2024,1,2024_01,10,77.5,FALSE
Bag - Toiletry|US|FBA|2024_07,Bag - Toiletry,US,FBA,2024,7,2024_07,4,88.72,FALSE
Bag - Toiletry|US|FBA|2024_08,Bag - Toiletry,US,FBA,2024,8,2024_08,2,56.36,FALSE
Bag - Toiletry|US|FBA|2024_12,Bag - Toiletry,US,FBA,2024,12,2024_12,2,61.66,FALSE
Bag - Toiletry|US|FBA|2025_05,Bag - Toiletry,US,FBA,2025,5,2025_05,2,54.14,FALSE
Bag - Toiletry|US|FBA|2025_06,Bag - Toiletry,US,FBA,2025,6,2025_06,8,213.08,FALSE
Bag - Toiletry|US|FBA|2025_08,Bag - Toiletry,US,FBA,2025,8,2025_08,2,53.2,FALSE
Bag - Toiletry|US|FBA|2025_09,Bag - Toiletry,US,FBA,2025,9,2025_09,4,94.72,FALSE
Bag - Toiletry|US|FBA|2025_10,Bag - Toiletry,US,FBA,2025,10,2025_10,2,53.52,FALSE
Bag - Toiletry|US|FBA|2025_11,Bag - Toiletry,US,FBA,2025,11,2025_11,1,26.75,FALSE
Bag - Toiletry|US|FBA|2025_12,Bag - Toiletry,US,FBA,2025,12,2025_12,10,240.97,FALSE
Bag - Toiletry|US|FBA|2026_01,Bag - Toiletry,US,FBA,2026,1,2026_01,3,68.62,FALSE
Bag - Toiletry|US|FBA|2026_03,Bag - Toiletry,US,FBA,2026,3,2026_03,30,753.14,FALSE
Bag - Toiletry|US|FBA|2026_04,Bag - Toiletry,US,FBA,2026,4,2026_04,30,699.19,FALSE
Bag - Toiletry|US|FBA|2026_05,Bag - Toiletry,US,FBA,2026,5,2026_05,99,2539.73,FALSE
Bag - Toiletry|US|FBA|2026_06,Bag - Toiletry,US,FBA,2026,6,2026_06,40,1011.41,FALSE
Beach Pillow|AU|DTC|2025_09,Beach Pillow,AU,DTC,2025,9,2025_09,23,596.61,FALSE
Beach Pillow|AU|DTC|2025_10,Beach Pillow,AU,DTC,2025,10,2025_10,12,312.55,FALSE
Beach Pillow|AU|DTC|2025_11,Beach Pillow,AU,DTC,2025,11,2025_11,34,758.79,FALSE
Beach Pillow|AU|DTC|2025_12,Beach Pillow,AU,DTC,2025,12,2025_12,23,560.93,FALSE
Beach Pillow|AU|DTC|2026_01,Beach Pillow,AU,DTC,2026,1,2026_01,24,612.73,FALSE
Beach Pillow|AU|DTC|2026_02,Beach Pillow,AU,DTC,2026,2,2026_02,5,123.22,FALSE
Beach Pillow|AU|DTC|2026_03,Beach Pillow,AU,DTC,2026,3,2026_03,3,80.5,FALSE
Beach Pillow|AU|DTC|2026_05,Beach Pillow,AU,DTC,2026,5,2026_05,4,130.34,FALSE
Beach Pillow|AU|DTC|2026_06,Beach Pillow,AU,DTC,2026,6,2026_06,3,28.42,FALSE
Beach Pillow|AU|FBA|2025_11,Beach Pillow,AU,FBA,2025,11,2025_11,3,77.16,FALSE
Beach Pillow|AU|FBA|2025_12,Beach Pillow,AU,FBA,2025,12,2025_12,11,328.74,FALSE
Beach Pillow|AU|FBA|2026_01,Beach Pillow,AU,FBA,2026,1,2026_01,3,101.04,FALSE
Beach Pillow|AU|FBA|2026_02,Beach Pillow,AU,FBA,2026,2,2026_02,5,168.4,FALSE
Beach Pillow|AU|FBA|2026_03,Beach Pillow,AU,FBA,2026,3,2026_03,4,138.39,FALSE
Beach Pillow|AU|FBA|2026_04,Beach Pillow,AU,FBA,2026,4,2026_04,1,33.95,FALSE
Beach Pillow|EU|B2B|2025_12,Beach Pillow,EU,B2B,2025,12,2025_12,6,0,FALSE
Beach Pillow|EU|B2B|2026_02,Beach Pillow,EU,B2B,2026,2,2026_02,148,2060.32,FALSE
Beach Pillow|EU|B2B|2026_03,Beach Pillow,EU,B2B,2026,3,2026_03,74,1081.8,FALSE
Beach Pillow|EU|B2B|2026_04,Beach Pillow,EU,B2B,2026,4,2026_04,32,481.45,FALSE
Beach Pillow|EU|B2B|2026_05,Beach Pillow,EU,B2B,2026,5,2026_05,26,393.8,FALSE
Beach Pillow|EU|B2B|2026_06,Beach Pillow,EU,B2B,2026,6,2026_06,30,450.44,FALSE
Beach Pillow|EU|DTC|2025_11,Beach Pillow,EU,DTC,2025,11,2025_11,4,94.55,FALSE
Beach Pillow|EU|DTC|2025_12,Beach Pillow,EU,DTC,2025,12,2025_12,3,76.72,FALSE
Beach Pillow|EU|DTC|2026_01,Beach Pillow,EU,DTC,2026,1,2026_01,2,59.12,FALSE
Beach Pillow|EU|DTC|2026_03,Beach Pillow,EU,DTC,2026,3,2026_03,7,173.43,FALSE
Beach Pillow|EU|DTC|2026_04,Beach Pillow,EU,DTC,2026,4,2026_04,20,565.24,FALSE
Beach Pillow|EU|DTC|2026_05,Beach Pillow,EU,DTC,2026,5,2026_05,75,2042.29,FALSE
Beach Pillow|EU|DTC|2026_06,Beach Pillow,EU,DTC,2026,6,2026_06,41,1118.04,FALSE
Beach Pillow|UK|B2B|2025_03,Beach Pillow,UK,B2B,2025,3,2025_03,4,53.32,FALSE
Beach Pillow|UK|B2B|2025_04,Beach Pillow,UK,B2B,2025,4,2025_04,34,453.86,FALSE
Beach Pillow|UK|B2B|2025_05,Beach Pillow,UK,B2B,2025,5,2025_05,32,424.79,FALSE
Beach Pillow|UK|B2B|2025_06,Beach Pillow,UK,B2B,2025,6,2025_06,11,148.88,FALSE
Beach Pillow|UK|B2B|2025_07,Beach Pillow,UK,B2B,2025,7,2025_07,27,364.59,FALSE
Beach Pillow|UK|B2B|2025_08,Beach Pillow,UK,B2B,2025,8,2025_08,12,159.96,FALSE
Beach Pillow|UK|B2B|2025_09,Beach Pillow,UK,B2B,2025,9,2025_09,12,159.96,FALSE
Beach Pillow|UK|B2B|2025_10,Beach Pillow,UK,B2B,2025,10,2025_10,6,91.32,FALSE
Beach Pillow|UK|B2B|2026_02,Beach Pillow,UK,B2B,2026,2,2026_02,41,4471.08,FALSE
Beach Pillow|UK|B2B|2026_03,Beach Pillow,UK,B2B,2026,3,2026_03,61,797.87,FALSE
Beach Pillow|UK|B2B|2026_04,Beach Pillow,UK,B2B,2026,4,2026_04,36,516.13,FALSE
Beach Pillow|UK|B2B|2026_05,Beach Pillow,UK,B2B,2026,5,2026_05,54,758.18,FALSE
Beach Pillow|UK|B2B|2026_06,Beach Pillow,UK,B2B,2026,6,2026_06,452,6585.79,FALSE
Beach Pillow|UK|DTC|2025_03,Beach Pillow,UK,DTC,2025,3,2025_03,93,2393,FALSE
Beach Pillow|UK|DTC|2025_04,Beach Pillow,UK,DTC,2025,4,2025_04,500,12476.35,FALSE
Beach Pillow|UK|DTC|2025_05,Beach Pillow,UK,DTC,2025,5,2025_05,605,14424.4,FALSE
Beach Pillow|UK|DTC|2025_06,Beach Pillow,UK,DTC,2025,6,2025_06,150,3713.3,FALSE
Beach Pillow|UK|DTC|2025_07,Beach Pillow,UK,DTC,2025,7,2025_07,369,8792.96,FALSE
Beach Pillow|UK|DTC|2025_08,Beach Pillow,UK,DTC,2025,8,2025_08,77,1825.18,FALSE
Beach Pillow|UK|DTC|2025_09,Beach Pillow,UK,DTC,2025,9,2025_09,229,6212.71,FALSE
Beach Pillow|UK|DTC|2025_10,Beach Pillow,UK,DTC,2025,10,2025_10,83,2176.54,FALSE
Beach Pillow|UK|DTC|2025_11,Beach Pillow,UK,DTC,2025,11,2025_11,222,5304.22,FALSE
Beach Pillow|UK|DTC|2025_12,Beach Pillow,UK,DTC,2025,12,2025_12,128,3071.78,FALSE
Beach Pillow|UK|DTC|2026_01,Beach Pillow,UK,DTC,2026,1,2026_01,111,2627.33,FALSE
Beach Pillow|UK|DTC|2026_02,Beach Pillow,UK,DTC,2026,2,2026_02,74,2008.32,FALSE
Beach Pillow|UK|DTC|2026_03,Beach Pillow,UK,DTC,2026,3,2026_03,297,8199.12,FALSE
Beach Pillow|UK|DTC|2026_04,Beach Pillow,UK,DTC,2026,4,2026_04,302,8110.17,FALSE
Beach Pillow|UK|DTC|2026_05,Beach Pillow,UK,DTC,2026,5,2026_05,872,22534.38,FALSE
Beach Pillow|UK|DTC|2026_06,Beach Pillow,UK,DTC,2026,6,2026_06,704,19220.92,FALSE
Beach Pillow|UK|FBA|2025_10,Beach Pillow,UK,FBA,2025,10,2025_10,13,358.2,FALSE
Beach Pillow|UK|FBA|2025_11,Beach Pillow,UK,FBA,2025,11,2025_11,24,621.08,FALSE
Beach Pillow|UK|FBA|2025_12,Beach Pillow,UK,FBA,2025,12,2025_12,13,369.44,FALSE
Beach Pillow|UK|FBA|2026_01,Beach Pillow,UK,FBA,2026,1,2026_01,7,202.44,FALSE
Beach Pillow|UK|FBA|2026_02,Beach Pillow,UK,FBA,2026,2,2026_02,16,466.56,FALSE
Beach Pillow|UK|FBA|2026_03,Beach Pillow,UK,FBA,2026,3,2026_03,36,1028.3,FALSE
Beach Pillow|UK|FBA|2026_04,Beach Pillow,UK,FBA,2026,4,2026_04,50,1313.63,FALSE
Beach Pillow|UK|FBA|2026_05,Beach Pillow,UK,FBA,2026,5,2026_05,75,1987.42,FALSE
Beach Pillow|UK|FBA|2026_06,Beach Pillow,UK,FBA,2026,6,2026_06,60,1633.84,FALSE
Beach Pillow|US|B2B|2025_11,Beach Pillow,US,B2B,2025,11,2025_11,4,0,FALSE
Beach Pillow|US|B2B|2025_12,Beach Pillow,US,B2B,2025,12,2025_12,4,-5.14,FALSE
Beach Pillow|US|B2B|2026_01,Beach Pillow,US,B2B,2026,1,2026_01,6,89.93,FALSE
Beach Pillow|US|B2B|2026_04,Beach Pillow,US,B2B,2026,4,2026_04,6,89.77,FALSE
Beach Pillow|US|B2B|2026_05,Beach Pillow,US,B2B,2026,5,2026_05,6,88.4,FALSE
Beach Pillow|US|DTC|2025_04,Beach Pillow,US,DTC,2025,4,2025_04,22,578.6,FALSE
Beach Pillow|US|DTC|2025_05,Beach Pillow,US,DTC,2025,5,2025_05,26,599.18,FALSE
Beach Pillow|US|DTC|2025_06,Beach Pillow,US,DTC,2025,6,2025_06,67,1574.67,FALSE
Beach Pillow|US|DTC|2025_07,Beach Pillow,US,DTC,2025,7,2025_07,34,823.37,FALSE
Beach Pillow|US|DTC|2025_08,Beach Pillow,US,DTC,2025,8,2025_08,7,176.38,FALSE
Beach Pillow|US|DTC|2025_09,Beach Pillow,US,DTC,2025,9,2025_09,6,128.67,FALSE
Beach Pillow|US|DTC|2025_10,Beach Pillow,US,DTC,2025,10,2025_10,1,27.61,FALSE
Beach Pillow|US|DTC|2025_11,Beach Pillow,US,DTC,2025,11,2025_11,15,317.99,FALSE
Beach Pillow|US|DTC|2025_12,Beach Pillow,US,DTC,2025,12,2025_12,27,562.07,FALSE
Beach Pillow|US|DTC|2026_01,Beach Pillow,US,DTC,2026,1,2026_01,7,162.92,FALSE
Beach Pillow|US|DTC|2026_02,Beach Pillow,US,DTC,2026,2,2026_02,3,80.53,FALSE
Beach Pillow|US|DTC|2026_03,Beach Pillow,US,DTC,2026,3,2026_03,13,360,FALSE
Beach Pillow|US|DTC|2026_04,Beach Pillow,US,DTC,2026,4,2026_04,43,1106.22,FALSE
Beach Pillow|US|DTC|2026_05,Beach Pillow,US,DTC,2026,5,2026_05,23,570.33,FALSE
Beach Pillow|US|DTC|2026_06,Beach Pillow,US,DTC,2026,6,2026_06,19,450.69,FALSE
Cooling|AU|DTC|2024_01,Cooling,AU,DTC,2024,1,2024_01,472,3980.15,FALSE
Cooling|AU|DTC|2024_02,Cooling,AU,DTC,2024,2,2024_02,746,4933.27,FALSE
Cooling|AU|DTC|2024_03,Cooling,AU,DTC,2024,3,2024_03,174,1405.14,FALSE
Cooling|AU|DTC|2024_04,Cooling,AU,DTC,2024,4,2024_04,128,1095.13,FALSE
Cooling|AU|DTC|2024_05,Cooling,AU,DTC,2024,5,2024_05,35,395.44,FALSE
Cooling|AU|DTC|2024_06,Cooling,AU,DTC,2024,6,2024_06,54,650.16,FALSE
Cooling|AU|DTC|2024_07,Cooling,AU,DTC,2024,7,2024_07,56,724.97,FALSE
Cooling|AU|DTC|2024_08,Cooling,AU,DTC,2024,8,2024_08,238,2240.02,FALSE
Cooling|AU|DTC|2024_09,Cooling,AU,DTC,2024,9,2024_09,89,952.29,FALSE
Cooling|AU|DTC|2024_10,Cooling,AU,DTC,2024,10,2024_10,119,1341.11,FALSE
Cooling|AU|DTC|2024_11,Cooling,AU,DTC,2024,11,2024_11,722,7148.81,FALSE
Cooling|AU|DTC|2024_12,Cooling,AU,DTC,2024,12,2024_12,687,7984.76,FALSE
Cooling|AU|DTC|2025_01,Cooling,AU,DTC,2025,1,2025_01,115,1221.91,FALSE
Cooling|AU|DTC|2025_02,Cooling,AU,DTC,2025,2,2025_02,48,540.08,FALSE
Cooling|AU|DTC|2025_03,Cooling,AU,DTC,2025,3,2025_03,22,256.13,FALSE
Cooling|AU|DTC|2025_04,Cooling,AU,DTC,2025,4,2025_04,18,188.73,FALSE
Cooling|AU|DTC|2025_05,Cooling,AU,DTC,2025,5,2025_05,19,244.17,FALSE
Cooling|AU|DTC|2025_06,Cooling,AU,DTC,2025,6,2025_06,17,195.77,FALSE
Cooling|AU|DTC|2025_07,Cooling,AU,DTC,2025,7,2025_07,38,392.79,FALSE
Cooling|AU|DTC|2025_08,Cooling,AU,DTC,2025,8,2025_08,30,307.8,FALSE
Cooling|AU|DTC|2025_09,Cooling,AU,DTC,2025,9,2025_09,30,356,FALSE
Cooling|AU|DTC|2025_10,Cooling,AU,DTC,2025,10,2025_10,27,328.26,FALSE
Cooling|AU|DTC|2025_11,Cooling,AU,DTC,2025,11,2025_11,123,1349.69,FALSE
Cooling|AU|DTC|2025_12,Cooling,AU,DTC,2025,12,2025_12,171,2239.46,FALSE
Cooling|AU|DTC|2026_01,Cooling,AU,DTC,2026,1,2026_01,32,444.35,FALSE
Cooling|AU|DTC|2026_02,Cooling,AU,DTC,2026,2,2026_02,22,349.21,FALSE
Cooling|AU|DTC|2026_03,Cooling,AU,DTC,2026,3,2026_03,24,373.12,FALSE
Cooling|AU|DTC|2026_04,Cooling,AU,DTC,2026,4,2026_04,11,171.5,FALSE
Cooling|AU|DTC|2026_05,Cooling,AU,DTC,2026,5,2026_05,12,186.53,FALSE
Cooling|AU|DTC|2026_06,Cooling,AU,DTC,2026,6,2026_06,6,81.37,FALSE
Cooling|AU|FBA|2024_01,Cooling,AU,FBA,2024,1,2024_01,3,55.56,FALSE
Cooling|AU|FBA|2024_02,Cooling,AU,FBA,2024,2,2024_02,2,36.24,FALSE
Cooling|AU|FBA|2024_06,Cooling,AU,FBA,2024,6,2024_06,2,36.66,FALSE
Cooling|AU|FBA|2024_07,Cooling,AU,FBA,2024,7,2024_07,2,31.5,FALSE
Cooling|AU|FBA|2024_08,Cooling,AU,FBA,2024,8,2024_08,18,120.78,FALSE
Cooling|AU|FBA|2024_09,Cooling,AU,FBA,2024,9,2024_09,8,138.62,FALSE
Cooling|AU|FBA|2024_11,Cooling,AU,FBA,2024,11,2024_11,24,394.56,FALSE
Cooling|AU|FBA|2024_12,Cooling,AU,FBA,2024,12,2024_12,55,903.05,FALSE
Cooling|AU|FBA|2025_01,Cooling,AU,FBA,2025,1,2025_01,8,143.58,FALSE
Cooling|AU|FBA|2025_03,Cooling,AU,FBA,2025,3,2025_03,5,79.83,FALSE
Cooling|AU|FBA|2025_04,Cooling,AU,FBA,2025,4,2025_04,3,44.22,FALSE
Cooling|AU|FBA|2025_05,Cooling,AU,FBA,2025,5,2025_05,2,23.18,FALSE
Cooling|AU|FBA|2025_06,Cooling,AU,FBA,2025,6,2025_06,2,30.6,FALSE
Cooling|AU|FBA|2025_07,Cooling,AU,FBA,2025,7,2025_07,7,110.25,FALSE
Cooling|AU|FBA|2025_08,Cooling,AU,FBA,2025,8,2025_08,2,34.6,FALSE
Cooling|AU|FBA|2025_09,Cooling,AU,FBA,2025,9,2025_09,6,86.57,FALSE
Cooling|AU|FBA|2025_10,Cooling,AU,FBA,2025,10,2025_10,5,70.84,FALSE
Cooling|AU|FBA|2025_11,Cooling,AU,FBA,2025,11,2025_11,2,29.68,FALSE
Cooling|AU|FBA|2025_12,Cooling,AU,FBA,2025,12,2025_12,13,224.11,FALSE
Cooling|AU|FBA|2026_01,Cooling,AU,FBA,2026,1,2026_01,1,17.52,FALSE
Cooling|AU|FBA|2026_03,Cooling,AU,FBA,2026,3,2026_03,5,92.97,FALSE
Cooling|AU|FBA|2026_05,Cooling,AU,FBA,2026,5,2026_05,2,37.82,FALSE
Cooling|AU|FBA|2026_06,Cooling,AU,FBA,2026,6,2026_06,31,433.09,FALSE
Cooling|CA|FBA|2024_01,Cooling,CA,FBA,2024,1,2024_01,10,144.69,FALSE
Cooling|CA|FBA|2024_02,Cooling,CA,FBA,2024,2,2024_02,2,26.34,FALSE
Cooling|CA|FBA|2024_03,Cooling,CA,FBA,2024,3,2024_03,10,137.98,FALSE
Cooling|CA|FBA|2024_04,Cooling,CA,FBA,2024,4,2024_04,12,154.42,FALSE
Cooling|CA|FBA|2024_05,Cooling,CA,FBA,2024,5,2024_05,7,78.46,FALSE
Cooling|CA|FBA|2024_06,Cooling,CA,FBA,2024,6,2024_06,19,244.59,FALSE
Cooling|CA|FBA|2024_07,Cooling,CA,FBA,2024,7,2024_07,6,105.3,FALSE
Cooling|CA|FBA|2024_09,Cooling,CA,FBA,2024,9,2024_09,1,15.76,FALSE
Cooling|CA|FBA|2024_12,Cooling,CA,FBA,2024,12,2024_12,2,24.86,FALSE
Cooling|CA|FBA|2025_01,Cooling,CA,FBA,2025,1,2025_01,2,25.3,FALSE
Cooling|CA|FBA|2025_03,Cooling,CA,FBA,2025,3,2025_03,7,114.71,FALSE
Cooling|CA|FBA|2025_04,Cooling,CA,FBA,2025,4,2025_04,10,120.01,FALSE
Cooling|CA|FBA|2025_05,Cooling,CA,FBA,2025,5,2025_05,1,10.76,FALSE
Cooling|CA|FBA|2025_06,Cooling,CA,FBA,2025,6,2025_06,25,348.61,FALSE
Cooling|CA|FBA|2025_07,Cooling,CA,FBA,2025,7,2025_07,20,238.04,FALSE
Cooling|CA|FBA|2025_08,Cooling,CA,FBA,2025,8,2025_08,18,180.18,FALSE
Cooling|CA|FBA|2025_11,Cooling,CA,FBA,2025,11,2025_11,4,60.68,FALSE
Cooling|CA|FBA|2025_12,Cooling,CA,FBA,2025,12,2025_12,2,30.34,FALSE
Cooling|CA|FBA|2026_04,Cooling,CA,FBA,2026,4,2026_04,8,74.1,FALSE
Cooling|CA|FBA|2026_05,Cooling,CA,FBA,2026,5,2026_05,4,22.52,FALSE
Cooling|EU|B2B|2024_01,Cooling,EU,B2B,2024,1,2024_01,3,23.88,FALSE
Cooling|EU|B2B|2024_02,Cooling,EU,B2B,2024,2,2024_02,168,1102.68,FALSE
Cooling|EU|B2B|2024_03,Cooling,EU,B2B,2024,3,2024_03,45,257.1,FALSE
Cooling|EU|B2B|2024_04,Cooling,EU,B2B,2024,4,2024_04,186,968.22,FALSE
Cooling|EU|B2B|2024_05,Cooling,EU,B2B,2024,5,2024_05,96,827.59,FALSE
Cooling|EU|B2B|2024_06,Cooling,EU,B2B,2024,6,2024_06,234,1287.51,FALSE
Cooling|EU|B2B|2024_07,Cooling,EU,B2B,2024,7,2024_07,4,16.58,FALSE
Cooling|EU|B2B|2024_08,Cooling,EU,B2B,2024,8,2024_08,21,43.73,FALSE
Cooling|EU|B2B|2024_09,Cooling,EU,B2B,2024,9,2024_09,129,881.38,FALSE
Cooling|EU|B2B|2024_10,Cooling,EU,B2B,2024,10,2024_10,4,17.84,FALSE
Cooling|EU|B2B|2024_11,Cooling,EU,B2B,2024,11,2024_11,16,97.16,FALSE
Cooling|EU|B2B|2024_12,Cooling,EU,B2B,2024,12,2024_12,271,1435.89,FALSE
Cooling|EU|B2B|2025_02,Cooling,EU,B2B,2025,2,2025_02,122,569.16,FALSE
Cooling|EU|B2B|2025_03,Cooling,EU,B2B,2025,3,2025_03,13,95.32,FALSE
Cooling|EU|B2B|2025_04,Cooling,EU,B2B,2025,4,2025_04,9,68.01,FALSE
Cooling|EU|B2B|2025_05,Cooling,EU,B2B,2025,5,2025_05,35,276.22,FALSE
Cooling|EU|B2B|2025_06,Cooling,EU,B2B,2025,6,2025_06,18,131.51,FALSE
Cooling|EU|B2B|2025_07,Cooling,EU,B2B,2025,7,2025_07,6,50.22,FALSE
Cooling|EU|B2B|2025_08,Cooling,EU,B2B,2025,8,2025_08,146,941.48,FALSE
Cooling|EU|B2B|2025_12,Cooling,EU,B2B,2025,12,2025_12,6,0,FALSE
Cooling|EU|B2B|2026_01,Cooling,EU,B2B,2026,1,2026_01,480,4316.36,FALSE
Cooling|EU|B2B|2026_03,Cooling,EU,B2B,2026,3,2026_03,52,415,FALSE
Cooling|EU|B2B|2026_04,Cooling,EU,B2B,2026,4,2026_04,144,944.54,FALSE
Cooling|EU|B2B|2026_05,Cooling,EU,B2B,2026,5,2026_05,50,397.04,FALSE
Cooling|EU|DTC|2024_01,Cooling,EU,DTC,2024,1,2024_01,12,168.64,FALSE
Cooling|EU|DTC|2024_02,Cooling,EU,DTC,2024,2,2024_02,5,58.19,FALSE
Cooling|EU|DTC|2024_03,Cooling,EU,DTC,2024,3,2024_03,30,398.04,FALSE
Cooling|EU|DTC|2024_04,Cooling,EU,DTC,2024,4,2024_04,65,947.96,FALSE
Cooling|EU|DTC|2024_05,Cooling,EU,DTC,2024,5,2024_05,74,896.46,FALSE
Cooling|EU|DTC|2024_06,Cooling,EU,DTC,2024,6,2024_06,31,359.87,FALSE
Cooling|EU|DTC|2024_07,Cooling,EU,DTC,2024,7,2024_07,97,1047.03,FALSE
Cooling|EU|DTC|2024_08,Cooling,EU,DTC,2024,8,2024_08,120,1156.67,FALSE
Cooling|EU|DTC|2024_09,Cooling,EU,DTC,2024,9,2024_09,43,411.27,FALSE
Cooling|EU|DTC|2024_10,Cooling,EU,DTC,2024,10,2024_10,12,120.39,FALSE
Cooling|EU|DTC|2024_11,Cooling,EU,DTC,2024,11,2024_11,70,572.64,FALSE
Cooling|EU|DTC|2024_12,Cooling,EU,DTC,2024,12,2024_12,58,598.49,FALSE
Cooling|EU|DTC|2025_01,Cooling,EU,DTC,2025,1,2025_01,9,107.31,FALSE
Cooling|EU|DTC|2025_03,Cooling,EU,DTC,2025,3,2025_03,3,45.78,FALSE
Cooling|EU|DTC|2025_04,Cooling,EU,DTC,2025,4,2025_04,14,212.88,FALSE
Cooling|EU|DTC|2025_05,Cooling,EU,DTC,2025,5,2025_05,56,718.22,FALSE
Cooling|EU|DTC|2025_06,Cooling,EU,DTC,2025,6,2025_06,37,534.46,FALSE
Cooling|EU|DTC|2025_07,Cooling,EU,DTC,2025,7,2025_07,44,672.59,FALSE
Cooling|EU|DTC|2025_08,Cooling,EU,DTC,2025,8,2025_08,6,92.56,FALSE
Cooling|EU|DTC|2025_09,Cooling,EU,DTC,2025,9,2025_09,2,32.11,FALSE
Cooling|EU|DTC|2025_10,Cooling,EU,DTC,2025,10,2025_10,4,68.08,FALSE
Cooling|EU|DTC|2025_11,Cooling,EU,DTC,2025,11,2025_11,9,172.41,FALSE
Cooling|EU|DTC|2025_12,Cooling,EU,DTC,2025,12,2025_12,12,142.53,FALSE
Cooling|EU|DTC|2026_01,Cooling,EU,DTC,2026,1,2026_01,10,109.04,FALSE
Cooling|EU|DTC|2026_02,Cooling,EU,DTC,2026,2,2026_02,8,120.37,FALSE
Cooling|EU|DTC|2026_03,Cooling,EU,DTC,2026,3,2026_03,19,289.29,FALSE
Cooling|EU|DTC|2026_04,Cooling,EU,DTC,2026,4,2026_04,29,400.41,FALSE
Cooling|EU|DTC|2026_05,Cooling,EU,DTC,2026,5,2026_05,29,439.28,FALSE
Cooling|EU|DTC|2026_06,Cooling,EU,DTC,2026,6,2026_06,27,383.97,FALSE
Cooling|EU|FBA|2024_02,Cooling,EU,FBA,2024,2,2024_02,5,78.25,FALSE
Cooling|EU|FBA|2024_03,Cooling,EU,FBA,2024,3,2024_03,6,90.3,FALSE
Cooling|EU|FBA|2024_04,Cooling,EU,FBA,2024,4,2024_04,24,280.2,FALSE
Cooling|EU|FBA|2024_05,Cooling,EU,FBA,2024,5,2024_05,16,177.46,FALSE
Cooling|EU|FBA|2024_06,Cooling,EU,FBA,2024,6,2024_06,14,148.7,FALSE
Cooling|EU|FBA|2024_07,Cooling,EU,FBA,2024,7,2024_07,13,254.81,FALSE
Cooling|EU|FBA|2024_08,Cooling,EU,FBA,2024,8,2024_08,10,136.06,FALSE
Cooling|EU|FBA|2025_05,Cooling,EU,FBA,2025,5,2025_05,1,30.25,FALSE
Cooling|EU|FBA|2025_06,Cooling,EU,FBA,2025,6,2025_06,1,28.98,FALSE
Cooling|EU|FBA|2025_07,Cooling,EU,FBA,2025,7,2025_07,1,22.69,FALSE
Cooling|EU|FBA|2026_03,Cooling,EU,FBA,2026,3,2026_03,2,46.65,FALSE
Cooling|EU|FBA|2026_04,Cooling,EU,FBA,2026,4,2026_04,1,23.49,FALSE
Cooling|EU|FBA|2026_05,Cooling,EU,FBA,2026,5,2026_05,7,141.15,FALSE
Cooling|EU|FBA|2026_06,Cooling,EU,FBA,2026,6,2026_06,8,151.86,FALSE
Cooling|UK|B2B|2024_01,Cooling,UK,B2B,2024,1,2024_01,84,600.62,FALSE
Cooling|UK|B2B|2024_02,Cooling,UK,B2B,2024,2,2024_02,74,516.52,FALSE
Cooling|UK|B2B|2024_03,Cooling,UK,B2B,2024,3,2024_03,14,96,FALSE
Cooling|UK|B2B|2024_04,Cooling,UK,B2B,2024,4,2024_04,1801,16437.3,FALSE
Cooling|UK|B2B|2024_05,Cooling,UK,B2B,2024,5,2024_05,1020,8572.77,FALSE
Cooling|UK|B2B|2024_06,Cooling,UK,B2B,2024,6,2024_06,100,699.18,FALSE
Cooling|UK|B2B|2024_07,Cooling,UK,B2B,2024,7,2024_07,42,310.28,FALSE
Cooling|UK|B2B|2024_08,Cooling,UK,B2B,2024,8,2024_08,289,1802.52,FALSE
Cooling|UK|B2B|2024_10,Cooling,UK,B2B,2024,10,2024_10,304,2130.84,FALSE
Cooling|UK|B2B|2024_11,Cooling,UK,B2B,2024,11,2024_11,1612,8096.2,FALSE
Cooling|UK|B2B|2024_12,Cooling,UK,B2B,2024,12,2024_12,50,19740,FALSE
Cooling|UK|B2B|2025_01,Cooling,UK,B2B,2025,1,2025_01,251,1466.48,FALSE
Cooling|UK|B2B|2025_02,Cooling,UK,B2B,2025,2,2025_02,25,175.74,FALSE
Cooling|UK|B2B|2025_03,Cooling,UK,B2B,2025,3,2025_03,28,201.76,FALSE
Cooling|UK|B2B|2025_04,Cooling,UK,B2B,2025,4,2025_04,53,680,FALSE
Cooling|UK|B2B|2025_05,Cooling,UK,B2B,2025,5,2025_05,35,264.83,FALSE
Cooling|UK|B2B|2025_06,Cooling,UK,B2B,2025,6,2025_06,39,295.61,FALSE
Cooling|UK|B2B|2025_07,Cooling,UK,B2B,2025,7,2025_07,11,82.5,FALSE
Cooling|UK|B2B|2025_10,Cooling,UK,B2B,2025,10,2025_10,60,419.64,FALSE
Cooling|UK|B2B|2025_11,Cooling,UK,B2B,2025,11,2025_11,42,293.22,FALSE
Cooling|UK|B2B|2026_02,Cooling,UK,B2B,2026,2,2026_02,7,2715.23,FALSE
Cooling|UK|B2B|2026_03,Cooling,UK,B2B,2026,3,2026_03,90,429.99,FALSE
Cooling|UK|B2B|2026_04,Cooling,UK,B2B,2026,4,2026_04,6,49.98,FALSE
Cooling|UK|B2B|2026_05,Cooling,UK,B2B,2026,5,2026_05,10,75.6,FALSE
Cooling|UK|B2B|2026_06,Cooling,UK,B2B,2026,6,2026_06,2,0,FALSE
Cooling|UK|DTC|2024_01,Cooling,UK,DTC,2024,1,2024_01,933,7387.83,FALSE
Cooling|UK|DTC|2024_02,Cooling,UK,DTC,2024,2,2024_02,899,6529.58,FALSE
Cooling|UK|DTC|2024_03,Cooling,UK,DTC,2024,3,2024_03,349,4371.16,FALSE
Cooling|UK|DTC|2024_04,Cooling,UK,DTC,2024,4,2024_04,336,4094.77,FALSE
Cooling|UK|DTC|2024_05,Cooling,UK,DTC,2024,5,2024_05,948,11027.83,FALSE
Cooling|UK|DTC|2024_06,Cooling,UK,DTC,2024,6,2024_06,898,10091.11,FALSE
Cooling|UK|DTC|2024_07,Cooling,UK,DTC,2024,7,2024_07,953,10492.04,FALSE
Cooling|UK|DTC|2024_08,Cooling,UK,DTC,2024,8,2024_08,2232,22981.47,FALSE
Cooling|UK|DTC|2024_09,Cooling,UK,DTC,2024,9,2024_09,994,10928.79,FALSE
Cooling|UK|DTC|2024_10,Cooling,UK,DTC,2024,10,2024_10,493,5274.92,FALSE
Cooling|UK|DTC|2024_11,Cooling,UK,DTC,2024,11,2024_11,1880,16915.62,FALSE
Cooling|UK|DTC|2024_12,Cooling,UK,DTC,2024,12,2024_12,1639,16428.07,FALSE
Cooling|UK|DTC|2025_01,Cooling,UK,DTC,2025,1,2025_01,352,3877.24,FALSE
Cooling|UK|DTC|2025_02,Cooling,UK,DTC,2025,2,2025_02,330,3709.08,FALSE
Cooling|UK|DTC|2025_03,Cooling,UK,DTC,2025,3,2025_03,477,5676.9,FALSE
Cooling|UK|DTC|2025_04,Cooling,UK,DTC,2025,4,2025_04,469,5457.33,FALSE
Cooling|UK|DTC|2025_05,Cooling,UK,DTC,2025,5,2025_05,307,3566.72,FALSE
Cooling|UK|DTC|2025_06,Cooling,UK,DTC,2025,6,2025_06,258,3803.36,FALSE
Cooling|UK|DTC|2025_07,Cooling,UK,DTC,2025,7,2025_07,64,908.7,FALSE
Cooling|UK|DTC|2025_08,Cooling,UK,DTC,2025,8,2025_08,299,3318.01,FALSE
Cooling|UK|DTC|2025_09,Cooling,UK,DTC,2025,9,2025_09,513,6199.15,FALSE
Cooling|UK|DTC|2025_10,Cooling,UK,DTC,2025,10,2025_10,319,3962.08,FALSE
Cooling|UK|DTC|2025_11,Cooling,UK,DTC,2025,11,2025_11,2170,18508.07,FALSE
Cooling|UK|DTC|2025_12,Cooling,UK,DTC,2025,12,2025_12,631,5887.27,FALSE
Cooling|UK|DTC|2026_01,Cooling,UK,DTC,2026,1,2026_01,23,371.28,FALSE
Cooling|UK|DTC|2026_02,Cooling,UK,DTC,2026,2,2026_02,28,300.38,FALSE
Cooling|UK|DTC|2026_03,Cooling,UK,DTC,2026,3,2026_03,89,1519.02,FALSE
Cooling|UK|DTC|2026_04,Cooling,UK,DTC,2026,4,2026_04,192,3099.38,FALSE
Cooling|UK|DTC|2026_05,Cooling,UK,DTC,2026,5,2026_05,417,6751.82,FALSE
Cooling|UK|DTC|2026_06,Cooling,UK,DTC,2026,6,2026_06,597,9443.23,FALSE
Cooling|UK|FBA|2024_01,Cooling,UK,FBA,2024,1,2024_01,126,1199.42,FALSE
Cooling|UK|FBA|2024_02,Cooling,UK,FBA,2024,2,2024_02,99,1071.55,FALSE
Cooling|UK|FBA|2024_03,Cooling,UK,FBA,2024,3,2024_03,80,908.96,FALSE
Cooling|UK|FBA|2024_04,Cooling,UK,FBA,2024,4,2024_04,109,1159.29,FALSE
Cooling|UK|FBA|2024_05,Cooling,UK,FBA,2024,5,2024_05,128,1492.25,FALSE
Cooling|UK|FBA|2024_06,Cooling,UK,FBA,2024,6,2024_06,153,1798.44,FALSE
Cooling|UK|FBA|2024_07,Cooling,UK,FBA,2024,7,2024_07,129,1556.47,FALSE
Cooling|UK|FBA|2024_08,Cooling,UK,FBA,2024,8,2024_08,146,1844.5,FALSE
Cooling|UK|FBA|2024_09,Cooling,UK,FBA,2024,9,2024_09,68,873.15,FALSE
Cooling|UK|FBA|2024_10,Cooling,UK,FBA,2024,10,2024_10,55,693.11,FALSE
Cooling|UK|FBA|2024_11,Cooling,UK,FBA,2024,11,2024_11,187,1685.63,FALSE
Cooling|UK|FBA|2024_12,Cooling,UK,FBA,2024,12,2024_12,187,2213.59,FALSE
Cooling|UK|FBA|2025_01,Cooling,UK,FBA,2025,1,2025_01,91,1115.03,FALSE
Cooling|UK|FBA|2025_02,Cooling,UK,FBA,2025,2,2025_02,65,807.77,FALSE
Cooling|UK|FBA|2025_03,Cooling,UK,FBA,2025,3,2025_03,121,1487.48,FALSE
Cooling|UK|FBA|2025_04,Cooling,UK,FBA,2025,4,2025_04,143,1728.47,FALSE
Cooling|UK|FBA|2025_05,Cooling,UK,FBA,2025,5,2025_05,219,2545.6,FALSE
Cooling|UK|FBA|2025_06,Cooling,UK,FBA,2025,6,2025_06,376,4512.18,FALSE
Cooling|UK|FBA|2025_07,Cooling,UK,FBA,2025,7,2025_07,27,374.41,FALSE
Cooling|UK|FBA|2025_08,Cooling,UK,FBA,2025,8,2025_08,18,239.89,FALSE
Cooling|UK|FBA|2025_09,Cooling,UK,FBA,2025,9,2025_09,46,631.51,FALSE
Cooling|UK|FBA|2025_10,Cooling,UK,FBA,2025,10,2025_10,42,602.64,FALSE
Cooling|UK|FBA|2025_11,Cooling,UK,FBA,2025,11,2025_11,64,982.14,FALSE
Cooling|UK|FBA|2025_12,Cooling,UK,FBA,2025,12,2025_12,89,1421.33,FALSE
Cooling|UK|FBA|2026_01,Cooling,UK,FBA,2026,1,2026_01,10,177.41,FALSE
Cooling|UK|FBA|2026_02,Cooling,UK,FBA,2026,2,2026_02,10,169.93,FALSE
Cooling|UK|FBA|2026_03,Cooling,UK,FBA,2026,3,2026_03,29,404.11,FALSE
Cooling|UK|FBA|2026_04,Cooling,UK,FBA,2026,4,2026_04,74,912.25,FALSE
Cooling|UK|FBA|2026_05,Cooling,UK,FBA,2026,5,2026_05,158,2555.33,FALSE
Cooling|UK|FBA|2026_06,Cooling,UK,FBA,2026,6,2026_06,96,1585.56,FALSE
Cooling|US|B2B|2024_01,Cooling,US,B2B,2024,1,2024_01,413,3071.35,FALSE
Cooling|US|B2B|2024_02,Cooling,US,B2B,2024,2,2024_02,584,2826.17,FALSE
Cooling|US|B2B|2024_03,Cooling,US,B2B,2024,3,2024_03,448,2484.71,FALSE
Cooling|US|B2B|2024_04,Cooling,US,B2B,2024,4,2024_04,4069,20623.95,FALSE
Cooling|US|B2B|2024_05,Cooling,US,B2B,2024,5,2024_05,308,2471.09,FALSE
Cooling|US|B2B|2024_06,Cooling,US,B2B,2024,6,2024_06,1259,3390.4,FALSE
Cooling|US|B2B|2024_07,Cooling,US,B2B,2024,7,2024_07,33,1738.02,FALSE
Cooling|US|B2B|2024_08,Cooling,US,B2B,2024,8,2024_08,53,429.15,FALSE
Cooling|US|B2B|2024_09,Cooling,US,B2B,2024,9,2024_09,16,135.1,FALSE
Cooling|US|B2B|2024_10,Cooling,US,B2B,2024,10,2024_10,18,124.16,FALSE
Cooling|US|B2B|2024_11,Cooling,US,B2B,2024,11,2024_11,30,137.56,FALSE
Cooling|US|B2B|2024_12,Cooling,US,B2B,2024,12,2024_12,14,0,FALSE
Cooling|US|B2B|2025_01,Cooling,US,B2B,2025,1,2025_01,525,994.54,FALSE
Cooling|US|B2B|2025_02,Cooling,US,B2B,2025,2,2025_02,330,2700.17,FALSE
Cooling|US|B2B|2025_03,Cooling,US,B2B,2025,3,2025_03,163,1443.52,FALSE
Cooling|US|B2B|2025_04,Cooling,US,B2B,2025,4,2025_04,144,1250.65,FALSE
Cooling|US|B2B|2025_05,Cooling,US,B2B,2025,5,2025_05,304,2726.69,FALSE
Cooling|US|B2B|2025_06,Cooling,US,B2B,2025,6,2025_06,52,463.32,FALSE
Cooling|US|B2B|2025_07,Cooling,US,B2B,2025,7,2025_07,62,591.63,FALSE
Cooling|US|B2B|2025_08,Cooling,US,B2B,2025,8,2025_08,14,152.8,FALSE
Cooling|US|B2B|2025_09,Cooling,US,B2B,2025,9,2025_09,19,169.07,FALSE
Cooling|US|B2B|2025_10,Cooling,US,B2B,2025,10,2025_10,12,138.66,FALSE
Cooling|US|B2B|2025_12,Cooling,US,B2B,2025,12,2025_12,9,84.12,FALSE
Cooling|US|B2B|2026_02,Cooling,US,B2B,2026,2,2026_02,138,1364.3,FALSE
Cooling|US|B2B|2026_03,Cooling,US,B2B,2026,3,2026_03,140,6851.98,FALSE
Cooling|US|B2B|2026_04,Cooling,US,B2B,2026,4,2026_04,245,2344.65,FALSE
Cooling|US|B2B|2026_05,Cooling,US,B2B,2026,5,2026_05,50,452.35,FALSE
Cooling|US|B2B|2026_06,Cooling,US,B2B,2026,6,2026_06,18,173.2,FALSE
Cooling|US|DTC|2024_01,Cooling,US,DTC,2024,1,2024_01,20,230.02,FALSE
Cooling|US|DTC|2024_02,Cooling,US,DTC,2024,2,2024_02,83,800.57,FALSE
Cooling|US|DTC|2024_03,Cooling,US,DTC,2024,3,2024_03,20,268.74,FALSE
Cooling|US|DTC|2024_04,Cooling,US,DTC,2024,4,2024_04,30,481.51,FALSE
Cooling|US|DTC|2024_05,Cooling,US,DTC,2024,5,2024_05,102,1366.82,FALSE
Cooling|US|DTC|2024_06,Cooling,US,DTC,2024,6,2024_06,137,2086.58,FALSE
Cooling|US|DTC|2024_07,Cooling,US,DTC,2024,7,2024_07,212,2540.38,FALSE
Cooling|US|DTC|2024_08,Cooling,US,DTC,2024,8,2024_08,280,2575.51,FALSE
Cooling|US|DTC|2024_09,Cooling,US,DTC,2024,9,2024_09,143,1284.31,FALSE
Cooling|US|DTC|2024_10,Cooling,US,DTC,2024,10,2024_10,17,161.67,FALSE
Cooling|US|DTC|2024_11,Cooling,US,DTC,2024,11,2024_11,42,495.74,FALSE
Cooling|US|DTC|2024_12,Cooling,US,DTC,2024,12,2024_12,212,2238.34,FALSE
Cooling|US|DTC|2025_01,Cooling,US,DTC,2025,1,2025_01,67,751.53,FALSE
Cooling|US|DTC|2025_02,Cooling,US,DTC,2025,2,2025_02,43,495.62,FALSE
Cooling|US|DTC|2025_03,Cooling,US,DTC,2025,3,2025_03,80,818.77,FALSE
Cooling|US|DTC|2025_04,Cooling,US,DTC,2025,4,2025_04,170,2168.72,FALSE
Cooling|US|DTC|2025_05,Cooling,US,DTC,2025,5,2025_05,115,1525.11,FALSE
Cooling|US|DTC|2025_06,Cooling,US,DTC,2025,6,2025_06,116,1639.59,FALSE
Cooling|US|DTC|2025_07,Cooling,US,DTC,2025,7,2025_07,88,1297.94,FALSE
Cooling|US|DTC|2025_08,Cooling,US,DTC,2025,8,2025_08,8,122.37,FALSE
Cooling|US|DTC|2025_09,Cooling,US,DTC,2025,9,2025_09,21,124.45,FALSE
Cooling|US|DTC|2025_10,Cooling,US,DTC,2025,10,2025_10,17,250.44,FALSE
Cooling|US|DTC|2025_11,Cooling,US,DTC,2025,11,2025_11,58,352.96,FALSE
Cooling|US|DTC|2025_12,Cooling,US,DTC,2025,12,2025_12,35,161.81,FALSE
Cooling|US|DTC|2026_01,Cooling,US,DTC,2026,1,2026_01,18,293.19,FALSE
Cooling|US|DTC|2026_02,Cooling,US,DTC,2026,2,2026_02,4,73.37,FALSE
Cooling|US|DTC|2026_03,Cooling,US,DTC,2026,3,2026_03,33,494.56,FALSE
Cooling|US|DTC|2026_04,Cooling,US,DTC,2026,4,2026_04,236,3782.87,FALSE
Cooling|US|DTC|2026_05,Cooling,US,DTC,2026,5,2026_05,54,665.68,FALSE
Cooling|US|DTC|2026_06,Cooling,US,DTC,2026,6,2026_06,12,209.36,FALSE
Cooling|US|FBA|2024_01,Cooling,US,FBA,2024,1,2024_01,16,156.76,FALSE
Cooling|US|FBA|2024_02,Cooling,US,FBA,2024,2,2024_02,8,71.98,FALSE
Cooling|US|FBA|2024_03,Cooling,US,FBA,2024,3,2024_03,10,170.5,FALSE
Cooling|US|FBA|2024_04,Cooling,US,FBA,2024,4,2024_04,84,1100.58,FALSE
Cooling|US|FBA|2024_05,Cooling,US,FBA,2024,5,2024_05,132,1548.54,FALSE
Cooling|US|FBA|2024_06,Cooling,US,FBA,2024,6,2024_06,52,821.25,FALSE
Cooling|US|FBA|2024_07,Cooling,US,FBA,2024,7,2024_07,56,771.28,FALSE
Cooling|US|FBA|2024_08,Cooling,US,FBA,2024,8,2024_08,14,264.58,FALSE
Cooling|US|FBA|2024_09,Cooling,US,FBA,2024,9,2024_09,11,127.63,FALSE
Cooling|US|FBA|2024_10,Cooling,US,FBA,2024,10,2024_10,13,113.88,FALSE
Cooling|US|FBA|2024_12,Cooling,US,FBA,2024,12,2024_12,18,335.52,FALSE
Cooling|US|FBA|2025_01,Cooling,US,FBA,2025,1,2025_01,3,53.25,FALSE
Cooling|US|FBA|2025_02,Cooling,US,FBA,2025,2,2025_02,6,105.28,FALSE
Cooling|US|FBA|2025_03,Cooling,US,FBA,2025,3,2025_03,17,280.47,FALSE
Cooling|US|FBA|2025_04,Cooling,US,FBA,2025,4,2025_04,39,588.14,FALSE
Cooling|US|FBA|2025_05,Cooling,US,FBA,2025,5,2025_05,61,934.95,FALSE
Cooling|US|FBA|2025_06,Cooling,US,FBA,2025,6,2025_06,90,1306.56,FALSE
Cooling|US|FBA|2025_07,Cooling,US,FBA,2025,7,2025_07,61,840.16,FALSE
Cooling|US|FBA|2025_08,Cooling,US,FBA,2025,8,2025_08,34,439.85,FALSE
Cooling|US|FBA|2025_09,Cooling,US,FBA,2025,9,2025_09,7,119.12,FALSE
Cooling|US|FBA|2026_01,Cooling,US,FBA,2026,1,2026_01,1,24.11,FALSE
Cooling|US|FBA|2026_02,Cooling,US,FBA,2026,2,2026_02,2,37.16,FALSE
Cooling|US|FBA|2026_03,Cooling,US,FBA,2026,3,2026_03,25,456.78,FALSE
Cooling|US|FBA|2026_04,Cooling,US,FBA,2026,4,2026_04,20,337.51,FALSE
Cooling|US|FBA|2026_05,Cooling,US,FBA,2026,5,2026_05,12,217.01,FALSE
Cooling|US|FBA|2026_06,Cooling,US,FBA,2026,6,2026_06,31,554.97,FALSE
Eye Mask|EU|B2B|2025_12,Eye Mask,EU,B2B,2025,12,2025_12,5,0,FALSE
Eye Mask|EU|B2B|2026_01,Eye Mask,EU,B2B,2026,1,2026_01,342,1741.6,FALSE
Eye Mask|EU|B2B|2026_02,Eye Mask,EU,B2B,2026,2,2026_02,12,57.81,FALSE
Eye Mask|EU|B2B|2026_03,Eye Mask,EU,B2B,2026,3,2026_03,54,250.54,FALSE
Eye Mask|EU|B2B|2026_04,Eye Mask,EU,B2B,2026,4,2026_04,360,1205.84,FALSE
Eye Mask|EU|B2B|2026_05,Eye Mask,EU,B2B,2026,5,2026_05,32,160.77,FALSE
Eye Mask|EU|B2B|2026_06,Eye Mask,EU,B2B,2026,6,2026_06,8,40.27,FALSE
Eye Mask|EU|DTC|2026_01,Eye Mask,EU,DTC,2026,1,2026_01,4,29.69,FALSE
Eye Mask|EU|DTC|2026_02,Eye Mask,EU,DTC,2026,2,2026_02,1,10.29,FALSE
Eye Mask|EU|DTC|2026_03,Eye Mask,EU,DTC,2026,3,2026_03,4,40.13,FALSE
Eye Mask|EU|DTC|2026_04,Eye Mask,EU,DTC,2026,4,2026_04,4,35.57,FALSE
Eye Mask|EU|DTC|2026_05,Eye Mask,EU,DTC,2026,5,2026_05,14,139.97,FALSE
Eye Mask|EU|DTC|2026_06,Eye Mask,EU,DTC,2026,6,2026_06,3,27.04,FALSE
Eye Mask|UK|B2B|2025_09,Eye Mask,UK,B2B,2025,9,2025_09,117,581.32,FALSE
Eye Mask|UK|B2B|2025_10,Eye Mask,UK,B2B,2025,10,2025_10,74,437.32,FALSE
Eye Mask|UK|B2B|2025_11,Eye Mask,UK,B2B,2025,11,2025_11,144,2414.42,FALSE
Eye Mask|UK|B2B|2025_12,Eye Mask,UK,B2B,2025,12,2025_12,18,110.97,FALSE
Eye Mask|UK|B2B|2026_01,Eye Mask,UK,B2B,2026,1,2026_01,12,69.96,FALSE
Eye Mask|UK|B2B|2026_02,Eye Mask,UK,B2B,2026,2,2026_02,5,-1.25,FALSE
Eye Mask|UK|B2B|2026_03,Eye Mask,UK,B2B,2026,3,2026_03,66,367.98,FALSE
Eye Mask|UK|B2B|2026_04,Eye Mask,UK,B2B,2026,4,2026_04,24,141.75,FALSE
Eye Mask|UK|B2B|2026_05,Eye Mask,UK,B2B,2026,5,2026_05,263,1529.8,FALSE
Eye Mask|UK|B2B|2026_06,Eye Mask,UK,B2B,2026,6,2026_06,83,472.23,FALSE
Eye Mask|UK|DTC|2025_09,Eye Mask,UK,DTC,2025,9,2025_09,8,99.78,FALSE
Eye Mask|UK|DTC|2025_10,Eye Mask,UK,DTC,2025,10,2025_10,30,320.55,FALSE
Eye Mask|UK|DTC|2025_11,Eye Mask,UK,DTC,2025,11,2025_11,243,2427.45,FALSE
Eye Mask|UK|DTC|2025_12,Eye Mask,UK,DTC,2025,12,2025_12,139,1483.31,FALSE
Eye Mask|UK|DTC|2026_01,Eye Mask,UK,DTC,2026,1,2026_01,32,335.23,FALSE
Eye Mask|UK|DTC|2026_02,Eye Mask,UK,DTC,2026,2,2026_02,56,405.18,FALSE
Eye Mask|UK|DTC|2026_03,Eye Mask,UK,DTC,2026,3,2026_03,51,556.73,FALSE
Eye Mask|UK|DTC|2026_04,Eye Mask,UK,DTC,2026,4,2026_04,59,574.83,FALSE
Eye Mask|UK|DTC|2026_05,Eye Mask,UK,DTC,2026,5,2026_05,127,1212.63,FALSE
Eye Mask|UK|DTC|2026_06,Eye Mask,UK,DTC,2026,6,2026_06,109,898.24,FALSE
Eye Mask|US|B2B|2025_07,Eye Mask,US,B2B,2025,7,2025_07,9,50.13,FALSE
Eye Mask|US|B2B|2025_09,Eye Mask,US,B2B,2025,9,2025_09,177,1046.09,FALSE
Eye Mask|US|B2B|2025_10,Eye Mask,US,B2B,2025,10,2025_10,36,148.16,FALSE
Eye Mask|US|B2B|2025_11,Eye Mask,US,B2B,2025,11,2025_11,80,432.62,FALSE
Eye Mask|US|B2B|2025_12,Eye Mask,US,B2B,2025,12,2025_12,78,447.4,FALSE
Eye Mask|US|B2B|2026_01,Eye Mask,US,B2B,2026,1,2026_01,169,945.91,FALSE
Eye Mask|US|B2B|2026_02,Eye Mask,US,B2B,2026,2,2026_02,69,364.27,FALSE
Eye Mask|US|B2B|2026_03,Eye Mask,US,B2B,2026,3,2026_03,1575,7621.27,FALSE
Eye Mask|US|B2B|2026_04,Eye Mask,US,B2B,2026,4,2026_04,96,396.56,FALSE
Eye Mask|US|B2B|2026_05,Eye Mask,US,B2B,2026,5,2026_05,33,179.8,FALSE
Eye Mask|US|B2B|2026_06,Eye Mask,US,B2B,2026,6,2026_06,22,75.14,FALSE
Eye Mask|US|DTC|2025_09,Eye Mask,US,DTC,2025,9,2025_09,1,15.98,FALSE
Eye Mask|US|DTC|2025_10,Eye Mask,US,DTC,2025,10,2025_10,15,173,FALSE
Eye Mask|US|DTC|2025_11,Eye Mask,US,DTC,2025,11,2025_11,111,1146.54,FALSE
Eye Mask|US|DTC|2025_12,Eye Mask,US,DTC,2025,12,2025_12,99,1055.97,FALSE
Eye Mask|US|DTC|2026_02,Eye Mask,US,DTC,2026,2,2026_02,9,95.9,FALSE
Eye Mask|US|DTC|2026_03,Eye Mask,US,DTC,2026,3,2026_03,10,118.75,FALSE
Eye Mask|US|DTC|2026_04,Eye Mask,US,DTC,2026,4,2026_04,14,165.43,FALSE
Eye Mask|US|DTC|2026_05,Eye Mask,US,DTC,2026,5,2026_05,20,175.48,FALSE
Eye Mask|US|DTC|2026_06,Eye Mask,US,DTC,2026,6,2026_06,5,47.6,FALSE
Gift Box|AU|DTC|2025_09,Gift Box,AU,DTC,2025,9,2025_09,1,18.91,FALSE
Gift Box|AU|DTC|2025_10,Gift Box,AU,DTC,2025,10,2025_10,2,24.73,FALSE
Gift Box|AU|DTC|2025_11,Gift Box,AU,DTC,2025,11,2025_11,413,5367.44,FALSE
Gift Box|AU|DTC|2025_12,Gift Box,AU,DTC,2025,12,2025_12,515,8300.25,FALSE
Gift Box|AU|DTC|2026_01,Gift Box,AU,DTC,2026,1,2026_01,24,417.9,FALSE
Gift Box|AU|DTC|2026_02,Gift Box,AU,DTC,2026,2,2026_02,9,165.01,FALSE
Gift Box|AU|DTC|2026_03,Gift Box,AU,DTC,2026,3,2026_03,13,249.3,FALSE
Gift Box|AU|DTC|2026_04,Gift Box,AU,DTC,2026,4,2026_04,11,210.46,FALSE
Gift Box|AU|DTC|2026_05,Gift Box,AU,DTC,2026,5,2026_05,12,311.23,FALSE
Gift Box|AU|DTC|2026_06,Gift Box,AU,DTC,2026,6,2026_06,4,101.05,FALSE
Gift Box|EU|B2B|2025_11,Gift Box,EU,B2B,2025,11,2025_11,143,1071.25,FALSE
Gift Box|EU|B2B|2025_12,Gift Box,EU,B2B,2025,12,2025_12,99,577.23,FALSE
Gift Box|EU|B2B|2026_01,Gift Box,EU,B2B,2026,1,2026_01,6,56.52,FALSE
Gift Box|EU|B2B|2026_02,Gift Box,EU,B2B,2026,2,2026_02,108,911.75,FALSE
Gift Box|EU|B2B|2026_03,Gift Box,EU,B2B,2026,3,2026_03,53,500.23,FALSE
Gift Box|EU|B2B|2026_04,Gift Box,EU,B2B,2026,4,2026_04,6,56.49,FALSE
Gift Box|EU|B2B|2026_05,Gift Box,EU,B2B,2026,5,2026_05,4,33.64,FALSE
Gift Box|EU|DTC|2025_11,Gift Box,EU,DTC,2025,11,2025_11,83,998.72,FALSE
Gift Box|EU|DTC|2025_12,Gift Box,EU,DTC,2025,12,2025_12,127,1745.63,FALSE
Gift Box|EU|DTC|2026_01,Gift Box,EU,DTC,2026,1,2026_01,10,161.88,FALSE
Gift Box|EU|DTC|2026_02,Gift Box,EU,DTC,2026,2,2026_02,3,56.97,FALSE
Gift Box|EU|DTC|2026_03,Gift Box,EU,DTC,2026,3,2026_03,6,108.14,FALSE
Gift Box|EU|DTC|2026_04,Gift Box,EU,DTC,2026,4,2026_04,2,32.34,FALSE
Gift Box|EU|DTC|2026_05,Gift Box,EU,DTC,2026,5,2026_05,5,75.21,FALSE
Gift Box|EU|DTC|2026_06,Gift Box,EU,DTC,2026,6,2026_06,2,30.32,FALSE
Gift Box|UK|B2B|2024_08,Gift Box,UK,B2B,2024,8,2024_08,6,0,FALSE
Gift Box|UK|B2B|2024_09,Gift Box,UK,B2B,2024,9,2024_09,12,110.04,FALSE
Gift Box|UK|B2B|2024_10,Gift Box,UK,B2B,2024,10,2024_10,1916,14776.7,FALSE
Gift Box|UK|B2B|2024_11,Gift Box,UK,B2B,2024,11,2024_11,2510,19241.88,FALSE
Gift Box|UK|B2B|2024_12,Gift Box,UK,B2B,2024,12,2024_12,60,537.72,FALSE
Gift Box|UK|B2B|2025_01,Gift Box,UK,B2B,2025,1,2025_01,20,191.26,FALSE
Gift Box|UK|B2B|2025_02,Gift Box,UK,B2B,2025,2,2025_02,16,120.78,FALSE
Gift Box|UK|B2B|2025_03,Gift Box,UK,B2B,2025,3,2025_03,16,145.36,FALSE
Gift Box|UK|B2B|2025_04,Gift Box,UK,B2B,2025,4,2025_04,26,215.84,FALSE
Gift Box|UK|B2B|2025_05,Gift Box,UK,B2B,2025,5,2025_05,28,226.58,FALSE
Gift Box|UK|B2B|2025_06,Gift Box,UK,B2B,2025,6,2025_06,28,253.32,FALSE
Gift Box|UK|B2B|2025_07,Gift Box,UK,B2B,2025,7,2025_07,46,352.96,FALSE
Gift Box|UK|B2B|2025_08,Gift Box,UK,B2B,2025,8,2025_08,12,99.96,FALSE
Gift Box|UK|B2B|2025_09,Gift Box,UK,B2B,2025,9,2025_09,18,99.96,FALSE
Gift Box|UK|B2B|2025_10,Gift Box,UK,B2B,2025,10,2025_10,282,2331.09,FALSE
Gift Box|UK|B2B|2025_11,Gift Box,UK,B2B,2025,11,2025_11,180,5254.58,FALSE
Gift Box|UK|B2B|2025_12,Gift Box,UK,B2B,2025,12,2025_12,110,956.78,FALSE
Gift Box|UK|B2B|2026_01,Gift Box,UK,B2B,2026,1,2026_01,52,458.22,FALSE
Gift Box|UK|B2B|2026_02,Gift Box,UK,B2B,2026,2,2026_02,29,523.19,FALSE
Gift Box|UK|B2B|2026_03,Gift Box,UK,B2B,2026,3,2026_03,90,829.98,FALSE
Gift Box|UK|B2B|2026_04,Gift Box,UK,B2B,2026,4,2026_04,78,696.13,FALSE
Gift Box|UK|B2B|2026_05,Gift Box,UK,B2B,2026,5,2026_05,81,749.55,FALSE
Gift Box|UK|B2B|2026_06,Gift Box,UK,B2B,2026,6,2026_06,24,213.22,FALSE
Gift Box|UK|DTC|2024_09,Gift Box,UK,DTC,2024,9,2024_09,80,698.56,FALSE
Gift Box|UK|DTC|2024_10,Gift Box,UK,DTC,2024,10,2024_10,214,3410.54,FALSE
Gift Box|UK|DTC|2024_11,Gift Box,UK,DTC,2024,11,2024_11,616,9851.66,FALSE
Gift Box|UK|DTC|2024_12,Gift Box,UK,DTC,2024,12,2024_12,1244,20457.56,FALSE
Gift Box|UK|DTC|2025_01,Gift Box,UK,DTC,2025,1,2025_01,144,2406.58,FALSE
Gift Box|UK|DTC|2025_02,Gift Box,UK,DTC,2025,2,2025_02,70,1117.74,FALSE
Gift Box|UK|DTC|2025_03,Gift Box,UK,DTC,2025,3,2025_03,72,1140.1,FALSE
Gift Box|UK|DTC|2025_04,Gift Box,UK,DTC,2025,4,2025_04,46,770.56,FALSE
Gift Box|UK|DTC|2025_05,Gift Box,UK,DTC,2025,5,2025_05,80,1270.86,FALSE
Gift Box|UK|DTC|2025_06,Gift Box,UK,DTC,2025,6,2025_06,56,927.46,FALSE
Gift Box|UK|DTC|2025_07,Gift Box,UK,DTC,2025,7,2025_07,74,1210.52,FALSE
Gift Box|UK|DTC|2025_08,Gift Box,UK,DTC,2025,8,2025_08,12,189.38,FALSE
Gift Box|UK|DTC|2025_09,Gift Box,UK,DTC,2025,9,2025_09,86,1348.2,FALSE
Gift Box|UK|DTC|2025_10,Gift Box,UK,DTC,2025,10,2025_10,472,7347.08,FALSE
Gift Box|UK|DTC|2025_11,Gift Box,UK,DTC,2025,11,2025_11,2890,43131.27,FALSE
Gift Box|UK|DTC|2025_12,Gift Box,UK,DTC,2025,12,2025_12,1770,30112.63,FALSE
Gift Box|UK|DTC|2026_01,Gift Box,UK,DTC,2026,1,2026_01,250,4381.92,FALSE
Gift Box|UK|DTC|2026_02,Gift Box,UK,DTC,2026,2,2026_02,151,2740.77,FALSE
Gift Box|UK|DTC|2026_03,Gift Box,UK,DTC,2026,3,2026_03,183,3659,FALSE
Gift Box|UK|DTC|2026_04,Gift Box,UK,DTC,2026,4,2026_04,222,3706.02,FALSE
Gift Box|UK|DTC|2026_05,Gift Box,UK,DTC,2026,5,2026_05,260,4215.4,FALSE
Gift Box|UK|DTC|2026_06,Gift Box,UK,DTC,2026,6,2026_06,115,1817.91,FALSE
Gift Box|US|B2B|2024_10,Gift Box,US,B2B,2024,10,2024_10,546,5109.5,FALSE
Gift Box|US|B2B|2024_11,Gift Box,US,B2B,2024,11,2024_11,24,227.4,FALSE
Gift Box|US|B2B|2025_01,Gift Box,US,B2B,2025,1,2025_01,78,820.16,FALSE
Gift Box|US|B2B|2025_02,Gift Box,US,B2B,2025,2,2025_02,202,1863.98,FALSE
Gift Box|US|B2B|2025_03,Gift Box,US,B2B,2025,3,2025_03,62,566.46,FALSE
Gift Box|US|B2B|2025_04,Gift Box,US,B2B,2025,4,2025_04,6,57.8,FALSE
Gift Box|US|B2B|2025_05,Gift Box,US,B2B,2025,5,2025_05,6,56.94,FALSE
Gift Box|US|B2B|2025_07,Gift Box,US,B2B,2025,7,2025_07,18,152.22,FALSE
Gift Box|US|B2B|2025_08,Gift Box,US,B2B,2025,8,2025_08,33,290.21,FALSE
Gift Box|US|B2B|2025_09,Gift Box,US,B2B,2025,9,2025_09,320,2851.58,FALSE
Gift Box|US|B2B|2025_10,Gift Box,US,B2B,2025,10,2025_10,51,428.06,FALSE
Gift Box|US|B2B|2025_11,Gift Box,US,B2B,2025,11,2025_11,28,223.62,FALSE
Gift Box|US|B2B|2025_12,Gift Box,US,B2B,2025,12,2025_12,4,-3.06,FALSE
Gift Box|US|B2B|2026_02,Gift Box,US,B2B,2026,2,2026_02,24,202.09,FALSE
Gift Box|US|B2B|2026_03,Gift Box,US,B2B,2026,3,2026_03,1628,15542.75,FALSE
Gift Box|US|B2B|2026_04,Gift Box,US,B2B,2026,4,2026_04,23,215.82,FALSE
Gift Box|US|B2B|2026_05,Gift Box,US,B2B,2026,5,2026_05,23,186.64,FALSE
Gift Box|US|B2B|2026_06,Gift Box,US,B2B,2026,6,2026_06,33,253.13,FALSE
Gift Box|US|DTC|2024_11,Gift Box,US,DTC,2024,11,2024_11,2,39.86,FALSE
Gift Box|US|DTC|2024_12,Gift Box,US,DTC,2024,12,2024_12,30,526.14,FALSE
Gift Box|US|DTC|2025_01,Gift Box,US,DTC,2025,1,2025_01,6,106.1,FALSE
Gift Box|US|DTC|2025_10,Gift Box,US,DTC,2025,10,2025_10,10,207.01,FALSE
Gift Box|US|DTC|2025_11,Gift Box,US,DTC,2025,11,2025_11,42,513.76,FALSE
Gift Box|US|DTC|2025_12,Gift Box,US,DTC,2025,12,2025_12,90,1498.86,FALSE
Gift Box|US|DTC|2026_01,Gift Box,US,DTC,2026,1,2026_01,4,89.22,FALSE
Gift Box|US|DTC|2026_03,Gift Box,US,DTC,2026,3,2026_03,10,201.82,FALSE
Gift Box|US|DTC|2026_04,Gift Box,US,DTC,2026,4,2026_04,16,248.61,FALSE
Gift Box|US|DTC|2026_05,Gift Box,US,DTC,2026,5,2026_05,10,134.33,FALSE
Gift Box|US|DTC|2026_06,Gift Box,US,DTC,2026,6,2026_06,8,168.26,FALSE
Hair Wrap CORE|AU|DTC|2024_01,Hair Wrap CORE,AU,DTC,2024,1,2024_01,102,1192.02,FALSE
Hair Wrap CORE|AU|DTC|2024_02,Hair Wrap CORE,AU,DTC,2024,2,2024_02,58,707.62,FALSE
Hair Wrap CORE|AU|DTC|2024_03,Hair Wrap CORE,AU,DTC,2024,3,2024_03,62,831.52,FALSE
Hair Wrap CORE|AU|DTC|2024_04,Hair Wrap CORE,AU,DTC,2024,4,2024_04,80,468.42,FALSE
Hair Wrap CORE|AU|DTC|2024_05,Hair Wrap CORE,AU,DTC,2024,5,2024_05,80,875.26,FALSE
Hair Wrap CORE|AU|DTC|2024_06,Hair Wrap CORE,AU,DTC,2024,6,2024_06,80,1051.78,FALSE
Hair Wrap CORE|AU|DTC|2024_07,Hair Wrap CORE,AU,DTC,2024,7,2024_07,106,1281.16,FALSE
Hair Wrap CORE|AU|DTC|2024_08,Hair Wrap CORE,AU,DTC,2024,8,2024_08,96,897.48,FALSE
Hair Wrap CORE|AU|DTC|2024_09,Hair Wrap CORE,AU,DTC,2024,9,2024_09,138,1351.22,FALSE
Hair Wrap CORE|AU|DTC|2024_10,Hair Wrap CORE,AU,DTC,2024,10,2024_10,144,1464.14,FALSE
Hair Wrap CORE|AU|DTC|2024_11,Hair Wrap CORE,AU,DTC,2024,11,2024_11,872,5262.14,FALSE
Hair Wrap CORE|AU|DTC|2024_12,Hair Wrap CORE,AU,DTC,2024,12,2024_12,752,4903.03,FALSE
Hair Wrap CORE|AU|DTC|2025_01,Hair Wrap CORE,AU,DTC,2025,1,2025_01,93,900.77,FALSE
Hair Wrap CORE|AU|DTC|2025_02,Hair Wrap CORE,AU,DTC,2025,2,2025_02,66,620.9,FALSE
Hair Wrap CORE|AU|DTC|2025_03,Hair Wrap CORE,AU,DTC,2025,3,2025_03,114,1129.41,FALSE
Hair Wrap CORE|AU|DTC|2025_04,Hair Wrap CORE,AU,DTC,2025,4,2025_04,87,816.23,FALSE
Hair Wrap CORE|AU|DTC|2025_05,Hair Wrap CORE,AU,DTC,2025,5,2025_05,75,767.33,FALSE
Hair Wrap CORE|AU|DTC|2025_06,Hair Wrap CORE,AU,DTC,2025,6,2025_06,88,875.3,FALSE
Hair Wrap CORE|AU|DTC|2025_07,Hair Wrap CORE,AU,DTC,2025,7,2025_07,86,863.5,FALSE
Hair Wrap CORE|AU|DTC|2025_08,Hair Wrap CORE,AU,DTC,2025,8,2025_08,106,1009.32,FALSE
Hair Wrap CORE|AU|DTC|2025_09,Hair Wrap CORE,AU,DTC,2025,9,2025_09,63,647.38,FALSE
Hair Wrap CORE|AU|DTC|2025_10,Hair Wrap CORE,AU,DTC,2025,10,2025_10,438,4145.76,FALSE
Hair Wrap CORE|AU|DTC|2025_11,Hair Wrap CORE,AU,DTC,2025,11,2025_11,1380,10660.66,FALSE
Hair Wrap CORE|AU|DTC|2025_12,Hair Wrap CORE,AU,DTC,2025,12,2025_12,688,6581.25,FALSE
Hair Wrap CORE|AU|DTC|2026_01,Hair Wrap CORE,AU,DTC,2026,1,2026_01,34,466.86,FALSE
Hair Wrap CORE|AU|DTC|2026_02,Hair Wrap CORE,AU,DTC,2026,2,2026_02,14,182.76,FALSE
Hair Wrap CORE|AU|DTC|2026_03,Hair Wrap CORE,AU,DTC,2026,3,2026_03,33,445.35,FALSE
Hair Wrap CORE|AU|DTC|2026_04,Hair Wrap CORE,AU,DTC,2026,4,2026_04,27,324.95,FALSE
Hair Wrap CORE|AU|DTC|2026_05,Hair Wrap CORE,AU,DTC,2026,5,2026_05,65,986.11,FALSE
Hair Wrap CORE|AU|DTC|2026_06,Hair Wrap CORE,AU,DTC,2026,6,2026_06,52,774.48,FALSE
Hair Wrap CORE|AU|FBA|2024_01,Hair Wrap CORE,AU,FBA,2024,1,2024_01,4,77.12,FALSE
Hair Wrap CORE|AU|FBA|2024_03,Hair Wrap CORE,AU,FBA,2024,3,2024_03,2,36.02,FALSE
Hair Wrap CORE|AU|FBA|2024_04,Hair Wrap CORE,AU,FBA,2024,4,2024_04,2,33.54,FALSE
Hair Wrap CORE|AU|FBA|2024_06,Hair Wrap CORE,AU,FBA,2024,6,2024_06,2,36.62,FALSE
Hair Wrap CORE|AU|FBA|2024_07,Hair Wrap CORE,AU,FBA,2024,7,2024_07,8,126.32,FALSE
Hair Wrap CORE|AU|FBA|2024_09,Hair Wrap CORE,AU,FBA,2024,9,2024_09,2,36.06,FALSE
Hair Wrap CORE|AU|FBA|2024_11,Hair Wrap CORE,AU,FBA,2024,11,2024_11,4,71.24,FALSE
Hair Wrap CORE|AU|FBA|2024_12,Hair Wrap CORE,AU,FBA,2024,12,2024_12,2,35.32,FALSE
Hair Wrap CORE|AU|FBA|2025_03,Hair Wrap CORE,AU,FBA,2025,3,2025_03,6,95.84,FALSE
Hair Wrap CORE|AU|FBA|2025_04,Hair Wrap CORE,AU,FBA,2025,4,2025_04,10,137.06,FALSE
Hair Wrap CORE|AU|FBA|2025_05,Hair Wrap CORE,AU,FBA,2025,5,2025_05,6,77.98,FALSE
Hair Wrap CORE|AU|FBA|2025_06,Hair Wrap CORE,AU,FBA,2025,6,2025_06,8,126.8,FALSE
Hair Wrap CORE|AU|FBA|2025_07,Hair Wrap CORE,AU,FBA,2025,7,2025_07,12,168.7,FALSE
Hair Wrap CORE|AU|FBA|2025_08,Hair Wrap CORE,AU,FBA,2025,8,2025_08,18,250.84,FALSE
Hair Wrap CORE|AU|FBA|2025_09,Hair Wrap CORE,AU,FBA,2025,9,2025_09,20,295.06,FALSE
Hair Wrap CORE|AU|FBA|2025_10,Hair Wrap CORE,AU,FBA,2025,10,2025_10,14,147.92,FALSE
Hair Wrap CORE|AU|FBA|2025_11,Hair Wrap CORE,AU,FBA,2025,11,2025_11,30,351.22,FALSE
Hair Wrap CORE|AU|FBA|2026_02,Hair Wrap CORE,AU,FBA,2026,2,2026_02,12,216.32,FALSE
Hair Wrap CORE|AU|FBA|2026_03,Hair Wrap CORE,AU,FBA,2026,3,2026_03,6,91.27,FALSE
Hair Wrap CORE|AU|FBA|2026_04,Hair Wrap CORE,AU,FBA,2026,4,2026_04,4,53.37,FALSE
Hair Wrap CORE|AU|FBA|2026_05,Hair Wrap CORE,AU,FBA,2026,5,2026_05,6,107.49,FALSE
Hair Wrap CORE|AU|FBA|2026_06,Hair Wrap CORE,AU,FBA,2026,6,2026_06,4,62.66,FALSE
Hair Wrap CORE|CA|FBA|2024_01,Hair Wrap CORE,CA,FBA,2024,1,2024_01,36,507.4,FALSE
Hair Wrap CORE|CA|FBA|2024_02,Hair Wrap CORE,CA,FBA,2024,2,2024_02,12,166.9,FALSE
Hair Wrap CORE|CA|FBA|2024_03,Hair Wrap CORE,CA,FBA,2024,3,2024_03,14,190.48,FALSE
Hair Wrap CORE|CA|FBA|2024_04,Hair Wrap CORE,CA,FBA,2024,4,2024_04,10,150.62,FALSE
Hair Wrap CORE|CA|FBA|2024_05,Hair Wrap CORE,CA,FBA,2024,5,2024_05,12,185.22,FALSE
Hair Wrap CORE|CA|FBA|2024_10,Hair Wrap CORE,CA,FBA,2024,10,2024_10,2,45.52,FALSE
Hair Wrap CORE|CA|FBA|2025_02,Hair Wrap CORE,CA,FBA,2025,2,2025_02,2,24.18,FALSE
Hair Wrap CORE|CA|FBA|2025_03,Hair Wrap CORE,CA,FBA,2025,3,2025_03,10,111.64,FALSE
Hair Wrap CORE|CA|FBA|2025_04,Hair Wrap CORE,CA,FBA,2025,4,2025_04,22,216,FALSE
Hair Wrap CORE|CA|FBA|2025_05,Hair Wrap CORE,CA,FBA,2025,5,2025_05,28,244.84,FALSE
Hair Wrap CORE|CA|FBA|2025_06,Hair Wrap CORE,CA,FBA,2025,6,2025_06,24,295.38,FALSE
Hair Wrap CORE|CA|FBA|2025_07,Hair Wrap CORE,CA,FBA,2025,7,2025_07,40,453.86,FALSE
Hair Wrap CORE|CA|FBA|2025_08,Hair Wrap CORE,CA,FBA,2025,8,2025_08,42,438.74,FALSE
Hair Wrap CORE|CA|FBA|2025_09,Hair Wrap CORE,CA,FBA,2025,9,2025_09,22,285.38,FALSE
Hair Wrap CORE|CA|FBA|2025_10,Hair Wrap CORE,CA,FBA,2025,10,2025_10,14,162.48,FALSE
Hair Wrap CORE|CA|FBA|2025_11,Hair Wrap CORE,CA,FBA,2025,11,2025_11,38,459.34,FALSE
Hair Wrap CORE|CA|FBA|2025_12,Hair Wrap CORE,CA,FBA,2025,12,2025_12,18,263.12,FALSE
Hair Wrap CORE|CA|FBA|2026_01,Hair Wrap CORE,CA,FBA,2026,1,2026_01,2,28.98,FALSE
Hair Wrap CORE|CA|FBA|2026_02,Hair Wrap CORE,CA,FBA,2026,2,2026_02,6,92.52,FALSE
Hair Wrap CORE|EU|B2B|2024_01,Hair Wrap CORE,EU,B2B,2024,1,2024_01,1224,3860.34,FALSE
Hair Wrap CORE|EU|B2B|2024_02,Hair Wrap CORE,EU,B2B,2024,2,2024_02,122,743.3,FALSE
Hair Wrap CORE|EU|B2B|2024_03,Hair Wrap CORE,EU,B2B,2024,3,2024_03,278,1458.1,FALSE
Hair Wrap CORE|EU|B2B|2024_04,Hair Wrap CORE,EU,B2B,2024,4,2024_04,914,4394.1,FALSE
Hair Wrap CORE|EU|B2B|2024_05,Hair Wrap CORE,EU,B2B,2024,5,2024_05,266,1566.34,FALSE
Hair Wrap CORE|EU|B2B|2024_06,Hair Wrap CORE,EU,B2B,2024,6,2024_06,82,473.12,FALSE
Hair Wrap CORE|EU|B2B|2024_07,Hair Wrap CORE,EU,B2B,2024,7,2024_07,-622,-1269.57,FALSE
Hair Wrap CORE|EU|B2B|2024_08,Hair Wrap CORE,EU,B2B,2024,8,2024_08,78,165.72,FALSE
Hair Wrap CORE|EU|B2B|2024_09,Hair Wrap CORE,EU,B2B,2024,9,2024_09,73,369.79,FALSE
Hair Wrap CORE|EU|B2B|2024_10,Hair Wrap CORE,EU,B2B,2024,10,2024_10,46,258.19,FALSE
Hair Wrap CORE|EU|B2B|2024_11,Hair Wrap CORE,EU,B2B,2024,11,2024_11,164,874.59,FALSE
Hair Wrap CORE|EU|B2B|2024_12,Hair Wrap CORE,EU,B2B,2024,12,2024_12,218,659.44,FALSE
Hair Wrap CORE|EU|B2B|2025_01,Hair Wrap CORE,EU,B2B,2025,1,2025_01,260,1078.83,FALSE
Hair Wrap CORE|EU|B2B|2025_02,Hair Wrap CORE,EU,B2B,2025,2,2025_02,103,1295.25,FALSE
Hair Wrap CORE|EU|B2B|2025_03,Hair Wrap CORE,EU,B2B,2025,3,2025_03,37,208.76,FALSE
Hair Wrap CORE|EU|B2B|2025_04,Hair Wrap CORE,EU,B2B,2025,4,2025_04,132,615.32,FALSE
Hair Wrap CORE|EU|B2B|2025_05,Hair Wrap CORE,EU,B2B,2025,5,2025_05,231,1010.9,FALSE
Hair Wrap CORE|EU|B2B|2025_06,Hair Wrap CORE,EU,B2B,2025,6,2025_06,166,961.22,FALSE
Hair Wrap CORE|EU|B2B|2025_07,Hair Wrap CORE,EU,B2B,2025,7,2025_07,158,843.9,FALSE
Hair Wrap CORE|EU|B2B|2025_08,Hair Wrap CORE,EU,B2B,2025,8,2025_08,48,214.1,FALSE
Hair Wrap CORE|EU|B2B|2025_09,Hair Wrap CORE,EU,B2B,2025,9,2025_09,6,43.23,FALSE
Hair Wrap CORE|EU|B2B|2025_10,Hair Wrap CORE,EU,B2B,2025,10,2025_10,7,39.24,FALSE
Hair Wrap CORE|EU|B2B|2025_11,Hair Wrap CORE,EU,B2B,2025,11,2025_11,19,113.42,FALSE
Hair Wrap CORE|EU|B2B|2025_12,Hair Wrap CORE,EU,B2B,2025,12,2025_12,22,69.92,FALSE
Hair Wrap CORE|EU|B2B|2026_01,Hair Wrap CORE,EU,B2B,2026,1,2026_01,30,182.25,FALSE
Hair Wrap CORE|EU|B2B|2026_02,Hair Wrap CORE,EU,B2B,2026,2,2026_02,40,214.32,FALSE
Hair Wrap CORE|EU|B2B|2026_03,Hair Wrap CORE,EU,B2B,2026,3,2026_03,114,595.93,FALSE
Hair Wrap CORE|EU|B2B|2026_04,Hair Wrap CORE,EU,B2B,2026,4,2026_04,111,650.95,FALSE
Hair Wrap CORE|EU|B2B|2026_05,Hair Wrap CORE,EU,B2B,2026,5,2026_05,84,493.14,FALSE
Hair Wrap CORE|EU|B2B|2026_06,Hair Wrap CORE,EU,B2B,2026,6,2026_06,50,289.71,FALSE
Hair Wrap CORE|EU|DTC|2024_01,Hair Wrap CORE,EU,DTC,2024,1,2024_01,38,480.22,FALSE
Hair Wrap CORE|EU|DTC|2024_02,Hair Wrap CORE,EU,DTC,2024,2,2024_02,46,517.36,FALSE
Hair Wrap CORE|EU|DTC|2024_03,Hair Wrap CORE,EU,DTC,2024,3,2024_03,56,588.98,FALSE
Hair Wrap CORE|EU|DTC|2024_04,Hair Wrap CORE,EU,DTC,2024,4,2024_04,78,696.06,FALSE
Hair Wrap CORE|EU|DTC|2024_05,Hair Wrap CORE,EU,DTC,2024,5,2024_05,96,1125.12,FALSE
Hair Wrap CORE|EU|DTC|2024_06,Hair Wrap CORE,EU,DTC,2024,6,2024_06,120,1247.5,FALSE
Hair Wrap CORE|EU|DTC|2024_07,Hair Wrap CORE,EU,DTC,2024,7,2024_07,224,2189.08,FALSE
Hair Wrap CORE|EU|DTC|2024_08,Hair Wrap CORE,EU,DTC,2024,8,2024_08,144,1493.02,FALSE
Hair Wrap CORE|EU|DTC|2024_09,Hair Wrap CORE,EU,DTC,2024,9,2024_09,82,808.52,FALSE
Hair Wrap CORE|EU|DTC|2024_10,Hair Wrap CORE,EU,DTC,2024,10,2024_10,27,269.32,FALSE
Hair Wrap CORE|EU|DTC|2024_11,Hair Wrap CORE,EU,DTC,2024,11,2024_11,141,1010.33,FALSE
Hair Wrap CORE|EU|DTC|2024_12,Hair Wrap CORE,EU,DTC,2024,12,2024_12,195,1528.67,FALSE
Hair Wrap CORE|EU|DTC|2025_01,Hair Wrap CORE,EU,DTC,2025,1,2025_01,16,164.58,FALSE
Hair Wrap CORE|EU|DTC|2025_02,Hair Wrap CORE,EU,DTC,2025,2,2025_02,6,97.42,FALSE
Hair Wrap CORE|EU|DTC|2025_03,Hair Wrap CORE,EU,DTC,2025,3,2025_03,12,160.24,FALSE
Hair Wrap CORE|EU|DTC|2025_04,Hair Wrap CORE,EU,DTC,2025,4,2025_04,32,385.46,FALSE
Hair Wrap CORE|EU|DTC|2025_05,Hair Wrap CORE,EU,DTC,2025,5,2025_05,49,564.81,FALSE
Hair Wrap CORE|EU|DTC|2025_06,Hair Wrap CORE,EU,DTC,2025,6,2025_06,129,1325.65,FALSE
Hair Wrap CORE|EU|DTC|2025_07,Hair Wrap CORE,EU,DTC,2025,7,2025_07,121,1305.78,FALSE
Hair Wrap CORE|EU|DTC|2025_08,Hair Wrap CORE,EU,DTC,2025,8,2025_08,76,840.85,FALSE
Hair Wrap CORE|EU|DTC|2025_09,Hair Wrap CORE,EU,DTC,2025,9,2025_09,80,866.12,FALSE
Hair Wrap CORE|EU|DTC|2025_10,Hair Wrap CORE,EU,DTC,2025,10,2025_10,32,325.27,FALSE
Hair Wrap CORE|EU|DTC|2025_11,Hair Wrap CORE,EU,DTC,2025,11,2025_11,573,5793.77,FALSE
Hair Wrap CORE|EU|DTC|2025_12,Hair Wrap CORE,EU,DTC,2025,12,2025_12,268,2809.97,FALSE
Hair Wrap CORE|EU|DTC|2026_01,Hair Wrap CORE,EU,DTC,2026,1,2026_01,55,699.78,FALSE
Hair Wrap CORE|EU|DTC|2026_02,Hair Wrap CORE,EU,DTC,2026,2,2026_02,33,437.33,FALSE
Hair Wrap CORE|EU|DTC|2026_03,Hair Wrap CORE,EU,DTC,2026,3,2026_03,39,452.78,FALSE
Hair Wrap CORE|EU|DTC|2026_04,Hair Wrap CORE,EU,DTC,2026,4,2026_04,31,371.26,FALSE
Hair Wrap CORE|EU|DTC|2026_05,Hair Wrap CORE,EU,DTC,2026,5,2026_05,25,294.5,FALSE
Hair Wrap CORE|EU|DTC|2026_06,Hair Wrap CORE,EU,DTC,2026,6,2026_06,20,246.74,FALSE
Hair Wrap CORE|EU|FBA|2024_01,Hair Wrap CORE,EU,FBA,2024,1,2024_01,2,27,FALSE
Hair Wrap CORE|EU|FBA|2024_02,Hair Wrap CORE,EU,FBA,2024,2,2024_02,4,54.54,FALSE
Hair Wrap CORE|EU|FBA|2024_03,Hair Wrap CORE,EU,FBA,2024,3,2024_03,6,97.96,FALSE
Hair Wrap CORE|EU|FBA|2024_04,Hair Wrap CORE,EU,FBA,2024,4,2024_04,6,84.36,FALSE
Hair Wrap CORE|EU|FBA|2024_05,Hair Wrap CORE,EU,FBA,2024,5,2024_05,10,215.92,FALSE
Hair Wrap CORE|EU|FBA|2024_06,Hair Wrap CORE,EU,FBA,2024,6,2024_06,10,163.26,FALSE
Hair Wrap CORE|EU|FBA|2024_07,Hair Wrap CORE,EU,FBA,2024,7,2024_07,8,152.16,FALSE
Hair Wrap CORE|EU|FBA|2024_08,Hair Wrap CORE,EU,FBA,2024,8,2024_08,2,29.74,FALSE
Hair Wrap CORE|EU|FBA|2024_09,Hair Wrap CORE,EU,FBA,2024,9,2024_09,4,104.08,FALSE
Hair Wrap CORE|EU|FBA|2024_10,Hair Wrap CORE,EU,FBA,2024,10,2024_10,2,51.8,FALSE
Hair Wrap CORE|EU|FBA|2024_11,Hair Wrap CORE,EU,FBA,2024,11,2024_11,2,37.02,FALSE
Hair Wrap CORE|EU|FBA|2026_06,Hair Wrap CORE,EU,FBA,2026,6,2026_06,2,31.26,FALSE
Hair Wrap CORE|UK|B2B|2024_01,Hair Wrap CORE,UK,B2B,2024,1,2024_01,262,1621.34,FALSE
Hair Wrap CORE|UK|B2B|2024_02,Hair Wrap CORE,UK,B2B,2024,2,2024_02,612,3447.32,FALSE
Hair Wrap CORE|UK|B2B|2024_03,Hair Wrap CORE,UK,B2B,2024,3,2024_03,1448,8487.34,FALSE
Hair Wrap CORE|UK|B2B|2024_04,Hair Wrap CORE,UK,B2B,2024,4,2024_04,394,2357.76,FALSE
Hair Wrap CORE|UK|B2B|2024_05,Hair Wrap CORE,UK,B2B,2024,5,2024_05,374,2330.62,FALSE
Hair Wrap CORE|UK|B2B|2024_06,Hair Wrap CORE,UK,B2B,2024,6,2024_06,199,929.73,FALSE
Hair Wrap CORE|UK|B2B|2024_07,Hair Wrap CORE,UK,B2B,2024,7,2024_07,611,2772.7,FALSE
Hair Wrap CORE|UK|B2B|2024_08,Hair Wrap CORE,UK,B2B,2024,8,2024_08,1669,9061.12,FALSE
Hair Wrap CORE|UK|B2B|2024_09,Hair Wrap CORE,UK,B2B,2024,9,2024_09,945,5367.98,FALSE
Hair Wrap CORE|UK|B2B|2024_10,Hair Wrap CORE,UK,B2B,2024,10,2024_10,711,3914.7,FALSE
Hair Wrap CORE|UK|B2B|2024_11,Hair Wrap CORE,UK,B2B,2024,11,2024_11,4877,28096.18,FALSE
Hair Wrap CORE|UK|B2B|2024_12,Hair Wrap CORE,UK,B2B,2024,12,2024_12,234,1494.23,FALSE
Hair Wrap CORE|UK|B2B|2025_01,Hair Wrap CORE,UK,B2B,2025,1,2025_01,224,972.45,FALSE
Hair Wrap CORE|UK|B2B|2025_02,Hair Wrap CORE,UK,B2B,2025,2,2025_02,143,1918.16,FALSE
Hair Wrap CORE|UK|B2B|2025_03,Hair Wrap CORE,UK,B2B,2025,3,2025_03,1257,12234.44,FALSE
Hair Wrap CORE|UK|B2B|2025_04,Hair Wrap CORE,UK,B2B,2025,4,2025_04,788,4072.18,FALSE
Hair Wrap CORE|UK|B2B|2025_05,Hair Wrap CORE,UK,B2B,2025,5,2025_05,457,5111.3,FALSE
Hair Wrap CORE|UK|B2B|2025_06,Hair Wrap CORE,UK,B2B,2025,6,2025_06,1069,10420.41,FALSE
Hair Wrap CORE|UK|B2B|2025_07,Hair Wrap CORE,UK,B2B,2025,7,2025_07,1451,7875.6,FALSE
Hair Wrap CORE|UK|B2B|2025_08,Hair Wrap CORE,UK,B2B,2025,8,2025_08,827,4792.12,FALSE
Hair Wrap CORE|UK|B2B|2025_09,Hair Wrap CORE,UK,B2B,2025,9,2025_09,1437,7731.54,FALSE
Hair Wrap CORE|UK|B2B|2025_10,Hair Wrap CORE,UK,B2B,2025,10,2025_10,576,3935.83,FALSE
Hair Wrap CORE|UK|B2B|2025_11,Hair Wrap CORE,UK,B2B,2025,11,2025_11,333,8135.22,FALSE
Hair Wrap CORE|UK|B2B|2025_12,Hair Wrap CORE,UK,B2B,2025,12,2025_12,864,5355.24,FALSE
Hair Wrap CORE|UK|B2B|2026_01,Hair Wrap CORE,UK,B2B,2026,1,2026_01,81,529.88,FALSE
Hair Wrap CORE|UK|B2B|2026_02,Hair Wrap CORE,UK,B2B,2026,2,2026_02,1269,15612.6,FALSE
Hair Wrap CORE|UK|B2B|2026_03,Hair Wrap CORE,UK,B2B,2026,3,2026_03,271,1778.13,FALSE
Hair Wrap CORE|UK|B2B|2026_04,Hair Wrap CORE,UK,B2B,2026,4,2026_04,847,5160.97,FALSE
Hair Wrap CORE|UK|B2B|2026_05,Hair Wrap CORE,UK,B2B,2026,5,2026_05,779,4831.41,FALSE
Hair Wrap CORE|UK|B2B|2026_06,Hair Wrap CORE,UK,B2B,2026,6,2026_06,1021,6652.87,FALSE
Hair Wrap CORE|UK|DTC|2024_01,Hair Wrap CORE,UK,DTC,2024,1,2024_01,704,8339.76,FALSE
Hair Wrap CORE|UK|DTC|2024_02,Hair Wrap CORE,UK,DTC,2024,2,2024_02,830,8737.58,FALSE
Hair Wrap CORE|UK|DTC|2024_03,Hair Wrap CORE,UK,DTC,2024,3,2024_03,820,8070.96,FALSE
Hair Wrap CORE|UK|DTC|2024_04,Hair Wrap CORE,UK,DTC,2024,4,2024_04,1042,9776.24,FALSE
Hair Wrap CORE|UK|DTC|2024_05,Hair Wrap CORE,UK,DTC,2024,5,2024_05,1341,13105.78,FALSE
Hair Wrap CORE|UK|DTC|2024_06,Hair Wrap CORE,UK,DTC,2024,6,2024_06,949,9604.83,FALSE
Hair Wrap CORE|UK|DTC|2024_07,Hair Wrap CORE,UK,DTC,2024,7,2024_07,1431,13504.61,FALSE
Hair Wrap CORE|UK|DTC|2024_08,Hair Wrap CORE,UK,DTC,2024,8,2024_08,2170,20321.08,FALSE
Hair Wrap CORE|UK|DTC|2024_09,Hair Wrap CORE,UK,DTC,2024,9,2024_09,1169,11841.34,FALSE
Hair Wrap CORE|UK|DTC|2024_10,Hair Wrap CORE,UK,DTC,2024,10,2024_10,1339,13871.66,FALSE
Hair Wrap CORE|UK|DTC|2024_11,Hair Wrap CORE,UK,DTC,2024,11,2024_11,6995,45368.13,FALSE
Hair Wrap CORE|UK|DTC|2024_12,Hair Wrap CORE,UK,DTC,2024,12,2024_12,2301,25159.21,FALSE
Hair Wrap CORE|UK|DTC|2025_01,Hair Wrap CORE,UK,DTC,2025,1,2025_01,390,4712.92,FALSE
Hair Wrap CORE|UK|DTC|2025_02,Hair Wrap CORE,UK,DTC,2025,2,2025_02,518,6926.3,FALSE
Hair Wrap CORE|UK|DTC|2025_03,Hair Wrap CORE,UK,DTC,2025,3,2025_03,962,13166.2,FALSE
Hair Wrap CORE|UK|DTC|2025_04,Hair Wrap CORE,UK,DTC,2025,4,2025_04,810,9901.2,FALSE
Hair Wrap CORE|UK|DTC|2025_05,Hair Wrap CORE,UK,DTC,2025,5,2025_05,905,11265.83,FALSE
Hair Wrap CORE|UK|DTC|2025_06,Hair Wrap CORE,UK,DTC,2025,6,2025_06,1147,13886.27,FALSE
Hair Wrap CORE|UK|DTC|2025_07,Hair Wrap CORE,UK,DTC,2025,7,2025_07,1375,16505.48,FALSE
Hair Wrap CORE|UK|DTC|2025_08,Hair Wrap CORE,UK,DTC,2025,8,2025_08,1256,16615.73,FALSE
Hair Wrap CORE|UK|DTC|2025_09,Hair Wrap CORE,UK,DTC,2025,9,2025_09,1622,21354.83,FALSE
Hair Wrap CORE|UK|DTC|2025_10,Hair Wrap CORE,UK,DTC,2025,10,2025_10,2972,38531.5,FALSE
Hair Wrap CORE|UK|DTC|2025_11,Hair Wrap CORE,UK,DTC,2025,11,2025_11,4559,51161.03,FALSE
Hair Wrap CORE|UK|DTC|2025_12,Hair Wrap CORE,UK,DTC,2025,12,2025_12,3847,47450.88,FALSE
Hair Wrap CORE|UK|DTC|2026_01,Hair Wrap CORE,UK,DTC,2026,1,2026_01,255,3436.01,FALSE
Hair Wrap CORE|UK|DTC|2026_02,Hair Wrap CORE,UK,DTC,2026,2,2026_02,483,6644.92,FALSE
Hair Wrap CORE|UK|DTC|2026_03,Hair Wrap CORE,UK,DTC,2026,3,2026_03,439,6116.32,FALSE
Hair Wrap CORE|UK|DTC|2026_04,Hair Wrap CORE,UK,DTC,2026,4,2026_04,269,3645.94,FALSE
Hair Wrap CORE|UK|DTC|2026_05,Hair Wrap CORE,UK,DTC,2026,5,2026_05,329,4235.87,FALSE
Hair Wrap CORE|UK|DTC|2026_06,Hair Wrap CORE,UK,DTC,2026,6,2026_06,309,4127.84,FALSE
Hair Wrap CORE|UK|FBA|2024_01,Hair Wrap CORE,UK,FBA,2024,1,2024_01,488,6384.76,FALSE
Hair Wrap CORE|UK|FBA|2024_02,Hair Wrap CORE,UK,FBA,2024,2,2024_02,384,4930.64,FALSE
Hair Wrap CORE|UK|FBA|2024_03,Hair Wrap CORE,UK,FBA,2024,3,2024_03,680,7609.66,FALSE
Hair Wrap CORE|UK|FBA|2024_04,Hair Wrap CORE,UK,FBA,2024,4,2024_04,650,7748.66,FALSE
Hair Wrap CORE|UK|FBA|2024_05,Hair Wrap CORE,UK,FBA,2024,5,2024_05,194,2679.14,FALSE
Hair Wrap CORE|UK|FBA|2024_06,Hair Wrap CORE,UK,FBA,2024,6,2024_06,472,5780.3,FALSE
Hair Wrap CORE|UK|FBA|2024_07,Hair Wrap CORE,UK,FBA,2024,7,2024_07,700,7836.34,FALSE
Hair Wrap CORE|UK|FBA|2024_08,Hair Wrap CORE,UK,FBA,2024,8,2024_08,606,7711.92,FALSE
Hair Wrap CORE|UK|FBA|2024_09,Hair Wrap CORE,UK,FBA,2024,9,2024_09,334,4406.24,FALSE
Hair Wrap CORE|UK|FBA|2024_10,Hair Wrap CORE,UK,FBA,2024,10,2024_10,384,4852.34,FALSE
Hair Wrap CORE|UK|FBA|2024_11,Hair Wrap CORE,UK,FBA,2024,11,2024_11,1356,9947.42,FALSE
Hair Wrap CORE|UK|FBA|2024_12,Hair Wrap CORE,UK,FBA,2024,12,2024_12,50,721.08,FALSE
Hair Wrap CORE|UK|FBA|2025_01,Hair Wrap CORE,UK,FBA,2025,1,2025_01,14,209.92,FALSE
Hair Wrap CORE|UK|FBA|2025_02,Hair Wrap CORE,UK,FBA,2025,2,2025_02,20,307.14,FALSE
Hair Wrap CORE|UK|FBA|2025_03,Hair Wrap CORE,UK,FBA,2025,3,2025_03,40,548.59,FALSE
Hair Wrap CORE|UK|FBA|2025_04,Hair Wrap CORE,UK,FBA,2025,4,2025_04,69,906.33,FALSE
Hair Wrap CORE|UK|FBA|2025_05,Hair Wrap CORE,UK,FBA,2025,5,2025_05,153,1880.32,FALSE
Hair Wrap CORE|UK|FBA|2025_06,Hair Wrap CORE,UK,FBA,2025,6,2025_06,182,2228.03,FALSE
Hair Wrap CORE|UK|FBA|2025_07,Hair Wrap CORE,UK,FBA,2025,7,2025_07,161,2037,FALSE
Hair Wrap CORE|UK|FBA|2025_08,Hair Wrap CORE,UK,FBA,2025,8,2025_08,200,2415.2,FALSE
Hair Wrap CORE|UK|FBA|2025_09,Hair Wrap CORE,UK,FBA,2025,9,2025_09,91,1203.34,FALSE
Hair Wrap CORE|UK|FBA|2025_10,Hair Wrap CORE,UK,FBA,2025,10,2025_10,106,1381.85,FALSE
Hair Wrap CORE|UK|FBA|2025_11,Hair Wrap CORE,UK,FBA,2025,11,2025_11,292,3838.85,FALSE
Hair Wrap CORE|UK|FBA|2025_12,Hair Wrap CORE,UK,FBA,2025,12,2025_12,534,7126.45,FALSE
Hair Wrap CORE|UK|FBA|2026_01,Hair Wrap CORE,UK,FBA,2026,1,2026_01,159,2083.21,FALSE
Hair Wrap CORE|UK|FBA|2026_02,Hair Wrap CORE,UK,FBA,2026,2,2026_02,179,2411.05,FALSE
Hair Wrap CORE|UK|FBA|2026_03,Hair Wrap CORE,UK,FBA,2026,3,2026_03,169,2285.34,FALSE
Hair Wrap CORE|UK|FBA|2026_04,Hair Wrap CORE,UK,FBA,2026,4,2026_04,121,1544.54,FALSE
Hair Wrap CORE|UK|FBA|2026_05,Hair Wrap CORE,UK,FBA,2026,5,2026_05,111,1423.27,FALSE
Hair Wrap CORE|UK|FBA|2026_06,Hair Wrap CORE,UK,FBA,2026,6,2026_06,81,1032.85,FALSE
Hair Wrap CORE|US|B2B|2024_01,Hair Wrap CORE,US,B2B,2024,1,2024_01,740,2496.82,FALSE
Hair Wrap CORE|US|B2B|2024_02,Hair Wrap CORE,US,B2B,2024,2,2024_02,1232,3395.12,FALSE
Hair Wrap CORE|US|B2B|2024_03,Hair Wrap CORE,US,B2B,2024,3,2024_03,1022,2698.64,FALSE
Hair Wrap CORE|US|B2B|2024_04,Hair Wrap CORE,US,B2B,2024,4,2024_04,519,1354.04,FALSE
Hair Wrap CORE|US|B2B|2024_05,Hair Wrap CORE,US,B2B,2024,5,2024_05,852,3157.2,FALSE
Hair Wrap CORE|US|B2B|2024_06,Hair Wrap CORE,US,B2B,2024,6,2024_06,658,2172.22,FALSE
Hair Wrap CORE|US|B2B|2024_07,Hair Wrap CORE,US,B2B,2024,7,2024_07,155,863.53,FALSE
Hair Wrap CORE|US|B2B|2024_08,Hair Wrap CORE,US,B2B,2024,8,2024_08,69,273.15,FALSE
Hair Wrap CORE|US|B2B|2024_09,Hair Wrap CORE,US,B2B,2024,9,2024_09,52,320.72,FALSE
Hair Wrap CORE|US|B2B|2024_10,Hair Wrap CORE,US,B2B,2024,10,2024_10,264,1007.89,FALSE
Hair Wrap CORE|US|B2B|2024_11,Hair Wrap CORE,US,B2B,2024,11,2024_11,224,1170.68,FALSE
Hair Wrap CORE|US|B2B|2024_12,Hair Wrap CORE,US,B2B,2024,12,2024_12,761,3249.78,FALSE
Hair Wrap CORE|US|B2B|2025_01,Hair Wrap CORE,US,B2B,2025,1,2025_01,84,591.8,FALSE
Hair Wrap CORE|US|B2B|2025_02,Hair Wrap CORE,US,B2B,2025,2,2025_02,413,2242.88,FALSE
Hair Wrap CORE|US|B2B|2025_03,Hair Wrap CORE,US,B2B,2025,3,2025_03,305,1740.05,FALSE
Hair Wrap CORE|US|B2B|2025_04,Hair Wrap CORE,US,B2B,2025,4,2025_04,426,2091.31,FALSE
Hair Wrap CORE|US|B2B|2025_05,Hair Wrap CORE,US,B2B,2025,5,2025_05,223,1626.79,FALSE
Hair Wrap CORE|US|B2B|2025_06,Hair Wrap CORE,US,B2B,2025,6,2025_06,217,1388.38,FALSE
Hair Wrap CORE|US|B2B|2025_07,Hair Wrap CORE,US,B2B,2025,7,2025_07,34,230.58,FALSE
Hair Wrap CORE|US|B2B|2025_08,Hair Wrap CORE,US,B2B,2025,8,2025_08,42,201.74,FALSE
Hair Wrap CORE|US|B2B|2025_09,Hair Wrap CORE,US,B2B,2025,9,2025_09,2125,12992.73,FALSE
Hair Wrap CORE|US|B2B|2025_10,Hair Wrap CORE,US,B2B,2025,10,2025_10,108,888.51,FALSE
Hair Wrap CORE|US|B2B|2025_11,Hair Wrap CORE,US,B2B,2025,11,2025_11,70,433.69,FALSE
Hair Wrap CORE|US|B2B|2025_12,Hair Wrap CORE,US,B2B,2025,12,2025_12,10,-6.25,FALSE
Hair Wrap CORE|US|B2B|2026_01,Hair Wrap CORE,US,B2B,2026,1,2026_01,167,1193.81,FALSE
Hair Wrap CORE|US|B2B|2026_02,Hair Wrap CORE,US,B2B,2026,2,2026_02,66,462.79,FALSE
Hair Wrap CORE|US|B2B|2026_03,Hair Wrap CORE,US,B2B,2026,3,2026_03,1008,6520.48,FALSE
Hair Wrap CORE|US|B2B|2026_04,Hair Wrap CORE,US,B2B,2026,4,2026_04,105,710.43,FALSE
Hair Wrap CORE|US|B2B|2026_05,Hair Wrap CORE,US,B2B,2026,5,2026_05,80,501.44,FALSE
Hair Wrap CORE|US|B2B|2026_06,Hair Wrap CORE,US,B2B,2026,6,2026_06,108,557.89,FALSE
Hair Wrap CORE|US|DTC|2024_01,Hair Wrap CORE,US,DTC,2024,1,2024_01,120,1404.18,FALSE
Hair Wrap CORE|US|DTC|2024_02,Hair Wrap CORE,US,DTC,2024,2,2024_02,162,1945.72,FALSE
Hair Wrap CORE|US|DTC|2024_03,Hair Wrap CORE,US,DTC,2024,3,2024_03,172,2003.94,FALSE
Hair Wrap CORE|US|DTC|2024_04,Hair Wrap CORE,US,DTC,2024,4,2024_04,128,1657.7,FALSE
Hair Wrap CORE|US|DTC|2024_05,Hair Wrap CORE,US,DTC,2024,5,2024_05,210,2036.54,FALSE
Hair Wrap CORE|US|DTC|2024_06,Hair Wrap CORE,US,DTC,2024,6,2024_06,134,1613.74,FALSE
Hair Wrap CORE|US|DTC|2024_07,Hair Wrap CORE,US,DTC,2024,7,2024_07,292,2744.16,FALSE
Hair Wrap CORE|US|DTC|2024_08,Hair Wrap CORE,US,DTC,2024,8,2024_08,212,1943.4,FALSE
Hair Wrap CORE|US|DTC|2024_09,Hair Wrap CORE,US,DTC,2024,9,2024_09,182,1003.34,FALSE
Hair Wrap CORE|US|DTC|2024_10,Hair Wrap CORE,US,DTC,2024,10,2024_10,78,850.34,FALSE
Hair Wrap CORE|US|DTC|2024_11,Hair Wrap CORE,US,DTC,2024,11,2024_11,180,1606.93,FALSE
Hair Wrap CORE|US|DTC|2024_12,Hair Wrap CORE,US,DTC,2024,12,2024_12,589,4012.95,FALSE
Hair Wrap CORE|US|DTC|2025_01,Hair Wrap CORE,US,DTC,2025,1,2025_01,33,435.53,FALSE
Hair Wrap CORE|US|DTC|2025_02,Hair Wrap CORE,US,DTC,2025,2,2025_02,69,663.44,FALSE
Hair Wrap CORE|US|DTC|2025_03,Hair Wrap CORE,US,DTC,2025,3,2025_03,110,1217.38,FALSE
Hair Wrap CORE|US|DTC|2025_04,Hair Wrap CORE,US,DTC,2025,4,2025_04,38,486.01,FALSE
Hair Wrap CORE|US|DTC|2025_05,Hair Wrap CORE,US,DTC,2025,5,2025_05,108,1286.2,FALSE
Hair Wrap CORE|US|DTC|2025_06,Hair Wrap CORE,US,DTC,2025,6,2025_06,122,1484.43,FALSE
Hair Wrap CORE|US|DTC|2025_07,Hair Wrap CORE,US,DTC,2025,7,2025_07,101,1121.57,FALSE
Hair Wrap CORE|US|DTC|2025_08,Hair Wrap CORE,US,DTC,2025,8,2025_08,81,944.75,FALSE
Hair Wrap CORE|US|DTC|2025_09,Hair Wrap CORE,US,DTC,2025,9,2025_09,65,767.14,FALSE
Hair Wrap CORE|US|DTC|2025_10,Hair Wrap CORE,US,DTC,2025,10,2025_10,273,3572.68,FALSE
Hair Wrap CORE|US|DTC|2025_11,Hair Wrap CORE,US,DTC,2025,11,2025_11,679,6745.94,FALSE
Hair Wrap CORE|US|DTC|2025_12,Hair Wrap CORE,US,DTC,2025,12,2025_12,975,10947.16,FALSE
Hair Wrap CORE|US|DTC|2026_01,Hair Wrap CORE,US,DTC,2026,1,2026_01,142,1739.88,FALSE
Hair Wrap CORE|US|DTC|2026_02,Hair Wrap CORE,US,DTC,2026,2,2026_02,95,851.76,FALSE
Hair Wrap CORE|US|DTC|2026_03,Hair Wrap CORE,US,DTC,2026,3,2026_03,58,832.94,FALSE
Hair Wrap CORE|US|DTC|2026_04,Hair Wrap CORE,US,DTC,2026,4,2026_04,37,500.6,FALSE
Hair Wrap CORE|US|DTC|2026_05,Hair Wrap CORE,US,DTC,2026,5,2026_05,67,912.73,FALSE
Hair Wrap CORE|US|DTC|2026_06,Hair Wrap CORE,US,DTC,2026,6,2026_06,19,269.03,FALSE
Hair Wrap CORE|US|FBA|2024_01,Hair Wrap CORE,US,FBA,2024,1,2024_01,40,552.14,FALSE
Hair Wrap CORE|US|FBA|2024_02,Hair Wrap CORE,US,FBA,2024,2,2024_02,50,640.02,FALSE
Hair Wrap CORE|US|FBA|2024_03,Hair Wrap CORE,US,FBA,2024,3,2024_03,92,1061.08,FALSE
Hair Wrap CORE|US|FBA|2024_04,Hair Wrap CORE,US,FBA,2024,4,2024_04,60,741.14,FALSE
Hair Wrap CORE|US|FBA|2024_05,Hair Wrap CORE,US,FBA,2024,5,2024_05,148,1753.8,FALSE
Hair Wrap CORE|US|FBA|2024_06,Hair Wrap CORE,US,FBA,2024,6,2024_06,160,1849.18,FALSE
Hair Wrap CORE|US|FBA|2024_07,Hair Wrap CORE,US,FBA,2024,7,2024_07,106,1230.9,FALSE
Hair Wrap CORE|US|FBA|2024_08,Hair Wrap CORE,US,FBA,2024,8,2024_08,60,765.8,FALSE
Hair Wrap CORE|US|FBA|2024_09,Hair Wrap CORE,US,FBA,2024,9,2024_09,60,675.36,FALSE
Hair Wrap CORE|US|FBA|2024_10,Hair Wrap CORE,US,FBA,2024,10,2024_10,44,508.98,FALSE
Hair Wrap CORE|US|FBA|2024_11,Hair Wrap CORE,US,FBA,2024,11,2024_11,56,684.74,FALSE
Hair Wrap CORE|US|FBA|2024_12,Hair Wrap CORE,US,FBA,2024,12,2024_12,168,2063.56,FALSE
Hair Wrap CORE|US|FBA|2025_01,Hair Wrap CORE,US,FBA,2025,1,2025_01,22,306.7,FALSE
Hair Wrap CORE|US|FBA|2025_02,Hair Wrap CORE,US,FBA,2025,2,2025_02,8,111.94,FALSE
Hair Wrap CORE|US|FBA|2025_03,Hair Wrap CORE,US,FBA,2025,3,2025_03,28,340,FALSE
Hair Wrap CORE|US|FBA|2025_04,Hair Wrap CORE,US,FBA,2025,4,2025_04,30,338.3,FALSE
Hair Wrap CORE|US|FBA|2025_05,Hair Wrap CORE,US,FBA,2025,5,2025_05,42,464.5,FALSE
Hair Wrap CORE|US|FBA|2025_06,Hair Wrap CORE,US,FBA,2025,6,2025_06,50,518.76,FALSE
Hair Wrap CORE|US|FBA|2025_07,Hair Wrap CORE,US,FBA,2025,7,2025_07,24,307.36,FALSE
Hair Wrap CORE|US|FBA|2025_08,Hair Wrap CORE,US,FBA,2025,8,2025_08,14,187.82,FALSE
Hair Wrap CORE|US|FBA|2025_09,Hair Wrap CORE,US,FBA,2025,9,2025_09,4,45.44,FALSE
Hair Wrap CORE|US|FBA|2025_11,Hair Wrap CORE,US,FBA,2025,11,2025_11,15,207.6,FALSE
Hair Wrap CORE|US|FBA|2025_12,Hair Wrap CORE,US,FBA,2025,12,2025_12,179,2268.69,FALSE
Hair Wrap CORE|US|FBA|2026_01,Hair Wrap CORE,US,FBA,2026,1,2026_01,45,552.06,FALSE
Hair Wrap CORE|US|FBA|2026_02,Hair Wrap CORE,US,FBA,2026,2,2026_02,32,424.06,FALSE
Hair Wrap CORE|US|FBA|2026_03,Hair Wrap CORE,US,FBA,2026,3,2026_03,26,341.77,FALSE
Hair Wrap CORE|US|FBA|2026_04,Hair Wrap CORE,US,FBA,2026,4,2026_04,34,404.61,FALSE
Hair Wrap CORE|US|FBA|2026_05,Hair Wrap CORE,US,FBA,2026,5,2026_05,29,393,FALSE
Hair Wrap CORE|US|FBA|2026_06,Hair Wrap CORE,US,FBA,2026,6,2026_06,18,230.35,FALSE
Hair Wrap SEASONAL|AU|DTC|2024_01,Hair Wrap SEASONAL,AU,DTC,2024,1,2024_01,316,3392.64,FALSE
Hair Wrap SEASONAL|AU|DTC|2024_02,Hair Wrap SEASONAL,AU,DTC,2024,2,2024_02,828,6040.04,FALSE
Hair Wrap SEASONAL|AU|DTC|2024_03,Hair Wrap SEASONAL,AU,DTC,2024,3,2024_03,170,1865.84,FALSE
Hair Wrap SEASONAL|AU|DTC|2024_04,Hair Wrap SEASONAL,AU,DTC,2024,4,2024_04,148,1911.64,FALSE
Hair Wrap SEASONAL|AU|DTC|2024_05,Hair Wrap SEASONAL,AU,DTC,2024,5,2024_05,128,1510.32,FALSE
Hair Wrap SEASONAL|AU|DTC|2024_06,Hair Wrap SEASONAL,AU,DTC,2024,6,2024_06,218,2092.42,FALSE
Hair Wrap SEASONAL|AU|DTC|2024_07,Hair Wrap SEASONAL,AU,DTC,2024,7,2024_07,226,2242.64,FALSE
Hair Wrap SEASONAL|AU|DTC|2024_08,Hair Wrap SEASONAL,AU,DTC,2024,8,2024_08,424,3598.12,FALSE
Hair Wrap SEASONAL|AU|DTC|2024_09,Hair Wrap SEASONAL,AU,DTC,2024,9,2024_09,274,2316.34,FALSE
Hair Wrap SEASONAL|AU|DTC|2024_10,Hair Wrap SEASONAL,AU,DTC,2024,10,2024_10,410,3341.02,FALSE
Hair Wrap SEASONAL|AU|DTC|2024_11,Hair Wrap SEASONAL,AU,DTC,2024,11,2024_11,1062,6509.72,FALSE
Hair Wrap SEASONAL|AU|DTC|2024_12,Hair Wrap SEASONAL,AU,DTC,2024,12,2024_12,1576,9000.76,FALSE
Hair Wrap SEASONAL|AU|DTC|2025_01,Hair Wrap SEASONAL,AU,DTC,2025,1,2025_01,774,3271.32,FALSE
Hair Wrap SEASONAL|AU|DTC|2025_02,Hair Wrap SEASONAL,AU,DTC,2025,2,2025_02,116,943.4,FALSE
Hair Wrap SEASONAL|AU|DTC|2025_03,Hair Wrap SEASONAL,AU,DTC,2025,3,2025_03,86,682.64,FALSE
Hair Wrap SEASONAL|AU|DTC|2025_04,Hair Wrap SEASONAL,AU,DTC,2025,4,2025_04,80,637.7,FALSE
Hair Wrap SEASONAL|AU|DTC|2025_05,Hair Wrap SEASONAL,AU,DTC,2025,5,2025_05,56,529.16,FALSE
Hair Wrap SEASONAL|AU|DTC|2025_06,Hair Wrap SEASONAL,AU,DTC,2025,6,2025_06,78,736.52,FALSE
Hair Wrap SEASONAL|AU|DTC|2025_07,Hair Wrap SEASONAL,AU,DTC,2025,7,2025_07,102,983.87,FALSE
Hair Wrap SEASONAL|AU|DTC|2025_08,Hair Wrap SEASONAL,AU,DTC,2025,8,2025_08,129,1110.43,FALSE
Hair Wrap SEASONAL|AU|DTC|2025_09,Hair Wrap SEASONAL,AU,DTC,2025,9,2025_09,110,958.43,FALSE
Hair Wrap SEASONAL|AU|DTC|2025_10,Hair Wrap SEASONAL,AU,DTC,2025,10,2025_10,1206,12077.89,FALSE
Hair Wrap SEASONAL|AU|DTC|2025_11,Hair Wrap SEASONAL,AU,DTC,2025,11,2025_11,1805,17833.49,FALSE
Hair Wrap SEASONAL|AU|DTC|2025_12,Hair Wrap SEASONAL,AU,DTC,2025,12,2025_12,1545,17046.46,FALSE
Hair Wrap SEASONAL|AU|DTC|2026_01,Hair Wrap SEASONAL,AU,DTC,2026,1,2026_01,65,724.58,FALSE
Hair Wrap SEASONAL|AU|DTC|2026_02,Hair Wrap SEASONAL,AU,DTC,2026,2,2026_02,49,551.6,FALSE
Hair Wrap SEASONAL|AU|DTC|2026_03,Hair Wrap SEASONAL,AU,DTC,2026,3,2026_03,82,956.24,FALSE
Hair Wrap SEASONAL|AU|DTC|2026_04,Hair Wrap SEASONAL,AU,DTC,2026,4,2026_04,114,1557.48,FALSE
Hair Wrap SEASONAL|AU|DTC|2026_05,Hair Wrap SEASONAL,AU,DTC,2026,5,2026_05,283,4525.22,FALSE
Hair Wrap SEASONAL|AU|DTC|2026_06,Hair Wrap SEASONAL,AU,DTC,2026,6,2026_06,182,2842.39,FALSE
Hair Wrap SEASONAL|AU|FBA|2024_01,Hair Wrap SEASONAL,AU,FBA,2024,1,2024_01,10,169.82,FALSE
Hair Wrap SEASONAL|AU|FBA|2024_02,Hair Wrap SEASONAL,AU,FBA,2024,2,2024_02,4,55.38,FALSE
Hair Wrap SEASONAL|AU|FBA|2024_03,Hair Wrap SEASONAL,AU,FBA,2024,3,2024_03,2,35.82,FALSE
Hair Wrap SEASONAL|AU|FBA|2024_04,Hair Wrap SEASONAL,AU,FBA,2024,4,2024_04,2,30.24,FALSE
Hair Wrap SEASONAL|AU|FBA|2024_05,Hair Wrap SEASONAL,AU,FBA,2024,5,2024_05,12,201.94,FALSE
Hair Wrap SEASONAL|AU|FBA|2024_06,Hair Wrap SEASONAL,AU,FBA,2024,6,2024_06,6,102,FALSE
Hair Wrap SEASONAL|AU|FBA|2024_07,Hair Wrap SEASONAL,AU,FBA,2024,7,2024_07,2,30.66,FALSE
Hair Wrap SEASONAL|AU|FBA|2024_08,Hair Wrap SEASONAL,AU,FBA,2024,8,2024_08,4,65.96,FALSE
Hair Wrap SEASONAL|AU|FBA|2024_09,Hair Wrap SEASONAL,AU,FBA,2024,9,2024_09,4,65.48,FALSE
Hair Wrap SEASONAL|AU|FBA|2024_11,Hair Wrap SEASONAL,AU,FBA,2024,11,2024_11,6,103.42,FALSE
Hair Wrap SEASONAL|AU|FBA|2024_12,Hair Wrap SEASONAL,AU,FBA,2024,12,2024_12,20,316.62,FALSE
Hair Wrap SEASONAL|AU|FBA|2025_01,Hair Wrap SEASONAL,AU,FBA,2025,1,2025_01,2,28.7,FALSE
Hair Wrap SEASONAL|AU|FBA|2025_02,Hair Wrap SEASONAL,AU,FBA,2025,2,2025_02,2,34.22,FALSE
Hair Wrap SEASONAL|AU|FBA|2025_03,Hair Wrap SEASONAL,AU,FBA,2025,3,2025_03,2,33.08,FALSE
Hair Wrap SEASONAL|AU|FBA|2025_05,Hair Wrap SEASONAL,AU,FBA,2025,5,2025_05,8,100.84,FALSE
Hair Wrap SEASONAL|AU|FBA|2025_06,Hair Wrap SEASONAL,AU,FBA,2025,6,2025_06,12,194.1,FALSE
Hair Wrap SEASONAL|AU|FBA|2025_07,Hair Wrap SEASONAL,AU,FBA,2025,7,2025_07,18,260.43,FALSE
Hair Wrap SEASONAL|AU|FBA|2025_08,Hair Wrap SEASONAL,AU,FBA,2025,8,2025_08,2,27.94,FALSE
Hair Wrap SEASONAL|AU|FBA|2025_09,Hair Wrap SEASONAL,AU,FBA,2025,9,2025_09,10,147.56,FALSE
Hair Wrap SEASONAL|AU|FBA|2025_10,Hair Wrap SEASONAL,AU,FBA,2025,10,2025_10,8,102.94,FALSE
Hair Wrap SEASONAL|AU|FBA|2025_11,Hair Wrap SEASONAL,AU,FBA,2025,11,2025_11,39,455.81,FALSE
Hair Wrap SEASONAL|AU|FBA|2025_12,Hair Wrap SEASONAL,AU,FBA,2025,12,2025_12,142,1831.99,FALSE
Hair Wrap SEASONAL|AU|FBA|2026_01,Hair Wrap SEASONAL,AU,FBA,2026,1,2026_01,36,452.62,FALSE
Hair Wrap SEASONAL|AU|FBA|2026_02,Hair Wrap SEASONAL,AU,FBA,2026,2,2026_02,16,235.12,FALSE
Hair Wrap SEASONAL|AU|FBA|2026_03,Hair Wrap SEASONAL,AU,FBA,2026,3,2026_03,38,509.2,FALSE
Hair Wrap SEASONAL|AU|FBA|2026_04,Hair Wrap SEASONAL,AU,FBA,2026,4,2026_04,13,172.42,FALSE
Hair Wrap SEASONAL|AU|FBA|2026_05,Hair Wrap SEASONAL,AU,FBA,2026,5,2026_05,17,279.5,FALSE
Hair Wrap SEASONAL|AU|FBA|2026_06,Hair Wrap SEASONAL,AU,FBA,2026,6,2026_06,16,269.43,FALSE
Hair Wrap SEASONAL|CA|FBA|2024_01,Hair Wrap SEASONAL,CA,FBA,2024,1,2024_01,2,47.94,FALSE
Hair Wrap SEASONAL|CA|FBA|2024_02,Hair Wrap SEASONAL,CA,FBA,2024,2,2024_02,2,27.32,FALSE
Hair Wrap SEASONAL|CA|FBA|2024_12,Hair Wrap SEASONAL,CA,FBA,2024,12,2024_12,2,42.2,FALSE
Hair Wrap SEASONAL|CA|FBA|2025_01,Hair Wrap SEASONAL,CA,FBA,2025,1,2025_01,3,50.86,FALSE
Hair Wrap SEASONAL|EU|B2B|2024_01,Hair Wrap SEASONAL,EU,B2B,2024,1,2024_01,754,2926.44,FALSE
Hair Wrap SEASONAL|EU|B2B|2024_02,Hair Wrap SEASONAL,EU,B2B,2024,2,2024_02,106,718.24,FALSE
Hair Wrap SEASONAL|EU|B2B|2024_03,Hair Wrap SEASONAL,EU,B2B,2024,3,2024_03,474,2008.02,FALSE
Hair Wrap SEASONAL|EU|B2B|2024_04,Hair Wrap SEASONAL,EU,B2B,2024,4,2024_04,696,3545.56,FALSE
Hair Wrap SEASONAL|EU|B2B|2024_05,Hair Wrap SEASONAL,EU,B2B,2024,5,2024_05,154,1067.02,FALSE
Hair Wrap SEASONAL|EU|B2B|2024_06,Hair Wrap SEASONAL,EU,B2B,2024,6,2024_06,124,744.92,FALSE
Hair Wrap SEASONAL|EU|B2B|2024_07,Hair Wrap SEASONAL,EU,B2B,2024,7,2024_07,96,516.56,FALSE
Hair Wrap SEASONAL|EU|B2B|2024_08,Hair Wrap SEASONAL,EU,B2B,2024,8,2024_08,103,246.24,FALSE
Hair Wrap SEASONAL|EU|B2B|2024_09,Hair Wrap SEASONAL,EU,B2B,2024,9,2024_09,39,13.36,FALSE
Hair Wrap SEASONAL|EU|B2B|2024_10,Hair Wrap SEASONAL,EU,B2B,2024,10,2024_10,417,1987.28,FALSE
Hair Wrap SEASONAL|EU|B2B|2024_11,Hair Wrap SEASONAL,EU,B2B,2024,11,2024_11,98,471.86,FALSE
Hair Wrap SEASONAL|EU|B2B|2024_12,Hair Wrap SEASONAL,EU,B2B,2024,12,2024_12,244,926.56,FALSE
Hair Wrap SEASONAL|EU|B2B|2025_01,Hair Wrap SEASONAL,EU,B2B,2025,1,2025_01,160,741.02,FALSE
Hair Wrap SEASONAL|EU|B2B|2025_02,Hair Wrap SEASONAL,EU,B2B,2025,2,2025_02,265,2119.87,FALSE
Hair Wrap SEASONAL|EU|B2B|2025_03,Hair Wrap SEASONAL,EU,B2B,2025,3,2025_03,33,181.52,FALSE
Hair Wrap SEASONAL|EU|B2B|2025_04,Hair Wrap SEASONAL,EU,B2B,2025,4,2025_04,158,837.69,FALSE
Hair Wrap SEASONAL|EU|B2B|2025_05,Hair Wrap SEASONAL,EU,B2B,2025,5,2025_05,302,1796.9,FALSE
Hair Wrap SEASONAL|EU|B2B|2025_06,Hair Wrap SEASONAL,EU,B2B,2025,6,2025_06,90,501.24,FALSE
Hair Wrap SEASONAL|EU|B2B|2025_07,Hair Wrap SEASONAL,EU,B2B,2025,7,2025_07,41,255.8,FALSE
Hair Wrap SEASONAL|EU|B2B|2025_08,Hair Wrap SEASONAL,EU,B2B,2025,8,2025_08,9,34.45,FALSE
Hair Wrap SEASONAL|EU|B2B|2025_09,Hair Wrap SEASONAL,EU,B2B,2025,9,2025_09,60,371.6,FALSE
Hair Wrap SEASONAL|EU|B2B|2025_10,Hair Wrap SEASONAL,EU,B2B,2025,10,2025_10,72,387.95,FALSE
Hair Wrap SEASONAL|EU|B2B|2025_11,Hair Wrap SEASONAL,EU,B2B,2025,11,2025_11,247,1336.67,FALSE
Hair Wrap SEASONAL|EU|B2B|2025_12,Hair Wrap SEASONAL,EU,B2B,2025,12,2025_12,214,1210.62,FALSE
Hair Wrap SEASONAL|EU|B2B|2026_01,Hair Wrap SEASONAL,EU,B2B,2026,1,2026_01,36,184.88,FALSE
Hair Wrap SEASONAL|EU|B2B|2026_02,Hair Wrap SEASONAL,EU,B2B,2026,2,2026_02,128,699.3,FALSE
Hair Wrap SEASONAL|EU|B2B|2026_03,Hair Wrap SEASONAL,EU,B2B,2026,3,2026_03,490,2714.09,FALSE
Hair Wrap SEASONAL|EU|B2B|2026_04,Hair Wrap SEASONAL,EU,B2B,2026,4,2026_04,492,2406.48,FALSE
Hair Wrap SEASONAL|EU|B2B|2026_05,Hair Wrap SEASONAL,EU,B2B,2026,5,2026_05,140,857.45,FALSE
Hair Wrap SEASONAL|EU|B2B|2026_06,Hair Wrap SEASONAL,EU,B2B,2026,6,2026_06,166,971.41,FALSE
Hair Wrap SEASONAL|EU|DTC|2024_01,Hair Wrap SEASONAL,EU,DTC,2024,1,2024_01,68,829.66,FALSE
Hair Wrap SEASONAL|EU|DTC|2024_02,Hair Wrap SEASONAL,EU,DTC,2024,2,2024_02,66,695.24,FALSE
Hair Wrap SEASONAL|EU|DTC|2024_03,Hair Wrap SEASONAL,EU,DTC,2024,3,2024_03,116,1417.04,FALSE
Hair Wrap SEASONAL|EU|DTC|2024_04,Hair Wrap SEASONAL,EU,DTC,2024,4,2024_04,140,1617.7,FALSE
Hair Wrap SEASONAL|EU|DTC|2024_05,Hair Wrap SEASONAL,EU,DTC,2024,5,2024_05,238,2291.84,FALSE
Hair Wrap SEASONAL|EU|DTC|2024_06,Hair Wrap SEASONAL,EU,DTC,2024,6,2024_06,166,1329.82,FALSE
Hair Wrap SEASONAL|EU|DTC|2024_07,Hair Wrap SEASONAL,EU,DTC,2024,7,2024_07,308,2269.92,FALSE
Hair Wrap SEASONAL|EU|DTC|2024_08,Hair Wrap SEASONAL,EU,DTC,2024,8,2024_08,350,2703.36,FALSE
Hair Wrap SEASONAL|EU|DTC|2024_09,Hair Wrap SEASONAL,EU,DTC,2024,9,2024_09,148,1174.4,FALSE
Hair Wrap SEASONAL|EU|DTC|2024_10,Hair Wrap SEASONAL,EU,DTC,2024,10,2024_10,88,852.51,FALSE
Hair Wrap SEASONAL|EU|DTC|2024_11,Hair Wrap SEASONAL,EU,DTC,2024,11,2024_11,251,1664.66,FALSE
Hair Wrap SEASONAL|EU|DTC|2024_12,Hair Wrap SEASONAL,EU,DTC,2024,12,2024_12,341,2474.5,FALSE
Hair Wrap SEASONAL|EU|DTC|2025_01,Hair Wrap SEASONAL,EU,DTC,2025,1,2025_01,34,296.74,FALSE
Hair Wrap SEASONAL|EU|DTC|2025_02,Hair Wrap SEASONAL,EU,DTC,2025,2,2025_02,6,77.46,FALSE
Hair Wrap SEASONAL|EU|DTC|2025_03,Hair Wrap SEASONAL,EU,DTC,2025,3,2025_03,2,0,FALSE
Hair Wrap SEASONAL|EU|DTC|2025_04,Hair Wrap SEASONAL,EU,DTC,2025,4,2025_04,3,21.07,FALSE
Hair Wrap SEASONAL|EU|DTC|2025_05,Hair Wrap SEASONAL,EU,DTC,2025,5,2025_05,64,735.92,FALSE
Hair Wrap SEASONAL|EU|DTC|2025_06,Hair Wrap SEASONAL,EU,DTC,2025,6,2025_06,74,772.82,FALSE
Hair Wrap SEASONAL|EU|DTC|2025_07,Hair Wrap SEASONAL,EU,DTC,2025,7,2025_07,61,630.95,FALSE
Hair Wrap SEASONAL|EU|DTC|2025_08,Hair Wrap SEASONAL,EU,DTC,2025,8,2025_08,64,701.17,FALSE
Hair Wrap SEASONAL|EU|DTC|2025_09,Hair Wrap SEASONAL,EU,DTC,2025,9,2025_09,37,303.44,FALSE
Hair Wrap SEASONAL|EU|DTC|2025_10,Hair Wrap SEASONAL,EU,DTC,2025,10,2025_10,51,541.09,FALSE
Hair Wrap SEASONAL|EU|DTC|2025_11,Hair Wrap SEASONAL,EU,DTC,2025,11,2025_11,1086,11046.72,FALSE
Hair Wrap SEASONAL|EU|DTC|2025_12,Hair Wrap SEASONAL,EU,DTC,2025,12,2025_12,492,6108.54,FALSE
Hair Wrap SEASONAL|EU|DTC|2026_01,Hair Wrap SEASONAL,EU,DTC,2026,1,2026_01,111,1440.86,FALSE
Hair Wrap SEASONAL|EU|DTC|2026_02,Hair Wrap SEASONAL,EU,DTC,2026,2,2026_02,116,1574.02,FALSE
Hair Wrap SEASONAL|EU|DTC|2026_03,Hair Wrap SEASONAL,EU,DTC,2026,3,2026_03,86,1013.04,FALSE
Hair Wrap SEASONAL|EU|DTC|2026_04,Hair Wrap SEASONAL,EU,DTC,2026,4,2026_04,55,669.07,FALSE
Hair Wrap SEASONAL|EU|DTC|2026_05,Hair Wrap SEASONAL,EU,DTC,2026,5,2026_05,74,816.88,FALSE
Hair Wrap SEASONAL|EU|DTC|2026_06,Hair Wrap SEASONAL,EU,DTC,2026,6,2026_06,47,527.77,FALSE
Hair Wrap SEASONAL|EU|FBA|2024_01,Hair Wrap SEASONAL,EU,FBA,2024,1,2024_01,6,113.62,FALSE
Hair Wrap SEASONAL|EU|FBA|2024_02,Hair Wrap SEASONAL,EU,FBA,2024,2,2024_02,2,56.32,FALSE
Hair Wrap SEASONAL|EU|FBA|2024_03,Hair Wrap SEASONAL,EU,FBA,2024,3,2024_03,8,103.44,FALSE
Hair Wrap SEASONAL|EU|FBA|2024_04,Hair Wrap SEASONAL,EU,FBA,2024,4,2024_04,4,74.64,FALSE
Hair Wrap SEASONAL|EU|FBA|2024_05,Hair Wrap SEASONAL,EU,FBA,2024,5,2024_05,6,90.14,FALSE
Hair Wrap SEASONAL|EU|FBA|2024_06,Hair Wrap SEASONAL,EU,FBA,2024,6,2024_06,2,52.82,FALSE
Hair Wrap SEASONAL|EU|FBA|2024_07,Hair Wrap SEASONAL,EU,FBA,2024,7,2024_07,8,137.64,FALSE
Hair Wrap SEASONAL|EU|FBA|2024_08,Hair Wrap SEASONAL,EU,FBA,2024,8,2024_08,6,91.38,FALSE
Hair Wrap SEASONAL|EU|FBA|2024_09,Hair Wrap SEASONAL,EU,FBA,2024,9,2024_09,2,51.64,FALSE
Hair Wrap SEASONAL|EU|FBA|2024_11,Hair Wrap SEASONAL,EU,FBA,2024,11,2024_11,12,236.36,FALSE
Hair Wrap SEASONAL|EU|FBA|2024_12,Hair Wrap SEASONAL,EU,FBA,2024,12,2024_12,21,396.02,FALSE
Hair Wrap SEASONAL|EU|FBA|2025_01,Hair Wrap SEASONAL,EU,FBA,2025,1,2025_01,2,48.7,FALSE
Hair Wrap SEASONAL|EU|FBA|2025_05,Hair Wrap SEASONAL,EU,FBA,2025,5,2025_05,6,94.86,FALSE
Hair Wrap SEASONAL|EU|FBA|2025_06,Hair Wrap SEASONAL,EU,FBA,2025,6,2025_06,8,154.02,FALSE
Hair Wrap SEASONAL|EU|FBA|2025_07,Hair Wrap SEASONAL,EU,FBA,2025,7,2025_07,6,117.94,FALSE
Hair Wrap SEASONAL|EU|FBA|2025_08,Hair Wrap SEASONAL,EU,FBA,2025,8,2025_08,4,68.48,FALSE
Hair Wrap SEASONAL|EU|FBA|2025_09,Hair Wrap SEASONAL,EU,FBA,2025,9,2025_09,4,72.82,FALSE
Hair Wrap SEASONAL|EU|FBA|2025_10,Hair Wrap SEASONAL,EU,FBA,2025,10,2025_10,4,79.94,FALSE
Hair Wrap SEASONAL|EU|FBA|2025_11,Hair Wrap SEASONAL,EU,FBA,2025,11,2025_11,4,70.74,FALSE
Hair Wrap SEASONAL|EU|FBA|2025_12,Hair Wrap SEASONAL,EU,FBA,2025,12,2025_12,4,83.11,FALSE
Hair Wrap SEASONAL|EU|FBA|2026_01,Hair Wrap SEASONAL,EU,FBA,2026,1,2026_01,2,39.09,FALSE
Hair Wrap SEASONAL|EU|FBA|2026_02,Hair Wrap SEASONAL,EU,FBA,2026,2,2026_02,5,97.7,FALSE
Hair Wrap SEASONAL|EU|FBA|2026_03,Hair Wrap SEASONAL,EU,FBA,2026,3,2026_03,1,15.24,FALSE
Hair Wrap SEASONAL|EU|FBA|2026_04,Hair Wrap SEASONAL,EU,FBA,2026,4,2026_04,3,54.08,FALSE
Hair Wrap SEASONAL|EU|FBA|2026_05,Hair Wrap SEASONAL,EU,FBA,2026,5,2026_05,8,114.32,FALSE
Hair Wrap SEASONAL|EU|FBA|2026_06,Hair Wrap SEASONAL,EU,FBA,2026,6,2026_06,10,142.27,FALSE
Hair Wrap SEASONAL|UK|B2B|2024_01,Hair Wrap SEASONAL,UK,B2B,2024,1,2024_01,510,3296.46,FALSE
Hair Wrap SEASONAL|UK|B2B|2024_02,Hair Wrap SEASONAL,UK,B2B,2024,2,2024_02,452,2935.2,FALSE
Hair Wrap SEASONAL|UK|B2B|2024_03,Hair Wrap SEASONAL,UK,B2B,2024,3,2024_03,242,1628.7,FALSE
Hair Wrap SEASONAL|UK|B2B|2024_04,Hair Wrap SEASONAL,UK,B2B,2024,4,2024_04,388,2270.88,FALSE
Hair Wrap SEASONAL|UK|B2B|2024_05,Hair Wrap SEASONAL,UK,B2B,2024,5,2024_05,506,3092.72,FALSE
Hair Wrap SEASONAL|UK|B2B|2024_06,Hair Wrap SEASONAL,UK,B2B,2024,6,2024_06,426,2180.32,FALSE
Hair Wrap SEASONAL|UK|B2B|2024_07,Hair Wrap SEASONAL,UK,B2B,2024,7,2024_07,410,2057.9,FALSE
Hair Wrap SEASONAL|UK|B2B|2024_08,Hair Wrap SEASONAL,UK,B2B,2024,8,2024_08,838,4496.78,FALSE
Hair Wrap SEASONAL|UK|B2B|2024_09,Hair Wrap SEASONAL,UK,B2B,2024,9,2024_09,117,680.48,FALSE
Hair Wrap SEASONAL|UK|B2B|2024_10,Hair Wrap SEASONAL,UK,B2B,2024,10,2024_10,1386,7629.15,FALSE
Hair Wrap SEASONAL|UK|B2B|2024_11,Hair Wrap SEASONAL,UK,B2B,2024,11,2024_11,434,2347.48,FALSE
Hair Wrap SEASONAL|UK|B2B|2024_12,Hair Wrap SEASONAL,UK,B2B,2024,12,2024_12,172,874.1,FALSE
Hair Wrap SEASONAL|UK|B2B|2025_01,Hair Wrap SEASONAL,UK,B2B,2025,1,2025_01,55,87.45,FALSE
Hair Wrap SEASONAL|UK|B2B|2025_02,Hair Wrap SEASONAL,UK,B2B,2025,2,2025_02,69,418.8,FALSE
Hair Wrap SEASONAL|UK|B2B|2025_03,Hair Wrap SEASONAL,UK,B2B,2025,3,2025_03,328,5952.9,FALSE
Hair Wrap SEASONAL|UK|B2B|2025_04,Hair Wrap SEASONAL,UK,B2B,2025,4,2025_04,36,258.79,FALSE
Hair Wrap SEASONAL|UK|B2B|2025_05,Hair Wrap SEASONAL,UK,B2B,2025,5,2025_05,100,5276.44,FALSE
Hair Wrap SEASONAL|UK|B2B|2025_06,Hair Wrap SEASONAL,UK,B2B,2025,6,2025_06,476,3021.6,FALSE
Hair Wrap SEASONAL|UK|B2B|2025_07,Hair Wrap SEASONAL,UK,B2B,2025,7,2025_07,644,3853.43,FALSE
Hair Wrap SEASONAL|UK|B2B|2025_08,Hair Wrap SEASONAL,UK,B2B,2025,8,2025_08,338,2184.94,FALSE
Hair Wrap SEASONAL|UK|B2B|2025_09,Hair Wrap SEASONAL,UK,B2B,2025,9,2025_09,583,3862.82,FALSE
Hair Wrap SEASONAL|UK|B2B|2025_10,Hair Wrap SEASONAL,UK,B2B,2025,10,2025_10,892,5973.77,FALSE
Hair Wrap SEASONAL|UK|B2B|2025_11,Hair Wrap SEASONAL,UK,B2B,2025,11,2025_11,456,5320.85,FALSE
Hair Wrap SEASONAL|UK|B2B|2025_12,Hair Wrap SEASONAL,UK,B2B,2025,12,2025_12,234,1637.83,FALSE
Hair Wrap SEASONAL|UK|B2B|2026_01,Hair Wrap SEASONAL,UK,B2B,2026,1,2026_01,145,969.74,FALSE
Hair Wrap SEASONAL|UK|B2B|2026_02,Hair Wrap SEASONAL,UK,B2B,2026,2,2026_02,1145,14426.01,FALSE
Hair Wrap SEASONAL|UK|B2B|2026_03,Hair Wrap SEASONAL,UK,B2B,2026,3,2026_03,887,5956.17,FALSE
Hair Wrap SEASONAL|UK|B2B|2026_04,Hair Wrap SEASONAL,UK,B2B,2026,4,2026_04,1220,7770.95,FALSE
Hair Wrap SEASONAL|UK|B2B|2026_05,Hair Wrap SEASONAL,UK,B2B,2026,5,2026_05,1673,10721.62,FALSE
Hair Wrap SEASONAL|UK|B2B|2026_06,Hair Wrap SEASONAL,UK,B2B,2026,6,2026_06,1169,7914.68,FALSE
Hair Wrap SEASONAL|UK|DTC|2024_01,Hair Wrap SEASONAL,UK,DTC,2024,1,2024_01,6966,52805.12,FALSE
Hair Wrap SEASONAL|UK|DTC|2024_02,Hair Wrap SEASONAL,UK,DTC,2024,2,2024_02,5044,36486.38,FALSE
Hair Wrap SEASONAL|UK|DTC|2024_03,Hair Wrap SEASONAL,UK,DTC,2024,3,2024_03,2206,22217.46,FALSE
Hair Wrap SEASONAL|UK|DTC|2024_04,Hair Wrap SEASONAL,UK,DTC,2024,4,2024_04,2056,21531.14,FALSE
Hair Wrap SEASONAL|UK|DTC|2024_05,Hair Wrap SEASONAL,UK,DTC,2024,5,2024_05,2016,21283.96,FALSE
Hair Wrap SEASONAL|UK|DTC|2024_06,Hair Wrap SEASONAL,UK,DTC,2024,6,2024_06,1686,15488.62,FALSE
Hair Wrap SEASONAL|UK|DTC|2024_07,Hair Wrap SEASONAL,UK,DTC,2024,7,2024_07,2446,21721.54,FALSE
Hair Wrap SEASONAL|UK|DTC|2024_08,Hair Wrap SEASONAL,UK,DTC,2024,8,2024_08,5168,33953.46,FALSE
Hair Wrap SEASONAL|UK|DTC|2024_09,Hair Wrap SEASONAL,UK,DTC,2024,9,2024_09,2019,16956.06,FALSE
Hair Wrap SEASONAL|UK|DTC|2024_10,Hair Wrap SEASONAL,UK,DTC,2024,10,2024_10,2066,19340.61,FALSE
Hair Wrap SEASONAL|UK|DTC|2024_11,Hair Wrap SEASONAL,UK,DTC,2024,11,2024_11,10820,67955.23,FALSE
Hair Wrap SEASONAL|UK|DTC|2024_12,Hair Wrap SEASONAL,UK,DTC,2024,12,2024_12,2140,19731.53,FALSE
Hair Wrap SEASONAL|UK|DTC|2025_01,Hair Wrap SEASONAL,UK,DTC,2025,1,2025_01,330,4210.48,FALSE
Hair Wrap SEASONAL|UK|DTC|2025_02,Hair Wrap SEASONAL,UK,DTC,2025,2,2025_02,65,707,FALSE
Hair Wrap SEASONAL|UK|DTC|2025_03,Hair Wrap SEASONAL,UK,DTC,2025,3,2025_03,495,6970.43,FALSE
Hair Wrap SEASONAL|UK|DTC|2025_04,Hair Wrap SEASONAL,UK,DTC,2025,4,2025_04,83,932.17,FALSE
Hair Wrap SEASONAL|UK|DTC|2025_05,Hair Wrap SEASONAL,UK,DTC,2025,5,2025_05,196,2414.02,FALSE
Hair Wrap SEASONAL|UK|DTC|2025_06,Hair Wrap SEASONAL,UK,DTC,2025,6,2025_06,1344,16767.21,FALSE
Hair Wrap SEASONAL|UK|DTC|2025_07,Hair Wrap SEASONAL,UK,DTC,2025,7,2025_07,1499,18200.51,FALSE
Hair Wrap SEASONAL|UK|DTC|2025_08,Hair Wrap SEASONAL,UK,DTC,2025,8,2025_08,992,12530.16,FALSE
Hair Wrap SEASONAL|UK|DTC|2025_09,Hair Wrap SEASONAL,UK,DTC,2025,9,2025_09,2597,34177.67,FALSE
Hair Wrap SEASONAL|UK|DTC|2025_10,Hair Wrap SEASONAL,UK,DTC,2025,10,2025_10,4049,55598.96,FALSE
Hair Wrap SEASONAL|UK|DTC|2025_11,Hair Wrap SEASONAL,UK,DTC,2025,11,2025_11,6571,85533.36,FALSE
Hair Wrap SEASONAL|UK|DTC|2025_12,Hair Wrap SEASONAL,UK,DTC,2025,12,2025_12,5236,73676.86,FALSE
Hair Wrap SEASONAL|UK|DTC|2026_01,Hair Wrap SEASONAL,UK,DTC,2026,1,2026_01,943,11775.17,FALSE
Hair Wrap SEASONAL|UK|DTC|2026_02,Hair Wrap SEASONAL,UK,DTC,2026,2,2026_02,498,7281.04,FALSE
Hair Wrap SEASONAL|UK|DTC|2026_03,Hair Wrap SEASONAL,UK,DTC,2026,3,2026_03,866,12169.12,FALSE
Hair Wrap SEASONAL|UK|DTC|2026_04,Hair Wrap SEASONAL,UK,DTC,2026,4,2026_04,620,8584.95,FALSE
Hair Wrap SEASONAL|UK|DTC|2026_05,Hair Wrap SEASONAL,UK,DTC,2026,5,2026_05,953,12565.34,FALSE
Hair Wrap SEASONAL|UK|DTC|2026_06,Hair Wrap SEASONAL,UK,DTC,2026,6,2026_06,673,9218.86,FALSE
Hair Wrap SEASONAL|UK|FBA|2024_01,Hair Wrap SEASONAL,UK,FBA,2024,1,2024_01,536,3958.98,FALSE
Hair Wrap SEASONAL|UK|FBA|2024_02,Hair Wrap SEASONAL,UK,FBA,2024,2,2024_02,340,2482.26,FALSE
Hair Wrap SEASONAL|UK|FBA|2024_03,Hair Wrap SEASONAL,UK,FBA,2024,3,2024_03,634,4646.74,FALSE
Hair Wrap SEASONAL|UK|FBA|2024_04,Hair Wrap SEASONAL,UK,FBA,2024,4,2024_04,62,1076.54,FALSE
Hair Wrap SEASONAL|UK|FBA|2024_05,Hair Wrap SEASONAL,UK,FBA,2024,5,2024_05,156,1363.04,FALSE
Hair Wrap SEASONAL|UK|FBA|2024_06,Hair Wrap SEASONAL,UK,FBA,2024,6,2024_06,18,297.56,FALSE
Hair Wrap SEASONAL|UK|FBA|2024_07,Hair Wrap SEASONAL,UK,FBA,2024,7,2024_07,492,3577.76,FALSE
Hair Wrap SEASONAL|UK|FBA|2024_08,Hair Wrap SEASONAL,UK,FBA,2024,8,2024_08,328,3290.66,FALSE
Hair Wrap SEASONAL|UK|FBA|2024_09,Hair Wrap SEASONAL,UK,FBA,2024,9,2024_09,246,2671.4,FALSE
Hair Wrap SEASONAL|UK|FBA|2024_10,Hair Wrap SEASONAL,UK,FBA,2024,10,2024_10,405,3460.35,FALSE
Hair Wrap SEASONAL|UK|FBA|2024_11,Hair Wrap SEASONAL,UK,FBA,2024,11,2024_11,515,5848.58,FALSE
Hair Wrap SEASONAL|UK|FBA|2024_12,Hair Wrap SEASONAL,UK,FBA,2024,12,2024_12,64,803.88,FALSE
Hair Wrap SEASONAL|UK|FBA|2025_01,Hair Wrap SEASONAL,UK,FBA,2025,1,2025_01,116,1198.76,FALSE
Hair Wrap SEASONAL|UK|FBA|2025_02,Hair Wrap SEASONAL,UK,FBA,2025,2,2025_02,76,912.72,FALSE
Hair Wrap SEASONAL|UK|FBA|2025_03,Hair Wrap SEASONAL,UK,FBA,2025,3,2025_03,93,1060.09,FALSE
Hair Wrap SEASONAL|UK|FBA|2025_04,Hair Wrap SEASONAL,UK,FBA,2025,4,2025_04,47,536.28,FALSE
Hair Wrap SEASONAL|UK|FBA|2025_05,Hair Wrap SEASONAL,UK,FBA,2025,5,2025_05,64,701.08,FALSE
Hair Wrap SEASONAL|UK|FBA|2025_06,Hair Wrap SEASONAL,UK,FBA,2025,6,2025_06,93,1200.47,FALSE
Hair Wrap SEASONAL|UK|FBA|2025_07,Hair Wrap SEASONAL,UK,FBA,2025,7,2025_07,141,1877.59,FALSE
Hair Wrap SEASONAL|UK|FBA|2025_08,Hair Wrap SEASONAL,UK,FBA,2025,8,2025_08,262,3310.26,FALSE
Hair Wrap SEASONAL|UK|FBA|2025_09,Hair Wrap SEASONAL,UK,FBA,2025,9,2025_09,217,3078.77,FALSE
Hair Wrap SEASONAL|UK|FBA|2025_10,Hair Wrap SEASONAL,UK,FBA,2025,10,2025_10,551,7380.26,FALSE
Hair Wrap SEASONAL|UK|FBA|2025_11,Hair Wrap SEASONAL,UK,FBA,2025,11,2025_11,702,9583.93,FALSE
Hair Wrap SEASONAL|UK|FBA|2025_12,Hair Wrap SEASONAL,UK,FBA,2025,12,2025_12,959,13464.94,FALSE
Hair Wrap SEASONAL|UK|FBA|2026_01,Hair Wrap SEASONAL,UK,FBA,2026,1,2026_01,208,2795.08,FALSE
Hair Wrap SEASONAL|UK|FBA|2026_02,Hair Wrap SEASONAL,UK,FBA,2026,2,2026_02,189,2591.86,FALSE
Hair Wrap SEASONAL|UK|FBA|2026_03,Hair Wrap SEASONAL,UK,FBA,2026,3,2026_03,268,3714.43,FALSE
Hair Wrap SEASONAL|UK|FBA|2026_04,Hair Wrap SEASONAL,UK,FBA,2026,4,2026_04,245,3240.57,FALSE
Hair Wrap SEASONAL|UK|FBA|2026_05,Hair Wrap SEASONAL,UK,FBA,2026,5,2026_05,319,4228.31,FALSE
Hair Wrap SEASONAL|UK|FBA|2026_06,Hair Wrap SEASONAL,UK,FBA,2026,6,2026_06,187,2436.96,FALSE
Hair Wrap SEASONAL|US|B2B|2024_01,Hair Wrap SEASONAL,US,B2B,2024,1,2024_01,376,1985.04,FALSE
Hair Wrap SEASONAL|US|B2B|2024_02,Hair Wrap SEASONAL,US,B2B,2024,2,2024_02,824,4620.12,FALSE
Hair Wrap SEASONAL|US|B2B|2024_03,Hair Wrap SEASONAL,US,B2B,2024,3,2024_03,562,3383.06,FALSE
Hair Wrap SEASONAL|US|B2B|2024_04,Hair Wrap SEASONAL,US,B2B,2024,4,2024_04,388,2739.82,FALSE
Hair Wrap SEASONAL|US|B2B|2024_05,Hair Wrap SEASONAL,US,B2B,2024,5,2024_05,532,3330.4,FALSE
Hair Wrap SEASONAL|US|B2B|2024_06,Hair Wrap SEASONAL,US,B2B,2024,6,2024_06,574,2860.92,FALSE
Hair Wrap SEASONAL|US|B2B|2024_07,Hair Wrap SEASONAL,US,B2B,2024,7,2024_07,86,539.06,FALSE
Hair Wrap SEASONAL|US|B2B|2024_08,Hair Wrap SEASONAL,US,B2B,2024,8,2024_08,75,389.48,FALSE
Hair Wrap SEASONAL|US|B2B|2024_09,Hair Wrap SEASONAL,US,B2B,2024,9,2024_09,24,146,FALSE
Hair Wrap SEASONAL|US|B2B|2024_10,Hair Wrap SEASONAL,US,B2B,2024,10,2024_10,280,1639.88,FALSE
Hair Wrap SEASONAL|US|B2B|2024_11,Hair Wrap SEASONAL,US,B2B,2024,11,2024_11,109,498.65,FALSE
Hair Wrap SEASONAL|US|B2B|2024_12,Hair Wrap SEASONAL,US,B2B,2024,12,2024_12,507,2166.52,FALSE
Hair Wrap SEASONAL|US|B2B|2025_01,Hair Wrap SEASONAL,US,B2B,2025,1,2025_01,781,1808.04,FALSE
Hair Wrap SEASONAL|US|B2B|2025_02,Hair Wrap SEASONAL,US,B2B,2025,2,2025_02,364,2483.16,FALSE
Hair Wrap SEASONAL|US|B2B|2025_03,Hair Wrap SEASONAL,US,B2B,2025,3,2025_03,199,1329.79,FALSE
Hair Wrap SEASONAL|US|B2B|2025_04,Hair Wrap SEASONAL,US,B2B,2025,4,2025_04,189,1186.22,FALSE
Hair Wrap SEASONAL|US|B2B|2025_05,Hair Wrap SEASONAL,US,B2B,2025,5,2025_05,220,1455.09,FALSE
Hair Wrap SEASONAL|US|B2B|2025_06,Hair Wrap SEASONAL,US,B2B,2025,6,2025_06,248,1356.63,FALSE
Hair Wrap SEASONAL|US|B2B|2025_07,Hair Wrap SEASONAL,US,B2B,2025,7,2025_07,60,425.7,FALSE
Hair Wrap SEASONAL|US|B2B|2025_08,Hair Wrap SEASONAL,US,B2B,2025,8,2025_08,122,817.35,FALSE
Hair Wrap SEASONAL|US|B2B|2025_09,Hair Wrap SEASONAL,US,B2B,2025,9,2025_09,352,2574.71,FALSE
Hair Wrap SEASONAL|US|B2B|2025_10,Hair Wrap SEASONAL,US,B2B,2025,10,2025_10,90,722.37,FALSE
Hair Wrap SEASONAL|US|B2B|2025_11,Hair Wrap SEASONAL,US,B2B,2025,11,2025_11,103,713.32,FALSE
Hair Wrap SEASONAL|US|B2B|2025_12,Hair Wrap SEASONAL,US,B2B,2025,12,2025_12,13,13.66,FALSE
Hair Wrap SEASONAL|US|B2B|2026_01,Hair Wrap SEASONAL,US,B2B,2026,1,2026_01,107,720.32,FALSE
Hair Wrap SEASONAL|US|B2B|2026_02,Hair Wrap SEASONAL,US,B2B,2026,2,2026_02,184,1330.75,FALSE
Hair Wrap SEASONAL|US|B2B|2026_03,Hair Wrap SEASONAL,US,B2B,2026,3,2026_03,2045,12876.56,FALSE
Hair Wrap SEASONAL|US|B2B|2026_04,Hair Wrap SEASONAL,US,B2B,2026,4,2026_04,317,2235.17,FALSE
Hair Wrap SEASONAL|US|B2B|2026_05,Hair Wrap SEASONAL,US,B2B,2026,5,2026_05,207,1360.24,FALSE
Hair Wrap SEASONAL|US|B2B|2026_06,Hair Wrap SEASONAL,US,B2B,2026,6,2026_06,444,2034.77,FALSE
Hair Wrap SEASONAL|US|DTC|2024_01,Hair Wrap SEASONAL,US,DTC,2024,1,2024_01,134,1661.32,FALSE
Hair Wrap SEASONAL|US|DTC|2024_02,Hair Wrap SEASONAL,US,DTC,2024,2,2024_02,388,3257.84,FALSE
Hair Wrap SEASONAL|US|DTC|2024_03,Hair Wrap SEASONAL,US,DTC,2024,3,2024_03,242,2593.7,FALSE
Hair Wrap SEASONAL|US|DTC|2024_04,Hair Wrap SEASONAL,US,DTC,2024,4,2024_04,192,2012.56,FALSE
Hair Wrap SEASONAL|US|DTC|2024_05,Hair Wrap SEASONAL,US,DTC,2024,5,2024_05,344,3184.88,FALSE
Hair Wrap SEASONAL|US|DTC|2024_06,Hair Wrap SEASONAL,US,DTC,2024,6,2024_06,322,3258.4,FALSE
Hair Wrap SEASONAL|US|DTC|2024_07,Hair Wrap SEASONAL,US,DTC,2024,7,2024_07,574,4383.02,FALSE
Hair Wrap SEASONAL|US|DTC|2024_08,Hair Wrap SEASONAL,US,DTC,2024,8,2024_08,565,4270.14,FALSE
Hair Wrap SEASONAL|US|DTC|2024_09,Hair Wrap SEASONAL,US,DTC,2024,9,2024_09,160,1062.46,FALSE
Hair Wrap SEASONAL|US|DTC|2024_10,Hair Wrap SEASONAL,US,DTC,2024,10,2024_10,103,966.55,FALSE
Hair Wrap SEASONAL|US|DTC|2024_11,Hair Wrap SEASONAL,US,DTC,2024,11,2024_11,266,2309.6,FALSE
Hair Wrap SEASONAL|US|DTC|2024_12,Hair Wrap SEASONAL,US,DTC,2024,12,2024_12,993,6088.71,FALSE
Hair Wrap SEASONAL|US|DTC|2025_01,Hair Wrap SEASONAL,US,DTC,2025,1,2025_01,271,1387.71,FALSE
Hair Wrap SEASONAL|US|DTC|2025_02,Hair Wrap SEASONAL,US,DTC,2025,2,2025_02,90,765,FALSE
Hair Wrap SEASONAL|US|DTC|2025_03,Hair Wrap SEASONAL,US,DTC,2025,3,2025_03,128,1124.58,FALSE
Hair Wrap SEASONAL|US|DTC|2025_04,Hair Wrap SEASONAL,US,DTC,2025,4,2025_04,86,866.8,FALSE
Hair Wrap SEASONAL|US|DTC|2025_05,Hair Wrap SEASONAL,US,DTC,2025,5,2025_05,168,1729.51,FALSE
Hair Wrap SEASONAL|US|DTC|2025_06,Hair Wrap SEASONAL,US,DTC,2025,6,2025_06,270,2892.84,FALSE
Hair Wrap SEASONAL|US|DTC|2025_07,Hair Wrap SEASONAL,US,DTC,2025,7,2025_07,309,3097.14,FALSE
Hair Wrap SEASONAL|US|DTC|2025_08,Hair Wrap SEASONAL,US,DTC,2025,8,2025_08,180,1784.12,FALSE
Hair Wrap SEASONAL|US|DTC|2025_09,Hair Wrap SEASONAL,US,DTC,2025,9,2025_09,150,1444.61,FALSE
Hair Wrap SEASONAL|US|DTC|2025_10,Hair Wrap SEASONAL,US,DTC,2025,10,2025_10,584,7538.48,FALSE
Hair Wrap SEASONAL|US|DTC|2025_11,Hair Wrap SEASONAL,US,DTC,2025,11,2025_11,841,11300.83,FALSE
Hair Wrap SEASONAL|US|DTC|2025_12,Hair Wrap SEASONAL,US,DTC,2025,12,2025_12,620,8340.31,FALSE
Hair Wrap SEASONAL|US|DTC|2026_01,Hair Wrap SEASONAL,US,DTC,2026,1,2026_01,283,3252.66,FALSE
Hair Wrap SEASONAL|US|DTC|2026_02,Hair Wrap SEASONAL,US,DTC,2026,2,2026_02,28,367.19,FALSE
Hair Wrap SEASONAL|US|DTC|2026_03,Hair Wrap SEASONAL,US,DTC,2026,3,2026_03,73,1031.11,FALSE
Hair Wrap SEASONAL|US|DTC|2026_04,Hair Wrap SEASONAL,US,DTC,2026,4,2026_04,108,1451.1,FALSE
Hair Wrap SEASONAL|US|DTC|2026_05,Hair Wrap SEASONAL,US,DTC,2026,5,2026_05,117,1506.86,FALSE
Hair Wrap SEASONAL|US|DTC|2026_06,Hair Wrap SEASONAL,US,DTC,2026,6,2026_06,75,1008.08,FALSE
Hair Wrap SEASONAL|US|FBA|2024_01,Hair Wrap SEASONAL,US,FBA,2024,1,2024_01,92,1125.34,FALSE
Hair Wrap SEASONAL|US|FBA|2024_02,Hair Wrap SEASONAL,US,FBA,2024,2,2024_02,94,766.14,FALSE
Hair Wrap SEASONAL|US|FBA|2024_03,Hair Wrap SEASONAL,US,FBA,2024,3,2024_03,114,1229.96,FALSE
Hair Wrap SEASONAL|US|FBA|2024_04,Hair Wrap SEASONAL,US,FBA,2024,4,2024_04,264,2088.12,FALSE
Hair Wrap SEASONAL|US|FBA|2024_05,Hair Wrap SEASONAL,US,FBA,2024,5,2024_05,306,2544.74,FALSE
Hair Wrap SEASONAL|US|FBA|2024_06,Hair Wrap SEASONAL,US,FBA,2024,6,2024_06,290,2310.56,FALSE
Hair Wrap SEASONAL|US|FBA|2024_07,Hair Wrap SEASONAL,US,FBA,2024,7,2024_07,312,2604.56,FALSE
Hair Wrap SEASONAL|US|FBA|2024_08,Hair Wrap SEASONAL,US,FBA,2024,8,2024_08,166,1613.1,FALSE
Hair Wrap SEASONAL|US|FBA|2024_09,Hair Wrap SEASONAL,US,FBA,2024,9,2024_09,90,799.1,FALSE
Hair Wrap SEASONAL|US|FBA|2024_10,Hair Wrap SEASONAL,US,FBA,2024,10,2024_10,76,697.08,FALSE
Hair Wrap SEASONAL|US|FBA|2024_11,Hair Wrap SEASONAL,US,FBA,2024,11,2024_11,174,1676.47,FALSE
Hair Wrap SEASONAL|US|FBA|2024_12,Hair Wrap SEASONAL,US,FBA,2024,12,2024_12,283,2892.15,FALSE
Hair Wrap SEASONAL|US|FBA|2025_01,Hair Wrap SEASONAL,US,FBA,2025,1,2025_01,102,1166.18,FALSE
Hair Wrap SEASONAL|US|FBA|2025_02,Hair Wrap SEASONAL,US,FBA,2025,2,2025_02,111,1150.09,FALSE
Hair Wrap SEASONAL|US|FBA|2025_03,Hair Wrap SEASONAL,US,FBA,2025,3,2025_03,86,911.92,FALSE
Hair Wrap SEASONAL|US|FBA|2025_04,Hair Wrap SEASONAL,US,FBA,2025,4,2025_04,80,1007.38,FALSE
Hair Wrap SEASONAL|US|FBA|2025_05,Hair Wrap SEASONAL,US,FBA,2025,5,2025_05,187,2341.14,FALSE
Hair Wrap SEASONAL|US|FBA|2025_06,Hair Wrap SEASONAL,US,FBA,2025,6,2025_06,195,2403.33,FALSE
Hair Wrap SEASONAL|US|FBA|2025_07,Hair Wrap SEASONAL,US,FBA,2025,7,2025_07,157,1979.79,FALSE
Hair Wrap SEASONAL|US|FBA|2025_08,Hair Wrap SEASONAL,US,FBA,2025,8,2025_08,109,1354.22,FALSE
Hair Wrap SEASONAL|US|FBA|2025_09,Hair Wrap SEASONAL,US,FBA,2025,9,2025_09,49,680.03,FALSE
Hair Wrap SEASONAL|US|FBA|2025_10,Hair Wrap SEASONAL,US,FBA,2025,10,2025_10,135,1730.47,FALSE
Hair Wrap SEASONAL|US|FBA|2025_11,Hair Wrap SEASONAL,US,FBA,2025,11,2025_11,198,2723.15,FALSE
Hair Wrap SEASONAL|US|FBA|2025_12,Hair Wrap SEASONAL,US,FBA,2025,12,2025_12,221,3076.71,FALSE
Hair Wrap SEASONAL|US|FBA|2026_01,Hair Wrap SEASONAL,US,FBA,2026,1,2026_01,63,792.24,FALSE
Hair Wrap SEASONAL|US|FBA|2026_02,Hair Wrap SEASONAL,US,FBA,2026,2,2026_02,16,212.57,FALSE
Hair Wrap SEASONAL|US|FBA|2026_03,Hair Wrap SEASONAL,US,FBA,2026,3,2026_03,46,665.44,FALSE
Hair Wrap SEASONAL|US|FBA|2026_04,Hair Wrap SEASONAL,US,FBA,2026,4,2026_04,92,1175.3,FALSE
Hair Wrap SEASONAL|US|FBA|2026_05,Hair Wrap SEASONAL,US,FBA,2026,5,2026_05,92,1252.85,FALSE
Hair Wrap SEASONAL|US|FBA|2026_06,Hair Wrap SEASONAL,US,FBA,2026,6,2026_06,52,705.02,FALSE
Makeup Remover|AU|DTC|2024_01,Makeup Remover,AU,DTC,2024,1,2024_01,110,866.94,TRUE
Makeup Remover|AU|DTC|2024_02,Makeup Remover,AU,DTC,2024,2,2024_02,182,1342.1,TRUE
Makeup Remover|AU|DTC|2024_03,Makeup Remover,AU,DTC,2024,3,2024_03,76,620.3,TRUE
Makeup Remover|AU|DTC|2024_04,Makeup Remover,AU,DTC,2024,4,2024_04,60,496.62,TRUE
Makeup Remover|AU|DTC|2024_05,Makeup Remover,AU,DTC,2024,5,2024_05,62,652.98,TRUE
Makeup Remover|AU|DTC|2024_06,Makeup Remover,AU,DTC,2024,6,2024_06,38,399.92,TRUE
Makeup Remover|AU|DTC|2024_07,Makeup Remover,AU,DTC,2024,7,2024_07,58,593.22,TRUE
Makeup Remover|AU|DTC|2024_08,Makeup Remover,AU,DTC,2024,8,2024_08,178,1421.18,TRUE
Makeup Remover|AU|DTC|2024_09,Makeup Remover,AU,DTC,2024,9,2024_09,82,734.14,TRUE
Makeup Remover|AU|DTC|2024_10,Makeup Remover,AU,DTC,2024,10,2024_10,166,1386.64,TRUE
Makeup Remover|AU|DTC|2024_11,Makeup Remover,AU,DTC,2024,11,2024_11,590,4094.9,TRUE
Makeup Remover|AU|DTC|2024_12,Makeup Remover,AU,DTC,2024,12,2024_12,828,4773.84,TRUE
Makeup Remover|AU|DTC|2025_01,Makeup Remover,AU,DTC,2025,1,2025_01,360,1629.12,TRUE
Makeup Remover|AU|DTC|2025_02,Makeup Remover,AU,DTC,2025,2,2025_02,34,273.6,TRUE
Makeup Remover|AU|DTC|2025_03,Makeup Remover,AU,DTC,2025,3,2025_03,32,260.62,TRUE
Makeup Remover|AU|DTC|2025_04,Makeup Remover,AU,DTC,2025,4,2025_04,26,201.36,TRUE
Makeup Remover|AU|DTC|2025_05,Makeup Remover,AU,DTC,2025,5,2025_05,44,398.88,TRUE
Makeup Remover|AU|DTC|2025_06,Makeup Remover,AU,DTC,2025,6,2025_06,32,259.72,TRUE
Makeup Remover|AU|DTC|2025_07,Makeup Remover,AU,DTC,2025,7,2025_07,26,216.66,TRUE
Makeup Remover|AU|DTC|2025_08,Makeup Remover,AU,DTC,2025,8,2025_08,22,171.78,TRUE
Makeup Remover|AU|DTC|2025_09,Makeup Remover,AU,DTC,2025,9,2025_09,22,161.86,TRUE
Makeup Remover|AU|DTC|2025_10,Makeup Remover,AU,DTC,2025,10,2025_10,78,625.42,TRUE
Makeup Remover|AU|DTC|2025_11,Makeup Remover,AU,DTC,2025,11,2025_11,58,414.8,TRUE
Makeup Remover|CA|FBA|2024_04,Makeup Remover,CA,FBA,2024,4,2024_04,8,165.84,TRUE
Makeup Remover|CA|FBA|2024_11,Makeup Remover,CA,FBA,2024,11,2024_11,8,99.4,TRUE
Makeup Remover|CA|FBA|2025_04,Makeup Remover,CA,FBA,2025,4,2025_04,6,76.08,TRUE
Makeup Remover|EU|B2B|2024_01,Makeup Remover,EU,B2B,2024,1,2024_01,38,237.04,TRUE
Makeup Remover|EU|B2B|2024_02,Makeup Remover,EU,B2B,2024,2,2024_02,128,812.88,TRUE
Makeup Remover|EU|B2B|2024_03,Makeup Remover,EU,B2B,2024,3,2024_03,90,667.2,TRUE
Makeup Remover|EU|B2B|2024_04,Makeup Remover,EU,B2B,2024,4,2024_04,254,1295.48,TRUE
Makeup Remover|EU|B2B|2024_05,Makeup Remover,EU,B2B,2024,5,2024_05,132,705.34,TRUE
Makeup Remover|EU|B2B|2024_06,Makeup Remover,EU,B2B,2024,6,2024_06,58,414.2,TRUE
Makeup Remover|EU|B2B|2024_07,Makeup Remover,EU,B2B,2024,7,2024_07,16,163.48,TRUE
Makeup Remover|EU|B2B|2024_08,Makeup Remover,EU,B2B,2024,8,2024_08,4,31.48,TRUE
Makeup Remover|EU|B2B|2024_09,Makeup Remover,EU,B2B,2024,9,2024_09,72,404.76,TRUE
Makeup Remover|EU|B2B|2024_10,Makeup Remover,EU,B2B,2024,10,2024_10,8,51.86,TRUE
Makeup Remover|EU|B2B|2024_12,Makeup Remover,EU,B2B,2024,12,2024_12,50,334.48,TRUE
Makeup Remover|EU|DTC|2024_01,Makeup Remover,EU,DTC,2024,1,2024_01,18,197.12,TRUE
Makeup Remover|EU|DTC|2024_02,Makeup Remover,EU,DTC,2024,2,2024_02,14,160.9,TRUE
Makeup Remover|EU|DTC|2024_03,Makeup Remover,EU,DTC,2024,3,2024_03,52,427.74,TRUE
Makeup Remover|EU|DTC|2024_04,Makeup Remover,EU,DTC,2024,4,2024_04,56,517.98,TRUE
Makeup Remover|EU|DTC|2024_05,Makeup Remover,EU,DTC,2024,5,2024_05,72,656.52,TRUE
Makeup Remover|EU|DTC|2024_06,Makeup Remover,EU,DTC,2024,6,2024_06,84,810.32,TRUE
Makeup Remover|EU|DTC|2024_07,Makeup Remover,EU,DTC,2024,7,2024_07,124,1061.06,TRUE
Makeup Remover|EU|DTC|2024_08,Makeup Remover,EU,DTC,2024,8,2024_08,92,755.82,TRUE
Makeup Remover|EU|DTC|2024_09,Makeup Remover,EU,DTC,2024,9,2024_09,54,476.06,TRUE
Makeup Remover|EU|DTC|2024_10,Makeup Remover,EU,DTC,2024,10,2024_10,22,205.26,TRUE
Makeup Remover|EU|DTC|2024_11,Makeup Remover,EU,DTC,2024,11,2024_11,112,765.34,TRUE
Makeup Remover|EU|DTC|2024_12,Makeup Remover,EU,DTC,2024,12,2024_12,152,1193.98,TRUE
Makeup Remover|EU|DTC|2025_01,Makeup Remover,EU,DTC,2025,1,2025_01,28,214.62,TRUE
Makeup Remover|EU|FBA|2024_02,Makeup Remover,EU,FBA,2024,2,2024_02,2,25.2,TRUE
Makeup Remover|EU|FBA|2024_04,Makeup Remover,EU,FBA,2024,4,2024_04,2,23.02,TRUE
Makeup Remover|UK|B2B|2024_01,Makeup Remover,UK,B2B,2024,1,2024_01,4,28.24,TRUE
Makeup Remover|UK|B2B|2024_02,Makeup Remover,UK,B2B,2024,2,2024_02,520,3215.3,TRUE
Makeup Remover|UK|B2B|2024_03,Makeup Remover,UK,B2B,2024,3,2024_03,1278,5410.76,TRUE
Makeup Remover|UK|B2B|2024_04,Makeup Remover,UK,B2B,2024,4,2024_04,110,654.54,TRUE
Makeup Remover|UK|B2B|2024_05,Makeup Remover,UK,B2B,2024,5,2024_05,134,883.32,TRUE
Makeup Remover|UK|B2B|2024_06,Makeup Remover,UK,B2B,2024,6,2024_06,218,1284.32,TRUE
Makeup Remover|UK|B2B|2024_07,Makeup Remover,UK,B2B,2024,7,2024_07,124,842.88,TRUE
Makeup Remover|UK|B2B|2024_08,Makeup Remover,UK,B2B,2024,8,2024_08,232,1549.14,TRUE
Makeup Remover|UK|B2B|2024_09,Makeup Remover,UK,B2B,2024,9,2024_09,58,380.84,TRUE
Makeup Remover|UK|B2B|2024_10,Makeup Remover,UK,B2B,2024,10,2024_10,106,685.36,TRUE
Makeup Remover|UK|B2B|2024_11,Makeup Remover,UK,B2B,2024,11,2024_11,166,966.64,TRUE
Makeup Remover|UK|B2B|2024_12,Makeup Remover,UK,B2B,2024,12,2024_12,4,0,TRUE
Makeup Remover|UK|B2B|2025_03,Makeup Remover,UK,B2B,2025,3,2025_03,12,67.8,TRUE
Makeup Remover|UK|B2B|2025_04,Makeup Remover,UK,B2B,2025,4,2025_04,34,174.46,TRUE
Makeup Remover|UK|B2B|2025_05,Makeup Remover,UK,B2B,2025,5,2025_05,18,89.82,TRUE
Makeup Remover|UK|B2B|2025_06,Makeup Remover,UK,B2B,2025,6,2025_06,4,22.56,TRUE
Makeup Remover|UK|DTC|2024_01,Makeup Remover,UK,DTC,2024,1,2024_01,1344,10451.1,TRUE
Makeup Remover|UK|DTC|2024_02,Makeup Remover,UK,DTC,2024,2,2024_02,1688,12230.28,TRUE
Makeup Remover|UK|DTC|2024_03,Makeup Remover,UK,DTC,2024,3,2024_03,540,4373.68,TRUE
Makeup Remover|UK|DTC|2024_04,Makeup Remover,UK,DTC,2024,4,2024_04,634,3615.66,TRUE
Makeup Remover|UK|DTC|2024_05,Makeup Remover,UK,DTC,2024,5,2024_05,594,4504.24,TRUE
Makeup Remover|UK|DTC|2024_06,Makeup Remover,UK,DTC,2024,6,2024_06,534,4616.44,TRUE
Makeup Remover|UK|DTC|2024_07,Makeup Remover,UK,DTC,2024,7,2024_07,690,5827.54,TRUE
Makeup Remover|UK|DTC|2024_08,Makeup Remover,UK,DTC,2024,8,2024_08,1858,14702.32,TRUE
Makeup Remover|UK|DTC|2024_09,Makeup Remover,UK,DTC,2024,9,2024_09,688,5687.04,TRUE
Makeup Remover|UK|DTC|2024_10,Makeup Remover,UK,DTC,2024,10,2024_10,838,7015.46,TRUE
Makeup Remover|UK|DTC|2024_11,Makeup Remover,UK,DTC,2024,11,2024_11,4336,27881.38,TRUE
Makeup Remover|UK|DTC|2024_12,Makeup Remover,UK,DTC,2024,12,2024_12,4674,27294.22,TRUE
Makeup Remover|UK|DTC|2025_01,Makeup Remover,UK,DTC,2025,1,2025_01,2332,10390.92,TRUE
Makeup Remover|UK|DTC|2025_02,Makeup Remover,UK,DTC,2025,2,2025_02,160,1310.5,TRUE
Makeup Remover|UK|DTC|2025_03,Makeup Remover,UK,DTC,2025,3,2025_03,622,4922.76,TRUE
Makeup Remover|UK|DTC|2025_04,Makeup Remover,UK,DTC,2025,4,2025_04,520,4031.38,TRUE
Makeup Remover|UK|DTC|2025_05,Makeup Remover,UK,DTC,2025,5,2025_05,84,711.24,TRUE
Makeup Remover|UK|DTC|2025_06,Makeup Remover,UK,DTC,2025,6,2025_06,68,548.88,TRUE
Makeup Remover|UK|DTC|2025_07,Makeup Remover,UK,DTC,2025,7,2025_07,30,236.52,TRUE
Makeup Remover|UK|DTC|2025_09,Makeup Remover,UK,DTC,2025,9,2025_09,398,3262.08,TRUE
Makeup Remover|UK|DTC|2025_10,Makeup Remover,UK,DTC,2025,10,2025_10,610,5001.96,TRUE
Makeup Remover|UK|DTC|2025_11,Makeup Remover,UK,DTC,2025,11,2025_11,166,1366.52,TRUE
Makeup Remover|UK|DTC|2025_12,Makeup Remover,UK,DTC,2025,12,2025_12,578,2489.32,TRUE
Makeup Remover|UK|DTC|2026_02,Makeup Remover,UK,DTC,2026,2,2026_02,4,38.66,TRUE
Makeup Remover|UK|FBA|2024_01,Makeup Remover,UK,FBA,2024,1,2024_01,346,2592.54,TRUE
Makeup Remover|UK|FBA|2024_02,Makeup Remover,UK,FBA,2024,2,2024_02,208,1406.58,TRUE
Makeup Remover|UK|FBA|2024_03,Makeup Remover,UK,FBA,2024,3,2024_03,188,1487.6,TRUE
Makeup Remover|UK|FBA|2024_04,Makeup Remover,UK,FBA,2024,4,2024_04,284,2106.72,TRUE
Makeup Remover|UK|FBA|2024_05,Makeup Remover,UK,FBA,2024,5,2024_05,140,1155.24,TRUE
Makeup Remover|UK|FBA|2024_06,Makeup Remover,UK,FBA,2024,6,2024_06,96,753.12,TRUE
Makeup Remover|UK|FBA|2024_07,Makeup Remover,UK,FBA,2024,7,2024_07,124,905.32,TRUE
Makeup Remover|UK|FBA|2024_08,Makeup Remover,UK,FBA,2024,8,2024_08,146,1183.24,TRUE
Makeup Remover|UK|FBA|2024_09,Makeup Remover,UK,FBA,2024,9,2024_09,94,786.74,TRUE
Makeup Remover|UK|FBA|2024_10,Makeup Remover,UK,FBA,2024,10,2024_10,128,1069.66,TRUE
Makeup Remover|UK|FBA|2024_11,Makeup Remover,UK,FBA,2024,11,2024_11,714,3805,TRUE
Makeup Remover|UK|FBA|2024_12,Makeup Remover,UK,FBA,2024,12,2024_12,408,3225.86,TRUE
Makeup Remover|UK|FBA|2025_01,Makeup Remover,UK,FBA,2025,1,2025_01,84,729.84,TRUE
Makeup Remover|UK|FBA|2025_02,Makeup Remover,UK,FBA,2025,2,2025_02,94,798.96,TRUE
Makeup Remover|UK|FBA|2025_03,Makeup Remover,UK,FBA,2025,3,2025_03,200,1560.56,TRUE
Makeup Remover|UK|FBA|2025_04,Makeup Remover,UK,FBA,2025,4,2025_04,166,1323.22,TRUE
Makeup Remover|UK|FBA|2025_05,Makeup Remover,UK,FBA,2025,5,2025_05,228,1887.18,TRUE
Makeup Remover|UK|FBA|2025_06,Makeup Remover,UK,FBA,2025,6,2025_06,184,1476.18,TRUE
Makeup Remover|UK|FBA|2025_07,Makeup Remover,UK,FBA,2025,7,2025_07,68,601.8,TRUE
Makeup Remover|UK|FBA|2025_08,Makeup Remover,UK,FBA,2025,8,2025_08,58,499.54,TRUE
Makeup Remover|UK|FBA|2025_09,Makeup Remover,UK,FBA,2025,9,2025_09,30,333.26,TRUE
Makeup Remover|UK|FBA|2025_10,Makeup Remover,UK,FBA,2025,10,2025_10,36,351.48,TRUE
Makeup Remover|UK|FBA|2025_11,Makeup Remover,UK,FBA,2025,11,2025_11,16,143.42,TRUE
Makeup Remover|US|B2B|2024_01,Makeup Remover,US,B2B,2024,1,2024_01,256,1338.98,TRUE
Makeup Remover|US|B2B|2024_02,Makeup Remover,US,B2B,2024,2,2024_02,716,1794.2,TRUE
Makeup Remover|US|B2B|2024_03,Makeup Remover,US,B2B,2024,3,2024_03,522,2802.1,TRUE
Makeup Remover|US|B2B|2024_04,Makeup Remover,US,B2B,2024,4,2024_04,524,873.16,TRUE
Makeup Remover|US|B2B|2024_05,Makeup Remover,US,B2B,2024,5,2024_05,826,3978.22,TRUE
Makeup Remover|US|B2B|2024_06,Makeup Remover,US,B2B,2024,6,2024_06,214,1378.86,TRUE
Makeup Remover|US|B2B|2024_07,Makeup Remover,US,B2B,2024,7,2024_07,46,353.94,TRUE
Makeup Remover|US|B2B|2024_08,Makeup Remover,US,B2B,2024,8,2024_08,68,547.56,TRUE
Makeup Remover|US|B2B|2024_09,Makeup Remover,US,B2B,2024,9,2024_09,6,51.24,TRUE
Makeup Remover|US|B2B|2024_10,Makeup Remover,US,B2B,2024,10,2024_10,76,545.56,TRUE
Makeup Remover|US|B2B|2024_11,Makeup Remover,US,B2B,2024,11,2024_11,4,31.72,TRUE
Makeup Remover|US|B2B|2024_12,Makeup Remover,US,B2B,2024,12,2024_12,10,79,TRUE
Makeup Remover|US|B2B|2025_02,Makeup Remover,US,B2B,2025,2,2025_02,180,398.2,TRUE
Makeup Remover|US|B2B|2025_03,Makeup Remover,US,B2B,2025,3,2025_03,36,200.76,TRUE
Makeup Remover|US|B2B|2025_04,Makeup Remover,US,B2B,2025,4,2025_04,102,728.16,TRUE
Makeup Remover|US|B2B|2025_05,Makeup Remover,US,B2B,2025,5,2025_05,34,152.46,TRUE
Makeup Remover|US|B2B|2025_06,Makeup Remover,US,B2B,2025,6,2025_06,4,17.86,TRUE
Makeup Remover|US|B2B|2025_07,Makeup Remover,US,B2B,2025,7,2025_07,12,60.32,TRUE
Makeup Remover|US|B2B|2025_09,Makeup Remover,US,B2B,2025,9,2025_09,66,296.72,TRUE
Makeup Remover|US|B2B|2025_10,Makeup Remover,US,B2B,2025,10,2025_10,6,36.68,TRUE
Makeup Remover|US|DTC|2024_01,Makeup Remover,US,DTC,2024,1,2024_01,74,1073.38,TRUE
Makeup Remover|US|DTC|2024_02,Makeup Remover,US,DTC,2024,2,2024_02,202,1989.2,TRUE
Makeup Remover|US|DTC|2024_03,Makeup Remover,US,DTC,2024,3,2024_03,160,2310.14,TRUE
Makeup Remover|US|DTC|2024_04,Makeup Remover,US,DTC,2024,4,2024_04,86,1195.92,TRUE
Makeup Remover|US|DTC|2024_05,Makeup Remover,US,DTC,2024,5,2024_05,126,1059.4,TRUE
Makeup Remover|US|DTC|2024_06,Makeup Remover,US,DTC,2024,6,2024_06,204,1498.62,TRUE
Makeup Remover|US|DTC|2024_07,Makeup Remover,US,DTC,2024,7,2024_07,232,1619.08,TRUE
Makeup Remover|US|DTC|2024_08,Makeup Remover,US,DTC,2024,8,2024_08,374,1921.58,TRUE
Makeup Remover|US|DTC|2024_09,Makeup Remover,US,DTC,2024,9,2024_09,94,742.42,TRUE
Makeup Remover|US|DTC|2024_10,Makeup Remover,US,DTC,2024,10,2024_10,126,798.32,TRUE
Makeup Remover|US|DTC|2024_11,Makeup Remover,US,DTC,2024,11,2024_11,174,1375.34,TRUE
Makeup Remover|US|DTC|2024_12,Makeup Remover,US,DTC,2024,12,2024_12,606,3498.78,TRUE
Makeup Remover|US|DTC|2025_01,Makeup Remover,US,DTC,2025,1,2025_01,162,1571.7,TRUE
Makeup Remover|US|DTC|2025_02,Makeup Remover,US,DTC,2025,2,2025_02,118,1120.78,TRUE
Makeup Remover|US|DTC|2025_03,Makeup Remover,US,DTC,2025,3,2025_03,114,1117.3,TRUE
Makeup Remover|US|DTC|2025_04,Makeup Remover,US,DTC,2025,4,2025_04,160,849.96,TRUE
Makeup Remover|US|DTC|2025_05,Makeup Remover,US,DTC,2025,5,2025_05,260,1237.62,TRUE
Makeup Remover|US|DTC|2025_06,Makeup Remover,US,DTC,2025,6,2025_06,142,815.88,TRUE
Makeup Remover|US|DTC|2025_07,Makeup Remover,US,DTC,2025,7,2025_07,188,1220.14,TRUE
Makeup Remover|US|DTC|2025_08,Makeup Remover,US,DTC,2025,8,2025_08,422,2040.42,TRUE
Makeup Remover|US|DTC|2025_09,Makeup Remover,US,DTC,2025,9,2025_09,392,1598,TRUE
Makeup Remover|US|DTC|2025_10,Makeup Remover,US,DTC,2025,10,2025_10,168,598.74,TRUE
Makeup Remover|US|DTC|2025_11,Makeup Remover,US,DTC,2025,11,2025_11,676,3105.3,TRUE
Makeup Remover|US|DTC|2025_12,Makeup Remover,US,DTC,2025,12,2025_12,730,2987.56,TRUE
Makeup Remover|US|DTC|2026_01,Makeup Remover,US,DTC,2026,1,2026_01,48,130.12,TRUE
Makeup Remover|US|DTC|2026_02,Makeup Remover,US,DTC,2026,2,2026_02,22,121.52,TRUE
Makeup Remover|US|DTC|2026_03,Makeup Remover,US,DTC,2026,3,2026_03,20,93.22,TRUE
Makeup Remover|US|FBA|2024_01,Makeup Remover,US,FBA,2024,1,2024_01,774,5859.22,TRUE
Makeup Remover|US|FBA|2024_02,Makeup Remover,US,FBA,2024,2,2024_02,708,3724.64,TRUE
Makeup Remover|US|FBA|2024_03,Makeup Remover,US,FBA,2024,3,2024_03,2000,11867.52,TRUE
Makeup Remover|US|FBA|2024_04,Makeup Remover,US,FBA,2024,4,2024_04,2352,12226.24,TRUE
Makeup Remover|US|FBA|2024_05,Makeup Remover,US,FBA,2024,5,2024_05,540,3750.04,TRUE
Makeup Remover|US|FBA|2024_06,Makeup Remover,US,FBA,2024,6,2024_06,512,3967.22,TRUE
Makeup Remover|US|FBA|2024_07,Makeup Remover,US,FBA,2024,7,2024_07,1738,11128.74,TRUE
Makeup Remover|US|FBA|2024_08,Makeup Remover,US,FBA,2024,8,2024_08,252,2003.46,TRUE
Makeup Remover|US|FBA|2024_09,Makeup Remover,US,FBA,2024,9,2024_09,246,2010.94,TRUE
Makeup Remover|US|FBA|2024_10,Makeup Remover,US,FBA,2024,10,2024_10,686,6133.94,TRUE
Makeup Remover|US|FBA|2024_11,Makeup Remover,US,FBA,2024,11,2024_11,1362,12297.42,TRUE
Makeup Remover|US|FBA|2024_12,Makeup Remover,US,FBA,2024,12,2024_12,754,7323.52,TRUE
Makeup Remover|US|FBA|2025_01,Makeup Remover,US,FBA,2025,1,2025_01,180,1935.04,TRUE
Makeup Remover|US|FBA|2025_02,Makeup Remover,US,FBA,2025,2,2025_02,158,1617.88,TRUE
Makeup Remover|US|FBA|2025_03,Makeup Remover,US,FBA,2025,3,2025_03,150,1559.32,TRUE
Makeup Remover|US|FBA|2025_04,Makeup Remover,US,FBA,2025,4,2025_04,494,2939.82,TRUE
Makeup Remover|US|FBA|2025_05,Makeup Remover,US,FBA,2025,5,2025_05,422,1940.52,TRUE
Makeup Remover|US|FBA|2025_06,Makeup Remover,US,FBA,2025,6,2025_06,486,2306.76,TRUE
Makeup Remover|US|FBA|2025_07,Makeup Remover,US,FBA,2025,7,2025_07,2470,10218.46,TRUE
Makeup Remover|US|FBA|2025_08,Makeup Remover,US,FBA,2025,8,2025_08,436,1677,TRUE
Makeup Remover|US|FBA|2025_09,Makeup Remover,US,FBA,2025,9,2025_09,322,1364,TRUE
Makeup Remover|US|FBA|2025_10,Makeup Remover,US,FBA,2025,10,2025_10,550,2350.04,TRUE
Makeup Remover|US|FBA|2025_11,Makeup Remover,US,FBA,2025,11,2025_11,1758,8088.44,TRUE
Makeup Remover|US|FBA|2025_12,Makeup Remover,US,FBA,2025,12,2025_12,1144,6895.4,TRUE
Makeup Remover|US|FBA|2026_01,Makeup Remover,US,FBA,2026,1,2026_01,222,1169.12,TRUE
Makeup Remover|US|FBA|2026_02,Makeup Remover,US,FBA,2026,2,2026_02,154,962,TRUE
Makeup Remover|US|FBA|2026_03,Makeup Remover,US,FBA,2026,3,2026_03,154,1214.12,TRUE
Makeup Remover|US|FBA|2026_04,Makeup Remover,US,FBA,2026,4,2026_04,170,1187.08,TRUE
Makeup Remover|US|FBA|2026_05,Makeup Remover,US,FBA,2026,5,2026_05,393,1890.38,TRUE
Makeup Remover|US|FBA|2026_06,Makeup Remover,US,FBA,2026,6,2026_06,35,260.51,TRUE
Picnic Blanket|AU|DTC|2024_01,Picnic Blanket,AU,DTC,2024,1,2024_01,81,3422.4,FALSE
Picnic Blanket|AU|DTC|2024_02,Picnic Blanket,AU,DTC,2024,2,2024_02,38,1708.57,FALSE
Picnic Blanket|AU|DTC|2024_03,Picnic Blanket,AU,DTC,2024,3,2024_03,31,1563.23,FALSE
Picnic Blanket|AU|DTC|2024_04,Picnic Blanket,AU,DTC,2024,4,2024_04,47,1963.74,FALSE
Picnic Blanket|AU|DTC|2024_05,Picnic Blanket,AU,DTC,2024,5,2024_05,20,429.32,FALSE
Picnic Blanket|AU|DTC|2024_06,Picnic Blanket,AU,DTC,2024,6,2024_06,41,2029.78,FALSE
Picnic Blanket|AU|DTC|2024_07,Picnic Blanket,AU,DTC,2024,7,2024_07,14,645.45,FALSE
Picnic Blanket|AU|DTC|2024_08,Picnic Blanket,AU,DTC,2024,8,2024_08,34,1355.46,FALSE
Picnic Blanket|AU|DTC|2024_09,Picnic Blanket,AU,DTC,2024,9,2024_09,25,904.27,FALSE
Picnic Blanket|AU|DTC|2024_10,Picnic Blanket,AU,DTC,2024,10,2024_10,152,7457.41,FALSE
Picnic Blanket|AU|DTC|2024_11,Picnic Blanket,AU,DTC,2024,11,2024_11,427,18253.24,FALSE
Picnic Blanket|AU|DTC|2024_12,Picnic Blanket,AU,DTC,2024,12,2024_12,1219,42047.05,FALSE
Picnic Blanket|AU|DTC|2025_01,Picnic Blanket,AU,DTC,2025,1,2025_01,1040,26611.36,FALSE
Picnic Blanket|AU|DTC|2025_02,Picnic Blanket,AU,DTC,2025,2,2025_02,47,1906.55,FALSE
Picnic Blanket|AU|DTC|2025_03,Picnic Blanket,AU,DTC,2025,3,2025_03,90,3970.78,FALSE
Picnic Blanket|AU|DTC|2025_04,Picnic Blanket,AU,DTC,2025,4,2025_04,38,1554.82,FALSE
Picnic Blanket|AU|DTC|2025_05,Picnic Blanket,AU,DTC,2025,5,2025_05,38,1625.46,FALSE
Picnic Blanket|AU|DTC|2025_06,Picnic Blanket,AU,DTC,2025,6,2025_06,14,551.63,FALSE
Picnic Blanket|AU|DTC|2025_07,Picnic Blanket,AU,DTC,2025,7,2025_07,36,1449.18,FALSE
Picnic Blanket|AU|DTC|2025_08,Picnic Blanket,AU,DTC,2025,8,2025_08,104,3753.9,FALSE
Picnic Blanket|AU|DTC|2025_09,Picnic Blanket,AU,DTC,2025,9,2025_09,98,4209.03,FALSE
Picnic Blanket|AU|DTC|2025_10,Picnic Blanket,AU,DTC,2025,10,2025_10,191,7947.74,FALSE
Picnic Blanket|AU|DTC|2025_11,Picnic Blanket,AU,DTC,2025,11,2025_11,285,10501.06,FALSE
Picnic Blanket|AU|DTC|2025_12,Picnic Blanket,AU,DTC,2025,12,2025_12,330,12581.3,FALSE
Picnic Blanket|AU|DTC|2026_01,Picnic Blanket,AU,DTC,2026,1,2026_01,97,3792.09,FALSE
Picnic Blanket|AU|DTC|2026_02,Picnic Blanket,AU,DTC,2026,2,2026_02,42,1854.41,FALSE
Picnic Blanket|AU|DTC|2026_03,Picnic Blanket,AU,DTC,2026,3,2026_03,50,2358.02,FALSE
Picnic Blanket|AU|DTC|2026_04,Picnic Blanket,AU,DTC,2026,4,2026_04,35,1691.83,FALSE
Picnic Blanket|AU|DTC|2026_05,Picnic Blanket,AU,DTC,2026,5,2026_05,16,813.75,FALSE
Picnic Blanket|AU|DTC|2026_06,Picnic Blanket,AU,DTC,2026,6,2026_06,6,250.91,FALSE
Picnic Blanket|AU|FBA|2024_01,Picnic Blanket,AU,FBA,2024,1,2024_01,26,1675.4,FALSE
Picnic Blanket|AU|FBA|2024_02,Picnic Blanket,AU,FBA,2024,2,2024_02,14,851.11,FALSE
Picnic Blanket|AU|FBA|2024_03,Picnic Blanket,AU,FBA,2024,3,2024_03,18,1138.87,FALSE
Picnic Blanket|AU|FBA|2024_04,Picnic Blanket,AU,FBA,2024,4,2024_04,10,509.66,FALSE
Picnic Blanket|AU|FBA|2024_05,Picnic Blanket,AU,FBA,2024,5,2024_05,14,893.55,FALSE
Picnic Blanket|AU|FBA|2024_06,Picnic Blanket,AU,FBA,2024,6,2024_06,7,468.92,FALSE
Picnic Blanket|AU|FBA|2024_07,Picnic Blanket,AU,FBA,2024,7,2024_07,9,407.6,FALSE
Picnic Blanket|AU|FBA|2024_08,Picnic Blanket,AU,FBA,2024,8,2024_08,13,775.9,FALSE
Picnic Blanket|AU|FBA|2024_09,Picnic Blanket,AU,FBA,2024,9,2024_09,19,1135.17,FALSE
Picnic Blanket|AU|FBA|2024_10,Picnic Blanket,AU,FBA,2024,10,2024_10,14,778.87,FALSE
Picnic Blanket|AU|FBA|2024_11,Picnic Blanket,AU,FBA,2024,11,2024_11,19,1030.67,FALSE
Picnic Blanket|AU|FBA|2024_12,Picnic Blanket,AU,FBA,2024,12,2024_12,46,2539.6,FALSE
Picnic Blanket|AU|FBA|2025_01,Picnic Blanket,AU,FBA,2025,1,2025_01,24,1376.12,FALSE
Picnic Blanket|AU|FBA|2025_02,Picnic Blanket,AU,FBA,2025,2,2025_02,10,599.41,FALSE
Picnic Blanket|AU|FBA|2025_03,Picnic Blanket,AU,FBA,2025,3,2025_03,5,258.57,FALSE
Picnic Blanket|AU|FBA|2025_04,Picnic Blanket,AU,FBA,2025,4,2025_04,23,155.69,FALSE
Picnic Blanket|AU|FBA|2025_05,Picnic Blanket,AU,FBA,2025,5,2025_05,2,88.82,FALSE
Picnic Blanket|AU|FBA|2025_06,Picnic Blanket,AU,FBA,2025,6,2025_06,7,357.56,FALSE
Picnic Blanket|AU|FBA|2025_07,Picnic Blanket,AU,FBA,2025,7,2025_07,3,146.18,FALSE
Picnic Blanket|AU|FBA|2025_08,Picnic Blanket,AU,FBA,2025,8,2025_08,7,391.45,FALSE
Picnic Blanket|AU|FBA|2025_09,Picnic Blanket,AU,FBA,2025,9,2025_09,15,831.78,FALSE
Picnic Blanket|AU|FBA|2025_10,Picnic Blanket,AU,FBA,2025,10,2025_10,17,790.38,FALSE
Picnic Blanket|AU|FBA|2025_11,Picnic Blanket,AU,FBA,2025,11,2025_11,30,1163.81,FALSE
Picnic Blanket|AU|FBA|2025_12,Picnic Blanket,AU,FBA,2025,12,2025_12,22,1088.9,FALSE
Picnic Blanket|AU|FBA|2026_01,Picnic Blanket,AU,FBA,2026,1,2026_01,11,620.45,FALSE
Picnic Blanket|AU|FBA|2026_02,Picnic Blanket,AU,FBA,2026,2,2026_02,7,472.34,FALSE
Picnic Blanket|AU|FBA|2026_03,Picnic Blanket,AU,FBA,2026,3,2026_03,8,418.44,FALSE
Picnic Blanket|AU|FBA|2026_05,Picnic Blanket,AU,FBA,2026,5,2026_05,5,267.1,FALSE
Picnic Blanket|CA|FBA|2024_01,Picnic Blanket,CA,FBA,2024,1,2024_01,2,93.52,FALSE
Picnic Blanket|CA|FBA|2024_02,Picnic Blanket,CA,FBA,2024,2,2024_02,2,117.14,FALSE
Picnic Blanket|CA|FBA|2024_03,Picnic Blanket,CA,FBA,2024,3,2024_03,9,453.66,FALSE
Picnic Blanket|CA|FBA|2024_04,Picnic Blanket,CA,FBA,2024,4,2024_04,10,585.9,FALSE
Picnic Blanket|CA|FBA|2024_05,Picnic Blanket,CA,FBA,2024,5,2024_05,13,667.95,FALSE
Picnic Blanket|CA|FBA|2024_06,Picnic Blanket,CA,FBA,2024,6,2024_06,16,776.02,FALSE
Picnic Blanket|CA|FBA|2024_07,Picnic Blanket,CA,FBA,2024,7,2024_07,20,1031.22,FALSE
Picnic Blanket|CA|FBA|2024_08,Picnic Blanket,CA,FBA,2024,8,2024_08,6,325.86,FALSE
Picnic Blanket|CA|FBA|2024_11,Picnic Blanket,CA,FBA,2024,11,2024_11,2,104.38,FALSE
Picnic Blanket|CA|FBA|2024_12,Picnic Blanket,CA,FBA,2024,12,2024_12,1,63.78,FALSE
Picnic Blanket|CA|FBA|2025_03,Picnic Blanket,CA,FBA,2025,3,2025_03,2,85.62,FALSE
Picnic Blanket|CA|FBA|2025_04,Picnic Blanket,CA,FBA,2025,4,2025_04,2,109.22,FALSE
Picnic Blanket|CA|FBA|2025_05,Picnic Blanket,CA,FBA,2025,5,2025_05,13,518.79,FALSE
Picnic Blanket|CA|FBA|2025_06,Picnic Blanket,CA,FBA,2025,6,2025_06,6,257.73,FALSE
Picnic Blanket|CA|FBA|2025_07,Picnic Blanket,CA,FBA,2025,7,2025_07,21,863.9,FALSE
Picnic Blanket|CA|FBA|2025_08,Picnic Blanket,CA,FBA,2025,8,2025_08,10,410.34,FALSE
Picnic Blanket|CA|FBA|2025_12,Picnic Blanket,CA,FBA,2025,12,2025_12,4,172.74,FALSE
Picnic Blanket|CA|FBA|2026_02,Picnic Blanket,CA,FBA,2026,2,2026_02,2,85.58,FALSE
Picnic Blanket|CA|FBA|2026_04,Picnic Blanket,CA,FBA,2026,4,2026_04,4,128.92,FALSE
Picnic Blanket|CA|FBA|2026_05,Picnic Blanket,CA,FBA,2026,5,2026_05,4,128.12,FALSE
Picnic Blanket|EU|B2B|2024_02,Picnic Blanket,EU,B2B,2024,2,2024_02,16,227.12,FALSE
Picnic Blanket|EU|B2B|2024_03,Picnic Blanket,EU,B2B,2024,3,2024_03,71,1849.16,FALSE
Picnic Blanket|EU|B2B|2024_04,Picnic Blanket,EU,B2B,2024,4,2024_04,139,3229.99,FALSE
Picnic Blanket|EU|B2B|2024_05,Picnic Blanket,EU,B2B,2024,5,2024_05,275,5630.41,FALSE
Picnic Blanket|EU|B2B|2024_06,Picnic Blanket,EU,B2B,2024,6,2024_06,95,1566.8,FALSE
Picnic Blanket|EU|B2B|2024_07,Picnic Blanket,EU,B2B,2024,7,2024_07,98,2106.63,FALSE
Picnic Blanket|EU|B2B|2024_08,Picnic Blanket,EU,B2B,2024,8,2024_08,58,540.14,FALSE
Picnic Blanket|EU|B2B|2024_09,Picnic Blanket,EU,B2B,2024,9,2024_09,33,190.29,FALSE
Picnic Blanket|EU|B2B|2024_10,Picnic Blanket,EU,B2B,2024,10,2024_10,10,0,FALSE
Picnic Blanket|EU|B2B|2024_12,Picnic Blanket,EU,B2B,2024,12,2024_12,94,1052.53,FALSE
Picnic Blanket|EU|B2B|2025_02,Picnic Blanket,EU,B2B,2025,2,2025_02,458,9604.11,FALSE
Picnic Blanket|EU|B2B|2025_03,Picnic Blanket,EU,B2B,2025,3,2025_03,54,5306.28,FALSE
Picnic Blanket|EU|B2B|2025_04,Picnic Blanket,EU,B2B,2025,4,2025_04,139,3509.65,FALSE
Picnic Blanket|EU|B2B|2025_05,Picnic Blanket,EU,B2B,2025,5,2025_05,115,2153.45,FALSE
Picnic Blanket|EU|B2B|2025_06,Picnic Blanket,EU,B2B,2025,6,2025_06,179,4517.21,FALSE
Picnic Blanket|EU|B2B|2025_07,Picnic Blanket,EU,B2B,2025,7,2025_07,135,3553.55,FALSE
Picnic Blanket|EU|B2B|2025_08,Picnic Blanket,EU,B2B,2025,8,2025_08,84,1819.75,FALSE
Picnic Blanket|EU|B2B|2025_09,Picnic Blanket,EU,B2B,2025,9,2025_09,21,459.8,FALSE
Picnic Blanket|EU|B2B|2025_10,Picnic Blanket,EU,B2B,2025,10,2025_10,6,173.66,FALSE
Picnic Blanket|EU|B2B|2025_11,Picnic Blanket,EU,B2B,2025,11,2025_11,4,119.41,FALSE
Picnic Blanket|EU|B2B|2025_12,Picnic Blanket,EU,B2B,2025,12,2025_12,8,22.91,FALSE
Picnic Blanket|EU|B2B|2026_01,Picnic Blanket,EU,B2B,2026,1,2026_01,233,12586.94,FALSE
Picnic Blanket|EU|B2B|2026_02,Picnic Blanket,EU,B2B,2026,2,2026_02,26,3241.34,FALSE
Picnic Blanket|EU|B2B|2026_03,Picnic Blanket,EU,B2B,2026,3,2026_03,127,3091.5,FALSE
Picnic Blanket|EU|B2B|2026_04,Picnic Blanket,EU,B2B,2026,4,2026_04,222,4879.11,FALSE
Picnic Blanket|EU|B2B|2026_05,Picnic Blanket,EU,B2B,2026,5,2026_05,44,1215.93,FALSE
Picnic Blanket|EU|B2B|2026_06,Picnic Blanket,EU,B2B,2026,6,2026_06,23,568.96,FALSE
Picnic Blanket|EU|DTC|2024_01,Picnic Blanket,EU,DTC,2024,1,2024_01,17,754.8,FALSE
Picnic Blanket|EU|DTC|2024_02,Picnic Blanket,EU,DTC,2024,2,2024_02,16,721.7,FALSE
Picnic Blanket|EU|DTC|2024_03,Picnic Blanket,EU,DTC,2024,3,2024_03,47,2213.78,FALSE
Picnic Blanket|EU|DTC|2024_04,Picnic Blanket,EU,DTC,2024,4,2024_04,144,7496.47,FALSE
Picnic Blanket|EU|DTC|2024_05,Picnic Blanket,EU,DTC,2024,5,2024_05,209,11334.63,FALSE
Picnic Blanket|EU|DTC|2024_06,Picnic Blanket,EU,DTC,2024,6,2024_06,219,11865.35,FALSE
Picnic Blanket|EU|DTC|2024_07,Picnic Blanket,EU,DTC,2024,7,2024_07,393,20976.09,FALSE
Picnic Blanket|EU|DTC|2024_08,Picnic Blanket,EU,DTC,2024,8,2024_08,283,14480.01,FALSE
Picnic Blanket|EU|DTC|2024_09,Picnic Blanket,EU,DTC,2024,9,2024_09,72,3035.79,FALSE
Picnic Blanket|EU|DTC|2024_10,Picnic Blanket,EU,DTC,2024,10,2024_10,19,749.93,FALSE
Picnic Blanket|EU|DTC|2024_11,Picnic Blanket,EU,DTC,2024,11,2024_11,44,1769.85,FALSE
Picnic Blanket|EU|DTC|2024_12,Picnic Blanket,EU,DTC,2024,12,2024_12,60,2448.46,FALSE
Picnic Blanket|EU|DTC|2025_01,Picnic Blanket,EU,DTC,2025,1,2025_01,11,522.48,FALSE
Picnic Blanket|EU|DTC|2025_02,Picnic Blanket,EU,DTC,2025,2,2025_02,14,756.3,FALSE
Picnic Blanket|EU|DTC|2025_03,Picnic Blanket,EU,DTC,2025,3,2025_03,96,5226.49,FALSE
Picnic Blanket|EU|DTC|2025_04,Picnic Blanket,EU,DTC,2025,4,2025_04,80,4468.03,FALSE
Picnic Blanket|EU|DTC|2025_05,Picnic Blanket,EU,DTC,2025,5,2025_05,94,4569.63,FALSE
Picnic Blanket|EU|DTC|2025_06,Picnic Blanket,EU,DTC,2025,6,2025_06,261,13242.98,FALSE
Picnic Blanket|EU|DTC|2025_07,Picnic Blanket,EU,DTC,2025,7,2025_07,158,7861.81,FALSE
Picnic Blanket|EU|DTC|2025_08,Picnic Blanket,EU,DTC,2025,8,2025_08,125,6018.84,FALSE
Picnic Blanket|EU|DTC|2025_09,Picnic Blanket,EU,DTC,2025,9,2025_09,56,2513.89,FALSE
Picnic Blanket|EU|DTC|2025_10,Picnic Blanket,EU,DTC,2025,10,2025_10,22,992.81,FALSE
Picnic Blanket|EU|DTC|2025_11,Picnic Blanket,EU,DTC,2025,11,2025_11,80,3265.36,FALSE
Picnic Blanket|EU|DTC|2025_12,Picnic Blanket,EU,DTC,2025,12,2025_12,107,4310.2,FALSE
Picnic Blanket|EU|DTC|2026_01,Picnic Blanket,EU,DTC,2026,1,2026_01,41,1466.86,FALSE
Picnic Blanket|EU|DTC|2026_02,Picnic Blanket,EU,DTC,2026,2,2026_02,9,401.64,FALSE
Picnic Blanket|EU|DTC|2026_03,Picnic Blanket,EU,DTC,2026,3,2026_03,46,2131.9,FALSE
Picnic Blanket|EU|DTC|2026_04,Picnic Blanket,EU,DTC,2026,4,2026_04,73,3707.21,FALSE
Picnic Blanket|EU|DTC|2026_05,Picnic Blanket,EU,DTC,2026,5,2026_05,162,8076.67,FALSE
Picnic Blanket|EU|DTC|2026_06,Picnic Blanket,EU,DTC,2026,6,2026_06,105,5163.69,FALSE
Picnic Blanket|EU|FBA|2024_01,Picnic Blanket,EU,FBA,2024,1,2024_01,6,291.38,FALSE
Picnic Blanket|EU|FBA|2024_02,Picnic Blanket,EU,FBA,2024,2,2024_02,2,122.16,FALSE
Picnic Blanket|EU|FBA|2024_03,Picnic Blanket,EU,FBA,2024,3,2024_03,9,498.66,FALSE
Picnic Blanket|EU|FBA|2024_04,Picnic Blanket,EU,FBA,2024,4,2024_04,29,1715.43,FALSE
Picnic Blanket|EU|FBA|2024_05,Picnic Blanket,EU,FBA,2024,5,2024_05,25,1409.22,FALSE
Picnic Blanket|EU|FBA|2024_06,Picnic Blanket,EU,FBA,2024,6,2024_06,20,1328.18,FALSE
Picnic Blanket|EU|FBA|2024_07,Picnic Blanket,EU,FBA,2024,7,2024_07,19,1174.98,FALSE
Picnic Blanket|EU|FBA|2024_08,Picnic Blanket,EU,FBA,2024,8,2024_08,15,1036.19,FALSE
Picnic Blanket|EU|FBA|2024_09,Picnic Blanket,EU,FBA,2024,9,2024_09,2,163.9,FALSE
Picnic Blanket|EU|FBA|2024_12,Picnic Blanket,EU,FBA,2024,12,2024_12,4,262.16,FALSE
Picnic Blanket|EU|FBA|2025_03,Picnic Blanket,EU,FBA,2025,3,2025_03,3,213.83,FALSE
Picnic Blanket|EU|FBA|2025_04,Picnic Blanket,EU,FBA,2025,4,2025_04,7,465.8,FALSE
Picnic Blanket|EU|FBA|2025_05,Picnic Blanket,EU,FBA,2025,5,2025_05,12,711.36,FALSE
Picnic Blanket|EU|FBA|2025_06,Picnic Blanket,EU,FBA,2025,6,2025_06,56,3913.06,FALSE
Picnic Blanket|EU|FBA|2025_07,Picnic Blanket,EU,FBA,2025,7,2025_07,33,2195.02,FALSE
Picnic Blanket|EU|FBA|2025_08,Picnic Blanket,EU,FBA,2025,8,2025_08,17,1206.67,FALSE
Picnic Blanket|EU|FBA|2025_09,Picnic Blanket,EU,FBA,2025,9,2025_09,1,74.06,FALSE
Picnic Blanket|EU|FBA|2025_10,Picnic Blanket,EU,FBA,2025,10,2025_10,1,73.88,FALSE
Picnic Blanket|EU|FBA|2025_11,Picnic Blanket,EU,FBA,2025,11,2025_11,1,59.42,FALSE
Picnic Blanket|EU|FBA|2025_12,Picnic Blanket,EU,FBA,2025,12,2025_12,5,381.7,FALSE
Picnic Blanket|EU|FBA|2026_01,Picnic Blanket,EU,FBA,2026,1,2026_01,1,60.73,FALSE
Picnic Blanket|EU|FBA|2026_02,Picnic Blanket,EU,FBA,2026,2,2026_02,3,231.58,FALSE
Picnic Blanket|EU|FBA|2026_03,Picnic Blanket,EU,FBA,2026,3,2026_03,6,449.81,FALSE
Picnic Blanket|EU|FBA|2026_04,Picnic Blanket,EU,FBA,2026,4,2026_04,11,821.64,FALSE
Picnic Blanket|EU|FBA|2026_05,Picnic Blanket,EU,FBA,2026,5,2026_05,42,2922.19,FALSE
Picnic Blanket|EU|FBA|2026_06,Picnic Blanket,EU,FBA,2026,6,2026_06,27,1877.03,FALSE
Picnic Blanket|UK|B2B|2024_01,Picnic Blanket,UK,B2B,2024,1,2024_01,16,335.27,FALSE
Picnic Blanket|UK|B2B|2024_02,Picnic Blanket,UK,B2B,2024,2,2024_02,327,7607.96,FALSE
Picnic Blanket|UK|B2B|2024_03,Picnic Blanket,UK,B2B,2024,3,2024_03,405,9340.12,FALSE
Picnic Blanket|UK|B2B|2024_04,Picnic Blanket,UK,B2B,2024,4,2024_04,97,2478.7,FALSE
Picnic Blanket|UK|B2B|2024_05,Picnic Blanket,UK,B2B,2024,5,2024_05,28,729.1,FALSE
Picnic Blanket|UK|B2B|2024_06,Picnic Blanket,UK,B2B,2024,6,2024_06,102,2405.82,FALSE
Picnic Blanket|UK|B2B|2024_07,Picnic Blanket,UK,B2B,2024,7,2024_07,287,7750.84,FALSE
Picnic Blanket|UK|B2B|2024_08,Picnic Blanket,UK,B2B,2024,8,2024_08,21,508.24,FALSE
Picnic Blanket|UK|B2B|2024_09,Picnic Blanket,UK,B2B,2024,9,2024_09,10,262.48,FALSE
Picnic Blanket|UK|B2B|2024_10,Picnic Blanket,UK,B2B,2024,10,2024_10,4,116.64,FALSE
Picnic Blanket|UK|B2B|2024_11,Picnic Blanket,UK,B2B,2024,11,2024_11,6,174.96,FALSE
Picnic Blanket|UK|B2B|2025_01,Picnic Blanket,UK,B2B,2025,1,2025_01,96,1148.68,FALSE
Picnic Blanket|UK|B2B|2025_02,Picnic Blanket,UK,B2B,2025,2,2025_02,18,20188.12,FALSE
Picnic Blanket|UK|B2B|2025_03,Picnic Blanket,UK,B2B,2025,3,2025_03,139,3315.44,FALSE
Picnic Blanket|UK|B2B|2025_04,Picnic Blanket,UK,B2B,2025,4,2025_04,136,9438.02,FALSE
Picnic Blanket|UK|B2B|2025_05,Picnic Blanket,UK,B2B,2025,5,2025_05,220,5658.88,FALSE
Picnic Blanket|UK|B2B|2025_06,Picnic Blanket,UK,B2B,2025,6,2025_06,281,7051.68,FALSE
Picnic Blanket|UK|B2B|2025_07,Picnic Blanket,UK,B2B,2025,7,2025_07,119,2882.6,FALSE
Picnic Blanket|UK|B2B|2025_08,Picnic Blanket,UK,B2B,2025,8,2025_08,659,16964.31,FALSE
Picnic Blanket|UK|B2B|2025_09,Picnic Blanket,UK,B2B,2025,9,2025_09,54,1281.4,FALSE
Picnic Blanket|UK|B2B|2025_10,Picnic Blanket,UK,B2B,2025,10,2025_10,4,100,FALSE
Picnic Blanket|UK|B2B|2025_12,Picnic Blanket,UK,B2B,2025,12,2025_12,16,433.28,FALSE
Picnic Blanket|UK|B2B|2026_01,Picnic Blanket,UK,B2B,2026,1,2026_01,16,398.04,FALSE
Picnic Blanket|UK|B2B|2026_02,Picnic Blanket,UK,B2B,2026,2,2026_02,20,41969.41,FALSE
Picnic Blanket|UK|B2B|2026_03,Picnic Blanket,UK,B2B,2026,3,2026_03,88,2403.58,FALSE
Picnic Blanket|UK|B2B|2026_04,Picnic Blanket,UK,B2B,2026,4,2026_04,258,5961.58,FALSE
Picnic Blanket|UK|B2B|2026_05,Picnic Blanket,UK,B2B,2026,5,2026_05,349,8958.5,FALSE
Picnic Blanket|UK|B2B|2026_06,Picnic Blanket,UK,B2B,2026,6,2026_06,753,20763.88,FALSE
Picnic Blanket|UK|DTC|2024_01,Picnic Blanket,UK,DTC,2024,1,2024_01,135,5277.2,FALSE
Picnic Blanket|UK|DTC|2024_02,Picnic Blanket,UK,DTC,2024,2,2024_02,183,7012.38,FALSE
Picnic Blanket|UK|DTC|2024_03,Picnic Blanket,UK,DTC,2024,3,2024_03,300,11937.65,FALSE
Picnic Blanket|UK|DTC|2024_04,Picnic Blanket,UK,DTC,2024,4,2024_04,461,19393.89,FALSE
Picnic Blanket|UK|DTC|2024_05,Picnic Blanket,UK,DTC,2024,5,2024_05,856,40681.76,FALSE
Picnic Blanket|UK|DTC|2024_06,Picnic Blanket,UK,DTC,2024,6,2024_06,1362,66087.11,FALSE
Picnic Blanket|UK|DTC|2024_07,Picnic Blanket,UK,DTC,2024,7,2024_07,1356,62791.66,FALSE
Picnic Blanket|UK|DTC|2024_08,Picnic Blanket,UK,DTC,2024,8,2024_08,1771,78690.78,FALSE
Picnic Blanket|UK|DTC|2024_09,Picnic Blanket,UK,DTC,2024,9,2024_09,381,15833.21,FALSE
Picnic Blanket|UK|DTC|2024_10,Picnic Blanket,UK,DTC,2024,10,2024_10,108,4376.9,FALSE
Picnic Blanket|UK|DTC|2024_11,Picnic Blanket,UK,DTC,2024,11,2024_11,514,19001.6,FALSE
Picnic Blanket|UK|DTC|2024_12,Picnic Blanket,UK,DTC,2024,12,2024_12,1157,32165.23,FALSE
Picnic Blanket|UK|DTC|2025_01,Picnic Blanket,UK,DTC,2025,1,2025_01,119,3841.08,FALSE
Picnic Blanket|UK|DTC|2025_02,Picnic Blanket,UK,DTC,2025,2,2025_02,102,4579.36,FALSE
Picnic Blanket|UK|DTC|2025_03,Picnic Blanket,UK,DTC,2025,3,2025_03,581,26442.94,FALSE
Picnic Blanket|UK|DTC|2025_04,Picnic Blanket,UK,DTC,2025,4,2025_04,1132,57603.6,FALSE
Picnic Blanket|UK|DTC|2025_05,Picnic Blanket,UK,DTC,2025,5,2025_05,1337,67217.79,FALSE
Picnic Blanket|UK|DTC|2025_06,Picnic Blanket,UK,DTC,2025,6,2025_06,1221,59409.37,FALSE
Picnic Blanket|UK|DTC|2025_07,Picnic Blanket,UK,DTC,2025,7,2025_07,1181,57766.56,FALSE
Picnic Blanket|UK|DTC|2025_08,Picnic Blanket,UK,DTC,2025,8,2025_08,643,28650.97,FALSE
Picnic Blanket|UK|DTC|2025_09,Picnic Blanket,UK,DTC,2025,9,2025_09,200,8432.97,FALSE
Picnic Blanket|UK|DTC|2025_10,Picnic Blanket,UK,DTC,2025,10,2025_10,86,3983.45,FALSE
Picnic Blanket|UK|DTC|2025_11,Picnic Blanket,UK,DTC,2025,11,2025_11,379,14889.47,FALSE
Picnic Blanket|UK|DTC|2025_12,Picnic Blanket,UK,DTC,2025,12,2025_12,419,15794.59,FALSE
Picnic Blanket|UK|DTC|2026_01,Picnic Blanket,UK,DTC,2026,1,2026_01,214,7563.66,FALSE
Picnic Blanket|UK|DTC|2026_02,Picnic Blanket,UK,DTC,2026,2,2026_02,91,4369.29,FALSE
Picnic Blanket|UK|DTC|2026_03,Picnic Blanket,UK,DTC,2026,3,2026_03,558,28622.88,FALSE
Picnic Blanket|UK|DTC|2026_04,Picnic Blanket,UK,DTC,2026,4,2026_04,1790,101882.59,FALSE
Picnic Blanket|UK|DTC|2026_05,Picnic Blanket,UK,DTC,2026,5,2026_05,2796,152798.64,FALSE
Picnic Blanket|UK|DTC|2026_06,Picnic Blanket,UK,DTC,2026,6,2026_06,1585,88828.41,FALSE
Picnic Blanket|UK|FBA|2024_01,Picnic Blanket,UK,FBA,2024,1,2024_01,16,764.53,FALSE
Picnic Blanket|UK|FBA|2024_02,Picnic Blanket,UK,FBA,2024,2,2024_02,21,1035.07,FALSE
Picnic Blanket|UK|FBA|2024_03,Picnic Blanket,UK,FBA,2024,3,2024_03,31,1477.01,FALSE
Picnic Blanket|UK|FBA|2024_04,Picnic Blanket,UK,FBA,2024,4,2024_04,67,3137.77,FALSE
Picnic Blanket|UK|FBA|2024_05,Picnic Blanket,UK,FBA,2024,5,2024_05,147,7551.61,FALSE
Picnic Blanket|UK|FBA|2024_06,Picnic Blanket,UK,FBA,2024,6,2024_06,204,10567.28,FALSE
Picnic Blanket|UK|FBA|2024_07,Picnic Blanket,UK,FBA,2024,7,2024_07,306,14529.08,FALSE
Picnic Blanket|UK|FBA|2024_08,Picnic Blanket,UK,FBA,2024,8,2024_08,145,7480.19,FALSE
Picnic Blanket|UK|FBA|2024_09,Picnic Blanket,UK,FBA,2024,9,2024_09,46,2130.34,FALSE
Picnic Blanket|UK|FBA|2024_10,Picnic Blanket,UK,FBA,2024,10,2024_10,11,534.23,FALSE
Picnic Blanket|UK|FBA|2024_11,Picnic Blanket,UK,FBA,2024,11,2024_11,55,2233.78,FALSE
Picnic Blanket|UK|FBA|2024_12,Picnic Blanket,UK,FBA,2024,12,2024_12,54,2482.46,FALSE
Picnic Blanket|UK|FBA|2025_01,Picnic Blanket,UK,FBA,2025,1,2025_01,17,860.61,FALSE
Picnic Blanket|UK|FBA|2025_02,Picnic Blanket,UK,FBA,2025,2,2025_02,7,345.79,FALSE
Picnic Blanket|UK|FBA|2025_03,Picnic Blanket,UK,FBA,2025,3,2025_03,78,4172.53,FALSE
Picnic Blanket|UK|FBA|2025_04,Picnic Blanket,UK,FBA,2025,4,2025_04,276,14415.76,FALSE
Picnic Blanket|UK|FBA|2025_05,Picnic Blanket,UK,FBA,2025,5,2025_05,308,16505.89,FALSE
Picnic Blanket|UK|FBA|2025_06,Picnic Blanket,UK,FBA,2025,6,2025_06,329,17626.29,FALSE
Picnic Blanket|UK|FBA|2025_07,Picnic Blanket,UK,FBA,2025,7,2025_07,451,23373.36,FALSE
Picnic Blanket|UK|FBA|2025_08,Picnic Blanket,UK,FBA,2025,8,2025_08,224,11553.7,FALSE
Picnic Blanket|UK|FBA|2025_09,Picnic Blanket,UK,FBA,2025,9,2025_09,47,2450.92,FALSE
Picnic Blanket|UK|FBA|2025_10,Picnic Blanket,UK,FBA,2025,10,2025_10,19,890.19,FALSE
Picnic Blanket|UK|FBA|2025_11,Picnic Blanket,UK,FBA,2025,11,2025_11,92,3707.55,FALSE
Picnic Blanket|UK|FBA|2025_12,Picnic Blanket,UK,FBA,2025,12,2025_12,41,2016.12,FALSE
Picnic Blanket|UK|FBA|2026_01,Picnic Blanket,UK,FBA,2026,1,2026_01,18,812.41,FALSE
Picnic Blanket|UK|FBA|2026_02,Picnic Blanket,UK,FBA,2026,2,2026_02,12,633.24,FALSE
Picnic Blanket|UK|FBA|2026_03,Picnic Blanket,UK,FBA,2026,3,2026_03,63,3388.35,FALSE
Picnic Blanket|UK|FBA|2026_04,Picnic Blanket,UK,FBA,2026,4,2026_04,323,16972.32,FALSE
Picnic Blanket|UK|FBA|2026_05,Picnic Blanket,UK,FBA,2026,5,2026_05,321,17781.06,FALSE
Picnic Blanket|UK|FBA|2026_06,Picnic Blanket,UK,FBA,2026,6,2026_06,126,7036.37,FALSE
Picnic Blanket|US|B2B|2024_01,Picnic Blanket,US,B2B,2024,1,2024_01,205,5555.48,FALSE
Picnic Blanket|US|B2B|2024_02,Picnic Blanket,US,B2B,2024,2,2024_02,416,10197.79,FALSE
Picnic Blanket|US|B2B|2024_03,Picnic Blanket,US,B2B,2024,3,2024_03,354,8788.81,FALSE
Picnic Blanket|US|B2B|2024_04,Picnic Blanket,US,B2B,2024,4,2024_04,384,7848.82,FALSE
Picnic Blanket|US|B2B|2024_05,Picnic Blanket,US,B2B,2024,5,2024_05,355,4776.79,FALSE
Picnic Blanket|US|B2B|2024_06,Picnic Blanket,US,B2B,2024,6,2024_06,260,6569.5,FALSE
Picnic Blanket|US|B2B|2024_07,Picnic Blanket,US,B2B,2024,7,2024_07,169,4929.04,FALSE
Picnic Blanket|US|B2B|2024_08,Picnic Blanket,US,B2B,2024,8,2024_08,24,177.46,FALSE
Picnic Blanket|US|B2B|2024_10,Picnic Blanket,US,B2B,2024,10,2024_10,12,265.42,FALSE
Picnic Blanket|US|B2B|2024_11,Picnic Blanket,US,B2B,2024,11,2024_11,20,158.31,FALSE
Picnic Blanket|US|B2B|2024_12,Picnic Blanket,US,B2B,2024,12,2024_12,42,0,FALSE
Picnic Blanket|US|B2B|2025_01,Picnic Blanket,US,B2B,2025,1,2025_01,86,2568.04,FALSE
Picnic Blanket|US|B2B|2025_02,Picnic Blanket,US,B2B,2025,2,2025_02,1002,23080.99,FALSE
Picnic Blanket|US|B2B|2025_03,Picnic Blanket,US,B2B,2025,3,2025_03,251,6880.44,FALSE
Picnic Blanket|US|B2B|2025_04,Picnic Blanket,US,B2B,2025,4,2025_04,223,4742.15,FALSE
Picnic Blanket|US|B2B|2025_05,Picnic Blanket,US,B2B,2025,5,2025_05,642,17288.68,FALSE
Picnic Blanket|US|B2B|2025_06,Picnic Blanket,US,B2B,2025,6,2025_06,156,4405.15,FALSE
Picnic Blanket|US|B2B|2025_07,Picnic Blanket,US,B2B,2025,7,2025_07,277,8990.81,FALSE
Picnic Blanket|US|B2B|2025_08,Picnic Blanket,US,B2B,2025,8,2025_08,135,3857.43,FALSE
Picnic Blanket|US|B2B|2025_09,Picnic Blanket,US,B2B,2025,9,2025_09,56,1627.76,FALSE
Picnic Blanket|US|B2B|2025_10,Picnic Blanket,US,B2B,2025,10,2025_10,28,623.25,FALSE
Picnic Blanket|US|B2B|2025_11,Picnic Blanket,US,B2B,2025,11,2025_11,31,797.02,FALSE
Picnic Blanket|US|B2B|2025_12,Picnic Blanket,US,B2B,2025,12,2025_12,50,1253.62,FALSE
Picnic Blanket|US|B2B|2026_01,Picnic Blanket,US,B2B,2026,1,2026_01,37,1128.74,FALSE
Picnic Blanket|US|B2B|2026_02,Picnic Blanket,US,B2B,2026,2,2026_02,143,4224.24,FALSE
Picnic Blanket|US|B2B|2026_03,Picnic Blanket,US,B2B,2026,3,2026_03,577,18585.95,FALSE
Picnic Blanket|US|B2B|2026_04,Picnic Blanket,US,B2B,2026,4,2026_04,329,6683.17,FALSE
Picnic Blanket|US|B2B|2026_05,Picnic Blanket,US,B2B,2026,5,2026_05,112,3281.81,FALSE
Picnic Blanket|US|B2B|2026_06,Picnic Blanket,US,B2B,2026,6,2026_06,225,6582.9,FALSE
Picnic Blanket|US|DTC|2024_01,Picnic Blanket,US,DTC,2024,1,2024_01,37,1568.53,FALSE
Picnic Blanket|US|DTC|2024_02,Picnic Blanket,US,DTC,2024,2,2024_02,60,2469.74,FALSE
Picnic Blanket|US|DTC|2024_03,Picnic Blanket,US,DTC,2024,3,2024_03,149,6010.52,FALSE
Picnic Blanket|US|DTC|2024_04,Picnic Blanket,US,DTC,2024,4,2024_04,435,4232.75,FALSE
Picnic Blanket|US|DTC|2024_05,Picnic Blanket,US,DTC,2024,5,2024_05,252,12568.92,FALSE
Picnic Blanket|US|DTC|2024_06,Picnic Blanket,US,DTC,2024,6,2024_06,800,42930.5,FALSE
Picnic Blanket|US|DTC|2024_07,Picnic Blanket,US,DTC,2024,7,2024_07,306,15941.81,FALSE
Picnic Blanket|US|DTC|2024_08,Picnic Blanket,US,DTC,2024,8,2024_08,358,14385.49,FALSE
Picnic Blanket|US|DTC|2024_09,Picnic Blanket,US,DTC,2024,9,2024_09,87,3582.66,FALSE
Picnic Blanket|US|DTC|2024_10,Picnic Blanket,US,DTC,2024,10,2024_10,84,3154.64,FALSE
Picnic Blanket|US|DTC|2024_11,Picnic Blanket,US,DTC,2024,11,2024_11,31,1500.34,FALSE
Picnic Blanket|US|DTC|2024_12,Picnic Blanket,US,DTC,2024,12,2024_12,308,12425.63,FALSE
Picnic Blanket|US|DTC|2025_01,Picnic Blanket,US,DTC,2025,1,2025_01,139,5118.5,FALSE
Picnic Blanket|US|DTC|2025_02,Picnic Blanket,US,DTC,2025,2,2025_02,85,4316.46,FALSE
Picnic Blanket|US|DTC|2025_03,Picnic Blanket,US,DTC,2025,3,2025_03,206,10492.6,FALSE
Picnic Blanket|US|DTC|2025_04,Picnic Blanket,US,DTC,2025,4,2025_04,269,15215.16,FALSE
Picnic Blanket|US|DTC|2025_05,Picnic Blanket,US,DTC,2025,5,2025_05,461,25990.13,FALSE
Picnic Blanket|US|DTC|2025_06,Picnic Blanket,US,DTC,2025,6,2025_06,328,17900.94,FALSE
Picnic Blanket|US|DTC|2025_07,Picnic Blanket,US,DTC,2025,7,2025_07,183,9279.44,FALSE
Picnic Blanket|US|DTC|2025_08,Picnic Blanket,US,DTC,2025,8,2025_08,65,3522.98,FALSE
Picnic Blanket|US|DTC|2025_09,Picnic Blanket,US,DTC,2025,9,2025_09,23,1251.29,FALSE
Picnic Blanket|US|DTC|2025_10,Picnic Blanket,US,DTC,2025,10,2025_10,15,851.77,FALSE
Picnic Blanket|US|DTC|2025_11,Picnic Blanket,US,DTC,2025,11,2025_11,79,3316.7,FALSE
Picnic Blanket|US|DTC|2025_12,Picnic Blanket,US,DTC,2025,12,2025_12,91,4132.25,FALSE
Picnic Blanket|US|DTC|2026_01,Picnic Blanket,US,DTC,2026,1,2026_01,67,2482.36,FALSE
Picnic Blanket|US|DTC|2026_02,Picnic Blanket,US,DTC,2026,2,2026_02,40,2104.6,FALSE
Picnic Blanket|US|DTC|2026_03,Picnic Blanket,US,DTC,2026,3,2026_03,159,9368.15,FALSE
Picnic Blanket|US|DTC|2026_04,Picnic Blanket,US,DTC,2026,4,2026_04,576,36264.94,FALSE
Picnic Blanket|US|DTC|2026_05,Picnic Blanket,US,DTC,2026,5,2026_05,652,39811.28,FALSE
Picnic Blanket|US|DTC|2026_06,Picnic Blanket,US,DTC,2026,6,2026_06,565,34193.98,FALSE
Picnic Blanket|US|FBA|2024_01,Picnic Blanket,US,FBA,2024,1,2024_01,36,1614.85,FALSE
Picnic Blanket|US|FBA|2024_02,Picnic Blanket,US,FBA,2024,2,2024_02,28,1345.26,FALSE
Picnic Blanket|US|FBA|2024_03,Picnic Blanket,US,FBA,2024,3,2024_03,97,5593.54,FALSE
Picnic Blanket|US|FBA|2024_04,Picnic Blanket,US,FBA,2024,4,2024_04,118,7378.72,FALSE
Picnic Blanket|US|FBA|2024_05,Picnic Blanket,US,FBA,2024,5,2024_05,223,13507.23,FALSE
Picnic Blanket|US|FBA|2024_06,Picnic Blanket,US,FBA,2024,6,2024_06,314,18326.78,FALSE
Picnic Blanket|US|FBA|2024_07,Picnic Blanket,US,FBA,2024,7,2024_07,217,11560.39,FALSE
Picnic Blanket|US|FBA|2024_08,Picnic Blanket,US,FBA,2024,8,2024_08,69,3966.48,FALSE
Picnic Blanket|US|FBA|2024_09,Picnic Blanket,US,FBA,2024,9,2024_09,47,2458.9,FALSE
Picnic Blanket|US|FBA|2024_10,Picnic Blanket,US,FBA,2024,10,2024_10,47,2325.11,FALSE
Picnic Blanket|US|FBA|2024_11,Picnic Blanket,US,FBA,2024,11,2024_11,33,1650.82,FALSE
Picnic Blanket|US|FBA|2024_12,Picnic Blanket,US,FBA,2024,12,2024_12,58,3096.9,FALSE
Picnic Blanket|US|FBA|2025_01,Picnic Blanket,US,FBA,2025,1,2025_01,16,964.93,FALSE
Picnic Blanket|US|FBA|2025_02,Picnic Blanket,US,FBA,2025,2,2025_02,52,3082.63,FALSE
Picnic Blanket|US|FBA|2025_03,Picnic Blanket,US,FBA,2025,3,2025_03,148,7887.83,FALSE
Picnic Blanket|US|FBA|2025_04,Picnic Blanket,US,FBA,2025,4,2025_04,300,15819.2,FALSE
Picnic Blanket|US|FBA|2025_05,Picnic Blanket,US,FBA,2025,5,2025_05,424,20948,FALSE
Picnic Blanket|US|FBA|2025_06,Picnic Blanket,US,FBA,2025,6,2025_06,264,14128.14,FALSE
Picnic Blanket|US|FBA|2025_07,Picnic Blanket,US,FBA,2025,7,2025_07,161,9124.63,FALSE
Picnic Blanket|US|FBA|2025_08,Picnic Blanket,US,FBA,2025,8,2025_08,111,5924.04,FALSE
Picnic Blanket|US|FBA|2025_09,Picnic Blanket,US,FBA,2025,9,2025_09,26,1318.6,FALSE
Picnic Blanket|US|FBA|2025_10,Picnic Blanket,US,FBA,2025,10,2025_10,25,1483.5,FALSE
Picnic Blanket|US|FBA|2025_11,Picnic Blanket,US,FBA,2025,11,2025_11,25,1526.86,FALSE
Picnic Blanket|US|FBA|2025_12,Picnic Blanket,US,FBA,2025,12,2025_12,32,1786.14,FALSE
Picnic Blanket|US|FBA|2026_01,Picnic Blanket,US,FBA,2026,1,2026_01,19,1048.34,FALSE
Picnic Blanket|US|FBA|2026_02,Picnic Blanket,US,FBA,2026,2,2026_02,36,1975.29,FALSE
Picnic Blanket|US|FBA|2026_03,Picnic Blanket,US,FBA,2026,3,2026_03,69,4149.94,FALSE
Picnic Blanket|US|FBA|2026_04,Picnic Blanket,US,FBA,2026,4,2026_04,210,11893.47,FALSE
Picnic Blanket|US|FBA|2026_05,Picnic Blanket,US,FBA,2026,5,2026_05,234,13698.56,FALSE
Picnic Blanket|US|FBA|2026_06,Picnic Blanket,US,FBA,2026,6,2026_06,131,7893.94,FALSE
Poncho - Adults CORE|AU|DTC|2024_01,Poncho - Adults CORE,AU,DTC,2024,1,2024_01,916,20308.62,FALSE
Poncho - Adults CORE|AU|DTC|2024_02,Poncho - Adults CORE,AU,DTC,2024,2,2024_02,406,8366.26,FALSE
Poncho - Adults CORE|AU|DTC|2024_03,Poncho - Adults CORE,AU,DTC,2024,3,2024_03,270,5261.94,FALSE
Poncho - Adults CORE|AU|DTC|2024_04,Poncho - Adults CORE,AU,DTC,2024,4,2024_04,132,2771.66,FALSE
Poncho - Adults CORE|AU|DTC|2024_05,Poncho - Adults CORE,AU,DTC,2024,5,2024_05,68,1869.06,FALSE
Poncho - Adults CORE|AU|DTC|2024_06,Poncho - Adults CORE,AU,DTC,2024,6,2024_06,70,2112.22,FALSE
Poncho - Adults CORE|AU|DTC|2024_07,Poncho - Adults CORE,AU,DTC,2024,7,2024_07,78,2431.8,FALSE
Poncho - Adults CORE|AU|DTC|2024_08,Poncho - Adults CORE,AU,DTC,2024,8,2024_08,348,6827.74,FALSE
Poncho - Adults CORE|AU|DTC|2024_09,Poncho - Adults CORE,AU,DTC,2024,9,2024_09,352,8876.94,FALSE
Poncho - Adults CORE|AU|DTC|2024_10,Poncho - Adults CORE,AU,DTC,2024,10,2024_10,440,10298.56,FALSE
Poncho - Adults CORE|AU|DTC|2024_11,Poncho - Adults CORE,AU,DTC,2024,11,2024_11,922,20559.94,FALSE
Poncho - Adults CORE|AU|DTC|2024_12,Poncho - Adults CORE,AU,DTC,2024,12,2024_12,816,19464.06,FALSE
Poncho - Adults CORE|AU|DTC|2025_01,Poncho - Adults CORE,AU,DTC,2025,1,2025_01,234,5513.07,FALSE
Poncho - Adults CORE|AU|DTC|2025_02,Poncho - Adults CORE,AU,DTC,2025,2,2025_02,154,3823.48,FALSE
Poncho - Adults CORE|AU|DTC|2025_03,Poncho - Adults CORE,AU,DTC,2025,3,2025_03,125,3112.88,FALSE
Poncho - Adults CORE|AU|DTC|2025_04,Poncho - Adults CORE,AU,DTC,2025,4,2025_04,68,1629.15,FALSE
Poncho - Adults CORE|AU|DTC|2025_05,Poncho - Adults CORE,AU,DTC,2025,5,2025_05,60,1757.66,FALSE
Poncho - Adults CORE|AU|DTC|2025_06,Poncho - Adults CORE,AU,DTC,2025,6,2025_06,46,1293.38,FALSE
Poncho - Adults CORE|AU|DTC|2025_07,Poncho - Adults CORE,AU,DTC,2025,7,2025_07,40,1066.24,FALSE
Poncho - Adults CORE|AU|DTC|2025_08,Poncho - Adults CORE,AU,DTC,2025,8,2025_08,53,1356.6,FALSE
Poncho - Adults CORE|AU|DTC|2025_09,Poncho - Adults CORE,AU,DTC,2025,9,2025_09,83,2123.72,FALSE
Poncho - Adults CORE|AU|DTC|2025_10,Poncho - Adults CORE,AU,DTC,2025,10,2025_10,94,2472.4,FALSE
Poncho - Adults CORE|AU|DTC|2025_11,Poncho - Adults CORE,AU,DTC,2025,11,2025_11,472,10163.3,FALSE
Poncho - Adults CORE|AU|DTC|2025_12,Poncho - Adults CORE,AU,DTC,2025,12,2025_12,428,10384.1,FALSE
Poncho - Adults CORE|AU|DTC|2026_01,Poncho - Adults CORE,AU,DTC,2026,1,2026_01,166,3755.92,FALSE
Poncho - Adults CORE|AU|DTC|2026_02,Poncho - Adults CORE,AU,DTC,2026,2,2026_02,53,1577.7,FALSE
Poncho - Adults CORE|AU|DTC|2026_03,Poncho - Adults CORE,AU,DTC,2026,3,2026_03,37,1156.8,FALSE
Poncho - Adults CORE|AU|DTC|2026_04,Poncho - Adults CORE,AU,DTC,2026,4,2026_04,37,938.24,FALSE
Poncho - Adults CORE|AU|DTC|2026_05,Poncho - Adults CORE,AU,DTC,2026,5,2026_05,20,626.36,FALSE
Poncho - Adults CORE|AU|DTC|2026_06,Poncho - Adults CORE,AU,DTC,2026,6,2026_06,17,460.03,FALSE
Poncho - Adults CORE|AU|FBA|2024_01,Poncho - Adults CORE,AU,FBA,2024,1,2024_01,44,1684.14,FALSE
Poncho - Adults CORE|AU|FBA|2024_02,Poncho - Adults CORE,AU,FBA,2024,2,2024_02,30,1078.22,FALSE
Poncho - Adults CORE|AU|FBA|2024_03,Poncho - Adults CORE,AU,FBA,2024,3,2024_03,6,224.98,FALSE
Poncho - Adults CORE|AU|FBA|2024_04,Poncho - Adults CORE,AU,FBA,2024,4,2024_04,10,368.46,FALSE
Poncho - Adults CORE|AU|FBA|2024_05,Poncho - Adults CORE,AU,FBA,2024,5,2024_05,14,535.5,FALSE
Poncho - Adults CORE|AU|FBA|2024_06,Poncho - Adults CORE,AU,FBA,2024,6,2024_06,4,154.82,FALSE
Poncho - Adults CORE|AU|FBA|2024_07,Poncho - Adults CORE,AU,FBA,2024,7,2024_07,26,895.36,FALSE
Poncho - Adults CORE|AU|FBA|2024_08,Poncho - Adults CORE,AU,FBA,2024,8,2024_08,8,295.02,FALSE
Poncho - Adults CORE|AU|FBA|2024_09,Poncho - Adults CORE,AU,FBA,2024,9,2024_09,10,370.78,FALSE
Poncho - Adults CORE|AU|FBA|2024_10,Poncho - Adults CORE,AU,FBA,2024,10,2024_10,8,282.4,FALSE
Poncho - Adults CORE|AU|FBA|2024_11,Poncho - Adults CORE,AU,FBA,2024,11,2024_11,10,353.26,FALSE
Poncho - Adults CORE|AU|FBA|2024_12,Poncho - Adults CORE,AU,FBA,2024,12,2024_12,36,1238.78,FALSE
Poncho - Adults CORE|AU|FBA|2025_01,Poncho - Adults CORE,AU,FBA,2025,1,2025_01,10,354.16,FALSE
Poncho - Adults CORE|AU|FBA|2025_02,Poncho - Adults CORE,AU,FBA,2025,2,2025_02,2,70.44,FALSE
Poncho - Adults CORE|AU|FBA|2025_03,Poncho - Adults CORE,AU,FBA,2025,3,2025_03,18,571.26,FALSE
Poncho - Adults CORE|AU|FBA|2025_04,Poncho - Adults CORE,AU,FBA,2025,4,2025_04,6,172.92,FALSE
Poncho - Adults CORE|AU|FBA|2025_05,Poncho - Adults CORE,AU,FBA,2025,5,2025_05,8,201.28,FALSE
Poncho - Adults CORE|AU|FBA|2025_06,Poncho - Adults CORE,AU,FBA,2025,6,2025_06,2,62.1,FALSE
Poncho - Adults CORE|AU|FBA|2025_07,Poncho - Adults CORE,AU,FBA,2025,7,2025_07,50,159.56,FALSE
Poncho - Adults CORE|AU|FBA|2025_09,Poncho - Adults CORE,AU,FBA,2025,9,2025_09,4,133.42,FALSE
Poncho - Adults CORE|AU|FBA|2025_10,Poncho - Adults CORE,AU,FBA,2025,10,2025_10,10,317.29,FALSE
Poncho - Adults CORE|AU|FBA|2025_11,Poncho - Adults CORE,AU,FBA,2025,11,2025_11,45,1053.65,FALSE
Poncho - Adults CORE|AU|FBA|2025_12,Poncho - Adults CORE,AU,FBA,2025,12,2025_12,50,1583.4,FALSE
Poncho - Adults CORE|AU|FBA|2026_01,Poncho - Adults CORE,AU,FBA,2026,1,2026_01,10,270.81,FALSE
Poncho - Adults CORE|AU|FBA|2026_02,Poncho - Adults CORE,AU,FBA,2026,2,2026_02,11,387.77,FALSE
Poncho - Adults CORE|AU|FBA|2026_03,Poncho - Adults CORE,AU,FBA,2026,3,2026_03,9,307.99,FALSE
Poncho - Adults CORE|AU|FBA|2026_04,Poncho - Adults CORE,AU,FBA,2026,4,2026_04,14,479.22,FALSE
Poncho - Adults CORE|AU|FBA|2026_05,Poncho - Adults CORE,AU,FBA,2026,5,2026_05,8,247.06,FALSE
Poncho - Adults CORE|CA|FBA|2024_01,Poncho - Adults CORE,CA,FBA,2024,1,2024_01,8,281.36,FALSE
Poncho - Adults CORE|CA|FBA|2024_02,Poncho - Adults CORE,CA,FBA,2024,2,2024_02,8,314.1,FALSE
Poncho - Adults CORE|CA|FBA|2024_03,Poncho - Adults CORE,CA,FBA,2024,3,2024_03,12,479.52,FALSE
Poncho - Adults CORE|CA|FBA|2024_04,Poncho - Adults CORE,CA,FBA,2024,4,2024_04,10,410.6,FALSE
Poncho - Adults CORE|CA|FBA|2024_05,Poncho - Adults CORE,CA,FBA,2024,5,2024_05,8,233.92,FALSE
Poncho - Adults CORE|CA|FBA|2024_06,Poncho - Adults CORE,CA,FBA,2024,6,2024_06,6,238.7,FALSE
Poncho - Adults CORE|CA|FBA|2024_07,Poncho - Adults CORE,CA,FBA,2024,7,2024_07,8,279.44,FALSE
Poncho - Adults CORE|CA|FBA|2024_12,Poncho - Adults CORE,CA,FBA,2024,12,2024_12,4,118.7,FALSE
Poncho - Adults CORE|CA|FBA|2025_02,Poncho - Adults CORE,CA,FBA,2025,2,2025_02,2,83.42,FALSE
Poncho - Adults CORE|CA|FBA|2025_03,Poncho - Adults CORE,CA,FBA,2025,3,2025_03,8,258.9,FALSE
Poncho - Adults CORE|CA|FBA|2025_04,Poncho - Adults CORE,CA,FBA,2025,4,2025_04,12,419.6,FALSE
Poncho - Adults CORE|CA|FBA|2025_05,Poncho - Adults CORE,CA,FBA,2025,5,2025_05,10,240.84,FALSE
Poncho - Adults CORE|CA|FBA|2025_06,Poncho - Adults CORE,CA,FBA,2025,6,2025_06,12,401.88,FALSE
Poncho - Adults CORE|CA|FBA|2025_07,Poncho - Adults CORE,CA,FBA,2025,7,2025_07,30,836.6,FALSE
Poncho - Adults CORE|CA|FBA|2025_08,Poncho - Adults CORE,CA,FBA,2025,8,2025_08,34,916.34,FALSE
Poncho - Adults CORE|CA|FBA|2025_09,Poncho - Adults CORE,CA,FBA,2025,9,2025_09,4,128.04,FALSE
Poncho - Adults CORE|CA|FBA|2025_10,Poncho - Adults CORE,CA,FBA,2025,10,2025_10,8,222.46,FALSE
Poncho - Adults CORE|CA|FBA|2025_11,Poncho - Adults CORE,CA,FBA,2025,11,2025_11,6,161.68,FALSE
Poncho - Adults CORE|CA|FBA|2025_12,Poncho - Adults CORE,CA,FBA,2025,12,2025_12,6,195.24,FALSE
Poncho - Adults CORE|CA|FBA|2026_01,Poncho - Adults CORE,CA,FBA,2026,1,2026_01,12,385.92,FALSE
Poncho - Adults CORE|CA|FBA|2026_02,Poncho - Adults CORE,CA,FBA,2026,2,2026_02,2,64.72,FALSE
Poncho - Adults CORE|CA|FBA|2026_03,Poncho - Adults CORE,CA,FBA,2026,3,2026_03,2,65,FALSE
Poncho - Adults CORE|CA|FBA|2026_04,Poncho - Adults CORE,CA,FBA,2026,4,2026_04,26,394.38,FALSE
Poncho - Adults CORE|CA|FBA|2026_05,Poncho - Adults CORE,CA,FBA,2026,5,2026_05,36,552.97,FALSE
Poncho - Adults CORE|CA|FBA|2026_06,Poncho - Adults CORE,CA,FBA,2026,6,2026_06,6,93.12,FALSE
Poncho - Adults CORE|EU|B2B|2024_01,Poncho - Adults CORE,EU,B2B,2024,1,2024_01,6,101.88,FALSE
Poncho - Adults CORE|EU|B2B|2024_02,Poncho - Adults CORE,EU,B2B,2024,2,2024_02,150,2089.44,FALSE
Poncho - Adults CORE|EU|B2B|2024_03,Poncho - Adults CORE,EU,B2B,2024,3,2024_03,862,12208,FALSE
Poncho - Adults CORE|EU|B2B|2024_04,Poncho - Adults CORE,EU,B2B,2024,4,2024_04,254,3086.98,FALSE
Poncho - Adults CORE|EU|B2B|2024_05,Poncho - Adults CORE,EU,B2B,2024,5,2024_05,212,3482.26,FALSE
Poncho - Adults CORE|EU|B2B|2024_06,Poncho - Adults CORE,EU,B2B,2024,6,2024_06,386,5645.5,FALSE
Poncho - Adults CORE|EU|B2B|2024_07,Poncho - Adults CORE,EU,B2B,2024,7,2024_07,182,2606.04,FALSE
Poncho - Adults CORE|EU|B2B|2024_08,Poncho - Adults CORE,EU,B2B,2024,8,2024_08,28,390.77,FALSE
Poncho - Adults CORE|EU|B2B|2024_09,Poncho - Adults CORE,EU,B2B,2024,9,2024_09,42,497.12,FALSE
Poncho - Adults CORE|EU|B2B|2024_11,Poncho - Adults CORE,EU,B2B,2024,11,2024_11,20,299.28,FALSE
Poncho - Adults CORE|EU|B2B|2025_02,Poncho - Adults CORE,EU,B2B,2025,2,2025_02,50,2310.41,FALSE
Poncho - Adults CORE|EU|B2B|2025_03,Poncho - Adults CORE,EU,B2B,2025,3,2025_03,5,84.03,FALSE
Poncho - Adults CORE|EU|B2B|2025_04,Poncho - Adults CORE,EU,B2B,2025,4,2025_04,56,839.06,FALSE
Poncho - Adults CORE|EU|B2B|2025_05,Poncho - Adults CORE,EU,B2B,2025,5,2025_05,92,1332.42,FALSE
Poncho - Adults CORE|EU|B2B|2025_06,Poncho - Adults CORE,EU,B2B,2025,6,2025_06,61,1029.18,FALSE
Poncho - Adults CORE|EU|B2B|2025_07,Poncho - Adults CORE,EU,B2B,2025,7,2025_07,46,732.34,FALSE
Poncho - Adults CORE|EU|B2B|2025_08,Poncho - Adults CORE,EU,B2B,2025,8,2025_08,30,493.57,FALSE
Poncho - Adults CORE|EU|B2B|2025_09,Poncho - Adults CORE,EU,B2B,2025,9,2025_09,9,165.87,FALSE
Poncho - Adults CORE|EU|B2B|2025_12,Poncho - Adults CORE,EU,B2B,2025,12,2025_12,12,0,FALSE
Poncho - Adults CORE|EU|B2B|2026_01,Poncho - Adults CORE,EU,B2B,2026,1,2026_01,2,26,FALSE
Poncho - Adults CORE|EU|B2B|2026_02,Poncho - Adults CORE,EU,B2B,2026,2,2026_02,30,473.82,FALSE
Poncho - Adults CORE|EU|B2B|2026_03,Poncho - Adults CORE,EU,B2B,2026,3,2026_03,58,903.66,FALSE
Poncho - Adults CORE|EU|B2B|2026_04,Poncho - Adults CORE,EU,B2B,2026,4,2026_04,277,3188.63,FALSE
Poncho - Adults CORE|EU|B2B|2026_05,Poncho - Adults CORE,EU,B2B,2026,5,2026_05,56,923.64,FALSE
Poncho - Adults CORE|EU|B2B|2026_06,Poncho - Adults CORE,EU,B2B,2026,6,2026_06,31,495.06,FALSE
Poncho - Adults CORE|EU|DTC|2024_01,Poncho - Adults CORE,EU,DTC,2024,1,2024_01,86,2377.34,FALSE
Poncho - Adults CORE|EU|DTC|2024_02,Poncho - Adults CORE,EU,DTC,2024,2,2024_02,42,1184.96,FALSE
Poncho - Adults CORE|EU|DTC|2024_03,Poncho - Adults CORE,EU,DTC,2024,3,2024_03,96,2854.02,FALSE
Poncho - Adults CORE|EU|DTC|2024_04,Poncho - Adults CORE,EU,DTC,2024,4,2024_04,114,3040.98,FALSE
Poncho - Adults CORE|EU|DTC|2024_05,Poncho - Adults CORE,EU,DTC,2024,5,2024_05,160,4504.96,FALSE
Poncho - Adults CORE|EU|DTC|2024_06,Poncho - Adults CORE,EU,DTC,2024,6,2024_06,132,3476.6,FALSE
Poncho - Adults CORE|EU|DTC|2024_07,Poncho - Adults CORE,EU,DTC,2024,7,2024_07,190,5097.38,FALSE
Poncho - Adults CORE|EU|DTC|2024_08,Poncho - Adults CORE,EU,DTC,2024,8,2024_08,170,4506.02,FALSE
Poncho - Adults CORE|EU|DTC|2024_09,Poncho - Adults CORE,EU,DTC,2024,9,2024_09,94,2570.52,FALSE
Poncho - Adults CORE|EU|DTC|2024_10,Poncho - Adults CORE,EU,DTC,2024,10,2024_10,16,473.52,FALSE
Poncho - Adults CORE|EU|DTC|2024_11,Poncho - Adults CORE,EU,DTC,2024,11,2024_11,86,2307.86,FALSE
Poncho - Adults CORE|EU|DTC|2024_12,Poncho - Adults CORE,EU,DTC,2024,12,2024_12,136,3419.76,FALSE
Poncho - Adults CORE|EU|DTC|2025_01,Poncho - Adults CORE,EU,DTC,2025,1,2025_01,20,500.14,FALSE
Poncho - Adults CORE|EU|DTC|2025_02,Poncho - Adults CORE,EU,DTC,2025,2,2025_02,6,164.29,FALSE
Poncho - Adults CORE|EU|DTC|2025_03,Poncho - Adults CORE,EU,DTC,2025,3,2025_03,18,411.27,FALSE
Poncho - Adults CORE|EU|DTC|2025_04,Poncho - Adults CORE,EU,DTC,2025,4,2025_04,22,604.82,FALSE
Poncho - Adults CORE|EU|DTC|2025_05,Poncho - Adults CORE,EU,DTC,2025,5,2025_05,36,898.99,FALSE
Poncho - Adults CORE|EU|DTC|2025_06,Poncho - Adults CORE,EU,DTC,2025,6,2025_06,102,2850.18,FALSE
Poncho - Adults CORE|EU|DTC|2025_07,Poncho - Adults CORE,EU,DTC,2025,7,2025_07,89,2545.25,FALSE
Poncho - Adults CORE|EU|DTC|2025_08,Poncho - Adults CORE,EU,DTC,2025,8,2025_08,28,794.84,FALSE
Poncho - Adults CORE|EU|DTC|2025_09,Poncho - Adults CORE,EU,DTC,2025,9,2025_09,15,514.94,FALSE
Poncho - Adults CORE|EU|DTC|2025_10,Poncho - Adults CORE,EU,DTC,2025,10,2025_10,15,517.85,FALSE
Poncho - Adults CORE|EU|DTC|2025_11,Poncho - Adults CORE,EU,DTC,2025,11,2025_11,72,1889.85,FALSE
Poncho - Adults CORE|EU|DTC|2025_12,Poncho - Adults CORE,EU,DTC,2025,12,2025_12,45,1302.26,FALSE
Poncho - Adults CORE|EU|DTC|2026_01,Poncho - Adults CORE,EU,DTC,2026,1,2026_01,21,642.15,FALSE
Poncho - Adults CORE|EU|DTC|2026_02,Poncho - Adults CORE,EU,DTC,2026,2,2026_02,9,267.27,FALSE
Poncho - Adults CORE|EU|DTC|2026_03,Poncho - Adults CORE,EU,DTC,2026,3,2026_03,43,1310.36,FALSE
Poncho - Adults CORE|EU|DTC|2026_04,Poncho - Adults CORE,EU,DTC,2026,4,2026_04,52,1388.37,FALSE
Poncho - Adults CORE|EU|DTC|2026_05,Poncho - Adults CORE,EU,DTC,2026,5,2026_05,70,1876.68,FALSE
Poncho - Adults CORE|EU|DTC|2026_06,Poncho - Adults CORE,EU,DTC,2026,6,2026_06,69,2015.79,FALSE
Poncho - Adults CORE|EU|FBA|2024_01,Poncho - Adults CORE,EU,FBA,2024,1,2024_01,12,412.86,FALSE
Poncho - Adults CORE|EU|FBA|2024_02,Poncho - Adults CORE,EU,FBA,2024,2,2024_02,8,267.4,FALSE
Poncho - Adults CORE|EU|FBA|2024_03,Poncho - Adults CORE,EU,FBA,2024,3,2024_03,10,361.48,FALSE
Poncho - Adults CORE|EU|FBA|2024_04,Poncho - Adults CORE,EU,FBA,2024,4,2024_04,22,800.68,FALSE
Poncho - Adults CORE|EU|FBA|2024_05,Poncho - Adults CORE,EU,FBA,2024,5,2024_05,12,384.42,FALSE
Poncho - Adults CORE|EU|FBA|2024_06,Poncho - Adults CORE,EU,FBA,2024,6,2024_06,20,698.12,FALSE
Poncho - Adults CORE|EU|FBA|2024_07,Poncho - Adults CORE,EU,FBA,2024,7,2024_07,14,524.72,FALSE
Poncho - Adults CORE|EU|FBA|2024_08,Poncho - Adults CORE,EU,FBA,2024,8,2024_08,8,366.16,FALSE
Poncho - Adults CORE|EU|FBA|2024_10,Poncho - Adults CORE,EU,FBA,2024,10,2024_10,6,290.64,FALSE
Poncho - Adults CORE|EU|FBA|2024_11,Poncho - Adults CORE,EU,FBA,2024,11,2024_11,4,188.32,FALSE
Poncho - Adults CORE|EU|FBA|2024_12,Poncho - Adults CORE,EU,FBA,2024,12,2024_12,6,268.28,FALSE
Poncho - Adults CORE|EU|FBA|2025_02,Poncho - Adults CORE,EU,FBA,2025,2,2025_02,2,71.16,FALSE
Poncho - Adults CORE|EU|FBA|2025_03,Poncho - Adults CORE,EU,FBA,2025,3,2025_03,4,144.72,FALSE
Poncho - Adults CORE|EU|FBA|2025_04,Poncho - Adults CORE,EU,FBA,2025,4,2025_04,6,183.78,FALSE
Poncho - Adults CORE|EU|FBA|2025_05,Poncho - Adults CORE,EU,FBA,2025,5,2025_05,12,332.58,FALSE
Poncho - Adults CORE|EU|FBA|2025_06,Poncho - Adults CORE,EU,FBA,2025,6,2025_06,19,693.41,FALSE
Poncho - Adults CORE|EU|FBA|2025_07,Poncho - Adults CORE,EU,FBA,2025,7,2025_07,28,1037.12,FALSE
Poncho - Adults CORE|EU|FBA|2025_08,Poncho - Adults CORE,EU,FBA,2025,8,2025_08,16,574.76,FALSE
Poncho - Adults CORE|EU|FBA|2025_09,Poncho - Adults CORE,EU,FBA,2025,9,2025_09,14,540.6,FALSE
Poncho - Adults CORE|EU|FBA|2025_11,Poncho - Adults CORE,EU,FBA,2025,11,2025_11,8,264.84,FALSE
Poncho - Adults CORE|EU|FBA|2025_12,Poncho - Adults CORE,EU,FBA,2025,12,2025_12,12,438.38,FALSE
Poncho - Adults CORE|EU|FBA|2026_01,Poncho - Adults CORE,EU,FBA,2026,1,2026_01,2,74.66,FALSE
Poncho - Adults CORE|EU|FBA|2026_02,Poncho - Adults CORE,EU,FBA,2026,2,2026_02,2,82.8,FALSE
Poncho - Adults CORE|EU|FBA|2026_03,Poncho - Adults CORE,EU,FBA,2026,3,2026_03,2,74.4,FALSE
Poncho - Adults CORE|EU|FBA|2026_04,Poncho - Adults CORE,EU,FBA,2026,4,2026_04,2,83.46,FALSE
Poncho - Adults CORE|EU|FBA|2026_05,Poncho - Adults CORE,EU,FBA,2026,5,2026_05,7,242.79,FALSE
Poncho - Adults CORE|EU|FBA|2026_06,Poncho - Adults CORE,EU,FBA,2026,6,2026_06,4,157.16,FALSE
Poncho - Adults CORE|UK|B2B|2024_01,Poncho - Adults CORE,UK,B2B,2024,1,2024_01,158,2168.3,FALSE
Poncho - Adults CORE|UK|B2B|2024_02,Poncho - Adults CORE,UK,B2B,2024,2,2024_02,126,1948.88,FALSE
Poncho - Adults CORE|UK|B2B|2024_03,Poncho - Adults CORE,UK,B2B,2024,3,2024_03,18,271.56,FALSE
Poncho - Adults CORE|UK|B2B|2024_04,Poncho - Adults CORE,UK,B2B,2024,4,2024_04,86,1225.96,FALSE
Poncho - Adults CORE|UK|B2B|2024_05,Poncho - Adults CORE,UK,B2B,2024,5,2024_05,144,1989,FALSE
Poncho - Adults CORE|UK|B2B|2024_06,Poncho - Adults CORE,UK,B2B,2024,6,2024_06,268,2737.3,FALSE
Poncho - Adults CORE|UK|B2B|2024_07,Poncho - Adults CORE,UK,B2B,2024,7,2024_07,202,3014.2,FALSE
Poncho - Adults CORE|UK|B2B|2024_08,Poncho - Adults CORE,UK,B2B,2024,8,2024_08,160,2399.24,FALSE
Poncho - Adults CORE|UK|B2B|2024_09,Poncho - Adults CORE,UK,B2B,2024,9,2024_09,6,92.8,FALSE
Poncho - Adults CORE|UK|B2B|2024_10,Poncho - Adults CORE,UK,B2B,2024,10,2024_10,130,1976.62,FALSE
Poncho - Adults CORE|UK|B2B|2024_11,Poncho - Adults CORE,UK,B2B,2024,11,2024_11,176,2681.46,FALSE
Poncho - Adults CORE|UK|B2B|2024_12,Poncho - Adults CORE,UK,B2B,2024,12,2024_12,30,166.6,FALSE
Poncho - Adults CORE|UK|B2B|2025_01,Poncho - Adults CORE,UK,B2B,2025,1,2025_01,2,-1.38,FALSE
Poncho - Adults CORE|UK|B2B|2025_02,Poncho - Adults CORE,UK,B2B,2025,2,2025_02,108,2620.7,FALSE
Poncho - Adults CORE|UK|B2B|2025_03,Poncho - Adults CORE,UK,B2B,2025,3,2025_03,66,1019.21,FALSE
Poncho - Adults CORE|UK|B2B|2025_04,Poncho - Adults CORE,UK,B2B,2025,4,2025_04,136,2369.1,FALSE
Poncho - Adults CORE|UK|B2B|2025_05,Poncho - Adults CORE,UK,B2B,2025,5,2025_05,75,1118.21,FALSE
Poncho - Adults CORE|UK|B2B|2025_06,Poncho - Adults CORE,UK,B2B,2025,6,2025_06,137,2015.2,FALSE
Poncho - Adults CORE|UK|B2B|2025_07,Poncho - Adults CORE,UK,B2B,2025,7,2025_07,110,1740.35,FALSE
Poncho - Adults CORE|UK|B2B|2025_08,Poncho - Adults CORE,UK,B2B,2025,8,2025_08,97,1482.69,FALSE
Poncho - Adults CORE|UK|B2B|2025_10,Poncho - Adults CORE,UK,B2B,2025,10,2025_10,24,399.84,FALSE
Poncho - Adults CORE|UK|B2B|2025_11,Poncho - Adults CORE,UK,B2B,2025,11,2025_11,12,199.92,FALSE
Poncho - Adults CORE|UK|B2B|2025_12,Poncho - Adults CORE,UK,B2B,2025,12,2025_12,12,225,FALSE
Poncho - Adults CORE|UK|B2B|2026_02,Poncho - Adults CORE,UK,B2B,2026,2,2026_02,58,9781.23,FALSE
Poncho - Adults CORE|UK|B2B|2026_03,Poncho - Adults CORE,UK,B2B,2026,3,2026_03,74,1040.4,FALSE
Poncho - Adults CORE|UK|B2B|2026_04,Poncho - Adults CORE,UK,B2B,2026,4,2026_04,25,143.25,FALSE
Poncho - Adults CORE|UK|B2B|2026_05,Poncho - Adults CORE,UK,B2B,2026,5,2026_05,79,1252.91,FALSE
Poncho - Adults CORE|UK|B2B|2026_06,Poncho - Adults CORE,UK,B2B,2026,6,2026_06,170,2944.7,FALSE
Poncho - Adults CORE|UK|DTC|2024_01,Poncho - Adults CORE,UK,DTC,2024,1,2024_01,1772,38476.24,FALSE
Poncho - Adults CORE|UK|DTC|2024_02,Poncho - Adults CORE,UK,DTC,2024,2,2024_02,1710,36724.92,FALSE
Poncho - Adults CORE|UK|DTC|2024_03,Poncho - Adults CORE,UK,DTC,2024,3,2024_03,1684,39291.94,FALSE
Poncho - Adults CORE|UK|DTC|2024_04,Poncho - Adults CORE,UK,DTC,2024,4,2024_04,1306,31890.14,FALSE
Poncho - Adults CORE|UK|DTC|2024_05,Poncho - Adults CORE,UK,DTC,2024,5,2024_05,1884,46899.98,FALSE
Poncho - Adults CORE|UK|DTC|2024_06,Poncho - Adults CORE,UK,DTC,2024,6,2024_06,2234,51758.52,FALSE
Poncho - Adults CORE|UK|DTC|2024_07,Poncho - Adults CORE,UK,DTC,2024,7,2024_07,3720,86066.3,FALSE
Poncho - Adults CORE|UK|DTC|2024_08,Poncho - Adults CORE,UK,DTC,2024,8,2024_08,5336,89020.2,FALSE
Poncho - Adults CORE|UK|DTC|2024_09,Poncho - Adults CORE,UK,DTC,2024,9,2024_09,932,22180.74,FALSE
Poncho - Adults CORE|UK|DTC|2024_10,Poncho - Adults CORE,UK,DTC,2024,10,2024_10,606,15118.36,FALSE
Poncho - Adults CORE|UK|DTC|2024_11,Poncho - Adults CORE,UK,DTC,2024,11,2024_11,1918,40043.2,FALSE
Poncho - Adults CORE|UK|DTC|2024_12,Poncho - Adults CORE,UK,DTC,2024,12,2024_12,1918,38365.66,FALSE
Poncho - Adults CORE|UK|DTC|2025_01,Poncho - Adults CORE,UK,DTC,2025,1,2025_01,1702,32636.74,FALSE
Poncho - Adults CORE|UK|DTC|2025_02,Poncho - Adults CORE,UK,DTC,2025,2,2025_02,506,12478.31,FALSE
Poncho - Adults CORE|UK|DTC|2025_03,Poncho - Adults CORE,UK,DTC,2025,3,2025_03,909,22021.5,FALSE
Poncho - Adults CORE|UK|DTC|2025_04,Poncho - Adults CORE,UK,DTC,2025,4,2025_04,1050,25890.57,FALSE
Poncho - Adults CORE|UK|DTC|2025_05,Poncho - Adults CORE,UK,DTC,2025,5,2025_05,747,20422.3,FALSE
Poncho - Adults CORE|UK|DTC|2025_06,Poncho - Adults CORE,UK,DTC,2025,6,2025_06,774,20541.38,FALSE
Poncho - Adults CORE|UK|DTC|2025_07,Poncho - Adults CORE,UK,DTC,2025,7,2025_07,1265,34150.2,FALSE
Poncho - Adults CORE|UK|DTC|2025_08,Poncho - Adults CORE,UK,DTC,2025,8,2025_08,1232,29790.54,FALSE
Poncho - Adults CORE|UK|DTC|2025_09,Poncho - Adults CORE,UK,DTC,2025,9,2025_09,391,10366.92,FALSE
Poncho - Adults CORE|UK|DTC|2025_10,Poncho - Adults CORE,UK,DTC,2025,10,2025_10,195,5984.93,FALSE
Poncho - Adults CORE|UK|DTC|2025_11,Poncho - Adults CORE,UK,DTC,2025,11,2025_11,1500,29484.4,FALSE
Poncho - Adults CORE|UK|DTC|2025_12,Poncho - Adults CORE,UK,DTC,2025,12,2025_12,1072,21872.19,FALSE
Poncho - Adults CORE|UK|DTC|2026_01,Poncho - Adults CORE,UK,DTC,2026,1,2026_01,486,9468.24,FALSE
Poncho - Adults CORE|UK|DTC|2026_02,Poncho - Adults CORE,UK,DTC,2026,2,2026_02,217,6493.85,FALSE
Poncho - Adults CORE|UK|DTC|2026_03,Poncho - Adults CORE,UK,DTC,2026,3,2026_03,245,7250.38,FALSE
Poncho - Adults CORE|UK|DTC|2026_04,Poncho - Adults CORE,UK,DTC,2026,4,2026_04,234,7010.43,FALSE
Poncho - Adults CORE|UK|DTC|2026_05,Poncho - Adults CORE,UK,DTC,2026,5,2026_05,436,11853.07,FALSE
Poncho - Adults CORE|UK|DTC|2026_06,Poncho - Adults CORE,UK,DTC,2026,6,2026_06,308,8674.05,FALSE
Poncho - Adults CORE|UK|FBA|2024_01,Poncho - Adults CORE,UK,FBA,2024,1,2024_01,80,2343.92,FALSE
Poncho - Adults CORE|UK|FBA|2024_02,Poncho - Adults CORE,UK,FBA,2024,2,2024_02,92,2541.48,FALSE
Poncho - Adults CORE|UK|FBA|2024_03,Poncho - Adults CORE,UK,FBA,2024,3,2024_03,132,3768.62,FALSE
Poncho - Adults CORE|UK|FBA|2024_04,Poncho - Adults CORE,UK,FBA,2024,4,2024_04,154,4217.16,FALSE
Poncho - Adults CORE|UK|FBA|2024_05,Poncho - Adults CORE,UK,FBA,2024,5,2024_05,232,6842.42,FALSE
Poncho - Adults CORE|UK|FBA|2024_06,Poncho - Adults CORE,UK,FBA,2024,6,2024_06,288,8338.28,FALSE
Poncho - Adults CORE|UK|FBA|2024_07,Poncho - Adults CORE,UK,FBA,2024,7,2024_07,460,12444.12,FALSE
Poncho - Adults CORE|UK|FBA|2024_08,Poncho - Adults CORE,UK,FBA,2024,8,2024_08,434,12995.76,FALSE
Poncho - Adults CORE|UK|FBA|2024_09,Poncho - Adults CORE,UK,FBA,2024,9,2024_09,180,5507.76,FALSE
Poncho - Adults CORE|UK|FBA|2024_10,Poncho - Adults CORE,UK,FBA,2024,10,2024_10,116,3586.82,FALSE
Poncho - Adults CORE|UK|FBA|2024_11,Poncho - Adults CORE,UK,FBA,2024,11,2024_11,136,3357.98,FALSE
Poncho - Adults CORE|UK|FBA|2024_12,Poncho - Adults CORE,UK,FBA,2024,12,2024_12,148,4434.4,FALSE
Poncho - Adults CORE|UK|FBA|2025_01,Poncho - Adults CORE,UK,FBA,2025,1,2025_01,64,1941,FALSE
Poncho - Adults CORE|UK|FBA|2025_02,Poncho - Adults CORE,UK,FBA,2025,2,2025_02,60,1811.28,FALSE
Poncho - Adults CORE|UK|FBA|2025_03,Poncho - Adults CORE,UK,FBA,2025,3,2025_03,110,3299,FALSE
Poncho - Adults CORE|UK|FBA|2025_04,Poncho - Adults CORE,UK,FBA,2025,4,2025_04,157,4596.55,FALSE
Poncho - Adults CORE|UK|FBA|2025_05,Poncho - Adults CORE,UK,FBA,2025,5,2025_05,258,7370.65,FALSE
Poncho - Adults CORE|UK|FBA|2025_06,Poncho - Adults CORE,UK,FBA,2025,6,2025_06,295,8273.27,FALSE
Poncho - Adults CORE|UK|FBA|2025_07,Poncho - Adults CORE,UK,FBA,2025,7,2025_07,454,12457.67,FALSE
Poncho - Adults CORE|UK|FBA|2025_08,Poncho - Adults CORE,UK,FBA,2025,8,2025_08,276,7739.47,FALSE
Poncho - Adults CORE|UK|FBA|2025_09,Poncho - Adults CORE,UK,FBA,2025,9,2025_09,84,2746.98,FALSE
Poncho - Adults CORE|UK|FBA|2025_10,Poncho - Adults CORE,UK,FBA,2025,10,2025_10,65,2026.23,FALSE
Poncho - Adults CORE|UK|FBA|2025_11,Poncho - Adults CORE,UK,FBA,2025,11,2025_11,498,9896.12,FALSE
Poncho - Adults CORE|UK|FBA|2025_12,Poncho - Adults CORE,UK,FBA,2025,12,2025_12,155,4262.76,FALSE
Poncho - Adults CORE|UK|FBA|2026_01,Poncho - Adults CORE,UK,FBA,2026,1,2026_01,50,1620.18,FALSE
Poncho - Adults CORE|UK|FBA|2026_02,Poncho - Adults CORE,UK,FBA,2026,2,2026_02,54,1809.66,FALSE
Poncho - Adults CORE|UK|FBA|2026_03,Poncho - Adults CORE,UK,FBA,2026,3,2026_03,94,3028.82,FALSE
Poncho - Adults CORE|UK|FBA|2026_04,Poncho - Adults CORE,UK,FBA,2026,4,2026_04,59,1897.23,FALSE
Poncho - Adults CORE|UK|FBA|2026_05,Poncho - Adults CORE,UK,FBA,2026,5,2026_05,245,6972.52,FALSE
Poncho - Adults CORE|UK|FBA|2026_06,Poncho - Adults CORE,UK,FBA,2026,6,2026_06,97,2743.17,FALSE
Poncho - Adults CORE|US|B2B|2024_01,Poncho - Adults CORE,US,B2B,2024,1,2024_01,214,6090.6,FALSE
Poncho - Adults CORE|US|B2B|2024_02,Poncho - Adults CORE,US,B2B,2024,2,2024_02,252,3959.46,FALSE
Poncho - Adults CORE|US|B2B|2024_03,Poncho - Adults CORE,US,B2B,2024,3,2024_03,98,1707.8,FALSE
Poncho - Adults CORE|US|B2B|2024_04,Poncho - Adults CORE,US,B2B,2024,4,2024_04,1620,16745.68,FALSE
Poncho - Adults CORE|US|B2B|2024_05,Poncho - Adults CORE,US,B2B,2024,5,2024_05,110,1976.84,FALSE
Poncho - Adults CORE|US|B2B|2024_06,Poncho - Adults CORE,US,B2B,2024,6,2024_06,22,361.04,FALSE
Poncho - Adults CORE|US|B2B|2024_07,Poncho - Adults CORE,US,B2B,2024,7,2024_07,26,503.78,FALSE
Poncho - Adults CORE|US|B2B|2024_08,Poncho - Adults CORE,US,B2B,2024,8,2024_08,8,70.4,FALSE
Poncho - Adults CORE|US|B2B|2024_11,Poncho - Adults CORE,US,B2B,2024,11,2024_11,47,834.91,FALSE
Poncho - Adults CORE|US|B2B|2024_12,Poncho - Adults CORE,US,B2B,2024,12,2024_12,6,0,FALSE
Poncho - Adults CORE|US|B2B|2025_01,Poncho - Adults CORE,US,B2B,2025,1,2025_01,1,21.46,FALSE
Poncho - Adults CORE|US|B2B|2025_02,Poncho - Adults CORE,US,B2B,2025,2,2025_02,14,233.8,FALSE
Poncho - Adults CORE|US|B2B|2025_03,Poncho - Adults CORE,US,B2B,2025,3,2025_03,9,77.81,FALSE
Poncho - Adults CORE|US|B2B|2025_04,Poncho - Adults CORE,US,B2B,2025,4,2025_04,17,290.49,FALSE
Poncho - Adults CORE|US|B2B|2025_05,Poncho - Adults CORE,US,B2B,2025,5,2025_05,30,463.01,FALSE
Poncho - Adults CORE|US|B2B|2025_06,Poncho - Adults CORE,US,B2B,2025,6,2025_06,1,18.41,FALSE
Poncho - Adults CORE|US|B2B|2025_08,Poncho - Adults CORE,US,B2B,2025,8,2025_08,18,321.48,FALSE
Poncho - Adults CORE|US|B2B|2025_11,Poncho - Adults CORE,US,B2B,2025,11,2025_11,12,0,FALSE
Poncho - Adults CORE|US|B2B|2025_12,Poncho - Adults CORE,US,B2B,2025,12,2025_12,11,-19.65,FALSE
Poncho - Adults CORE|US|B2B|2026_02,Poncho - Adults CORE,US,B2B,2026,2,2026_02,18,341.43,FALSE
Poncho - Adults CORE|US|B2B|2026_03,Poncho - Adults CORE,US,B2B,2026,3,2026_03,6,125.83,FALSE
Poncho - Adults CORE|US|B2B|2026_04,Poncho - Adults CORE,US,B2B,2026,4,2026_04,41,-380.22,FALSE
Poncho - Adults CORE|US|B2B|2026_06,Poncho - Adults CORE,US,B2B,2026,6,2026_06,24,434.8,FALSE
Poncho - Adults CORE|US|DTC|2024_01,Poncho - Adults CORE,US,DTC,2024,1,2024_01,76,2298.62,FALSE
Poncho - Adults CORE|US|DTC|2024_02,Poncho - Adults CORE,US,DTC,2024,2,2024_02,118,2992.92,FALSE
Poncho - Adults CORE|US|DTC|2024_03,Poncho - Adults CORE,US,DTC,2024,3,2024_03,198,5622.06,FALSE
Poncho - Adults CORE|US|DTC|2024_04,Poncho - Adults CORE,US,DTC,2024,4,2024_04,98,3032.14,FALSE
Poncho - Adults CORE|US|DTC|2024_05,Poncho - Adults CORE,US,DTC,2024,5,2024_05,174,5186.52,FALSE
Poncho - Adults CORE|US|DTC|2024_06,Poncho - Adults CORE,US,DTC,2024,6,2024_06,216,6012.42,FALSE
Poncho - Adults CORE|US|DTC|2024_07,Poncho - Adults CORE,US,DTC,2024,7,2024_07,258,6802.96,FALSE
Poncho - Adults CORE|US|DTC|2024_08,Poncho - Adults CORE,US,DTC,2024,8,2024_08,320,4424.66,FALSE
Poncho - Adults CORE|US|DTC|2024_09,Poncho - Adults CORE,US,DTC,2024,9,2024_09,70,1922.42,FALSE
Poncho - Adults CORE|US|DTC|2024_10,Poncho - Adults CORE,US,DTC,2024,10,2024_10,28,671.66,FALSE
Poncho - Adults CORE|US|DTC|2024_11,Poncho - Adults CORE,US,DTC,2024,11,2024_11,62,1739.78,FALSE
Poncho - Adults CORE|US|DTC|2024_12,Poncho - Adults CORE,US,DTC,2024,12,2024_12,272,6111.14,FALSE
Poncho - Adults CORE|US|DTC|2025_01,Poncho - Adults CORE,US,DTC,2025,1,2025_01,130,2800.66,FALSE
Poncho - Adults CORE|US|DTC|2025_02,Poncho - Adults CORE,US,DTC,2025,2,2025_02,150,4731.11,FALSE
Poncho - Adults CORE|US|DTC|2025_03,Poncho - Adults CORE,US,DTC,2025,3,2025_03,251,6339.79,FALSE
Poncho - Adults CORE|US|DTC|2025_04,Poncho - Adults CORE,US,DTC,2025,4,2025_04,137,4060.22,FALSE
Poncho - Adults CORE|US|DTC|2025_05,Poncho - Adults CORE,US,DTC,2025,5,2025_05,79,2496.82,FALSE
Poncho - Adults CORE|US|DTC|2025_06,Poncho - Adults CORE,US,DTC,2025,6,2025_06,120,3897.4,FALSE
Poncho - Adults CORE|US|DTC|2025_07,Poncho - Adults CORE,US,DTC,2025,7,2025_07,189,6181.96,FALSE
Poncho - Adults CORE|US|DTC|2025_08,Poncho - Adults CORE,US,DTC,2025,8,2025_08,46,1549.65,FALSE
Poncho - Adults CORE|US|DTC|2025_09,Poncho - Adults CORE,US,DTC,2025,9,2025_09,16,480.72,FALSE
Poncho - Adults CORE|US|DTC|2025_10,Poncho - Adults CORE,US,DTC,2025,10,2025_10,6,224.99,FALSE
Poncho - Adults CORE|US|DTC|2025_11,Poncho - Adults CORE,US,DTC,2025,11,2025_11,66,1668.57,FALSE
Poncho - Adults CORE|US|DTC|2025_12,Poncho - Adults CORE,US,DTC,2025,12,2025_12,69,2006.81,FALSE
Poncho - Adults CORE|US|DTC|2026_01,Poncho - Adults CORE,US,DTC,2026,1,2026_01,31,992.6,FALSE
Poncho - Adults CORE|US|DTC|2026_02,Poncho - Adults CORE,US,DTC,2026,2,2026_02,27,847.44,FALSE
Poncho - Adults CORE|US|DTC|2026_03,Poncho - Adults CORE,US,DTC,2026,3,2026_03,75,2711.46,FALSE
Poncho - Adults CORE|US|DTC|2026_04,Poncho - Adults CORE,US,DTC,2026,4,2026_04,57,1924.93,FALSE
Poncho - Adults CORE|US|DTC|2026_05,Poncho - Adults CORE,US,DTC,2026,5,2026_05,104,3243.53,FALSE
Poncho - Adults CORE|US|DTC|2026_06,Poncho - Adults CORE,US,DTC,2026,6,2026_06,55,1599.55,FALSE
Poncho - Adults CORE|US|FBA|2024_01,Poncho - Adults CORE,US,FBA,2024,1,2024_01,42,1397.5,FALSE
Poncho - Adults CORE|US|FBA|2024_02,Poncho - Adults CORE,US,FBA,2024,2,2024_02,32,1112.02,FALSE
Poncho - Adults CORE|US|FBA|2024_03,Poncho - Adults CORE,US,FBA,2024,3,2024_03,38,1159.04,FALSE
Poncho - Adults CORE|US|FBA|2024_04,Poncho - Adults CORE,US,FBA,2024,4,2024_04,20,775.4,FALSE
Poncho - Adults CORE|US|FBA|2024_05,Poncho - Adults CORE,US,FBA,2024,5,2024_05,50,1808.08,FALSE
Poncho - Adults CORE|US|FBA|2024_06,Poncho - Adults CORE,US,FBA,2024,6,2024_06,114,4228.64,FALSE
Poncho - Adults CORE|US|FBA|2024_07,Poncho - Adults CORE,US,FBA,2024,7,2024_07,60,1928.8,FALSE
Poncho - Adults CORE|US|FBA|2024_08,Poncho - Adults CORE,US,FBA,2024,8,2024_08,14,493.68,FALSE
Poncho - Adults CORE|US|FBA|2024_09,Poncho - Adults CORE,US,FBA,2024,9,2024_09,14,512.92,FALSE
Poncho - Adults CORE|US|FBA|2024_10,Poncho - Adults CORE,US,FBA,2024,10,2024_10,8,291.22,FALSE
Poncho - Adults CORE|US|FBA|2024_11,Poncho - Adults CORE,US,FBA,2024,11,2024_11,26,909.24,FALSE
Poncho - Adults CORE|US|FBA|2024_12,Poncho - Adults CORE,US,FBA,2024,12,2024_12,32,1207.36,FALSE
Poncho - Adults CORE|US|FBA|2025_01,Poncho - Adults CORE,US,FBA,2025,1,2025_01,8,292.48,FALSE
Poncho - Adults CORE|US|FBA|2025_02,Poncho - Adults CORE,US,FBA,2025,2,2025_02,47,1786.75,FALSE
Poncho - Adults CORE|US|FBA|2025_03,Poncho - Adults CORE,US,FBA,2025,3,2025_03,49,1708.07,FALSE
Poncho - Adults CORE|US|FBA|2025_04,Poncho - Adults CORE,US,FBA,2025,4,2025_04,47,1739.9,FALSE
Poncho - Adults CORE|US|FBA|2025_05,Poncho - Adults CORE,US,FBA,2025,5,2025_05,42,1476.75,FALSE
Poncho - Adults CORE|US|FBA|2025_06,Poncho - Adults CORE,US,FBA,2025,6,2025_06,77,2544.81,FALSE
Poncho - Adults CORE|US|FBA|2025_07,Poncho - Adults CORE,US,FBA,2025,7,2025_07,99,3497.65,FALSE
Poncho - Adults CORE|US|FBA|2025_08,Poncho - Adults CORE,US,FBA,2025,8,2025_08,47,1387.94,FALSE
Poncho - Adults CORE|US|FBA|2025_09,Poncho - Adults CORE,US,FBA,2025,9,2025_09,12,370.89,FALSE
Poncho - Adults CORE|US|FBA|2025_10,Poncho - Adults CORE,US,FBA,2025,10,2025_10,12,353.96,FALSE
Poncho - Adults CORE|US|FBA|2025_11,Poncho - Adults CORE,US,FBA,2025,11,2025_11,14,497.3,FALSE
Poncho - Adults CORE|US|FBA|2025_12,Poncho - Adults CORE,US,FBA,2025,12,2025_12,30,1148.7,FALSE
Poncho - Adults CORE|US|FBA|2026_01,Poncho - Adults CORE,US,FBA,2026,1,2026_01,2,78.04,FALSE
Poncho - Adults CORE|US|FBA|2026_02,Poncho - Adults CORE,US,FBA,2026,2,2026_02,24,846.04,FALSE
Poncho - Adults CORE|US|FBA|2026_03,Poncho - Adults CORE,US,FBA,2026,3,2026_03,72,2685.21,FALSE
Poncho - Adults CORE|US|FBA|2026_04,Poncho - Adults CORE,US,FBA,2026,4,2026_04,69,2353.57,FALSE
Poncho - Adults CORE|US|FBA|2026_05,Poncho - Adults CORE,US,FBA,2026,5,2026_05,111,3633.6,FALSE
Poncho - Adults CORE|US|FBA|2026_06,Poncho - Adults CORE,US,FBA,2026,6,2026_06,49,1743.18,FALSE
Poncho - Adults SEASONAL|AU|DTC|2024_01,Poncho - Adults SEASONAL,AU,DTC,2024,1,2024_01,224,7284.62,FALSE
Poncho - Adults SEASONAL|AU|DTC|2024_02,Poncho - Adults SEASONAL,AU,DTC,2024,2,2024_02,36,1141.86,FALSE
Poncho - Adults SEASONAL|AU|DTC|2024_03,Poncho - Adults SEASONAL,AU,DTC,2024,3,2024_03,40,1146.5,FALSE
Poncho - Adults SEASONAL|AU|DTC|2024_04,Poncho - Adults SEASONAL,AU,DTC,2024,4,2024_04,38,1297.48,FALSE
Poncho - Adults SEASONAL|AU|DTC|2024_06,Poncho - Adults SEASONAL,AU,DTC,2024,6,2024_06,2,72.8,FALSE
Poncho - Adults SEASONAL|AU|DTC|2024_08,Poncho - Adults SEASONAL,AU,DTC,2024,8,2024_08,2,72.14,FALSE
Poncho - Adults SEASONAL|AU|DTC|2024_09,Poncho - Adults SEASONAL,AU,DTC,2024,9,2024_09,32,839.84,FALSE
Poncho - Adults SEASONAL|AU|DTC|2024_10,Poncho - Adults SEASONAL,AU,DTC,2024,10,2024_10,250,7000.32,FALSE
Poncho - Adults SEASONAL|AU|DTC|2024_11,Poncho - Adults SEASONAL,AU,DTC,2024,11,2024_11,304,8465.02,FALSE
Poncho - Adults SEASONAL|AU|DTC|2024_12,Poncho - Adults SEASONAL,AU,DTC,2024,12,2024_12,38,1163.36,FALSE
Poncho - Adults SEASONAL|AU|DTC|2025_01,Poncho - Adults SEASONAL,AU,DTC,2025,1,2025_01,50,1393.04,FALSE
Poncho - Adults SEASONAL|AU|DTC|2025_02,Poncho - Adults SEASONAL,AU,DTC,2025,2,2025_02,66,2052.1,FALSE
Poncho - Adults SEASONAL|AU|DTC|2025_03,Poncho - Adults SEASONAL,AU,DTC,2025,3,2025_03,38,820.86,FALSE
Poncho - Adults SEASONAL|AU|DTC|2025_04,Poncho - Adults SEASONAL,AU,DTC,2025,4,2025_04,4,96.36,FALSE
Poncho - Adults SEASONAL|AU|DTC|2025_07,Poncho - Adults SEASONAL,AU,DTC,2025,7,2025_07,28,746.9,FALSE
Poncho - Adults SEASONAL|AU|DTC|2025_08,Poncho - Adults SEASONAL,AU,DTC,2025,8,2025_08,27,779.97,FALSE
Poncho - Adults SEASONAL|AU|DTC|2025_09,Poncho - Adults SEASONAL,AU,DTC,2025,9,2025_09,87,2375.65,FALSE
Poncho - Adults SEASONAL|AU|DTC|2025_10,Poncho - Adults SEASONAL,AU,DTC,2025,10,2025_10,115,3121.39,FALSE
Poncho - Adults SEASONAL|AU|DTC|2025_11,Poncho - Adults SEASONAL,AU,DTC,2025,11,2025_11,253,6355.95,FALSE
Poncho - Adults SEASONAL|AU|DTC|2025_12,Poncho - Adults SEASONAL,AU,DTC,2025,12,2025_12,94,2508.18,FALSE
Poncho - Adults SEASONAL|AU|DTC|2026_01,Poncho - Adults SEASONAL,AU,DTC,2026,1,2026_01,50,1387.31,FALSE
Poncho - Adults SEASONAL|AU|DTC|2026_02,Poncho - Adults SEASONAL,AU,DTC,2026,2,2026_02,102,2708.56,FALSE
Poncho - Adults SEASONAL|AU|DTC|2026_03,Poncho - Adults SEASONAL,AU,DTC,2026,3,2026_03,83,2174.92,FALSE
Poncho - Adults SEASONAL|AU|DTC|2026_04,Poncho - Adults SEASONAL,AU,DTC,2026,4,2026_04,30,867.44,FALSE
Poncho - Adults SEASONAL|AU|DTC|2026_05,Poncho - Adults SEASONAL,AU,DTC,2026,5,2026_05,22,765.98,FALSE
Poncho - Adults SEASONAL|AU|DTC|2026_06,Poncho - Adults SEASONAL,AU,DTC,2026,6,2026_06,6,172.57,FALSE
Poncho - Adults SEASONAL|AU|FBA|2024_01,Poncho - Adults SEASONAL,AU,FBA,2024,1,2024_01,18,698.82,FALSE
Poncho - Adults SEASONAL|AU|FBA|2024_02,Poncho - Adults SEASONAL,AU,FBA,2024,2,2024_02,8,303.44,FALSE
Poncho - Adults SEASONAL|AU|FBA|2024_03,Poncho - Adults SEASONAL,AU,FBA,2024,3,2024_03,8,305.2,FALSE
Poncho - Adults SEASONAL|AU|FBA|2024_04,Poncho - Adults SEASONAL,AU,FBA,2024,4,2024_04,6,233.12,FALSE
Poncho - Adults SEASONAL|AU|FBA|2024_07,Poncho - Adults SEASONAL,AU,FBA,2024,7,2024_07,2,62.78,FALSE
Poncho - Adults SEASONAL|AU|FBA|2024_09,Poncho - Adults SEASONAL,AU,FBA,2024,9,2024_09,4,150.76,FALSE
Poncho - Adults SEASONAL|AU|FBA|2025_09,Poncho - Adults SEASONAL,AU,FBA,2025,9,2025_09,10,330.12,FALSE
Poncho - Adults SEASONAL|AU|FBA|2025_10,Poncho - Adults SEASONAL,AU,FBA,2025,10,2025_10,21,685.35,FALSE
Poncho - Adults SEASONAL|AU|FBA|2025_11,Poncho - Adults SEASONAL,AU,FBA,2025,11,2025_11,22,589.67,FALSE
Poncho - Adults SEASONAL|AU|FBA|2025_12,Poncho - Adults SEASONAL,AU,FBA,2025,12,2025_12,26,921.9,FALSE
Poncho - Adults SEASONAL|AU|FBA|2026_01,Poncho - Adults SEASONAL,AU,FBA,2026,1,2026_01,8,288.81,FALSE
Poncho - Adults SEASONAL|AU|FBA|2026_02,Poncho - Adults SEASONAL,AU,FBA,2026,2,2026_02,5,181.55,FALSE
Poncho - Adults SEASONAL|AU|FBA|2026_03,Poncho - Adults SEASONAL,AU,FBA,2026,3,2026_03,7,244.97,FALSE
Poncho - Adults SEASONAL|AU|FBA|2026_04,Poncho - Adults SEASONAL,AU,FBA,2026,4,2026_04,10,364.21,FALSE
Poncho - Adults SEASONAL|AU|FBA|2026_05,Poncho - Adults SEASONAL,AU,FBA,2026,5,2026_05,6,170.4,FALSE
Poncho - Adults SEASONAL|AU|FBA|2026_06,Poncho - Adults SEASONAL,AU,FBA,2026,6,2026_06,2,29.43,FALSE
Poncho - Adults SEASONAL|CA|FBA|2024_05,Poncho - Adults SEASONAL,CA,FBA,2024,5,2024_05,2,92.12,FALSE
Poncho - Adults SEASONAL|CA|FBA|2024_07,Poncho - Adults SEASONAL,CA,FBA,2024,7,2024_07,4,173.54,FALSE
Poncho - Adults SEASONAL|CA|FBA|2024_12,Poncho - Adults SEASONAL,CA,FBA,2024,12,2024_12,2,69.02,FALSE
Poncho - Adults SEASONAL|CA|FBA|2025_05,Poncho - Adults SEASONAL,CA,FBA,2025,5,2025_05,2,78,FALSE
Poncho - Adults SEASONAL|CA|FBA|2025_07,Poncho - Adults SEASONAL,CA,FBA,2025,7,2025_07,2,77.78,FALSE
Poncho - Adults SEASONAL|EU|B2B|2024_02,Poncho - Adults SEASONAL,EU,B2B,2024,2,2024_02,30,512.7,FALSE
Poncho - Adults SEASONAL|EU|B2B|2024_03,Poncho - Adults SEASONAL,EU,B2B,2024,3,2024_03,94,1266.5,FALSE
Poncho - Adults SEASONAL|EU|B2B|2024_04,Poncho - Adults SEASONAL,EU,B2B,2024,4,2024_04,98,1204.78,FALSE
Poncho - Adults SEASONAL|EU|B2B|2024_05,Poncho - Adults SEASONAL,EU,B2B,2024,5,2024_05,50,879.16,FALSE
Poncho - Adults SEASONAL|EU|B2B|2024_06,Poncho - Adults SEASONAL,EU,B2B,2024,6,2024_06,24,402.3,FALSE
Poncho - Adults SEASONAL|EU|B2B|2024_07,Poncho - Adults SEASONAL,EU,B2B,2024,7,2024_07,8,123.72,FALSE
Poncho - Adults SEASONAL|EU|B2B|2024_08,Poncho - Adults SEASONAL,EU,B2B,2024,8,2024_08,45,256.27,FALSE
Poncho - Adults SEASONAL|EU|B2B|2024_09,Poncho - Adults SEASONAL,EU,B2B,2024,9,2024_09,35,60.66,FALSE
Poncho - Adults SEASONAL|EU|B2B|2024_10,Poncho - Adults SEASONAL,EU,B2B,2024,10,2024_10,1,0,FALSE
Poncho - Adults SEASONAL|EU|B2B|2024_12,Poncho - Adults SEASONAL,EU,B2B,2024,12,2024_12,18,-0.28,FALSE
Poncho - Adults SEASONAL|EU|B2B|2025_02,Poncho - Adults SEASONAL,EU,B2B,2025,2,2025_02,60,2204.46,FALSE
Poncho - Adults SEASONAL|EU|B2B|2025_03,Poncho - Adults SEASONAL,EU,B2B,2025,3,2025_03,40,651.74,FALSE
Poncho - Adults SEASONAL|EU|B2B|2025_04,Poncho - Adults SEASONAL,EU,B2B,2025,4,2025_04,216,3459.16,FALSE
Poncho - Adults SEASONAL|EU|B2B|2025_05,Poncho - Adults SEASONAL,EU,B2B,2025,5,2025_05,132,2072.5,FALSE
Poncho - Adults SEASONAL|EU|B2B|2025_06,Poncho - Adults SEASONAL,EU,B2B,2025,6,2025_06,65,1158.19,FALSE
Poncho - Adults SEASONAL|EU|B2B|2025_07,Poncho - Adults SEASONAL,EU,B2B,2025,7,2025_07,67,1183.54,FALSE
Poncho - Adults SEASONAL|EU|B2B|2025_08,Poncho - Adults SEASONAL,EU,B2B,2025,8,2025_08,30,566.13,FALSE
Poncho - Adults SEASONAL|EU|B2B|2025_10,Poncho - Adults SEASONAL,EU,B2B,2025,10,2025_10,5,0,FALSE
Poncho - Adults SEASONAL|EU|B2B|2025_12,Poncho - Adults SEASONAL,EU,B2B,2025,12,2025_12,3,0,FALSE
Poncho - Adults SEASONAL|EU|B2B|2026_01,Poncho - Adults SEASONAL,EU,B2B,2026,1,2026_01,6,87.09,FALSE
Poncho - Adults SEASONAL|EU|B2B|2026_02,Poncho - Adults SEASONAL,EU,B2B,2026,2,2026_02,6,97.89,FALSE
Poncho - Adults SEASONAL|EU|B2B|2026_03,Poncho - Adults SEASONAL,EU,B2B,2026,3,2026_03,85,1442.65,FALSE
Poncho - Adults SEASONAL|EU|B2B|2026_04,Poncho - Adults SEASONAL,EU,B2B,2026,4,2026_04,316,3673.75,FALSE
Poncho - Adults SEASONAL|EU|B2B|2026_05,Poncho - Adults SEASONAL,EU,B2B,2026,5,2026_05,103,1838.76,FALSE
Poncho - Adults SEASONAL|EU|B2B|2026_06,Poncho - Adults SEASONAL,EU,B2B,2026,6,2026_06,64,935.28,FALSE
Poncho - Adults SEASONAL|EU|DTC|2024_01,Poncho - Adults SEASONAL,EU,DTC,2024,1,2024_01,2,57.32,FALSE
Poncho - Adults SEASONAL|EU|DTC|2024_03,Poncho - Adults SEASONAL,EU,DTC,2024,3,2024_03,16,550.76,FALSE
Poncho - Adults SEASONAL|EU|DTC|2024_04,Poncho - Adults SEASONAL,EU,DTC,2024,4,2024_04,28,855.06,FALSE
Poncho - Adults SEASONAL|EU|DTC|2024_05,Poncho - Adults SEASONAL,EU,DTC,2024,5,2024_05,56,1783.2,FALSE
Poncho - Adults SEASONAL|EU|DTC|2024_06,Poncho - Adults SEASONAL,EU,DTC,2024,6,2024_06,64,2065.34,FALSE
Poncho - Adults SEASONAL|EU|DTC|2024_07,Poncho - Adults SEASONAL,EU,DTC,2024,7,2024_07,44,1423.48,FALSE
Poncho - Adults SEASONAL|EU|DTC|2024_08,Poncho - Adults SEASONAL,EU,DTC,2024,8,2024_08,24,635.46,FALSE
Poncho - Adults SEASONAL|EU|DTC|2024_09,Poncho - Adults SEASONAL,EU,DTC,2024,9,2024_09,30,661.8,FALSE
Poncho - Adults SEASONAL|EU|DTC|2024_10,Poncho - Adults SEASONAL,EU,DTC,2024,10,2024_10,4,75.24,FALSE
Poncho - Adults SEASONAL|EU|DTC|2024_11,Poncho - Adults SEASONAL,EU,DTC,2024,11,2024_11,14,386.88,FALSE
Poncho - Adults SEASONAL|EU|DTC|2024_12,Poncho - Adults SEASONAL,EU,DTC,2024,12,2024_12,14,269.9,FALSE
Poncho - Adults SEASONAL|EU|DTC|2025_02,Poncho - Adults SEASONAL,EU,DTC,2025,2,2025_02,24,647.91,FALSE
Poncho - Adults SEASONAL|EU|DTC|2025_03,Poncho - Adults SEASONAL,EU,DTC,2025,3,2025_03,53,1635.8,FALSE
Poncho - Adults SEASONAL|EU|DTC|2025_04,Poncho - Adults SEASONAL,EU,DTC,2025,4,2025_04,46,1282.63,FALSE
Poncho - Adults SEASONAL|EU|DTC|2025_05,Poncho - Adults SEASONAL,EU,DTC,2025,5,2025_05,60,1749.27,FALSE
Poncho - Adults SEASONAL|EU|DTC|2025_06,Poncho - Adults SEASONAL,EU,DTC,2025,6,2025_06,107,2909.13,FALSE
Poncho - Adults SEASONAL|EU|DTC|2025_07,Poncho - Adults SEASONAL,EU,DTC,2025,7,2025_07,52,1534.62,FALSE
Poncho - Adults SEASONAL|EU|DTC|2025_08,Poncho - Adults SEASONAL,EU,DTC,2025,8,2025_08,99,2591.66,FALSE
Poncho - Adults SEASONAL|EU|DTC|2025_09,Poncho - Adults SEASONAL,EU,DTC,2025,9,2025_09,16,325.92,FALSE
Poncho - Adults SEASONAL|EU|DTC|2025_10,Poncho - Adults SEASONAL,EU,DTC,2025,10,2025_10,16,449.26,FALSE
Poncho - Adults SEASONAL|EU|DTC|2025_11,Poncho - Adults SEASONAL,EU,DTC,2025,11,2025_11,123,2248.41,FALSE
Poncho - Adults SEASONAL|EU|DTC|2025_12,Poncho - Adults SEASONAL,EU,DTC,2025,12,2025_12,21,587.49,FALSE
Poncho - Adults SEASONAL|EU|DTC|2026_01,Poncho - Adults SEASONAL,EU,DTC,2026,1,2026_01,8,222.24,FALSE
Poncho - Adults SEASONAL|EU|DTC|2026_03,Poncho - Adults SEASONAL,EU,DTC,2026,3,2026_03,27,904.74,FALSE
Poncho - Adults SEASONAL|EU|DTC|2026_04,Poncho - Adults SEASONAL,EU,DTC,2026,4,2026_04,48,1560.53,FALSE
Poncho - Adults SEASONAL|EU|DTC|2026_05,Poncho - Adults SEASONAL,EU,DTC,2026,5,2026_05,67,2217.45,FALSE
Poncho - Adults SEASONAL|EU|DTC|2026_06,Poncho - Adults SEASONAL,EU,DTC,2026,6,2026_06,61,1819.38,FALSE
Poncho - Adults SEASONAL|EU|FBA|2024_01,Poncho - Adults SEASONAL,EU,FBA,2024,1,2024_01,2,68.84,FALSE
Poncho - Adults SEASONAL|EU|FBA|2024_03,Poncho - Adults SEASONAL,EU,FBA,2024,3,2024_03,2,68.46,FALSE
Poncho - Adults SEASONAL|EU|FBA|2024_04,Poncho - Adults SEASONAL,EU,FBA,2024,4,2024_04,4,138.26,FALSE
Poncho - Adults SEASONAL|EU|FBA|2024_05,Poncho - Adults SEASONAL,EU,FBA,2024,5,2024_05,4,215.12,FALSE
Poncho - Adults SEASONAL|EU|FBA|2024_08,Poncho - Adults SEASONAL,EU,FBA,2024,8,2024_08,2,93.78,FALSE
Poncho - Adults SEASONAL|EU|FBA|2025_05,Poncho - Adults SEASONAL,EU,FBA,2025,5,2025_05,1,42.36,FALSE
Poncho - Adults SEASONAL|EU|FBA|2025_06,Poncho - Adults SEASONAL,EU,FBA,2025,6,2025_06,3,123.19,FALSE
Poncho - Adults SEASONAL|EU|FBA|2025_07,Poncho - Adults SEASONAL,EU,FBA,2025,7,2025_07,13,518.42,FALSE
Poncho - Adults SEASONAL|EU|FBA|2025_08,Poncho - Adults SEASONAL,EU,FBA,2025,8,2025_08,11,409.34,FALSE
Poncho - Adults SEASONAL|EU|FBA|2025_09,Poncho - Adults SEASONAL,EU,FBA,2025,9,2025_09,4,167.91,FALSE
Poncho - Adults SEASONAL|EU|FBA|2025_10,Poncho - Adults SEASONAL,EU,FBA,2025,10,2025_10,2,100.2,FALSE
Poncho - Adults SEASONAL|EU|FBA|2025_11,Poncho - Adults SEASONAL,EU,FBA,2025,11,2025_11,1,42.04,FALSE
Poncho - Adults SEASONAL|EU|FBA|2026_04,Poncho - Adults SEASONAL,EU,FBA,2026,4,2026_04,2,92.25,FALSE
Poncho - Adults SEASONAL|EU|FBA|2026_05,Poncho - Adults SEASONAL,EU,FBA,2026,5,2026_05,12,456.82,FALSE
Poncho - Adults SEASONAL|UK|B2B|2024_01,Poncho - Adults SEASONAL,UK,B2B,2024,1,2024_01,16,252.84,FALSE
Poncho - Adults SEASONAL|UK|B2B|2024_02,Poncho - Adults SEASONAL,UK,B2B,2024,2,2024_02,128,2096.96,FALSE
Poncho - Adults SEASONAL|UK|B2B|2024_03,Poncho - Adults SEASONAL,UK,B2B,2024,3,2024_03,4,66.64,FALSE
Poncho - Adults SEASONAL|UK|B2B|2024_04,Poncho - Adults SEASONAL,UK,B2B,2024,4,2024_04,8,129.52,FALSE
Poncho - Adults SEASONAL|UK|B2B|2024_05,Poncho - Adults SEASONAL,UK,B2B,2024,5,2024_05,40,648.38,FALSE
Poncho - Adults SEASONAL|UK|B2B|2024_06,Poncho - Adults SEASONAL,UK,B2B,2024,6,2024_06,68,971.42,FALSE
Poncho - Adults SEASONAL|UK|B2B|2024_07,Poncho - Adults SEASONAL,UK,B2B,2024,7,2024_07,26,426.8,FALSE
Poncho - Adults SEASONAL|UK|B2B|2024_08,Poncho - Adults SEASONAL,UK,B2B,2024,8,2024_08,24,414.94,FALSE
Poncho - Adults SEASONAL|UK|B2B|2024_10,Poncho - Adults SEASONAL,UK,B2B,2024,10,2024_10,10,175.26,FALSE
Poncho - Adults SEASONAL|UK|B2B|2024_12,Poncho - Adults SEASONAL,UK,B2B,2024,12,2024_12,42,664.48,FALSE
Poncho - Adults SEASONAL|UK|B2B|2025_01,Poncho - Adults SEASONAL,UK,B2B,2025,1,2025_01,28,-22.12,FALSE
Poncho - Adults SEASONAL|UK|B2B|2025_02,Poncho - Adults SEASONAL,UK,B2B,2025,2,2025_02,12,3365.32,FALSE
Poncho - Adults SEASONAL|UK|B2B|2025_03,Poncho - Adults SEASONAL,UK,B2B,2025,3,2025_03,87,1452.66,FALSE
Poncho - Adults SEASONAL|UK|B2B|2025_04,Poncho - Adults SEASONAL,UK,B2B,2025,4,2025_04,49,869.7,FALSE
Poncho - Adults SEASONAL|UK|B2B|2025_05,Poncho - Adults SEASONAL,UK,B2B,2025,5,2025_05,37,2620.93,FALSE
Poncho - Adults SEASONAL|UK|B2B|2025_06,Poncho - Adults SEASONAL,UK,B2B,2025,6,2025_06,271,2872.26,FALSE
Poncho - Adults SEASONAL|UK|B2B|2025_07,Poncho - Adults SEASONAL,UK,B2B,2025,7,2025_07,104,1725.71,FALSE
Poncho - Adults SEASONAL|UK|B2B|2025_08,Poncho - Adults SEASONAL,UK,B2B,2025,8,2025_08,162,2703.45,FALSE
Poncho - Adults SEASONAL|UK|B2B|2025_10,Poncho - Adults SEASONAL,UK,B2B,2025,10,2025_10,12,225,FALSE
Poncho - Adults SEASONAL|UK|B2B|2025_11,Poncho - Adults SEASONAL,UK,B2B,2025,11,2025_11,6,112.5,FALSE
Poncho - Adults SEASONAL|UK|B2B|2026_02,Poncho - Adults SEASONAL,UK,B2B,2026,2,2026_02,3,6935.1,FALSE
Poncho - Adults SEASONAL|UK|B2B|2026_03,Poncho - Adults SEASONAL,UK,B2B,2026,3,2026_03,80,1473.76,FALSE
Poncho - Adults SEASONAL|UK|B2B|2026_04,Poncho - Adults SEASONAL,UK,B2B,2026,4,2026_04,19,150,FALSE
Poncho - Adults SEASONAL|UK|B2B|2026_05,Poncho - Adults SEASONAL,UK,B2B,2026,5,2026_05,24,427.5,FALSE
Poncho - Adults SEASONAL|UK|B2B|2026_06,Poncho - Adults SEASONAL,UK,B2B,2026,6,2026_06,64,1382.8,FALSE
Poncho - Adults SEASONAL|UK|DTC|2024_01,Poncho - Adults SEASONAL,UK,DTC,2024,1,2024_01,70,2208.98,FALSE
Poncho - Adults SEASONAL|UK|DTC|2024_02,Poncho - Adults SEASONAL,UK,DTC,2024,2,2024_02,140,4316.54,FALSE
Poncho - Adults SEASONAL|UK|DTC|2024_03,Poncho - Adults SEASONAL,UK,DTC,2024,3,2024_03,482,14212.18,FALSE
Poncho - Adults SEASONAL|UK|DTC|2024_04,Poncho - Adults SEASONAL,UK,DTC,2024,4,2024_04,570,16987,FALSE
Poncho - Adults SEASONAL|UK|DTC|2024_05,Poncho - Adults SEASONAL,UK,DTC,2024,5,2024_05,450,13598.84,FALSE
Poncho - Adults SEASONAL|UK|DTC|2024_06,Poncho - Adults SEASONAL,UK,DTC,2024,6,2024_06,520,15891.88,FALSE
Poncho - Adults SEASONAL|UK|DTC|2024_07,Poncho - Adults SEASONAL,UK,DTC,2024,7,2024_07,712,21051.28,FALSE
Poncho - Adults SEASONAL|UK|DTC|2024_08,Poncho - Adults SEASONAL,UK,DTC,2024,8,2024_08,1330,32231.16,FALSE
Poncho - Adults SEASONAL|UK|DTC|2024_09,Poncho - Adults SEASONAL,UK,DTC,2024,9,2024_09,208,4258.38,FALSE
Poncho - Adults SEASONAL|UK|DTC|2024_10,Poncho - Adults SEASONAL,UK,DTC,2024,10,2024_10,266,5581.7,FALSE
Poncho - Adults SEASONAL|UK|DTC|2024_11,Poncho - Adults SEASONAL,UK,DTC,2024,11,2024_11,948,18016.8,FALSE
Poncho - Adults SEASONAL|UK|DTC|2024_12,Poncho - Adults SEASONAL,UK,DTC,2024,12,2024_12,730,13516.16,FALSE
Poncho - Adults SEASONAL|UK|DTC|2025_01,Poncho - Adults SEASONAL,UK,DTC,2025,1,2025_01,184,2585.38,FALSE
Poncho - Adults SEASONAL|UK|DTC|2025_02,Poncho - Adults SEASONAL,UK,DTC,2025,2,2025_02,216,6367.31,FALSE
Poncho - Adults SEASONAL|UK|DTC|2025_03,Poncho - Adults SEASONAL,UK,DTC,2025,3,2025_03,401,11280.38,FALSE
Poncho - Adults SEASONAL|UK|DTC|2025_04,Poncho - Adults SEASONAL,UK,DTC,2025,4,2025_04,385,11268.97,FALSE
Poncho - Adults SEASONAL|UK|DTC|2025_05,Poncho - Adults SEASONAL,UK,DTC,2025,5,2025_05,350,10244.78,FALSE
Poncho - Adults SEASONAL|UK|DTC|2025_06,Poncho - Adults SEASONAL,UK,DTC,2025,6,2025_06,427,12348.43,FALSE
Poncho - Adults SEASONAL|UK|DTC|2025_07,Poncho - Adults SEASONAL,UK,DTC,2025,7,2025_07,601,17760.58,FALSE
Poncho - Adults SEASONAL|UK|DTC|2025_08,Poncho - Adults SEASONAL,UK,DTC,2025,8,2025_08,1427,28577.31,FALSE
Poncho - Adults SEASONAL|UK|DTC|2025_09,Poncho - Adults SEASONAL,UK,DTC,2025,9,2025_09,676,13051.53,FALSE
Poncho - Adults SEASONAL|UK|DTC|2025_10,Poncho - Adults SEASONAL,UK,DTC,2025,10,2025_10,86,2680.47,FALSE
Poncho - Adults SEASONAL|UK|DTC|2025_11,Poncho - Adults SEASONAL,UK,DTC,2025,11,2025_11,1008,18457.63,FALSE
Poncho - Adults SEASONAL|UK|DTC|2025_12,Poncho - Adults SEASONAL,UK,DTC,2025,12,2025_12,703,14099.7,FALSE
Poncho - Adults SEASONAL|UK|DTC|2026_01,Poncho - Adults SEASONAL,UK,DTC,2026,1,2026_01,196,4792.88,FALSE
Poncho - Adults SEASONAL|UK|DTC|2026_02,Poncho - Adults SEASONAL,UK,DTC,2026,2,2026_02,141,4192.56,FALSE
Poncho - Adults SEASONAL|UK|DTC|2026_03,Poncho - Adults SEASONAL,UK,DTC,2026,3,2026_03,246,8056.88,FALSE
Poncho - Adults SEASONAL|UK|DTC|2026_04,Poncho - Adults SEASONAL,UK,DTC,2026,4,2026_04,284,9260.92,FALSE
Poncho - Adults SEASONAL|UK|DTC|2026_05,Poncho - Adults SEASONAL,UK,DTC,2026,5,2026_05,404,12989.56,FALSE
Poncho - Adults SEASONAL|UK|DTC|2026_06,Poncho - Adults SEASONAL,UK,DTC,2026,6,2026_06,296,10029.53,FALSE
Poncho - Adults SEASONAL|UK|FBA|2024_01,Poncho - Adults SEASONAL,UK,FBA,2024,1,2024_01,2,74.98,FALSE
Poncho - Adults SEASONAL|UK|FBA|2024_02,Poncho - Adults SEASONAL,UK,FBA,2024,2,2024_02,4,170.64,FALSE
Poncho - Adults SEASONAL|UK|FBA|2024_03,Poncho - Adults SEASONAL,UK,FBA,2024,3,2024_03,28,874.46,FALSE
Poncho - Adults SEASONAL|UK|FBA|2024_04,Poncho - Adults SEASONAL,UK,FBA,2024,4,2024_04,18,570.18,FALSE
Poncho - Adults SEASONAL|UK|FBA|2024_05,Poncho - Adults SEASONAL,UK,FBA,2024,5,2024_05,20,735.06,FALSE
Poncho - Adults SEASONAL|UK|FBA|2024_06,Poncho - Adults SEASONAL,UK,FBA,2024,6,2024_06,34,1151.72,FALSE
Poncho - Adults SEASONAL|UK|FBA|2024_07,Poncho - Adults SEASONAL,UK,FBA,2024,7,2024_07,58,1704.2,FALSE
Poncho - Adults SEASONAL|UK|FBA|2024_08,Poncho - Adults SEASONAL,UK,FBA,2024,8,2024_08,30,1076.56,FALSE
Poncho - Adults SEASONAL|UK|FBA|2024_09,Poncho - Adults SEASONAL,UK,FBA,2024,9,2024_09,6,197.3,FALSE
Poncho - Adults SEASONAL|UK|FBA|2024_10,Poncho - Adults SEASONAL,UK,FBA,2024,10,2024_10,12,369.96,FALSE
Poncho - Adults SEASONAL|UK|FBA|2024_11,Poncho - Adults SEASONAL,UK,FBA,2024,11,2024_11,40,1073.78,FALSE
Poncho - Adults SEASONAL|UK|FBA|2024_12,Poncho - Adults SEASONAL,UK,FBA,2024,12,2024_12,22,613.2,FALSE
Poncho - Adults SEASONAL|UK|FBA|2025_01,Poncho - Adults SEASONAL,UK,FBA,2025,1,2025_01,6,186.64,FALSE
Poncho - Adults SEASONAL|UK|FBA|2025_02,Poncho - Adults SEASONAL,UK,FBA,2025,2,2025_02,16,533.28,FALSE
Poncho - Adults SEASONAL|UK|FBA|2025_03,Poncho - Adults SEASONAL,UK,FBA,2025,3,2025_03,53,1725.13,FALSE
Poncho - Adults SEASONAL|UK|FBA|2025_04,Poncho - Adults SEASONAL,UK,FBA,2025,4,2025_04,57,1790.1,FALSE
Poncho - Adults SEASONAL|UK|FBA|2025_05,Poncho - Adults SEASONAL,UK,FBA,2025,5,2025_05,91,2905.83,FALSE
Poncho - Adults SEASONAL|UK|FBA|2025_06,Poncho - Adults SEASONAL,UK,FBA,2025,6,2025_06,125,3928.72,FALSE
Poncho - Adults SEASONAL|UK|FBA|2025_07,Poncho - Adults SEASONAL,UK,FBA,2025,7,2025_07,155,4882.06,FALSE
Poncho - Adults SEASONAL|UK|FBA|2025_08,Poncho - Adults SEASONAL,UK,FBA,2025,8,2025_08,141,4447.66,FALSE
Poncho - Adults SEASONAL|UK|FBA|2025_09,Poncho - Adults SEASONAL,UK,FBA,2025,9,2025_09,71,2173.57,FALSE
Poncho - Adults SEASONAL|UK|FBA|2025_10,Poncho - Adults SEASONAL,UK,FBA,2025,10,2025_10,54,1664.49,FALSE
Poncho - Adults SEASONAL|UK|FBA|2025_11,Poncho - Adults SEASONAL,UK,FBA,2025,11,2025_11,182,3711.08,FALSE
Poncho - Adults SEASONAL|UK|FBA|2025_12,Poncho - Adults SEASONAL,UK,FBA,2025,12,2025_12,52,1679.21,FALSE
Poncho - Adults SEASONAL|UK|FBA|2026_01,Poncho - Adults SEASONAL,UK,FBA,2026,1,2026_01,20,643.22,FALSE
Poncho - Adults SEASONAL|UK|FBA|2026_02,Poncho - Adults SEASONAL,UK,FBA,2026,2,2026_02,22,759.71,FALSE
Poncho - Adults SEASONAL|UK|FBA|2026_03,Poncho - Adults SEASONAL,UK,FBA,2026,3,2026_03,54,1807.43,FALSE
Poncho - Adults SEASONAL|UK|FBA|2026_04,Poncho - Adults SEASONAL,UK,FBA,2026,4,2026_04,59,1883.89,FALSE
Poncho - Adults SEASONAL|UK|FBA|2026_05,Poncho - Adults SEASONAL,UK,FBA,2026,5,2026_05,72,2412.64,FALSE
Poncho - Adults SEASONAL|UK|FBA|2026_06,Poncho - Adults SEASONAL,UK,FBA,2026,6,2026_06,35,1186.15,FALSE
Poncho - Adults SEASONAL|US|B2B|2024_01,Poncho - Adults SEASONAL,US,B2B,2024,1,2024_01,20,393.3,FALSE
Poncho - Adults SEASONAL|US|B2B|2024_02,Poncho - Adults SEASONAL,US,B2B,2024,2,2024_02,118,1809.94,FALSE
Poncho - Adults SEASONAL|US|B2B|2024_03,Poncho - Adults SEASONAL,US,B2B,2024,3,2024_03,32,605.92,FALSE
Poncho - Adults SEASONAL|US|B2B|2024_04,Poncho - Adults SEASONAL,US,B2B,2024,4,2024_04,428,4993.28,FALSE
Poncho - Adults SEASONAL|US|B2B|2024_05,Poncho - Adults SEASONAL,US,B2B,2024,5,2024_05,16,315.68,FALSE
Poncho - Adults SEASONAL|US|B2B|2024_06,Poncho - Adults SEASONAL,US,B2B,2024,6,2024_06,18,306.56,FALSE
Poncho - Adults SEASONAL|US|B2B|2024_08,Poncho - Adults SEASONAL,US,B2B,2024,8,2024_08,2,0,FALSE
Poncho - Adults SEASONAL|US|B2B|2024_11,Poncho - Adults SEASONAL,US,B2B,2024,11,2024_11,70,1178.34,FALSE
Poncho - Adults SEASONAL|US|B2B|2024_12,Poncho - Adults SEASONAL,US,B2B,2024,12,2024_12,15,0,FALSE
Poncho - Adults SEASONAL|US|B2B|2025_02,Poncho - Adults SEASONAL,US,B2B,2025,2,2025_02,21,387.08,FALSE
Poncho - Adults SEASONAL|US|B2B|2025_03,Poncho - Adults SEASONAL,US,B2B,2025,3,2025_03,8,43.88,FALSE
Poncho - Adults SEASONAL|US|B2B|2025_04,Poncho - Adults SEASONAL,US,B2B,2025,4,2025_04,16,143.64,FALSE
Poncho - Adults SEASONAL|US|B2B|2025_05,Poncho - Adults SEASONAL,US,B2B,2025,5,2025_05,4,82.48,FALSE
Poncho - Adults SEASONAL|US|B2B|2025_08,Poncho - Adults SEASONAL,US,B2B,2025,8,2025_08,24,471.6,FALSE
Poncho - Adults SEASONAL|US|B2B|2025_09,Poncho - Adults SEASONAL,US,B2B,2025,9,2025_09,1,0,FALSE
Poncho - Adults SEASONAL|US|B2B|2025_11,Poncho - Adults SEASONAL,US,B2B,2025,11,2025_11,3,0,FALSE
Poncho - Adults SEASONAL|US|B2B|2025_12,Poncho - Adults SEASONAL,US,B2B,2025,12,2025_12,3,-5.73,FALSE
Poncho - Adults SEASONAL|US|B2B|2026_02,Poncho - Adults SEASONAL,US,B2B,2026,2,2026_02,24,501.45,FALSE
Poncho - Adults SEASONAL|US|B2B|2026_03,Poncho - Adults SEASONAL,US,B2B,2026,3,2026_03,14,275.5,FALSE
Poncho - Adults SEASONAL|US|B2B|2026_04,Poncho - Adults SEASONAL,US,B2B,2026,4,2026_04,52,0.79,FALSE
Poncho - Adults SEASONAL|US|B2B|2026_05,Poncho - Adults SEASONAL,US,B2B,2026,5,2026_05,6,122.38,FALSE
Poncho - Adults SEASONAL|US|B2B|2026_06,Poncho - Adults SEASONAL,US,B2B,2026,6,2026_06,24,444.82,FALSE
Poncho - Adults SEASONAL|US|DTC|2024_01,Poncho - Adults SEASONAL,US,DTC,2024,1,2024_01,14,495.88,FALSE
Poncho - Adults SEASONAL|US|DTC|2024_02,Poncho - Adults SEASONAL,US,DTC,2024,2,2024_02,8,289.64,FALSE
Poncho - Adults SEASONAL|US|DTC|2024_03,Poncho - Adults SEASONAL,US,DTC,2024,3,2024_03,18,681.64,FALSE
Poncho - Adults SEASONAL|US|DTC|2024_04,Poncho - Adults SEASONAL,US,DTC,2024,4,2024_04,20,745.16,FALSE
Poncho - Adults SEASONAL|US|DTC|2024_05,Poncho - Adults SEASONAL,US,DTC,2024,5,2024_05,44,1526.48,FALSE
Poncho - Adults SEASONAL|US|DTC|2024_06,Poncho - Adults SEASONAL,US,DTC,2024,6,2024_06,74,2490.56,FALSE
Poncho - Adults SEASONAL|US|DTC|2024_07,Poncho - Adults SEASONAL,US,DTC,2024,7,2024_07,68,1997.82,FALSE
Poncho - Adults SEASONAL|US|DTC|2024_08,Poncho - Adults SEASONAL,US,DTC,2024,8,2024_08,30,909.7,FALSE
Poncho - Adults SEASONAL|US|DTC|2024_09,Poncho - Adults SEASONAL,US,DTC,2024,9,2024_09,16,430.3,FALSE
Poncho - Adults SEASONAL|US|DTC|2024_10,Poncho - Adults SEASONAL,US,DTC,2024,10,2024_10,16,400.64,FALSE
Poncho - Adults SEASONAL|US|DTC|2024_11,Poncho - Adults SEASONAL,US,DTC,2024,11,2024_11,22,607.62,FALSE
Poncho - Adults SEASONAL|US|DTC|2024_12,Poncho - Adults SEASONAL,US,DTC,2024,12,2024_12,90,1930.68,FALSE
Poncho - Adults SEASONAL|US|DTC|2025_01,Poncho - Adults SEASONAL,US,DTC,2025,1,2025_01,30,494.44,FALSE
Poncho - Adults SEASONAL|US|DTC|2025_02,Poncho - Adults SEASONAL,US,DTC,2025,2,2025_02,52,1716.23,FALSE
Poncho - Adults SEASONAL|US|DTC|2025_03,Poncho - Adults SEASONAL,US,DTC,2025,3,2025_03,134,4089.61,FALSE
Poncho - Adults SEASONAL|US|DTC|2025_04,Poncho - Adults SEASONAL,US,DTC,2025,4,2025_04,71,2431.53,FALSE
Poncho - Adults SEASONAL|US|DTC|2025_05,Poncho - Adults SEASONAL,US,DTC,2025,5,2025_05,67,2295.68,FALSE
Poncho - Adults SEASONAL|US|DTC|2025_06,Poncho - Adults SEASONAL,US,DTC,2025,6,2025_06,118,4107.29,FALSE
Poncho - Adults SEASONAL|US|DTC|2025_07,Poncho - Adults SEASONAL,US,DTC,2025,7,2025_07,96,2956.59,FALSE
Poncho - Adults SEASONAL|US|DTC|2025_08,Poncho - Adults SEASONAL,US,DTC,2025,8,2025_08,32,1042.9,FALSE
Poncho - Adults SEASONAL|US|DTC|2025_09,Poncho - Adults SEASONAL,US,DTC,2025,9,2025_09,20,688.46,FALSE
Poncho - Adults SEASONAL|US|DTC|2025_10,Poncho - Adults SEASONAL,US,DTC,2025,10,2025_10,6,209.76,FALSE
Poncho - Adults SEASONAL|US|DTC|2025_11,Poncho - Adults SEASONAL,US,DTC,2025,11,2025_11,46,903.73,FALSE
Poncho - Adults SEASONAL|US|DTC|2025_12,Poncho - Adults SEASONAL,US,DTC,2025,12,2025_12,78,1729.24,FALSE
Poncho - Adults SEASONAL|US|DTC|2026_01,Poncho - Adults SEASONAL,US,DTC,2026,1,2026_01,34,950.85,FALSE
Poncho - Adults SEASONAL|US|DTC|2026_02,Poncho - Adults SEASONAL,US,DTC,2026,2,2026_02,19,683.48,FALSE
Poncho - Adults SEASONAL|US|DTC|2026_03,Poncho - Adults SEASONAL,US,DTC,2026,3,2026_03,69,2515.96,FALSE
Poncho - Adults SEASONAL|US|DTC|2026_04,Poncho - Adults SEASONAL,US,DTC,2026,4,2026_04,136,3839.5,FALSE
Poncho - Adults SEASONAL|US|DTC|2026_05,Poncho - Adults SEASONAL,US,DTC,2026,5,2026_05,117,3710.28,FALSE
Poncho - Adults SEASONAL|US|DTC|2026_06,Poncho - Adults SEASONAL,US,DTC,2026,6,2026_06,71,2537.32,FALSE
Poncho - Adults SEASONAL|US|FBA|2024_01,Poncho - Adults SEASONAL,US,FBA,2024,1,2024_01,6,240.68,FALSE
Poncho - Adults SEASONAL|US|FBA|2024_02,Poncho - Adults SEASONAL,US,FBA,2024,2,2024_02,6,244,FALSE
Poncho - Adults SEASONAL|US|FBA|2024_03,Poncho - Adults SEASONAL,US,FBA,2024,3,2024_03,10,355,FALSE
Poncho - Adults SEASONAL|US|FBA|2024_04,Poncho - Adults SEASONAL,US,FBA,2024,4,2024_04,8,321.5,FALSE
Poncho - Adults SEASONAL|US|FBA|2024_05,Poncho - Adults SEASONAL,US,FBA,2024,5,2024_05,26,1056.86,FALSE
Poncho - Adults SEASONAL|US|FBA|2024_06,Poncho - Adults SEASONAL,US,FBA,2024,6,2024_06,40,1556.9,FALSE
Poncho - Adults SEASONAL|US|FBA|2024_07,Poncho - Adults SEASONAL,US,FBA,2024,7,2024_07,32,1119.44,FALSE
Poncho - Adults SEASONAL|US|FBA|2024_08,Poncho - Adults SEASONAL,US,FBA,2024,8,2024_08,22,849.9,FALSE
Poncho - Adults SEASONAL|US|FBA|2024_09,Poncho - Adults SEASONAL,US,FBA,2024,9,2024_09,6,225.92,FALSE
Poncho - Adults SEASONAL|US|FBA|2024_10,Poncho - Adults SEASONAL,US,FBA,2024,10,2024_10,12,405.26,FALSE
Poncho - Adults SEASONAL|US|FBA|2024_11,Poncho - Adults SEASONAL,US,FBA,2024,11,2024_11,12,362.46,FALSE
Poncho - Adults SEASONAL|US|FBA|2024_12,Poncho - Adults SEASONAL,US,FBA,2024,12,2024_12,36,1097.24,FALSE
Poncho - Adults SEASONAL|US|FBA|2025_01,Poncho - Adults SEASONAL,US,FBA,2025,1,2025_01,2,64.4,FALSE
Poncho - Adults SEASONAL|US|FBA|2025_02,Poncho - Adults SEASONAL,US,FBA,2025,2,2025_02,9,344.2,FALSE
Poncho - Adults SEASONAL|US|FBA|2025_03,Poncho - Adults SEASONAL,US,FBA,2025,3,2025_03,30,1011.6,FALSE
Poncho - Adults SEASONAL|US|FBA|2025_04,Poncho - Adults SEASONAL,US,FBA,2025,4,2025_04,25,911.75,FALSE
Poncho - Adults SEASONAL|US|FBA|2025_05,Poncho - Adults SEASONAL,US,FBA,2025,5,2025_05,41,1304.78,FALSE
Poncho - Adults SEASONAL|US|FBA|2025_06,Poncho - Adults SEASONAL,US,FBA,2025,6,2025_06,57,1981.05,FALSE
Poncho - Adults SEASONAL|US|FBA|2025_07,Poncho - Adults SEASONAL,US,FBA,2025,7,2025_07,51,1824.11,FALSE
Poncho - Adults SEASONAL|US|FBA|2025_08,Poncho - Adults SEASONAL,US,FBA,2025,8,2025_08,11,385.43,FALSE
Poncho - Adults SEASONAL|US|FBA|2025_09,Poncho - Adults SEASONAL,US,FBA,2025,9,2025_09,6,220.12,FALSE
Poncho - Adults SEASONAL|US|FBA|2025_10,Poncho - Adults SEASONAL,US,FBA,2025,10,2025_10,1,41.32,FALSE
Poncho - Adults SEASONAL|US|FBA|2025_11,Poncho - Adults SEASONAL,US,FBA,2025,11,2025_11,15,504.66,FALSE
Poncho - Adults SEASONAL|US|FBA|2025_12,Poncho - Adults SEASONAL,US,FBA,2025,12,2025_12,8,303.32,FALSE
Poncho - Adults SEASONAL|US|FBA|2026_01,Poncho - Adults SEASONAL,US,FBA,2026,1,2026_01,4,151.72,FALSE
Poncho - Adults SEASONAL|US|FBA|2026_02,Poncho - Adults SEASONAL,US,FBA,2026,2,2026_02,5,201.99,FALSE
Poncho - Adults SEASONAL|US|FBA|2026_03,Poncho - Adults SEASONAL,US,FBA,2026,3,2026_03,46,1858.92,FALSE
Poncho - Adults SEASONAL|US|FBA|2026_04,Poncho - Adults SEASONAL,US,FBA,2026,4,2026_04,59,2092.65,FALSE
Poncho - Adults SEASONAL|US|FBA|2026_05,Poncho - Adults SEASONAL,US,FBA,2026,5,2026_05,139,4959.92,FALSE
Poncho - Adults SEASONAL|US|FBA|2026_06,Poncho - Adults SEASONAL,US,FBA,2026,6,2026_06,49,1780.96,FALSE
Poncho - Kids CORE|AU|DTC|2024_01,Poncho - Kids CORE,AU,DTC,2024,1,2024_01,392,5927.86,FALSE
Poncho - Kids CORE|AU|DTC|2024_02,Poncho - Kids CORE,AU,DTC,2024,2,2024_02,132,2120.22,FALSE
Poncho - Kids CORE|AU|DTC|2024_03,Poncho - Kids CORE,AU,DTC,2024,3,2024_03,140,2201.96,FALSE
Poncho - Kids CORE|AU|DTC|2024_04,Poncho - Kids CORE,AU,DTC,2024,4,2024_04,52,901.96,FALSE
Poncho - Kids CORE|AU|DTC|2024_05,Poncho - Kids CORE,AU,DTC,2024,5,2024_05,67,1218.13,FALSE
Poncho - Kids CORE|AU|DTC|2024_06,Poncho - Kids CORE,AU,DTC,2024,6,2024_06,55,1214.8,FALSE
Poncho - Kids CORE|AU|DTC|2024_07,Poncho - Kids CORE,AU,DTC,2024,7,2024_07,36,778.07,FALSE
Poncho - Kids CORE|AU|DTC|2024_08,Poncho - Kids CORE,AU,DTC,2024,8,2024_08,222,3180.76,FALSE
Poncho - Kids CORE|AU|DTC|2024_09,Poncho - Kids CORE,AU,DTC,2024,9,2024_09,254,3736.18,FALSE
Poncho - Kids CORE|AU|DTC|2024_10,Poncho - Kids CORE,AU,DTC,2024,10,2024_10,420,5631.8,FALSE
Poncho - Kids CORE|AU|DTC|2024_11,Poncho - Kids CORE,AU,DTC,2024,11,2024_11,961,13130.83,FALSE
Poncho - Kids CORE|AU|DTC|2024_12,Poncho - Kids CORE,AU,DTC,2024,12,2024_12,632,7697.63,FALSE
Poncho - Kids CORE|AU|DTC|2025_01,Poncho - Kids CORE,AU,DTC,2025,1,2025_01,152,2107.28,FALSE
Poncho - Kids CORE|AU|DTC|2025_02,Poncho - Kids CORE,AU,DTC,2025,2,2025_02,73,803.63,FALSE
Poncho - Kids CORE|AU|DTC|2025_03,Poncho - Kids CORE,AU,DTC,2025,3,2025_03,58,845.41,FALSE
Poncho - Kids CORE|AU|DTC|2025_04,Poncho - Kids CORE,AU,DTC,2025,4,2025_04,49,756.7,FALSE
Poncho - Kids CORE|AU|DTC|2025_05,Poncho - Kids CORE,AU,DTC,2025,5,2025_05,34,681.55,FALSE
Poncho - Kids CORE|AU|DTC|2025_06,Poncho - Kids CORE,AU,DTC,2025,6,2025_06,27,499.83,FALSE
Poncho - Kids CORE|AU|DTC|2025_07,Poncho - Kids CORE,AU,DTC,2025,7,2025_07,23,420.77,FALSE
Poncho - Kids CORE|AU|DTC|2025_08,Poncho - Kids CORE,AU,DTC,2025,8,2025_08,28,557.54,FALSE
Poncho - Kids CORE|AU|DTC|2025_09,Poncho - Kids CORE,AU,DTC,2025,9,2025_09,57,1014.82,FALSE
Poncho - Kids CORE|AU|DTC|2025_10,Poncho - Kids CORE,AU,DTC,2025,10,2025_10,74,1345.63,FALSE
Poncho - Kids CORE|AU|DTC|2025_11,Poncho - Kids CORE,AU,DTC,2025,11,2025_11,231,3734.59,FALSE
Poncho - Kids CORE|AU|DTC|2025_12,Poncho - Kids CORE,AU,DTC,2025,12,2025_12,208,3522.32,FALSE
Poncho - Kids CORE|AU|DTC|2026_01,Poncho - Kids CORE,AU,DTC,2026,1,2026_01,57,1041.4,FALSE
Poncho - Kids CORE|AU|DTC|2026_02,Poncho - Kids CORE,AU,DTC,2026,2,2026_02,18,345.06,FALSE
Poncho - Kids CORE|AU|DTC|2026_03,Poncho - Kids CORE,AU,DTC,2026,3,2026_03,4,75.95,FALSE
Poncho - Kids CORE|AU|DTC|2026_04,Poncho - Kids CORE,AU,DTC,2026,4,2026_04,18,355.94,FALSE
Poncho - Kids CORE|AU|DTC|2026_05,Poncho - Kids CORE,AU,DTC,2026,5,2026_05,11,244.81,FALSE
Poncho - Kids CORE|AU|DTC|2026_06,Poncho - Kids CORE,AU,DTC,2026,6,2026_06,9,200.67,FALSE
Poncho - Kids CORE|AU|FBA|2024_01,Poncho - Kids CORE,AU,FBA,2024,1,2024_01,10,275.94,FALSE
Poncho - Kids CORE|AU|FBA|2024_02,Poncho - Kids CORE,AU,FBA,2024,2,2024_02,10,246.98,FALSE
Poncho - Kids CORE|AU|FBA|2024_03,Poncho - Kids CORE,AU,FBA,2024,3,2024_03,4,107.18,FALSE
Poncho - Kids CORE|AU|FBA|2024_04,Poncho - Kids CORE,AU,FBA,2024,4,2024_04,6,158.5,FALSE
Poncho - Kids CORE|AU|FBA|2024_06,Poncho - Kids CORE,AU,FBA,2024,6,2024_06,6,152.66,FALSE
Poncho - Kids CORE|AU|FBA|2024_07,Poncho - Kids CORE,AU,FBA,2024,7,2024_07,6,150.32,FALSE
Poncho - Kids CORE|AU|FBA|2024_08,Poncho - Kids CORE,AU,FBA,2024,8,2024_08,4,91.72,FALSE
Poncho - Kids CORE|AU|FBA|2024_09,Poncho - Kids CORE,AU,FBA,2024,9,2024_09,8,212.2,FALSE
Poncho - Kids CORE|AU|FBA|2024_10,Poncho - Kids CORE,AU,FBA,2024,10,2024_10,4,107.46,FALSE
Poncho - Kids CORE|AU|FBA|2024_11,Poncho - Kids CORE,AU,FBA,2024,11,2024_11,6,153.26,FALSE
Poncho - Kids CORE|AU|FBA|2024_12,Poncho - Kids CORE,AU,FBA,2024,12,2024_12,2,54.16,FALSE
Poncho - Kids CORE|AU|FBA|2025_03,Poncho - Kids CORE,AU,FBA,2025,3,2025_03,2,47.7,FALSE
Poncho - Kids CORE|AU|FBA|2025_07,Poncho - Kids CORE,AU,FBA,2025,7,2025_07,4,93.96,FALSE
Poncho - Kids CORE|AU|FBA|2025_09,Poncho - Kids CORE,AU,FBA,2025,9,2025_09,2,40.62,FALSE
Poncho - Kids CORE|AU|FBA|2025_11,Poncho - Kids CORE,AU,FBA,2025,11,2025_11,2,53.24,FALSE
Poncho - Kids CORE|CA|FBA|2024_01,Poncho - Kids CORE,CA,FBA,2024,1,2024_01,2,49.16,FALSE
Poncho - Kids CORE|CA|FBA|2024_02,Poncho - Kids CORE,CA,FBA,2024,2,2024_02,6,116.22,FALSE
Poncho - Kids CORE|CA|FBA|2024_03,Poncho - Kids CORE,CA,FBA,2024,3,2024_03,6,153.6,FALSE
Poncho - Kids CORE|CA|FBA|2024_04,Poncho - Kids CORE,CA,FBA,2024,4,2024_04,2,49.2,FALSE
Poncho - Kids CORE|CA|FBA|2024_06,Poncho - Kids CORE,CA,FBA,2024,6,2024_06,4,107.76,FALSE
Poncho - Kids CORE|CA|FBA|2024_07,Poncho - Kids CORE,CA,FBA,2024,7,2024_07,2,38.28,FALSE
Poncho - Kids CORE|CA|FBA|2024_08,Poncho - Kids CORE,CA,FBA,2024,8,2024_08,2,63.08,FALSE
Poncho - Kids CORE|EU|B2B|2024_01,Poncho - Kids CORE,EU,B2B,2024,1,2024_01,16,163.02,FALSE
Poncho - Kids CORE|EU|B2B|2024_02,Poncho - Kids CORE,EU,B2B,2024,2,2024_02,56,420.86,FALSE
Poncho - Kids CORE|EU|B2B|2024_03,Poncho - Kids CORE,EU,B2B,2024,3,2024_03,128,1047.62,FALSE
Poncho - Kids CORE|EU|B2B|2024_04,Poncho - Kids CORE,EU,B2B,2024,4,2024_04,492,3324.91,FALSE
Poncho - Kids CORE|EU|B2B|2024_05,Poncho - Kids CORE,EU,B2B,2024,5,2024_05,282,2624.11,FALSE
Poncho - Kids CORE|EU|B2B|2024_06,Poncho - Kids CORE,EU,B2B,2024,6,2024_06,43,424.19,FALSE
Poncho - Kids CORE|EU|B2B|2024_07,Poncho - Kids CORE,EU,B2B,2024,7,2024_07,30,248.06,FALSE
Poncho - Kids CORE|EU|B2B|2024_08,Poncho - Kids CORE,EU,B2B,2024,8,2024_08,20,148.47,FALSE
Poncho - Kids CORE|EU|B2B|2024_09,Poncho - Kids CORE,EU,B2B,2024,9,2024_09,9,75.22,FALSE
Poncho - Kids CORE|EU|B2B|2024_11,Poncho - Kids CORE,EU,B2B,2024,11,2024_11,6,55.46,FALSE
Poncho - Kids CORE|EU|B2B|2024_12,Poncho - Kids CORE,EU,B2B,2024,12,2024_12,1,9.72,FALSE
Poncho - Kids CORE|EU|B2B|2025_01,Poncho - Kids CORE,EU,B2B,2025,1,2025_01,240,1803.14,FALSE
Poncho - Kids CORE|EU|B2B|2025_02,Poncho - Kids CORE,EU,B2B,2025,2,2025_02,101,1628.87,FALSE
Poncho - Kids CORE|EU|B2B|2025_03,Poncho - Kids CORE,EU,B2B,2025,3,2025_03,41,866.18,FALSE
Poncho - Kids CORE|EU|B2B|2025_04,Poncho - Kids CORE,EU,B2B,2025,4,2025_04,35,353.64,FALSE
Poncho - Kids CORE|EU|B2B|2025_05,Poncho - Kids CORE,EU,B2B,2025,5,2025_05,61,612.89,FALSE
Poncho - Kids CORE|EU|B2B|2025_06,Poncho - Kids CORE,EU,B2B,2025,6,2025_06,66,713.69,FALSE
Poncho - Kids CORE|EU|B2B|2025_07,Poncho - Kids CORE,EU,B2B,2025,7,2025_07,42,435.82,FALSE
Poncho - Kids CORE|EU|B2B|2025_08,Poncho - Kids CORE,EU,B2B,2025,8,2025_08,35,306.78,FALSE
Poncho - Kids CORE|EU|B2B|2025_09,Poncho - Kids CORE,EU,B2B,2025,9,2025_09,18,140.58,FALSE
Poncho - Kids CORE|EU|B2B|2025_11,Poncho - Kids CORE,EU,B2B,2025,11,2025_11,8,89.92,FALSE
Poncho - Kids CORE|EU|B2B|2025_12,Poncho - Kids CORE,EU,B2B,2025,12,2025_12,12,-0.06,FALSE
Poncho - Kids CORE|EU|B2B|2026_01,Poncho - Kids CORE,EU,B2B,2026,1,2026_01,244,1506.04,FALSE
Poncho - Kids CORE|EU|B2B|2026_02,Poncho - Kids CORE,EU,B2B,2026,2,2026_02,0,417.08,FALSE
Poncho - Kids CORE|EU|B2B|2026_03,Poncho - Kids CORE,EU,B2B,2026,3,2026_03,70,740.65,FALSE
Poncho - Kids CORE|EU|B2B|2026_04,Poncho - Kids CORE,EU,B2B,2026,4,2026_04,269,2087.81,FALSE
Poncho - Kids CORE|EU|B2B|2026_05,Poncho - Kids CORE,EU,B2B,2026,5,2026_05,19,198.15,FALSE
Poncho - Kids CORE|EU|B2B|2026_06,Poncho - Kids CORE,EU,B2B,2026,6,2026_06,34,368.01,FALSE
Poncho - Kids CORE|EU|DTC|2024_01,Poncho - Kids CORE,EU,DTC,2024,1,2024_01,14,217.26,FALSE
Poncho - Kids CORE|EU|DTC|2024_02,Poncho - Kids CORE,EU,DTC,2024,2,2024_02,20,336.78,FALSE
Poncho - Kids CORE|EU|DTC|2024_03,Poncho - Kids CORE,EU,DTC,2024,3,2024_03,65,862.34,FALSE
Poncho - Kids CORE|EU|DTC|2024_04,Poncho - Kids CORE,EU,DTC,2024,4,2024_04,101,1612.37,FALSE
Poncho - Kids CORE|EU|DTC|2024_05,Poncho - Kids CORE,EU,DTC,2024,5,2024_05,99,1481.13,FALSE
Poncho - Kids CORE|EU|DTC|2024_06,Poncho - Kids CORE,EU,DTC,2024,6,2024_06,87,1476.25,FALSE
Poncho - Kids CORE|EU|DTC|2024_07,Poncho - Kids CORE,EU,DTC,2024,7,2024_07,158,2297.78,FALSE
Poncho - Kids CORE|EU|DTC|2024_08,Poncho - Kids CORE,EU,DTC,2024,8,2024_08,61,930.28,FALSE
Poncho - Kids CORE|EU|DTC|2024_09,Poncho - Kids CORE,EU,DTC,2024,9,2024_09,21,289.68,FALSE
Poncho - Kids CORE|EU|DTC|2024_10,Poncho - Kids CORE,EU,DTC,2024,10,2024_10,14,179.34,FALSE
Poncho - Kids CORE|EU|DTC|2024_11,Poncho - Kids CORE,EU,DTC,2024,11,2024_11,59,591.43,FALSE
Poncho - Kids CORE|EU|DTC|2024_12,Poncho - Kids CORE,EU,DTC,2024,12,2024_12,87,894.46,FALSE
Poncho - Kids CORE|EU|DTC|2025_01,Poncho - Kids CORE,EU,DTC,2025,1,2025_01,17,259.72,FALSE
Poncho - Kids CORE|EU|DTC|2025_02,Poncho - Kids CORE,EU,DTC,2025,2,2025_02,5,19.5,FALSE
Poncho - Kids CORE|EU|DTC|2025_03,Poncho - Kids CORE,EU,DTC,2025,3,2025_03,15,183.56,FALSE
Poncho - Kids CORE|EU|DTC|2025_04,Poncho - Kids CORE,EU,DTC,2025,4,2025_04,41,607.01,FALSE
Poncho - Kids CORE|EU|DTC|2025_05,Poncho - Kids CORE,EU,DTC,2025,5,2025_05,36,590.84,FALSE
Poncho - Kids CORE|EU|DTC|2025_06,Poncho - Kids CORE,EU,DTC,2025,6,2025_06,114,2150.28,FALSE
Poncho - Kids CORE|EU|DTC|2025_07,Poncho - Kids CORE,EU,DTC,2025,7,2025_07,85,1563.36,FALSE
Poncho - Kids CORE|EU|DTC|2025_08,Poncho - Kids CORE,EU,DTC,2025,8,2025_08,40,791.52,FALSE
Poncho - Kids CORE|EU|DTC|2025_09,Poncho - Kids CORE,EU,DTC,2025,9,2025_09,23,461.29,FALSE
Poncho - Kids CORE|EU|DTC|2025_10,Poncho - Kids CORE,EU,DTC,2025,10,2025_10,12,207.69,FALSE
Poncho - Kids CORE|EU|DTC|2025_11,Poncho - Kids CORE,EU,DTC,2025,11,2025_11,16,312.9,FALSE
Poncho - Kids CORE|EU|DTC|2025_12,Poncho - Kids CORE,EU,DTC,2025,12,2025_12,5,83.06,FALSE
Poncho - Kids CORE|EU|DTC|2026_01,Poncho - Kids CORE,EU,DTC,2026,1,2026_01,12,228.8,FALSE
Poncho - Kids CORE|EU|DTC|2026_02,Poncho - Kids CORE,EU,DTC,2026,2,2026_02,8,160.33,FALSE
Poncho - Kids CORE|EU|DTC|2026_03,Poncho - Kids CORE,EU,DTC,2026,3,2026_03,40,769.02,FALSE
Poncho - Kids CORE|EU|DTC|2026_04,Poncho - Kids CORE,EU,DTC,2026,4,2026_04,44,746.08,FALSE
Poncho - Kids CORE|EU|DTC|2026_05,Poncho - Kids CORE,EU,DTC,2026,5,2026_05,67,1245.58,FALSE
Poncho - Kids CORE|EU|DTC|2026_06,Poncho - Kids CORE,EU,DTC,2026,6,2026_06,56,966.3,FALSE
Poncho - Kids CORE|EU|FBA|2024_01,Poncho - Kids CORE,EU,FBA,2024,1,2024_01,4,91.82,FALSE
Poncho - Kids CORE|EU|FBA|2024_02,Poncho - Kids CORE,EU,FBA,2024,2,2024_02,6,187.7,FALSE
Poncho - Kids CORE|EU|FBA|2024_03,Poncho - Kids CORE,EU,FBA,2024,3,2024_03,12,250.16,FALSE
Poncho - Kids CORE|EU|FBA|2024_04,Poncho - Kids CORE,EU,FBA,2024,4,2024_04,4,79.1,FALSE
Poncho - Kids CORE|EU|FBA|2024_05,Poncho - Kids CORE,EU,FBA,2024,5,2024_05,16,346.3,FALSE
Poncho - Kids CORE|EU|FBA|2024_06,Poncho - Kids CORE,EU,FBA,2024,6,2024_06,6,185.22,FALSE
Poncho - Kids CORE|EU|FBA|2024_07,Poncho - Kids CORE,EU,FBA,2024,7,2024_07,10,185.12,FALSE
Poncho - Kids CORE|EU|FBA|2024_08,Poncho - Kids CORE,EU,FBA,2024,8,2024_08,2,71.88,FALSE
Poncho - Kids CORE|EU|FBA|2024_12,Poncho - Kids CORE,EU,FBA,2024,12,2024_12,8,262,FALSE
Poncho - Kids CORE|EU|FBA|2025_03,Poncho - Kids CORE,EU,FBA,2025,3,2025_03,10,188.12,FALSE
Poncho - Kids CORE|EU|FBA|2025_04,Poncho - Kids CORE,EU,FBA,2025,4,2025_04,22,465.68,FALSE
Poncho - Kids CORE|EU|FBA|2025_05,Poncho - Kids CORE,EU,FBA,2025,5,2025_05,14,274.42,FALSE
Poncho - Kids CORE|EU|FBA|2025_06,Poncho - Kids CORE,EU,FBA,2025,6,2025_06,20,479.66,FALSE
Poncho - Kids CORE|EU|FBA|2026_05,Poncho - Kids CORE,EU,FBA,2026,5,2026_05,4,95.66,FALSE
Poncho - Kids CORE|EU|FBA|2026_06,Poncho - Kids CORE,EU,FBA,2026,6,2026_06,1,24.17,FALSE
Poncho - Kids CORE|UK|B2B|2024_01,Poncho - Kids CORE,UK,B2B,2024,1,2024_01,42,417.46,FALSE
Poncho - Kids CORE|UK|B2B|2024_02,Poncho - Kids CORE,UK,B2B,2024,2,2024_02,40,405.86,FALSE
Poncho - Kids CORE|UK|B2B|2024_03,Poncho - Kids CORE,UK,B2B,2024,3,2024_03,34,350,FALSE
Poncho - Kids CORE|UK|B2B|2024_04,Poncho - Kids CORE,UK,B2B,2024,4,2024_04,333,3114.74,FALSE
Poncho - Kids CORE|UK|B2B|2024_05,Poncho - Kids CORE,UK,B2B,2024,5,2024_05,128,1311.12,FALSE
Poncho - Kids CORE|UK|B2B|2024_06,Poncho - Kids CORE,UK,B2B,2024,6,2024_06,258,2099.16,FALSE
Poncho - Kids CORE|UK|B2B|2024_07,Poncho - Kids CORE,UK,B2B,2024,7,2024_07,293,3014.96,FALSE
Poncho - Kids CORE|UK|B2B|2024_08,Poncho - Kids CORE,UK,B2B,2024,8,2024_08,44,434.66,FALSE
Poncho - Kids CORE|UK|B2B|2024_09,Poncho - Kids CORE,UK,B2B,2024,9,2024_09,4,43.64,FALSE
Poncho - Kids CORE|UK|B2B|2024_10,Poncho - Kids CORE,UK,B2B,2024,10,2024_10,66,580.28,FALSE
Poncho - Kids CORE|UK|B2B|2024_11,Poncho - Kids CORE,UK,B2B,2024,11,2024_11,23,245.34,FALSE
Poncho - Kids CORE|UK|B2B|2024_12,Poncho - Kids CORE,UK,B2B,2024,12,2024_12,10,82.84,FALSE
Poncho - Kids CORE|UK|B2B|2025_01,Poncho - Kids CORE,UK,B2B,2025,1,2025_01,134,1428.37,FALSE
Poncho - Kids CORE|UK|B2B|2025_02,Poncho - Kids CORE,UK,B2B,2025,2,2025_02,158,1688.14,FALSE
Poncho - Kids CORE|UK|B2B|2025_03,Poncho - Kids CORE,UK,B2B,2025,3,2025_03,47,537.84,FALSE
Poncho - Kids CORE|UK|B2B|2025_04,Poncho - Kids CORE,UK,B2B,2025,4,2025_04,70,1662.16,FALSE
Poncho - Kids CORE|UK|B2B|2025_05,Poncho - Kids CORE,UK,B2B,2025,5,2025_05,42,459.9,FALSE
Poncho - Kids CORE|UK|B2B|2025_06,Poncho - Kids CORE,UK,B2B,2025,6,2025_06,104,1110.29,FALSE
Poncho - Kids CORE|UK|B2B|2025_07,Poncho - Kids CORE,UK,B2B,2025,7,2025_07,110,1206.95,FALSE
Poncho - Kids CORE|UK|B2B|2025_08,Poncho - Kids CORE,UK,B2B,2025,8,2025_08,28,325.89,FALSE
Poncho - Kids CORE|UK|B2B|2025_09,Poncho - Kids CORE,UK,B2B,2025,9,2025_09,24,309,FALSE
Poncho - Kids CORE|UK|B2B|2026_01,Poncho - Kids CORE,UK,B2B,2026,1,2026_01,8,156.64,FALSE
Poncho - Kids CORE|UK|B2B|2026_02,Poncho - Kids CORE,UK,B2B,2026,2,2026_02,55,11023.74,FALSE
Poncho - Kids CORE|UK|B2B|2026_03,Poncho - Kids CORE,UK,B2B,2026,3,2026_03,123,1467,FALSE
Poncho - Kids CORE|UK|B2B|2026_04,Poncho - Kids CORE,UK,B2B,2026,4,2026_04,146,1794.64,FALSE
Poncho - Kids CORE|UK|B2B|2026_05,Poncho - Kids CORE,UK,B2B,2026,5,2026_05,24,304.7,FALSE
Poncho - Kids CORE|UK|B2B|2026_06,Poncho - Kids CORE,UK,B2B,2026,6,2026_06,156,2040.29,FALSE
Poncho - Kids CORE|UK|DTC|2024_01,Poncho - Kids CORE,UK,DTC,2024,1,2024_01,3348,45561.94,FALSE
Poncho - Kids CORE|UK|DTC|2024_02,Poncho - Kids CORE,UK,DTC,2024,2,2024_02,2264,29714.62,FALSE
Poncho - Kids CORE|UK|DTC|2024_03,Poncho - Kids CORE,UK,DTC,2024,3,2024_03,1714,24125.93,FALSE
Poncho - Kids CORE|UK|DTC|2024_04,Poncho - Kids CORE,UK,DTC,2024,4,2024_04,958,14376.86,FALSE
Poncho - Kids CORE|UK|DTC|2024_05,Poncho - Kids CORE,UK,DTC,2024,5,2024_05,1250,19662.39,FALSE
Poncho - Kids CORE|UK|DTC|2024_06,Poncho - Kids CORE,UK,DTC,2024,6,2024_06,777,11936.62,FALSE
Poncho - Kids CORE|UK|DTC|2024_07,Poncho - Kids CORE,UK,DTC,2024,7,2024_07,1448,21805.54,FALSE
Poncho - Kids CORE|UK|DTC|2024_08,Poncho - Kids CORE,UK,DTC,2024,8,2024_08,1680,23457.29,FALSE
Poncho - Kids CORE|UK|DTC|2024_09,Poncho - Kids CORE,UK,DTC,2024,9,2024_09,421,7454.37,FALSE
Poncho - Kids CORE|UK|DTC|2024_10,Poncho - Kids CORE,UK,DTC,2024,10,2024_10,371,6063.89,FALSE
Poncho - Kids CORE|UK|DTC|2024_11,Poncho - Kids CORE,UK,DTC,2024,11,2024_11,1499,18058.06,FALSE
Poncho - Kids CORE|UK|DTC|2024_12,Poncho - Kids CORE,UK,DTC,2024,12,2024_12,1547,19214.38,FALSE
Poncho - Kids CORE|UK|DTC|2025_01,Poncho - Kids CORE,UK,DTC,2025,1,2025_01,973,12777.05,FALSE
Poncho - Kids CORE|UK|DTC|2025_02,Poncho - Kids CORE,UK,DTC,2025,2,2025_02,531,8191.87,FALSE
Poncho - Kids CORE|UK|DTC|2025_03,Poncho - Kids CORE,UK,DTC,2025,3,2025_03,990,15240.44,FALSE
Poncho - Kids CORE|UK|DTC|2025_04,Poncho - Kids CORE,UK,DTC,2025,4,2025_04,1171,18318.21,FALSE
Poncho - Kids CORE|UK|DTC|2025_05,Poncho - Kids CORE,UK,DTC,2025,5,2025_05,841,16461.53,FALSE
Poncho - Kids CORE|UK|DTC|2025_06,Poncho - Kids CORE,UK,DTC,2025,6,2025_06,669,13175.93,FALSE
Poncho - Kids CORE|UK|DTC|2025_07,Poncho - Kids CORE,UK,DTC,2025,7,2025_07,1161,21506.17,FALSE
Poncho - Kids CORE|UK|DTC|2025_08,Poncho - Kids CORE,UK,DTC,2025,8,2025_08,975,14929.14,FALSE
Poncho - Kids CORE|UK|DTC|2025_09,Poncho - Kids CORE,UK,DTC,2025,9,2025_09,449,7756.63,FALSE
Poncho - Kids CORE|UK|DTC|2025_10,Poncho - Kids CORE,UK,DTC,2025,10,2025_10,149,3011.36,FALSE
Poncho - Kids CORE|UK|DTC|2025_11,Poncho - Kids CORE,UK,DTC,2025,11,2025_11,1621,19072.27,FALSE
Poncho - Kids CORE|UK|DTC|2025_12,Poncho - Kids CORE,UK,DTC,2025,12,2025_12,590,7401.02,FALSE
Poncho - Kids CORE|UK|DTC|2026_01,Poncho - Kids CORE,UK,DTC,2026,1,2026_01,181,3214.21,FALSE
Poncho - Kids CORE|UK|DTC|2026_02,Poncho - Kids CORE,UK,DTC,2026,2,2026_02,127,2328.26,FALSE
Poncho - Kids CORE|UK|DTC|2026_03,Poncho - Kids CORE,UK,DTC,2026,3,2026_03,148,2900.54,FALSE
Poncho - Kids CORE|UK|DTC|2026_04,Poncho - Kids CORE,UK,DTC,2026,4,2026_04,172,3187.55,FALSE
Poncho - Kids CORE|UK|DTC|2026_05,Poncho - Kids CORE,UK,DTC,2026,5,2026_05,271,5087.71,FALSE
Poncho - Kids CORE|UK|DTC|2026_06,Poncho - Kids CORE,UK,DTC,2026,6,2026_06,244,4510.79,FALSE
Poncho - Kids CORE|UK|FBA|2024_01,Poncho - Kids CORE,UK,FBA,2024,1,2024_01,72,1325.76,FALSE
Poncho - Kids CORE|UK|FBA|2024_02,Poncho - Kids CORE,UK,FBA,2024,2,2024_02,65,1138.54,FALSE
Poncho - Kids CORE|UK|FBA|2024_03,Poncho - Kids CORE,UK,FBA,2024,3,2024_03,185,3114.64,FALSE
Poncho - Kids CORE|UK|FBA|2024_04,Poncho - Kids CORE,UK,FBA,2024,4,2024_04,222,3848.48,FALSE
Poncho - Kids CORE|UK|FBA|2024_05,Poncho - Kids CORE,UK,FBA,2024,5,2024_05,271,4812.89,FALSE
Poncho - Kids CORE|UK|FBA|2024_06,Poncho - Kids CORE,UK,FBA,2024,6,2024_06,250,4467.66,FALSE
Poncho - Kids CORE|UK|FBA|2024_07,Poncho - Kids CORE,UK,FBA,2024,7,2024_07,798,12903.42,FALSE
Poncho - Kids CORE|UK|FBA|2024_08,Poncho - Kids CORE,UK,FBA,2024,8,2024_08,338,6342.8,FALSE
Poncho - Kids CORE|UK|FBA|2024_09,Poncho - Kids CORE,UK,FBA,2024,9,2024_09,57,1106.62,FALSE
Poncho - Kids CORE|UK|FBA|2024_10,Poncho - Kids CORE,UK,FBA,2024,10,2024_10,22,449.2,FALSE
Poncho - Kids CORE|UK|FBA|2024_11,Poncho - Kids CORE,UK,FBA,2024,11,2024_11,50,923.52,FALSE
Poncho - Kids CORE|UK|FBA|2024_12,Poncho - Kids CORE,UK,FBA,2024,12,2024_12,78,1459.8,FALSE
Poncho - Kids CORE|UK|FBA|2025_01,Poncho - Kids CORE,UK,FBA,2025,1,2025_01,62,1148.6,FALSE
Poncho - Kids CORE|UK|FBA|2025_02,Poncho - Kids CORE,UK,FBA,2025,2,2025_02,46,901.46,FALSE
Poncho - Kids CORE|UK|FBA|2025_03,Poncho - Kids CORE,UK,FBA,2025,3,2025_03,114,2138.86,FALSE
Poncho - Kids CORE|UK|FBA|2025_04,Poncho - Kids CORE,UK,FBA,2025,4,2025_04,202,3513.22,FALSE
Poncho - Kids CORE|UK|FBA|2025_05,Poncho - Kids CORE,UK,FBA,2025,5,2025_05,222,3996.08,FALSE
Poncho - Kids CORE|UK|FBA|2025_06,Poncho - Kids CORE,UK,FBA,2025,6,2025_06,239,4297.09,FALSE
Poncho - Kids CORE|UK|FBA|2025_07,Poncho - Kids CORE,UK,FBA,2025,7,2025_07,270,4839.1,FALSE
Poncho - Kids CORE|UK|FBA|2025_08,Poncho - Kids CORE,UK,FBA,2025,8,2025_08,122,2185.78,FALSE
Poncho - Kids CORE|UK|FBA|2025_09,Poncho - Kids CORE,UK,FBA,2025,9,2025_09,62,1083.98,FALSE
Poncho - Kids CORE|UK|FBA|2025_10,Poncho - Kids CORE,UK,FBA,2025,10,2025_10,48,836.48,FALSE
Poncho - Kids CORE|UK|FBA|2025_11,Poncho - Kids CORE,UK,FBA,2025,11,2025_11,402,3118.88,FALSE
Poncho - Kids CORE|UK|FBA|2025_12,Poncho - Kids CORE,UK,FBA,2025,12,2025_12,79,1006.98,FALSE
Poncho - Kids CORE|UK|FBA|2026_01,Poncho - Kids CORE,UK,FBA,2026,1,2026_01,27,459.25,FALSE
Poncho - Kids CORE|UK|FBA|2026_02,Poncho - Kids CORE,UK,FBA,2026,2,2026_02,32,587.18,FALSE
Poncho - Kids CORE|UK|FBA|2026_03,Poncho - Kids CORE,UK,FBA,2026,3,2026_03,71,1216.03,FALSE
Poncho - Kids CORE|UK|FBA|2026_04,Poncho - Kids CORE,UK,FBA,2026,4,2026_04,75,1284.68,FALSE
Poncho - Kids CORE|UK|FBA|2026_05,Poncho - Kids CORE,UK,FBA,2026,5,2026_05,212,3585.32,FALSE
Poncho - Kids CORE|UK|FBA|2026_06,Poncho - Kids CORE,UK,FBA,2026,6,2026_06,34,605.73,FALSE
Poncho - Kids CORE|US|B2B|2024_01,Poncho - Kids CORE,US,B2B,2024,1,2024_01,497,6507.11,FALSE
Poncho - Kids CORE|US|B2B|2024_02,Poncho - Kids CORE,US,B2B,2024,2,2024_02,162,2024.42,FALSE
Poncho - Kids CORE|US|B2B|2024_03,Poncho - Kids CORE,US,B2B,2024,3,2024_03,227,3143.15,FALSE
Poncho - Kids CORE|US|B2B|2024_04,Poncho - Kids CORE,US,B2B,2024,4,2024_04,184,2008.92,FALSE
Poncho - Kids CORE|US|B2B|2024_05,Poncho - Kids CORE,US,B2B,2024,5,2024_05,318,4179.76,FALSE
Poncho - Kids CORE|US|B2B|2024_06,Poncho - Kids CORE,US,B2B,2024,6,2024_06,26,344.03,FALSE
Poncho - Kids CORE|US|B2B|2024_07,Poncho - Kids CORE,US,B2B,2024,7,2024_07,210,2517.61,FALSE
Poncho - Kids CORE|US|B2B|2024_09,Poncho - Kids CORE,US,B2B,2024,9,2024_09,120,507.93,FALSE
Poncho - Kids CORE|US|B2B|2024_10,Poncho - Kids CORE,US,B2B,2024,10,2024_10,8,115.08,FALSE
Poncho - Kids CORE|US|B2B|2024_11,Poncho - Kids CORE,US,B2B,2024,11,2024_11,4,53.68,FALSE
Poncho - Kids CORE|US|B2B|2025_01,Poncho - Kids CORE,US,B2B,2025,1,2025_01,11,162.1,FALSE
Poncho - Kids CORE|US|B2B|2025_02,Poncho - Kids CORE,US,B2B,2025,2,2025_02,47,684.94,FALSE
Poncho - Kids CORE|US|B2B|2025_03,Poncho - Kids CORE,US,B2B,2025,3,2025_03,85,1187.8,FALSE
Poncho - Kids CORE|US|B2B|2025_04,Poncho - Kids CORE,US,B2B,2025,4,2025_04,46,675.96,FALSE
Poncho - Kids CORE|US|B2B|2025_05,Poncho - Kids CORE,US,B2B,2025,5,2025_05,37,510.81,FALSE
Poncho - Kids CORE|US|B2B|2025_06,Poncho - Kids CORE,US,B2B,2025,6,2025_06,34,504.53,FALSE
Poncho - Kids CORE|US|B2B|2025_10,Poncho - Kids CORE,US,B2B,2025,10,2025_10,29,466.89,FALSE
Poncho - Kids CORE|US|B2B|2025_11,Poncho - Kids CORE,US,B2B,2025,11,2025_11,31,368.64,FALSE
Poncho - Kids CORE|US|B2B|2025_12,Poncho - Kids CORE,US,B2B,2025,12,2025_12,7,-9.9,FALSE
Poncho - Kids CORE|US|B2B|2026_01,Poncho - Kids CORE,US,B2B,2026,1,2026_01,24,365.5,FALSE
Poncho - Kids CORE|US|B2B|2026_02,Poncho - Kids CORE,US,B2B,2026,2,2026_02,39,583.12,FALSE
Poncho - Kids CORE|US|B2B|2026_03,Poncho - Kids CORE,US,B2B,2026,3,2026_03,108,1699.56,FALSE
Poncho - Kids CORE|US|B2B|2026_04,Poncho - Kids CORE,US,B2B,2026,4,2026_04,24,415.53,FALSE
Poncho - Kids CORE|US|B2B|2026_05,Poncho - Kids CORE,US,B2B,2026,5,2026_05,36,571.2,FALSE
Poncho - Kids CORE|US|B2B|2026_06,Poncho - Kids CORE,US,B2B,2026,6,2026_06,42,462.45,FALSE
Poncho - Kids CORE|US|DTC|2024_01,Poncho - Kids CORE,US,DTC,2024,1,2024_01,868,14376.88,FALSE
Poncho - Kids CORE|US|DTC|2024_02,Poncho - Kids CORE,US,DTC,2024,2,2024_02,1212,20956.3,FALSE
Poncho - Kids CORE|US|DTC|2024_03,Poncho - Kids CORE,US,DTC,2024,3,2024_03,1628,29737.21,FALSE
Poncho - Kids CORE|US|DTC|2024_04,Poncho - Kids CORE,US,DTC,2024,4,2024_04,438,8453.57,FALSE
Poncho - Kids CORE|US|DTC|2024_05,Poncho - Kids CORE,US,DTC,2024,5,2024_05,416,8902.99,FALSE
Poncho - Kids CORE|US|DTC|2024_06,Poncho - Kids CORE,US,DTC,2024,6,2024_06,434,8762.02,FALSE
Poncho - Kids CORE|US|DTC|2024_07,Poncho - Kids CORE,US,DTC,2024,7,2024_07,286,5613.58,FALSE
Poncho - Kids CORE|US|DTC|2024_08,Poncho - Kids CORE,US,DTC,2024,8,2024_08,48,1104.98,FALSE
Poncho - Kids CORE|US|DTC|2024_09,Poncho - Kids CORE,US,DTC,2024,9,2024_09,14,325.28,FALSE
Poncho - Kids CORE|US|DTC|2024_10,Poncho - Kids CORE,US,DTC,2024,10,2024_10,26,586.68,FALSE
Poncho - Kids CORE|US|DTC|2024_11,Poncho - Kids CORE,US,DTC,2024,11,2024_11,129,2645.68,FALSE
Poncho - Kids CORE|US|DTC|2024_12,Poncho - Kids CORE,US,DTC,2024,12,2024_12,140,2444.66,FALSE
Poncho - Kids CORE|US|DTC|2025_01,Poncho - Kids CORE,US,DTC,2025,1,2025_01,87,2296.5,FALSE
Poncho - Kids CORE|US|DTC|2025_02,Poncho - Kids CORE,US,DTC,2025,2,2025_02,279,5162.5,FALSE
Poncho - Kids CORE|US|DTC|2025_03,Poncho - Kids CORE,US,DTC,2025,3,2025_03,333,5846.23,FALSE
Poncho - Kids CORE|US|DTC|2025_04,Poncho - Kids CORE,US,DTC,2025,4,2025_04,87,1539.12,FALSE
Poncho - Kids CORE|US|DTC|2025_05,Poncho - Kids CORE,US,DTC,2025,5,2025_05,172,4650.11,FALSE
Poncho - Kids CORE|US|DTC|2025_06,Poncho - Kids CORE,US,DTC,2025,6,2025_06,358,10148.06,FALSE
Poncho - Kids CORE|US|DTC|2025_07,Poncho - Kids CORE,US,DTC,2025,7,2025_07,175,4930.99,FALSE
Poncho - Kids CORE|US|DTC|2025_08,Poncho - Kids CORE,US,DTC,2025,8,2025_08,25,658.14,FALSE
Poncho - Kids CORE|US|DTC|2025_09,Poncho - Kids CORE,US,DTC,2025,9,2025_09,13,366.38,FALSE
Poncho - Kids CORE|US|DTC|2025_10,Poncho - Kids CORE,US,DTC,2025,10,2025_10,20,590.42,FALSE
Poncho - Kids CORE|US|DTC|2025_11,Poncho - Kids CORE,US,DTC,2025,11,2025_11,54,1378.98,FALSE
Poncho - Kids CORE|US|DTC|2025_12,Poncho - Kids CORE,US,DTC,2025,12,2025_12,69,1842.87,FALSE
Poncho - Kids CORE|US|DTC|2026_01,Poncho - Kids CORE,US,DTC,2026,1,2026_01,16,489.95,FALSE
Poncho - Kids CORE|US|DTC|2026_02,Poncho - Kids CORE,US,DTC,2026,2,2026_02,33,1010.14,FALSE
Poncho - Kids CORE|US|DTC|2026_03,Poncho - Kids CORE,US,DTC,2026,3,2026_03,68,2139.24,FALSE
Poncho - Kids CORE|US|DTC|2026_04,Poncho - Kids CORE,US,DTC,2026,4,2026_04,105,2456.54,FALSE
Poncho - Kids CORE|US|DTC|2026_05,Poncho - Kids CORE,US,DTC,2026,5,2026_05,164,3863.26,FALSE
Poncho - Kids CORE|US|DTC|2026_06,Poncho - Kids CORE,US,DTC,2026,6,2026_06,136,2990.7,FALSE
Poncho - Kids CORE|US|FBA|2024_01,Poncho - Kids CORE,US,FBA,2024,1,2024_01,40,1092.12,FALSE
Poncho - Kids CORE|US|FBA|2024_02,Poncho - Kids CORE,US,FBA,2024,2,2024_02,36,926.22,FALSE
Poncho - Kids CORE|US|FBA|2024_03,Poncho - Kids CORE,US,FBA,2024,3,2024_03,76,2194.56,FALSE
Poncho - Kids CORE|US|FBA|2024_04,Poncho - Kids CORE,US,FBA,2024,4,2024_04,56,1725.84,FALSE
Poncho - Kids CORE|US|FBA|2024_05,Poncho - Kids CORE,US,FBA,2024,5,2024_05,90,2625.58,FALSE
Poncho - Kids CORE|US|FBA|2024_06,Poncho - Kids CORE,US,FBA,2024,6,2024_06,262,7430.08,FALSE
Poncho - Kids CORE|US|FBA|2024_07,Poncho - Kids CORE,US,FBA,2024,7,2024_07,198,4858.54,FALSE
Poncho - Kids CORE|US|FBA|2024_08,Poncho - Kids CORE,US,FBA,2024,8,2024_08,70,1880.02,FALSE
Poncho - Kids CORE|US|FBA|2024_09,Poncho - Kids CORE,US,FBA,2024,9,2024_09,12,349.6,FALSE
Poncho - Kids CORE|US|FBA|2024_10,Poncho - Kids CORE,US,FBA,2024,10,2024_10,8,235.54,FALSE
Poncho - Kids CORE|US|FBA|2024_12,Poncho - Kids CORE,US,FBA,2024,12,2024_12,16,450.38,FALSE
Poncho - Kids CORE|US|FBA|2025_01,Poncho - Kids CORE,US,FBA,2025,1,2025_01,30,892.92,FALSE
Poncho - Kids CORE|US|FBA|2025_02,Poncho - Kids CORE,US,FBA,2025,2,2025_02,24,678.12,FALSE
Poncho - Kids CORE|US|FBA|2025_03,Poncho - Kids CORE,US,FBA,2025,3,2025_03,22,582.84,FALSE
Poncho - Kids CORE|US|FBA|2025_04,Poncho - Kids CORE,US,FBA,2025,4,2025_04,12,328.86,FALSE
Poncho - Kids CORE|US|FBA|2025_05,Poncho - Kids CORE,US,FBA,2025,5,2025_05,16,360.66,FALSE
Poncho - Kids CORE|US|FBA|2025_06,Poncho - Kids CORE,US,FBA,2025,6,2025_06,16,302.74,FALSE
Poncho - Kids CORE|US|FBA|2025_07,Poncho - Kids CORE,US,FBA,2025,7,2025_07,28,698.48,FALSE
Poncho - Kids CORE|US|FBA|2025_08,Poncho - Kids CORE,US,FBA,2025,8,2025_08,2,44.28,FALSE
Poncho - Kids CORE|US|FBA|2025_09,Poncho - Kids CORE,US,FBA,2025,9,2025_09,2,52.06,FALSE
Poncho - Kids CORE|US|FBA|2025_10,Poncho - Kids CORE,US,FBA,2025,10,2025_10,2,42.16,FALSE
Poncho - Kids CORE|US|FBA|2025_12,Poncho - Kids CORE,US,FBA,2025,12,2025_12,2,59.94,FALSE
Poncho - Kids CORE|US|FBA|2026_01,Poncho - Kids CORE,US,FBA,2026,1,2026_01,4,96.68,FALSE
Poncho - Kids CORE|US|FBA|2026_02,Poncho - Kids CORE,US,FBA,2026,2,2026_02,3,88.66,FALSE
Poncho - Kids CORE|US|FBA|2026_03,Poncho - Kids CORE,US,FBA,2026,3,2026_03,22,654.11,FALSE
Poncho - Kids CORE|US|FBA|2026_04,Poncho - Kids CORE,US,FBA,2026,4,2026_04,23,667.02,FALSE
Poncho - Kids CORE|US|FBA|2026_05,Poncho - Kids CORE,US,FBA,2026,5,2026_05,29,850.31,FALSE
Poncho - Kids CORE|US|FBA|2026_06,Poncho - Kids CORE,US,FBA,2026,6,2026_06,12,353.35,FALSE
Poncho - Kids SEASONAL|AU|DTC|2024_01,Poncho - Kids SEASONAL,AU,DTC,2024,1,2024_01,76,1304.48,FALSE
Poncho - Kids SEASONAL|AU|DTC|2024_02,Poncho - Kids SEASONAL,AU,DTC,2024,2,2024_02,32,629.06,FALSE
Poncho - Kids SEASONAL|AU|DTC|2024_03,Poncho - Kids SEASONAL,AU,DTC,2024,3,2024_03,40,711.16,FALSE
Poncho - Kids SEASONAL|AU|DTC|2024_04,Poncho - Kids SEASONAL,AU,DTC,2024,4,2024_04,8,196.56,FALSE
Poncho - Kids SEASONAL|AU|DTC|2024_05,Poncho - Kids SEASONAL,AU,DTC,2024,5,2024_05,24,528.4,FALSE
Poncho - Kids SEASONAL|AU|DTC|2024_06,Poncho - Kids SEASONAL,AU,DTC,2024,6,2024_06,8,183.5,FALSE
Poncho - Kids SEASONAL|AU|DTC|2024_07,Poncho - Kids SEASONAL,AU,DTC,2024,7,2024_07,8,191.24,FALSE
Poncho - Kids SEASONAL|AU|DTC|2024_08,Poncho - Kids SEASONAL,AU,DTC,2024,8,2024_08,14,298.94,FALSE
Poncho - Kids SEASONAL|AU|DTC|2024_09,Poncho - Kids SEASONAL,AU,DTC,2024,9,2024_09,60,1094.62,FALSE
Poncho - Kids SEASONAL|AU|DTC|2024_10,Poncho - Kids SEASONAL,AU,DTC,2024,10,2024_10,298,5410.8,FALSE
Poncho - Kids SEASONAL|AU|DTC|2024_11,Poncho - Kids SEASONAL,AU,DTC,2024,11,2024_11,846,15537.18,FALSE
Poncho - Kids SEASONAL|AU|DTC|2024_12,Poncho - Kids SEASONAL,AU,DTC,2024,12,2024_12,934,16083.4,FALSE
Poncho - Kids SEASONAL|AU|DTC|2025_01,Poncho - Kids SEASONAL,AU,DTC,2025,1,2025_01,354,5303.7,FALSE
Poncho - Kids SEASONAL|AU|DTC|2025_02,Poncho - Kids SEASONAL,AU,DTC,2025,2,2025_02,74,1289,FALSE
Poncho - Kids SEASONAL|AU|DTC|2025_03,Poncho - Kids SEASONAL,AU,DTC,2025,3,2025_03,62,814.02,FALSE
Poncho - Kids SEASONAL|AU|DTC|2025_04,Poncho - Kids SEASONAL,AU,DTC,2025,4,2025_04,54,760,FALSE
Poncho - Kids SEASONAL|AU|DTC|2025_05,Poncho - Kids SEASONAL,AU,DTC,2025,5,2025_05,62,1067.2,FALSE
Poncho - Kids SEASONAL|AU|DTC|2025_06,Poncho - Kids SEASONAL,AU,DTC,2025,6,2025_06,36,656.34,FALSE
Poncho - Kids SEASONAL|AU|DTC|2025_07,Poncho - Kids SEASONAL,AU,DTC,2025,7,2025_07,101,1842.24,FALSE
Poncho - Kids SEASONAL|AU|DTC|2025_08,Poncho - Kids SEASONAL,AU,DTC,2025,8,2025_08,70,1297.81,FALSE
Poncho - Kids SEASONAL|AU|DTC|2025_09,Poncho - Kids SEASONAL,AU,DTC,2025,9,2025_09,129,2408.57,FALSE
Poncho - Kids SEASONAL|AU|DTC|2025_10,Poncho - Kids SEASONAL,AU,DTC,2025,10,2025_10,188,3572.99,FALSE
Poncho - Kids SEASONAL|AU|DTC|2025_11,Poncho - Kids SEASONAL,AU,DTC,2025,11,2025_11,449,6380.27,FALSE
Poncho - Kids SEASONAL|AU|DTC|2025_12,Poncho - Kids SEASONAL,AU,DTC,2025,12,2025_12,212,3115.49,FALSE
Poncho - Kids SEASONAL|AU|DTC|2026_01,Poncho - Kids SEASONAL,AU,DTC,2026,1,2026_01,92,1433.45,FALSE
Poncho - Kids SEASONAL|AU|DTC|2026_02,Poncho - Kids SEASONAL,AU,DTC,2026,2,2026_02,100,1757.19,FALSE
Poncho - Kids SEASONAL|AU|DTC|2026_03,Poncho - Kids SEASONAL,AU,DTC,2026,3,2026_03,82,1496.63,FALSE
Poncho - Kids SEASONAL|AU|DTC|2026_04,Poncho - Kids SEASONAL,AU,DTC,2026,4,2026_04,57,1008.04,FALSE
Poncho - Kids SEASONAL|AU|DTC|2026_05,Poncho - Kids SEASONAL,AU,DTC,2026,5,2026_05,22,431.98,FALSE
Poncho - Kids SEASONAL|AU|DTC|2026_06,Poncho - Kids SEASONAL,AU,DTC,2026,6,2026_06,21,318.61,FALSE
Poncho - Kids SEASONAL|AU|FBA|2024_02,Poncho - Kids SEASONAL,AU,FBA,2024,2,2024_02,2,52.36,FALSE
Poncho - Kids SEASONAL|AU|FBA|2024_05,Poncho - Kids SEASONAL,AU,FBA,2024,5,2024_05,2,56.84,FALSE
Poncho - Kids SEASONAL|AU|FBA|2024_07,Poncho - Kids SEASONAL,AU,FBA,2024,7,2024_07,8,227.32,FALSE
Poncho - Kids SEASONAL|AU|FBA|2024_08,Poncho - Kids SEASONAL,AU,FBA,2024,8,2024_08,4,99.28,FALSE
Poncho - Kids SEASONAL|AU|FBA|2025_09,Poncho - Kids SEASONAL,AU,FBA,2025,9,2025_09,12,255.76,FALSE
Poncho - Kids SEASONAL|AU|FBA|2025_10,Poncho - Kids SEASONAL,AU,FBA,2025,10,2025_10,30,659.17,FALSE
Poncho - Kids SEASONAL|AU|FBA|2025_11,Poncho - Kids SEASONAL,AU,FBA,2025,11,2025_11,78,1551.21,FALSE
Poncho - Kids SEASONAL|AU|FBA|2025_12,Poncho - Kids SEASONAL,AU,FBA,2025,12,2025_12,78,1813.93,FALSE
Poncho - Kids SEASONAL|AU|FBA|2026_01,Poncho - Kids SEASONAL,AU,FBA,2026,1,2026_01,16,364.77,FALSE
Poncho - Kids SEASONAL|AU|FBA|2026_02,Poncho - Kids SEASONAL,AU,FBA,2026,2,2026_02,2,51.64,FALSE
Poncho - Kids SEASONAL|AU|FBA|2026_03,Poncho - Kids SEASONAL,AU,FBA,2026,3,2026_03,8,194.42,FALSE
Poncho - Kids SEASONAL|AU|FBA|2026_04,Poncho - Kids SEASONAL,AU,FBA,2026,4,2026_04,9,112.36,FALSE
Poncho - Kids SEASONAL|AU|FBA|2026_06,Poncho - Kids SEASONAL,AU,FBA,2026,6,2026_06,6,128.62,FALSE
Poncho - Kids SEASONAL|CA|FBA|2025_06,Poncho - Kids SEASONAL,CA,FBA,2025,6,2025_06,6,188.22,FALSE
Poncho - Kids SEASONAL|EU|B2B|2024_01,Poncho - Kids SEASONAL,EU,B2B,2024,1,2024_01,8,89.28,FALSE
Poncho - Kids SEASONAL|EU|B2B|2024_02,Poncho - Kids SEASONAL,EU,B2B,2024,2,2024_02,34,362.84,FALSE
Poncho - Kids SEASONAL|EU|B2B|2024_03,Poncho - Kids SEASONAL,EU,B2B,2024,3,2024_03,186,1781.72,FALSE
Poncho - Kids SEASONAL|EU|B2B|2024_04,Poncho - Kids SEASONAL,EU,B2B,2024,4,2024_04,1160,8695.68,FALSE
Poncho - Kids SEASONAL|EU|B2B|2024_05,Poncho - Kids SEASONAL,EU,B2B,2024,5,2024_05,412,4250.78,FALSE
Poncho - Kids SEASONAL|EU|B2B|2024_06,Poncho - Kids SEASONAL,EU,B2B,2024,6,2024_06,108,1179.8,FALSE
Poncho - Kids SEASONAL|EU|B2B|2024_07,Poncho - Kids SEASONAL,EU,B2B,2024,7,2024_07,90,959.88,FALSE
Poncho - Kids SEASONAL|EU|B2B|2024_08,Poncho - Kids SEASONAL,EU,B2B,2024,8,2024_08,28,91.52,FALSE
Poncho - Kids SEASONAL|EU|B2B|2024_09,Poncho - Kids SEASONAL,EU,B2B,2024,9,2024_09,12,96.32,FALSE
Poncho - Kids SEASONAL|EU|B2B|2024_11,Poncho - Kids SEASONAL,EU,B2B,2024,11,2024_11,20,184.84,FALSE
Poncho - Kids SEASONAL|EU|B2B|2024_12,Poncho - Kids SEASONAL,EU,B2B,2024,12,2024_12,21,33.33,FALSE
Poncho - Kids SEASONAL|EU|B2B|2025_02,Poncho - Kids SEASONAL,EU,B2B,2025,2,2025_02,40,4269.76,FALSE
Poncho - Kids SEASONAL|EU|B2B|2025_03,Poncho - Kids SEASONAL,EU,B2B,2025,3,2025_03,45,3723.09,FALSE
Poncho - Kids SEASONAL|EU|B2B|2025_04,Poncho - Kids SEASONAL,EU,B2B,2025,4,2025_04,278,3164.4,FALSE
Poncho - Kids SEASONAL|EU|B2B|2025_05,Poncho - Kids SEASONAL,EU,B2B,2025,5,2025_05,215,1850.71,FALSE
Poncho - Kids SEASONAL|EU|B2B|2025_06,Poncho - Kids SEASONAL,EU,B2B,2025,6,2025_06,148,1755.12,FALSE
Poncho - Kids SEASONAL|EU|B2B|2025_07,Poncho - Kids SEASONAL,EU,B2B,2025,7,2025_07,124,1457.21,FALSE
Poncho - Kids SEASONAL|EU|B2B|2025_08,Poncho - Kids SEASONAL,EU,B2B,2025,8,2025_08,72,685.08,FALSE
Poncho - Kids SEASONAL|EU|B2B|2025_11,Poncho - Kids SEASONAL,EU,B2B,2025,11,2025_11,8,89.92,FALSE
Poncho - Kids SEASONAL|EU|B2B|2025_12,Poncho - Kids SEASONAL,EU,B2B,2025,12,2025_12,4,-0.03,FALSE
Poncho - Kids SEASONAL|EU|B2B|2026_01,Poncho - Kids SEASONAL,EU,B2B,2026,1,2026_01,124,883.94,FALSE
Poncho - Kids SEASONAL|EU|B2B|2026_02,Poncho - Kids SEASONAL,EU,B2B,2026,2,2026_02,0,2293.94,FALSE
Poncho - Kids SEASONAL|EU|B2B|2026_03,Poncho - Kids SEASONAL,EU,B2B,2026,3,2026_03,164,1792.33,FALSE
Poncho - Kids SEASONAL|EU|B2B|2026_04,Poncho - Kids SEASONAL,EU,B2B,2026,4,2026_04,333,2675.99,FALSE
Poncho - Kids SEASONAL|EU|B2B|2026_05,Poncho - Kids SEASONAL,EU,B2B,2026,5,2026_05,106,1200.38,FALSE
Poncho - Kids SEASONAL|EU|B2B|2026_06,Poncho - Kids SEASONAL,EU,B2B,2026,6,2026_06,46,463.9,FALSE
Poncho - Kids SEASONAL|EU|DTC|2024_01,Poncho - Kids SEASONAL,EU,DTC,2024,1,2024_01,10,170.8,FALSE
Poncho - Kids SEASONAL|EU|DTC|2024_02,Poncho - Kids SEASONAL,EU,DTC,2024,2,2024_02,16,288.88,FALSE
Poncho - Kids SEASONAL|EU|DTC|2024_03,Poncho - Kids SEASONAL,EU,DTC,2024,3,2024_03,28,555.5,FALSE
Poncho - Kids SEASONAL|EU|DTC|2024_04,Poncho - Kids SEASONAL,EU,DTC,2024,4,2024_04,38,577.02,FALSE
Poncho - Kids SEASONAL|EU|DTC|2024_05,Poncho - Kids SEASONAL,EU,DTC,2024,5,2024_05,66,1337.56,FALSE
Poncho - Kids SEASONAL|EU|DTC|2024_06,Poncho - Kids SEASONAL,EU,DTC,2024,6,2024_06,76,1375.7,FALSE
Poncho - Kids SEASONAL|EU|DTC|2024_07,Poncho - Kids SEASONAL,EU,DTC,2024,7,2024_07,98,1847.1,FALSE
Poncho - Kids SEASONAL|EU|DTC|2024_08,Poncho - Kids SEASONAL,EU,DTC,2024,8,2024_08,72,1217.8,FALSE
Poncho - Kids SEASONAL|EU|DTC|2024_09,Poncho - Kids SEASONAL,EU,DTC,2024,9,2024_09,30,369.72,FALSE
Poncho - Kids SEASONAL|EU|DTC|2024_10,Poncho - Kids SEASONAL,EU,DTC,2024,10,2024_10,10,167.3,FALSE
Poncho - Kids SEASONAL|EU|DTC|2024_11,Poncho - Kids SEASONAL,EU,DTC,2024,11,2024_11,80,856.5,FALSE
Poncho - Kids SEASONAL|EU|DTC|2024_12,Poncho - Kids SEASONAL,EU,DTC,2024,12,2024_12,112,1273.98,FALSE
Poncho - Kids SEASONAL|EU|DTC|2025_01,Poncho - Kids SEASONAL,EU,DTC,2025,1,2025_01,8,128.32,FALSE
Poncho - Kids SEASONAL|EU|DTC|2025_02,Poncho - Kids SEASONAL,EU,DTC,2025,2,2025_02,100,1783.64,FALSE
Poncho - Kids SEASONAL|EU|DTC|2025_03,Poncho - Kids SEASONAL,EU,DTC,2025,3,2025_03,137,2336.2,FALSE
Poncho - Kids SEASONAL|EU|DTC|2025_04,Poncho - Kids SEASONAL,EU,DTC,2025,4,2025_04,164,3391.61,FALSE
Poncho - Kids SEASONAL|EU|DTC|2025_05,Poncho - Kids SEASONAL,EU,DTC,2025,5,2025_05,158,2962.82,FALSE
Poncho - Kids SEASONAL|EU|DTC|2025_06,Poncho - Kids SEASONAL,EU,DTC,2025,6,2025_06,367,6784.77,FALSE
Poncho - Kids SEASONAL|EU|DTC|2025_07,Poncho - Kids SEASONAL,EU,DTC,2025,7,2025_07,138,2610.11,FALSE
Poncho - Kids SEASONAL|EU|DTC|2025_08,Poncho - Kids SEASONAL,EU,DTC,2025,8,2025_08,59,1000.95,FALSE
Poncho - Kids SEASONAL|EU|DTC|2025_09,Poncho - Kids SEASONAL,EU,DTC,2025,9,2025_09,18,279.94,FALSE
Poncho - Kids SEASONAL|EU|DTC|2025_10,Poncho - Kids SEASONAL,EU,DTC,2025,10,2025_10,6,98.66,FALSE
Poncho - Kids SEASONAL|EU|DTC|2025_11,Poncho - Kids SEASONAL,EU,DTC,2025,11,2025_11,195,2095.36,FALSE
Poncho - Kids SEASONAL|EU|DTC|2025_12,Poncho - Kids SEASONAL,EU,DTC,2025,12,2025_12,91,1261.2,FALSE
Poncho - Kids SEASONAL|EU|DTC|2026_01,Poncho - Kids SEASONAL,EU,DTC,2026,1,2026_01,66,1014.96,FALSE
Poncho - Kids SEASONAL|EU|DTC|2026_02,Poncho - Kids SEASONAL,EU,DTC,2026,2,2026_02,80,1362.48,FALSE
Poncho - Kids SEASONAL|EU|DTC|2026_03,Poncho - Kids SEASONAL,EU,DTC,2026,3,2026_03,100,1845.2,FALSE
Poncho - Kids SEASONAL|EU|DTC|2026_04,Poncho - Kids SEASONAL,EU,DTC,2026,4,2026_04,170,2861.53,FALSE
Poncho - Kids SEASONAL|EU|DTC|2026_05,Poncho - Kids SEASONAL,EU,DTC,2026,5,2026_05,164,2795.22,FALSE
Poncho - Kids SEASONAL|EU|DTC|2026_06,Poncho - Kids SEASONAL,EU,DTC,2026,6,2026_06,118,2105.39,FALSE
Poncho - Kids SEASONAL|EU|FBA|2024_02,Poncho - Kids SEASONAL,EU,FBA,2024,2,2024_02,4,90.96,FALSE
Poncho - Kids SEASONAL|EU|FBA|2024_03,Poncho - Kids SEASONAL,EU,FBA,2024,3,2024_03,6,136.48,FALSE
Poncho - Kids SEASONAL|EU|FBA|2024_04,Poncho - Kids SEASONAL,EU,FBA,2024,4,2024_04,4,112.44,FALSE
Poncho - Kids SEASONAL|EU|FBA|2024_05,Poncho - Kids SEASONAL,EU,FBA,2024,5,2024_05,4,127.56,FALSE
Poncho - Kids SEASONAL|EU|FBA|2024_06,Poncho - Kids SEASONAL,EU,FBA,2024,6,2024_06,10,266.52,FALSE
Poncho - Kids SEASONAL|EU|FBA|2024_07,Poncho - Kids SEASONAL,EU,FBA,2024,7,2024_07,8,216.08,FALSE
Poncho - Kids SEASONAL|EU|FBA|2024_08,Poncho - Kids SEASONAL,EU,FBA,2024,8,2024_08,2,75.04,FALSE
Poncho - Kids SEASONAL|EU|FBA|2024_09,Poncho - Kids SEASONAL,EU,FBA,2024,9,2024_09,4,161.86,FALSE
Poncho - Kids SEASONAL|EU|FBA|2025_05,Poncho - Kids SEASONAL,EU,FBA,2025,5,2025_05,4,126.34,FALSE
Poncho - Kids SEASONAL|EU|FBA|2025_06,Poncho - Kids SEASONAL,EU,FBA,2025,6,2025_06,21,630.91,FALSE
Poncho - Kids SEASONAL|EU|FBA|2025_07,Poncho - Kids SEASONAL,EU,FBA,2025,7,2025_07,13,348.09,FALSE
Poncho - Kids SEASONAL|EU|FBA|2025_08,Poncho - Kids SEASONAL,EU,FBA,2025,8,2025_08,3,91.73,FALSE
Poncho - Kids SEASONAL|EU|FBA|2025_10,Poncho - Kids SEASONAL,EU,FBA,2025,10,2025_10,2,55.52,FALSE
Poncho - Kids SEASONAL|EU|FBA|2025_11,Poncho - Kids SEASONAL,EU,FBA,2025,11,2025_11,4,120.94,FALSE
Poncho - Kids SEASONAL|EU|FBA|2026_01,Poncho - Kids SEASONAL,EU,FBA,2026,1,2026_01,3,96.15,FALSE
Poncho - Kids SEASONAL|EU|FBA|2026_02,Poncho - Kids SEASONAL,EU,FBA,2026,2,2026_02,2,64.2,FALSE
Poncho - Kids SEASONAL|EU|FBA|2026_03,Poncho - Kids SEASONAL,EU,FBA,2026,3,2026_03,6,185.97,FALSE
Poncho - Kids SEASONAL|EU|FBA|2026_05,Poncho - Kids SEASONAL,EU,FBA,2026,5,2026_05,16,433.37,FALSE
Poncho - Kids SEASONAL|EU|FBA|2026_06,Poncho - Kids SEASONAL,EU,FBA,2026,6,2026_06,3,77.71,FALSE
Poncho - Kids SEASONAL|UK|B2B|2024_01,Poncho - Kids SEASONAL,UK,B2B,2024,1,2024_01,6,67.5,FALSE
Poncho - Kids SEASONAL|UK|B2B|2024_02,Poncho - Kids SEASONAL,UK,B2B,2024,2,2024_02,60,702.72,FALSE
Poncho - Kids SEASONAL|UK|B2B|2024_03,Poncho - Kids SEASONAL,UK,B2B,2024,3,2024_03,112,1363.98,FALSE
Poncho - Kids SEASONAL|UK|B2B|2024_04,Poncho - Kids SEASONAL,UK,B2B,2024,4,2024_04,100,1190.94,FALSE
Poncho - Kids SEASONAL|UK|B2B|2024_05,Poncho - Kids SEASONAL,UK,B2B,2024,5,2024_05,108,1381.46,FALSE
Poncho - Kids SEASONAL|UK|B2B|2024_06,Poncho - Kids SEASONAL,UK,B2B,2024,6,2024_06,170,1526.54,FALSE
Poncho - Kids SEASONAL|UK|B2B|2024_07,Poncho - Kids SEASONAL,UK,B2B,2024,7,2024_07,178,2154.36,FALSE
Poncho - Kids SEASONAL|UK|B2B|2024_08,Poncho - Kids SEASONAL,UK,B2B,2024,8,2024_08,50,625,FALSE
Poncho - Kids SEASONAL|UK|B2B|2024_10,Poncho - Kids SEASONAL,UK,B2B,2024,10,2024_10,12,147.3,FALSE
Poncho - Kids SEASONAL|UK|B2B|2025_01,Poncho - Kids SEASONAL,UK,B2B,2025,1,2025_01,51,417.54,FALSE
Poncho - Kids SEASONAL|UK|B2B|2025_02,Poncho - Kids SEASONAL,UK,B2B,2025,2,2025_02,54,9098.3,FALSE
Poncho - Kids SEASONAL|UK|B2B|2025_03,Poncho - Kids SEASONAL,UK,B2B,2025,3,2025_03,187,2323.7,FALSE
Poncho - Kids SEASONAL|UK|B2B|2025_04,Poncho - Kids SEASONAL,UK,B2B,2025,4,2025_04,184,5439.19,FALSE
Poncho - Kids SEASONAL|UK|B2B|2025_05,Poncho - Kids SEASONAL,UK,B2B,2025,5,2025_05,74,925,FALSE
Poncho - Kids SEASONAL|UK|B2B|2025_06,Poncho - Kids SEASONAL,UK,B2B,2025,6,2025_06,257,3080.28,FALSE
Poncho - Kids SEASONAL|UK|B2B|2025_07,Poncho - Kids SEASONAL,UK,B2B,2025,7,2025_07,124,1538,FALSE
Poncho - Kids SEASONAL|UK|B2B|2025_08,Poncho - Kids SEASONAL,UK,B2B,2025,8,2025_08,290,3625,FALSE
Poncho - Kids SEASONAL|UK|B2B|2026_01,Poncho - Kids SEASONAL,UK,B2B,2026,1,2026_01,16,333.32,FALSE
Poncho - Kids SEASONAL|UK|B2B|2026_02,Poncho - Kids SEASONAL,UK,B2B,2026,2,2026_02,19,6915.36,FALSE
Poncho - Kids SEASONAL|UK|B2B|2026_03,Poncho - Kids SEASONAL,UK,B2B,2026,3,2026_03,127,1622.88,FALSE
Poncho - Kids SEASONAL|UK|B2B|2026_04,Poncho - Kids SEASONAL,UK,B2B,2026,4,2026_04,114,1596,FALSE
Poncho - Kids SEASONAL|UK|B2B|2026_05,Poncho - Kids SEASONAL,UK,B2B,2026,5,2026_05,66,900.9,FALSE
Poncho - Kids SEASONAL|UK|B2B|2026_06,Poncho - Kids SEASONAL,UK,B2B,2026,6,2026_06,71,1084.43,FALSE
Poncho - Kids SEASONAL|UK|DTC|2024_01,Poncho - Kids SEASONAL,UK,DTC,2024,1,2024_01,784,11122.36,FALSE
Poncho - Kids SEASONAL|UK|DTC|2024_02,Poncho - Kids SEASONAL,UK,DTC,2024,2,2024_02,460,8695.64,FALSE
Poncho - Kids SEASONAL|UK|DTC|2024_03,Poncho - Kids SEASONAL,UK,DTC,2024,3,2024_03,1340,25266.82,FALSE
Poncho - Kids SEASONAL|UK|DTC|2024_04,Poncho - Kids SEASONAL,UK,DTC,2024,4,2024_04,866,16527.3,FALSE
Poncho - Kids SEASONAL|UK|DTC|2024_05,Poncho - Kids SEASONAL,UK,DTC,2024,5,2024_05,1276,24081.02,FALSE
Poncho - Kids SEASONAL|UK|DTC|2024_06,Poncho - Kids SEASONAL,UK,DTC,2024,6,2024_06,982,18292.88,FALSE
Poncho - Kids SEASONAL|UK|DTC|2024_07,Poncho - Kids SEASONAL,UK,DTC,2024,7,2024_07,2654,46934.3,FALSE
Poncho - Kids SEASONAL|UK|DTC|2024_08,Poncho - Kids SEASONAL,UK,DTC,2024,8,2024_08,2478,36410.18,FALSE
Poncho - Kids SEASONAL|UK|DTC|2024_09,Poncho - Kids SEASONAL,UK,DTC,2024,9,2024_09,760,11570.38,FALSE
Poncho - Kids SEASONAL|UK|DTC|2024_10,Poncho - Kids SEASONAL,UK,DTC,2024,10,2024_10,476,6943.48,FALSE
Poncho - Kids SEASONAL|UK|DTC|2024_11,Poncho - Kids SEASONAL,UK,DTC,2024,11,2024_11,1950,25387.96,FALSE
Poncho - Kids SEASONAL|UK|DTC|2024_12,Poncho - Kids SEASONAL,UK,DTC,2024,12,2024_12,2398,27050.06,FALSE
Poncho - Kids SEASONAL|UK|DTC|2025_01,Poncho - Kids SEASONAL,UK,DTC,2025,1,2025_01,3086,30232.62,FALSE
Poncho - Kids SEASONAL|UK|DTC|2025_02,Poncho - Kids SEASONAL,UK,DTC,2025,2,2025_02,686,11428.89,FALSE
Poncho - Kids SEASONAL|UK|DTC|2025_03,Poncho - Kids SEASONAL,UK,DTC,2025,3,2025_03,1305,21354.29,FALSE
Poncho - Kids SEASONAL|UK|DTC|2025_04,Poncho - Kids SEASONAL,UK,DTC,2025,4,2025_04,1531,25583.41,FALSE
Poncho - Kids SEASONAL|UK|DTC|2025_05,Poncho - Kids SEASONAL,UK,DTC,2025,5,2025_05,1312,25216.15,FALSE
Poncho - Kids SEASONAL|UK|DTC|2025_06,Poncho - Kids SEASONAL,UK,DTC,2025,6,2025_06,1540,29220.43,FALSE
Poncho - Kids SEASONAL|UK|DTC|2025_07,Poncho - Kids SEASONAL,UK,DTC,2025,7,2025_07,2153,40973.13,FALSE
Poncho - Kids SEASONAL|UK|DTC|2025_08,Poncho - Kids SEASONAL,UK,DTC,2025,8,2025_08,1457,21498.68,FALSE
Poncho - Kids SEASONAL|UK|DTC|2025_09,Poncho - Kids SEASONAL,UK,DTC,2025,9,2025_09,491,6383.13,FALSE
Poncho - Kids SEASONAL|UK|DTC|2025_10,Poncho - Kids SEASONAL,UK,DTC,2025,10,2025_10,113,2055.98,FALSE
Poncho - Kids SEASONAL|UK|DTC|2025_11,Poncho - Kids SEASONAL,UK,DTC,2025,11,2025_11,914,9784.39,FALSE
Poncho - Kids SEASONAL|UK|DTC|2025_12,Poncho - Kids SEASONAL,UK,DTC,2025,12,2025_12,488,5701.25,FALSE
Poncho - Kids SEASONAL|UK|DTC|2026_01,Poncho - Kids SEASONAL,UK,DTC,2026,1,2026_01,232,2935.94,FALSE
Poncho - Kids SEASONAL|UK|DTC|2026_02,Poncho - Kids SEASONAL,UK,DTC,2026,2,2026_02,138,2485.73,FALSE
Poncho - Kids SEASONAL|UK|DTC|2026_03,Poncho - Kids SEASONAL,UK,DTC,2026,3,2026_03,290,5917.43,FALSE
Poncho - Kids SEASONAL|UK|DTC|2026_04,Poncho - Kids SEASONAL,UK,DTC,2026,4,2026_04,382,7242,FALSE
Poncho - Kids SEASONAL|UK|DTC|2026_05,Poncho - Kids SEASONAL,UK,DTC,2026,5,2026_05,554,11087.2,FALSE
Poncho - Kids SEASONAL|UK|DTC|2026_06,Poncho - Kids SEASONAL,UK,DTC,2026,6,2026_06,417,7885.12,FALSE
Poncho - Kids SEASONAL|UK|FBA|2024_01,Poncho - Kids SEASONAL,UK,FBA,2024,1,2024_01,22,449,FALSE
Poncho - Kids SEASONAL|UK|FBA|2024_02,Poncho - Kids SEASONAL,UK,FBA,2024,2,2024_02,24,459.92,FALSE
Poncho - Kids SEASONAL|UK|FBA|2024_03,Poncho - Kids SEASONAL,UK,FBA,2024,3,2024_03,50,915.86,FALSE
Poncho - Kids SEASONAL|UK|FBA|2024_04,Poncho - Kids SEASONAL,UK,FBA,2024,4,2024_04,42,800.56,FALSE
Poncho - Kids SEASONAL|UK|FBA|2024_05,Poncho - Kids SEASONAL,UK,FBA,2024,5,2024_05,60,1196.68,FALSE
Poncho - Kids SEASONAL|UK|FBA|2024_06,Poncho - Kids SEASONAL,UK,FBA,2024,6,2024_06,88,1683.3,FALSE
Poncho - Kids SEASONAL|UK|FBA|2024_07,Poncho - Kids SEASONAL,UK,FBA,2024,7,2024_07,136,2394.54,FALSE
Poncho - Kids SEASONAL|UK|FBA|2024_08,Poncho - Kids SEASONAL,UK,FBA,2024,8,2024_08,62,1266.26,FALSE
Poncho - Kids SEASONAL|UK|FBA|2024_09,Poncho - Kids SEASONAL,UK,FBA,2024,9,2024_09,10,208.3,FALSE
Poncho - Kids SEASONAL|UK|FBA|2024_10,Poncho - Kids SEASONAL,UK,FBA,2024,10,2024_10,14,281.26,FALSE
Poncho - Kids SEASONAL|UK|FBA|2024_11,Poncho - Kids SEASONAL,UK,FBA,2024,11,2024_11,10,213.98,FALSE
Poncho - Kids SEASONAL|UK|FBA|2024_12,Poncho - Kids SEASONAL,UK,FBA,2024,12,2024_12,10,210.36,FALSE
Poncho - Kids SEASONAL|UK|FBA|2025_01,Poncho - Kids SEASONAL,UK,FBA,2025,1,2025_01,16,336.06,FALSE
Poncho - Kids SEASONAL|UK|FBA|2025_02,Poncho - Kids SEASONAL,UK,FBA,2025,2,2025_02,31,659.53,FALSE
Poncho - Kids SEASONAL|UK|FBA|2025_03,Poncho - Kids SEASONAL,UK,FBA,2025,3,2025_03,116,2421.77,FALSE
Poncho - Kids SEASONAL|UK|FBA|2025_04,Poncho - Kids SEASONAL,UK,FBA,2025,4,2025_04,93,1930.42,FALSE
Poncho - Kids SEASONAL|UK|FBA|2025_05,Poncho - Kids SEASONAL,UK,FBA,2025,5,2025_05,142,2885.93,FALSE
Poncho - Kids SEASONAL|UK|FBA|2025_06,Poncho - Kids SEASONAL,UK,FBA,2025,6,2025_06,109,2321.09,FALSE
Poncho - Kids SEASONAL|UK|FBA|2025_07,Poncho - Kids SEASONAL,UK,FBA,2025,7,2025_07,296,5996.27,FALSE
Poncho - Kids SEASONAL|UK|FBA|2025_08,Poncho - Kids SEASONAL,UK,FBA,2025,8,2025_08,258,5024.05,FALSE
Poncho - Kids SEASONAL|UK|FBA|2025_09,Poncho - Kids SEASONAL,UK,FBA,2025,9,2025_09,67,1301.95,FALSE
Poncho - Kids SEASONAL|UK|FBA|2025_10,Poncho - Kids SEASONAL,UK,FBA,2025,10,2025_10,52,987.06,FALSE
Poncho - Kids SEASONAL|UK|FBA|2025_11,Poncho - Kids SEASONAL,UK,FBA,2025,11,2025_11,324,2938.5,FALSE
Poncho - Kids SEASONAL|UK|FBA|2025_12,Poncho - Kids SEASONAL,UK,FBA,2025,12,2025_12,47,659.59,FALSE
Poncho - Kids SEASONAL|UK|FBA|2026_01,Poncho - Kids SEASONAL,UK,FBA,2026,1,2026_01,21,427.3,FALSE
Poncho - Kids SEASONAL|UK|FBA|2026_02,Poncho - Kids SEASONAL,UK,FBA,2026,2,2026_02,22,469.72,FALSE
Poncho - Kids SEASONAL|UK|FBA|2026_03,Poncho - Kids SEASONAL,UK,FBA,2026,3,2026_03,45,906.84,FALSE
Poncho - Kids SEASONAL|UK|FBA|2026_04,Poncho - Kids SEASONAL,UK,FBA,2026,4,2026_04,45,958.24,FALSE
Poncho - Kids SEASONAL|UK|FBA|2026_05,Poncho - Kids SEASONAL,UK,FBA,2026,5,2026_05,74,1563.58,FALSE
Poncho - Kids SEASONAL|UK|FBA|2026_06,Poncho - Kids SEASONAL,UK,FBA,2026,6,2026_06,36,768.48,FALSE
Poncho - Kids SEASONAL|US|B2B|2024_01,Poncho - Kids SEASONAL,US,B2B,2024,1,2024_01,282,3547.86,FALSE
Poncho - Kids SEASONAL|US|B2B|2024_02,Poncho - Kids SEASONAL,US,B2B,2024,2,2024_02,242,2415.84,FALSE
Poncho - Kids SEASONAL|US|B2B|2024_03,Poncho - Kids SEASONAL,US,B2B,2024,3,2024_03,268,4150.76,FALSE
Poncho - Kids SEASONAL|US|B2B|2024_04,Poncho - Kids SEASONAL,US,B2B,2024,4,2024_04,802,7698.24,FALSE
Poncho - Kids SEASONAL|US|B2B|2024_05,Poncho - Kids SEASONAL,US,B2B,2024,5,2024_05,426,6194.34,FALSE
Poncho - Kids SEASONAL|US|B2B|2024_06,Poncho - Kids SEASONAL,US,B2B,2024,6,2024_06,142,2341.12,FALSE
Poncho - Kids SEASONAL|US|B2B|2024_07,Poncho - Kids SEASONAL,US,B2B,2024,7,2024_07,134,2068.68,FALSE
Poncho - Kids SEASONAL|US|B2B|2024_08,Poncho - Kids SEASONAL,US,B2B,2024,8,2024_08,8,129.48,FALSE
Poncho - Kids SEASONAL|US|B2B|2024_09,Poncho - Kids SEASONAL,US,B2B,2024,9,2024_09,120,541.78,FALSE
Poncho - Kids SEASONAL|US|B2B|2024_10,Poncho - Kids SEASONAL,US,B2B,2024,10,2024_10,40,643.64,FALSE
Poncho - Kids SEASONAL|US|B2B|2024_11,Poncho - Kids SEASONAL,US,B2B,2024,11,2024_11,12,0,FALSE
Poncho - Kids SEASONAL|US|B2B|2024_12,Poncho - Kids SEASONAL,US,B2B,2024,12,2024_12,17,0,FALSE
Poncho - Kids SEASONAL|US|B2B|2025_01,Poncho - Kids SEASONAL,US,B2B,2025,1,2025_01,75,1235.29,FALSE
Poncho - Kids SEASONAL|US|B2B|2025_02,Poncho - Kids SEASONAL,US,B2B,2025,2,2025_02,333,5117.62,FALSE
Poncho - Kids SEASONAL|US|B2B|2025_03,Poncho - Kids SEASONAL,US,B2B,2025,3,2025_03,152,2327.24,FALSE
Poncho - Kids SEASONAL|US|B2B|2025_04,Poncho - Kids SEASONAL,US,B2B,2025,4,2025_04,153,2000.4,FALSE
Poncho - Kids SEASONAL|US|B2B|2025_05,Poncho - Kids SEASONAL,US,B2B,2025,5,2025_05,124,1870.97,FALSE
Poncho - Kids SEASONAL|US|B2B|2025_06,Poncho - Kids SEASONAL,US,B2B,2025,6,2025_06,12,199.88,FALSE
Poncho - Kids SEASONAL|US|B2B|2025_09,Poncho - Kids SEASONAL,US,B2B,2025,9,2025_09,1,0,FALSE
Poncho - Kids SEASONAL|US|B2B|2025_11,Poncho - Kids SEASONAL,US,B2B,2025,11,2025_11,2,0,FALSE
Poncho - Kids SEASONAL|US|B2B|2025_12,Poncho - Kids SEASONAL,US,B2B,2025,12,2025_12,2,-3.12,FALSE
Poncho - Kids SEASONAL|US|B2B|2026_02,Poncho - Kids SEASONAL,US,B2B,2026,2,2026_02,103,1733.21,FALSE
Poncho - Kids SEASONAL|US|B2B|2026_03,Poncho - Kids SEASONAL,US,B2B,2026,3,2026_03,116,1967.72,FALSE
Poncho - Kids SEASONAL|US|B2B|2026_04,Poncho - Kids SEASONAL,US,B2B,2026,4,2026_04,73,1181.81,FALSE
Poncho - Kids SEASONAL|US|B2B|2026_05,Poncho - Kids SEASONAL,US,B2B,2026,5,2026_05,30,484.44,FALSE
Poncho - Kids SEASONAL|US|B2B|2026_06,Poncho - Kids SEASONAL,US,B2B,2026,6,2026_06,20,0,FALSE
Poncho - Kids SEASONAL|US|DTC|2024_01,Poncho - Kids SEASONAL,US,DTC,2024,1,2024_01,190,3813.32,FALSE
Poncho - Kids SEASONAL|US|DTC|2024_02,Poncho - Kids SEASONAL,US,DTC,2024,2,2024_02,510,9161.12,FALSE
Poncho - Kids SEASONAL|US|DTC|2024_03,Poncho - Kids SEASONAL,US,DTC,2024,3,2024_03,744,18484.4,FALSE
Poncho - Kids SEASONAL|US|DTC|2024_04,Poncho - Kids SEASONAL,US,DTC,2024,4,2024_04,174,4581.08,FALSE
Poncho - Kids SEASONAL|US|DTC|2024_05,Poncho - Kids SEASONAL,US,DTC,2024,5,2024_05,266,6899.2,FALSE
Poncho - Kids SEASONAL|US|DTC|2024_06,Poncho - Kids SEASONAL,US,DTC,2024,6,2024_06,344,8340.3,FALSE
Poncho - Kids SEASONAL|US|DTC|2024_07,Poncho - Kids SEASONAL,US,DTC,2024,7,2024_07,314,7581.14,FALSE
Poncho - Kids SEASONAL|US|DTC|2024_08,Poncho - Kids SEASONAL,US,DTC,2024,8,2024_08,36,759.82,FALSE
Poncho - Kids SEASONAL|US|DTC|2024_09,Poncho - Kids SEASONAL,US,DTC,2024,9,2024_09,34,640.96,FALSE
Poncho - Kids SEASONAL|US|DTC|2024_10,Poncho - Kids SEASONAL,US,DTC,2024,10,2024_10,14,239.04,FALSE
Poncho - Kids SEASONAL|US|DTC|2024_11,Poncho - Kids SEASONAL,US,DTC,2024,11,2024_11,80,1617.42,FALSE
Poncho - Kids SEASONAL|US|DTC|2024_12,Poncho - Kids SEASONAL,US,DTC,2024,12,2024_12,196,3355.04,FALSE
Poncho - Kids SEASONAL|US|DTC|2025_01,Poncho - Kids SEASONAL,US,DTC,2025,1,2025_01,157,3059,FALSE
Poncho - Kids SEASONAL|US|DTC|2025_02,Poncho - Kids SEASONAL,US,DTC,2025,2,2025_02,702,15711.81,FALSE
Poncho - Kids SEASONAL|US|DTC|2025_03,Poncho - Kids SEASONAL,US,DTC,2025,3,2025_03,1116,25919.82,FALSE
Poncho - Kids SEASONAL|US|DTC|2025_04,Poncho - Kids SEASONAL,US,DTC,2025,4,2025_04,445,11262.05,FALSE
Poncho - Kids SEASONAL|US|DTC|2025_05,Poncho - Kids SEASONAL,US,DTC,2025,5,2025_05,432,12421.95,FALSE
Poncho - Kids SEASONAL|US|DTC|2025_06,Poncho - Kids SEASONAL,US,DTC,2025,6,2025_06,253,7329.89,FALSE
Poncho - Kids SEASONAL|US|DTC|2025_07,Poncho - Kids SEASONAL,US,DTC,2025,7,2025_07,116,3541.84,FALSE
Poncho - Kids SEASONAL|US|DTC|2025_08,Poncho - Kids SEASONAL,US,DTC,2025,8,2025_08,22,634.52,FALSE
Poncho - Kids SEASONAL|US|DTC|2025_09,Poncho - Kids SEASONAL,US,DTC,2025,9,2025_09,16,468.2,FALSE
Poncho - Kids SEASONAL|US|DTC|2025_10,Poncho - Kids SEASONAL,US,DTC,2025,10,2025_10,26,722.81,FALSE
Poncho - Kids SEASONAL|US|DTC|2025_11,Poncho - Kids SEASONAL,US,DTC,2025,11,2025_11,72,1479.94,FALSE
Poncho - Kids SEASONAL|US|DTC|2025_12,Poncho - Kids SEASONAL,US,DTC,2025,12,2025_12,71,1567.51,FALSE
Poncho - Kids SEASONAL|US|DTC|2026_01,Poncho - Kids SEASONAL,US,DTC,2026,1,2026_01,18,602.54,FALSE
Poncho - Kids SEASONAL|US|DTC|2026_02,Poncho - Kids SEASONAL,US,DTC,2026,2,2026_02,87,2843.31,FALSE
Poncho - Kids SEASONAL|US|DTC|2026_03,Poncho - Kids SEASONAL,US,DTC,2026,3,2026_03,207,6991.06,FALSE
Poncho - Kids SEASONAL|US|DTC|2026_04,Poncho - Kids SEASONAL,US,DTC,2026,4,2026_04,200,5700.66,FALSE
Poncho - Kids SEASONAL|US|DTC|2026_05,Poncho - Kids SEASONAL,US,DTC,2026,5,2026_05,279,7473.71,FALSE
Poncho - Kids SEASONAL|US|DTC|2026_06,Poncho - Kids SEASONAL,US,DTC,2026,6,2026_06,236,6877.21,FALSE
Poncho - Kids SEASONAL|US|FBA|2024_01,Poncho - Kids SEASONAL,US,FBA,2024,1,2024_01,18,562.72,FALSE
Poncho - Kids SEASONAL|US|FBA|2024_02,Poncho - Kids SEASONAL,US,FBA,2024,2,2024_02,24,737.34,FALSE
Poncho - Kids SEASONAL|US|FBA|2024_03,Poncho - Kids SEASONAL,US,FBA,2024,3,2024_03,30,928.18,FALSE
Poncho - Kids SEASONAL|US|FBA|2024_04,Poncho - Kids SEASONAL,US,FBA,2024,4,2024_04,12,436.26,FALSE
Poncho - Kids SEASONAL|US|FBA|2024_05,Poncho - Kids SEASONAL,US,FBA,2024,5,2024_05,6,227.8,FALSE
Poncho - Kids SEASONAL|US|FBA|2024_06,Poncho - Kids SEASONAL,US,FBA,2024,6,2024_06,44,1408.56,FALSE
Poncho - Kids SEASONAL|US|FBA|2024_07,Poncho - Kids SEASONAL,US,FBA,2024,7,2024_07,42,1167.72,FALSE
Poncho - Kids SEASONAL|US|FBA|2024_08,Poncho - Kids SEASONAL,US,FBA,2024,8,2024_08,12,416.86,FALSE
Poncho - Kids SEASONAL|US|FBA|2024_09,Poncho - Kids SEASONAL,US,FBA,2024,9,2024_09,2,72.7,FALSE
Poncho - Kids SEASONAL|US|FBA|2024_10,Poncho - Kids SEASONAL,US,FBA,2024,10,2024_10,6,209.36,FALSE
Poncho - Kids SEASONAL|US|FBA|2024_11,Poncho - Kids SEASONAL,US,FBA,2024,11,2024_11,4,152.26,FALSE
Poncho - Kids SEASONAL|US|FBA|2024_12,Poncho - Kids SEASONAL,US,FBA,2024,12,2024_12,18,635.98,FALSE
Poncho - Kids SEASONAL|US|FBA|2025_02,Poncho - Kids SEASONAL,US,FBA,2025,2,2025_02,17,602.71,FALSE
Poncho - Kids SEASONAL|US|FBA|2025_03,Poncho - Kids SEASONAL,US,FBA,2025,3,2025_03,86,2486.44,FALSE
Poncho - Kids SEASONAL|US|FBA|2025_04,Poncho - Kids SEASONAL,US,FBA,2025,4,2025_04,49,1534.53,FALSE
Poncho - Kids SEASONAL|US|FBA|2025_05,Poncho - Kids SEASONAL,US,FBA,2025,5,2025_05,65,2112.09,FALSE
Poncho - Kids SEASONAL|US|FBA|2025_06,Poncho - Kids SEASONAL,US,FBA,2025,6,2025_06,136,4281.59,FALSE
Poncho - Kids SEASONAL|US|FBA|2025_07,Poncho - Kids SEASONAL,US,FBA,2025,7,2025_07,83,2533.37,FALSE
Poncho - Kids SEASONAL|US|FBA|2025_08,Poncho - Kids SEASONAL,US,FBA,2025,8,2025_08,23,623.03,FALSE
Poncho - Kids SEASONAL|US|FBA|2025_09,Poncho - Kids SEASONAL,US,FBA,2025,9,2025_09,11,342.7,FALSE
Poncho - Kids SEASONAL|US|FBA|2025_10,Poncho - Kids SEASONAL,US,FBA,2025,10,2025_10,20,586.79,FALSE
Poncho - Kids SEASONAL|US|FBA|2025_11,Poncho - Kids SEASONAL,US,FBA,2025,11,2025_11,24,742.08,FALSE
Poncho - Kids SEASONAL|US|FBA|2025_12,Poncho - Kids SEASONAL,US,FBA,2025,12,2025_12,31,996.71,FALSE
Poncho - Kids SEASONAL|US|FBA|2026_01,Poncho - Kids SEASONAL,US,FBA,2026,1,2026_01,18,514.32,FALSE
Poncho - Kids SEASONAL|US|FBA|2026_02,Poncho - Kids SEASONAL,US,FBA,2026,2,2026_02,30,997.28,FALSE
Poncho - Kids SEASONAL|US|FBA|2026_03,Poncho - Kids SEASONAL,US,FBA,2026,3,2026_03,173,5734.32,FALSE
Poncho - Kids SEASONAL|US|FBA|2026_04,Poncho - Kids SEASONAL,US,FBA,2026,4,2026_04,106,3184.93,FALSE
Poncho - Kids SEASONAL|US|FBA|2026_05,Poncho - Kids SEASONAL,US,FBA,2026,5,2026_05,116,3651.46,FALSE
Poncho - Kids SEASONAL|US|FBA|2026_06,Poncho - Kids SEASONAL,US,FBA,2026,6,2026_06,82,2542.06,FALSE
Tea Towel|AU|DTC|2024_05,Tea Towel,AU,DTC,2024,5,2024_05,262,1533.76,FALSE
Tea Towel|AU|DTC|2024_06,Tea Towel,AU,DTC,2024,6,2024_06,70,528.36,FALSE
Tea Towel|AU|DTC|2024_07,Tea Towel,AU,DTC,2024,7,2024_07,134,794.22,FALSE
Tea Towel|AU|DTC|2024_08,Tea Towel,AU,DTC,2024,8,2024_08,34,206.88,FALSE
Tea Towel|AU|DTC|2024_09,Tea Towel,AU,DTC,2024,9,2024_09,2,20.76,FALSE
Tea Towel|AU|DTC|2024_11,Tea Towel,AU,DTC,2024,11,2024_11,68,443.56,FALSE
Tea Towel|AU|DTC|2024_12,Tea Towel,AU,DTC,2024,12,2024_12,270,1598.46,FALSE
Tea Towel|AU|DTC|2025_01,Tea Towel,AU,DTC,2025,1,2025_01,316,1861.68,FALSE
Tea Towel|AU|DTC|2025_02,Tea Towel,AU,DTC,2025,2,2025_02,774,4647.6,FALSE
Tea Towel|AU|DTC|2025_03,Tea Towel,AU,DTC,2025,3,2025_03,1494,9490.48,FALSE
Tea Towel|AU|DTC|2025_04,Tea Towel,AU,DTC,2025,4,2025_04,214,1463.06,FALSE
Tea Towel|AU|DTC|2025_05,Tea Towel,AU,DTC,2025,5,2025_05,48,293.42,FALSE
Tea Towel|AU|DTC|2025_06,Tea Towel,AU,DTC,2025,6,2025_06,2630,16687.3,FALSE
Tea Towel|AU|DTC|2025_07,Tea Towel,AU,DTC,2025,7,2025_07,5274,33879.88,FALSE
Tea Towel|AU|DTC|2025_08,Tea Towel,AU,DTC,2025,8,2025_08,1154,7264.32,FALSE
Tea Towel|AU|DTC|2025_09,Tea Towel,AU,DTC,2025,9,2025_09,2102,12835.76,FALSE
Tea Towel|AU|DTC|2025_10,Tea Towel,AU,DTC,2025,10,2025_10,1880,12850.95,FALSE
Tea Towel|AU|DTC|2025_11,Tea Towel,AU,DTC,2025,11,2025_11,1621,11834.37,FALSE
Tea Towel|AU|DTC|2025_12,Tea Towel,AU,DTC,2025,12,2025_12,1207,8665.47,FALSE
Tea Towel|AU|DTC|2026_01,Tea Towel,AU,DTC,2026,1,2026_01,3229,22590.86,FALSE
Tea Towel|AU|DTC|2026_02,Tea Towel,AU,DTC,2026,2,2026_02,3789,26188.56,FALSE
Tea Towel|AU|DTC|2026_03,Tea Towel,AU,DTC,2026,3,2026_03,2838,19783.87,FALSE
Tea Towel|AU|DTC|2026_04,Tea Towel,AU,DTC,2026,4,2026_04,1260,8423.39,FALSE
Tea Towel|AU|DTC|2026_05,Tea Towel,AU,DTC,2026,5,2026_05,557,4872.11,FALSE
Tea Towel|AU|DTC|2026_06,Tea Towel,AU,DTC,2026,6,2026_06,224,2074.46,FALSE
Tea Towel|AU|FBA|2025_02,Tea Towel,AU,FBA,2025,2,2025_02,6,64.68,FALSE
Tea Towel|AU|FBA|2025_07,Tea Towel,AU,FBA,2025,7,2025_07,24,226.66,FALSE
Tea Towel|AU|FBA|2025_08,Tea Towel,AU,FBA,2025,8,2025_08,18,160.14,FALSE
Tea Towel|AU|FBA|2025_09,Tea Towel,AU,FBA,2025,9,2025_09,6,61.94,FALSE
Tea Towel|AU|FBA|2025_10,Tea Towel,AU,FBA,2025,10,2025_10,19,176.53,FALSE
Tea Towel|AU|FBA|2025_11,Tea Towel,AU,FBA,2025,11,2025_11,43,395.91,FALSE
Tea Towel|AU|FBA|2025_12,Tea Towel,AU,FBA,2025,12,2025_12,96,911.78,FALSE
Tea Towel|AU|FBA|2026_01,Tea Towel,AU,FBA,2026,1,2026_01,133,1066.61,FALSE
Tea Towel|AU|FBA|2026_02,Tea Towel,AU,FBA,2026,2,2026_02,86,829.61,FALSE
Tea Towel|AU|FBA|2026_03,Tea Towel,AU,FBA,2026,3,2026_03,227,1984.27,FALSE
Tea Towel|AU|FBA|2026_04,Tea Towel,AU,FBA,2026,4,2026_04,165,1366.48,FALSE
Tea Towel|AU|FBA|2026_05,Tea Towel,AU,FBA,2026,5,2026_05,138,1162.45,FALSE
Tea Towel|AU|FBA|2026_06,Tea Towel,AU,FBA,2026,6,2026_06,53,518.68,FALSE
Tea Towel|CA|FBA|2024_11,Tea Towel,CA,FBA,2024,11,2024_11,4,61.08,FALSE
Tea Towel|CA|FBA|2025_04,Tea Towel,CA,FBA,2025,4,2025_04,4,54.48,FALSE
Tea Towel|CA|FBA|2025_05,Tea Towel,CA,FBA,2025,5,2025_05,6,60.3,FALSE
Tea Towel|EU|B2B|2024_02,Tea Towel,EU,B2B,2024,2,2024_02,86,498.54,FALSE
Tea Towel|EU|B2B|2024_03,Tea Towel,EU,B2B,2024,3,2024_03,96,321.1,FALSE
Tea Towel|EU|B2B|2024_07,Tea Towel,EU,B2B,2024,7,2024_07,2,0,FALSE
Tea Towel|EU|B2B|2024_08,Tea Towel,EU,B2B,2024,8,2024_08,104,152.08,FALSE
Tea Towel|EU|B2B|2024_09,Tea Towel,EU,B2B,2024,9,2024_09,60,19.84,FALSE
Tea Towel|EU|B2B|2024_10,Tea Towel,EU,B2B,2024,10,2024_10,44,188.1,FALSE
Tea Towel|EU|B2B|2024_11,Tea Towel,EU,B2B,2024,11,2024_11,118,582.08,FALSE
Tea Towel|EU|B2B|2024_12,Tea Towel,EU,B2B,2024,12,2024_12,70,295.8,FALSE
Tea Towel|EU|B2B|2025_02,Tea Towel,EU,B2B,2025,2,2025_02,42,225,FALSE
Tea Towel|EU|B2B|2025_04,Tea Towel,EU,B2B,2025,4,2025_04,150,723.76,FALSE
Tea Towel|EU|B2B|2025_05,Tea Towel,EU,B2B,2025,5,2025_05,98,428.98,FALSE
Tea Towel|EU|B2B|2025_06,Tea Towel,EU,B2B,2025,6,2025_06,142,713.1,FALSE
Tea Towel|EU|B2B|2025_07,Tea Towel,EU,B2B,2025,7,2025_07,8,40.34,FALSE
Tea Towel|EU|B2B|2025_08,Tea Towel,EU,B2B,2025,8,2025_08,760,3147.36,FALSE
Tea Towel|EU|B2B|2025_09,Tea Towel,EU,B2B,2025,9,2025_09,61,285.96,FALSE
Tea Towel|EU|B2B|2025_10,Tea Towel,EU,B2B,2025,10,2025_10,232,1019.4,FALSE
Tea Towel|EU|B2B|2025_11,Tea Towel,EU,B2B,2025,11,2025_11,159,762.34,FALSE
Tea Towel|EU|B2B|2025_12,Tea Towel,EU,B2B,2025,12,2025_12,81,297.47,FALSE
Tea Towel|EU|B2B|2026_01,Tea Towel,EU,B2B,2026,1,2026_01,16,1296.58,FALSE
Tea Towel|EU|B2B|2026_02,Tea Towel,EU,B2B,2026,2,2026_02,48,817.65,FALSE
Tea Towel|EU|B2B|2026_03,Tea Towel,EU,B2B,2026,3,2026_03,246,1197.48,FALSE
Tea Towel|EU|B2B|2026_04,Tea Towel,EU,B2B,2026,4,2026_04,621,2407.43,FALSE
Tea Towel|EU|B2B|2026_05,Tea Towel,EU,B2B,2026,5,2026_05,80,406.83,FALSE
Tea Towel|EU|B2B|2026_06,Tea Towel,EU,B2B,2026,6,2026_06,83,428.27,FALSE
Tea Towel|EU|DTC|2024_02,Tea Towel,EU,DTC,2024,2,2024_02,10,56.16,FALSE
Tea Towel|EU|DTC|2024_06,Tea Towel,EU,DTC,2024,6,2024_06,8,46.18,FALSE
Tea Towel|EU|DTC|2024_10,Tea Towel,EU,DTC,2024,10,2024_10,12,103.5,FALSE
Tea Towel|EU|DTC|2024_11,Tea Towel,EU,DTC,2024,11,2024_11,72,471.52,FALSE
Tea Towel|EU|DTC|2024_12,Tea Towel,EU,DTC,2024,12,2024_12,116,739.68,FALSE
Tea Towel|EU|DTC|2025_03,Tea Towel,EU,DTC,2025,3,2025_03,6,50.16,FALSE
Tea Towel|EU|DTC|2025_04,Tea Towel,EU,DTC,2025,4,2025_04,68,351.24,FALSE
Tea Towel|EU|DTC|2025_05,Tea Towel,EU,DTC,2025,5,2025_05,16,118.4,FALSE
Tea Towel|EU|DTC|2025_06,Tea Towel,EU,DTC,2025,6,2025_06,102,855.4,FALSE
Tea Towel|EU|DTC|2025_07,Tea Towel,EU,DTC,2025,7,2025_07,70,563.78,FALSE
Tea Towel|EU|DTC|2025_08,Tea Towel,EU,DTC,2025,8,2025_08,114,980.36,FALSE
Tea Towel|EU|DTC|2025_09,Tea Towel,EU,DTC,2025,9,2025_09,30,179.54,FALSE
Tea Towel|EU|DTC|2025_10,Tea Towel,EU,DTC,2025,10,2025_10,118,832.92,FALSE
Tea Towel|EU|DTC|2025_11,Tea Towel,EU,DTC,2025,11,2025_11,347,2456.71,FALSE
Tea Towel|EU|DTC|2025_12,Tea Towel,EU,DTC,2025,12,2025_12,400,2873.6,FALSE
Tea Towel|EU|DTC|2026_01,Tea Towel,EU,DTC,2026,1,2026_01,350,2875.52,FALSE
Tea Towel|EU|DTC|2026_02,Tea Towel,EU,DTC,2026,2,2026_02,80,693.5,FALSE
Tea Towel|EU|DTC|2026_03,Tea Towel,EU,DTC,2026,3,2026_03,178,1408.33,FALSE
Tea Towel|EU|DTC|2026_04,Tea Towel,EU,DTC,2026,4,2026_04,150,1201.17,FALSE
Tea Towel|EU|DTC|2026_05,Tea Towel,EU,DTC,2026,5,2026_05,221,1705.77,FALSE
Tea Towel|EU|DTC|2026_06,Tea Towel,EU,DTC,2026,6,2026_06,55,487.76,FALSE
Tea Towel|EU|FBA|2024_11,Tea Towel,EU,FBA,2024,11,2024_11,2,25.14,FALSE
Tea Towel|EU|FBA|2024_12,Tea Towel,EU,FBA,2024,12,2024_12,2,39.74,FALSE
Tea Towel|EU|FBA|2025_05,Tea Towel,EU,FBA,2025,5,2025_05,4,38.32,FALSE
Tea Towel|EU|FBA|2025_07,Tea Towel,EU,FBA,2025,7,2025_07,10,94.48,FALSE
Tea Towel|EU|FBA|2025_09,Tea Towel,EU,FBA,2025,9,2025_09,4,48.76,FALSE
Tea Towel|EU|FBA|2025_10,Tea Towel,EU,FBA,2025,10,2025_10,2,32.98,FALSE
Tea Towel|EU|FBA|2025_11,Tea Towel,EU,FBA,2025,11,2025_11,19,255.1,FALSE
Tea Towel|EU|FBA|2025_12,Tea Towel,EU,FBA,2025,12,2025_12,4,53.48,FALSE
Tea Towel|EU|FBA|2026_01,Tea Towel,EU,FBA,2026,1,2026_01,2,32.96,FALSE
Tea Towel|EU|FBA|2026_04,Tea Towel,EU,FBA,2026,4,2026_04,2,25.94,FALSE
Tea Towel|EU|FBA|2026_05,Tea Towel,EU,FBA,2026,5,2026_05,5,59.28,FALSE
Tea Towel|EU|FBA|2026_06,Tea Towel,EU,FBA,2026,6,2026_06,2,22.42,FALSE
Tea Towel|UK|B2B|2024_01,Tea Towel,UK,B2B,2024,1,2024_01,34,185.78,FALSE
Tea Towel|UK|B2B|2024_02,Tea Towel,UK,B2B,2024,2,2024_02,10,60.54,FALSE
Tea Towel|UK|B2B|2024_04,Tea Towel,UK,B2B,2024,4,2024_04,26,139.92,FALSE
Tea Towel|UK|B2B|2024_05,Tea Towel,UK,B2B,2024,5,2024_05,90,513.64,FALSE
Tea Towel|UK|B2B|2024_06,Tea Towel,UK,B2B,2024,6,2024_06,42,169.12,FALSE
Tea Towel|UK|B2B|2024_07,Tea Towel,UK,B2B,2024,7,2024_07,50,288.96,FALSE
Tea Towel|UK|B2B|2024_08,Tea Towel,UK,B2B,2024,8,2024_08,12,0,FALSE
Tea Towel|UK|B2B|2024_09,Tea Towel,UK,B2B,2024,9,2024_09,102,424.32,FALSE
Tea Towel|UK|B2B|2024_10,Tea Towel,UK,B2B,2024,10,2024_10,98,434,FALSE
Tea Towel|UK|B2B|2024_11,Tea Towel,UK,B2B,2024,11,2024_11,150,624,FALSE
Tea Towel|UK|B2B|2025_01,Tea Towel,UK,B2B,2025,1,2025_01,72,288.36,FALSE
Tea Towel|UK|B2B|2025_02,Tea Towel,UK,B2B,2025,2,2025_02,80,464.28,FALSE
Tea Towel|UK|B2B|2025_03,Tea Towel,UK,B2B,2025,3,2025_03,226,1146.8,FALSE
Tea Towel|UK|B2B|2025_04,Tea Towel,UK,B2B,2025,4,2025_04,1536,8734.12,FALSE
Tea Towel|UK|B2B|2025_05,Tea Towel,UK,B2B,2025,5,2025_05,174,1014.3,FALSE
Tea Towel|UK|B2B|2025_06,Tea Towel,UK,B2B,2025,6,2025_06,410,1576.36,FALSE
Tea Towel|UK|B2B|2025_07,Tea Towel,UK,B2B,2025,7,2025_07,200,1135.8,FALSE
Tea Towel|UK|B2B|2025_08,Tea Towel,UK,B2B,2025,8,2025_08,264,1509.24,FALSE
Tea Towel|UK|B2B|2025_09,Tea Towel,UK,B2B,2025,9,2025_09,358,1969.82,FALSE
Tea Towel|UK|B2B|2025_10,Tea Towel,UK,B2B,2025,10,2025_10,162,947.1,FALSE
Tea Towel|UK|B2B|2025_11,Tea Towel,UK,B2B,2025,11,2025_11,51,4250.13,FALSE
Tea Towel|UK|B2B|2025_12,Tea Towel,UK,B2B,2025,12,2025_12,12,78.7,FALSE
Tea Towel|UK|B2B|2026_01,Tea Towel,UK,B2B,2026,1,2026_01,50,276.55,FALSE
Tea Towel|UK|B2B|2026_02,Tea Towel,UK,B2B,2026,2,2026_02,64,300.14,FALSE
Tea Towel|UK|B2B|2026_03,Tea Towel,UK,B2B,2026,3,2026_03,176,1092.6,FALSE
Tea Towel|UK|B2B|2026_04,Tea Towel,UK,B2B,2026,4,2026_04,162,983.79,FALSE
Tea Towel|UK|B2B|2026_05,Tea Towel,UK,B2B,2026,5,2026_05,376,2259.36,FALSE
Tea Towel|UK|B2B|2026_06,Tea Towel,UK,B2B,2026,6,2026_06,242,950.79,FALSE
Tea Towel|UK|DTC|2024_01,Tea Towel,UK,DTC,2024,1,2024_01,400,2698.84,FALSE
Tea Towel|UK|DTC|2024_02,Tea Towel,UK,DTC,2024,2,2024_02,218,1515.16,FALSE
Tea Towel|UK|DTC|2024_03,Tea Towel,UK,DTC,2024,3,2024_03,268,1986.66,FALSE
Tea Towel|UK|DTC|2024_04,Tea Towel,UK,DTC,2024,4,2024_04,346,2431.24,FALSE
Tea Towel|UK|DTC|2024_05,Tea Towel,UK,DTC,2024,5,2024_05,512,3091,FALSE
Tea Towel|UK|DTC|2024_06,Tea Towel,UK,DTC,2024,6,2024_06,562,2884.1,FALSE
Tea Towel|UK|DTC|2024_07,Tea Towel,UK,DTC,2024,7,2024_07,540,3335.34,FALSE
Tea Towel|UK|DTC|2024_08,Tea Towel,UK,DTC,2024,8,2024_08,326,1860.32,FALSE
Tea Towel|UK|DTC|2024_09,Tea Towel,UK,DTC,2024,9,2024_09,5268,30273.86,FALSE
Tea Towel|UK|DTC|2024_10,Tea Towel,UK,DTC,2024,10,2024_10,3394,24487.28,FALSE
Tea Towel|UK|DTC|2024_11,Tea Towel,UK,DTC,2024,11,2024_11,2844,19809.52,FALSE
Tea Towel|UK|DTC|2024_12,Tea Towel,UK,DTC,2024,12,2024_12,48,388.8,FALSE
Tea Towel|UK|DTC|2025_01,Tea Towel,UK,DTC,2025,1,2025_01,3718,29370.98,FALSE
Tea Towel|UK|DTC|2025_02,Tea Towel,UK,DTC,2025,2,2025_02,3614,30155.64,FALSE
Tea Towel|UK|DTC|2025_03,Tea Towel,UK,DTC,2025,3,2025_03,3596,31774.16,FALSE
Tea Towel|UK|DTC|2025_04,Tea Towel,UK,DTC,2025,4,2025_04,938,8052.94,FALSE
Tea Towel|UK|DTC|2025_05,Tea Towel,UK,DTC,2025,5,2025_05,1264,11114.24,FALSE
Tea Towel|UK|DTC|2025_06,Tea Towel,UK,DTC,2025,6,2025_06,2544,21955.2,FALSE
Tea Towel|UK|DTC|2025_07,Tea Towel,UK,DTC,2025,7,2025_07,4914,42765.52,FALSE
Tea Towel|UK|DTC|2025_08,Tea Towel,UK,DTC,2025,8,2025_08,6036,51407.56,FALSE
Tea Towel|UK|DTC|2025_09,Tea Towel,UK,DTC,2025,9,2025_09,7075,59783.15,FALSE
Tea Towel|UK|DTC|2025_10,Tea Towel,UK,DTC,2025,10,2025_10,3513,32267.19,FALSE
Tea Towel|UK|DTC|2025_11,Tea Towel,UK,DTC,2025,11,2025_11,5252,50636.86,FALSE
Tea Towel|UK|DTC|2025_12,Tea Towel,UK,DTC,2025,12,2025_12,4300,40342.85,FALSE
Tea Towel|UK|DTC|2026_01,Tea Towel,UK,DTC,2026,1,2026_01,4664,45497.03,FALSE
Tea Towel|UK|DTC|2026_02,Tea Towel,UK,DTC,2026,2,2026_02,1656,17166.57,FALSE
Tea Towel|UK|DTC|2026_03,Tea Towel,UK,DTC,2026,3,2026_03,1866,17725.43,FALSE
Tea Towel|UK|DTC|2026_04,Tea Towel,UK,DTC,2026,4,2026_04,1785,16591.08,FALSE
Tea Towel|UK|DTC|2026_05,Tea Towel,UK,DTC,2026,5,2026_05,1902,17737.92,FALSE
Tea Towel|UK|DTC|2026_06,Tea Towel,UK,DTC,2026,6,2026_06,1247,12094.62,FALSE
Tea Towel|UK|FBA|2024_01,Tea Towel,UK,FBA,2024,1,2024_01,4,63.28,FALSE
Tea Towel|UK|FBA|2024_02,Tea Towel,UK,FBA,2024,2,2024_02,2,22.52,FALSE
Tea Towel|UK|FBA|2024_03,Tea Towel,UK,FBA,2024,3,2024_03,4,45.64,FALSE
Tea Towel|UK|FBA|2024_04,Tea Towel,UK,FBA,2024,4,2024_04,34,257.76,FALSE
Tea Towel|UK|FBA|2024_05,Tea Towel,UK,FBA,2024,5,2024_05,16,199.2,FALSE
Tea Towel|UK|FBA|2024_06,Tea Towel,UK,FBA,2024,6,2024_06,40,380.88,FALSE
Tea Towel|UK|FBA|2024_07,Tea Towel,UK,FBA,2024,7,2024_07,12,140.1,FALSE
Tea Towel|UK|FBA|2024_09,Tea Towel,UK,FBA,2024,9,2024_09,30,324.84,FALSE
Tea Towel|UK|FBA|2024_10,Tea Towel,UK,FBA,2024,10,2024_10,54,592.06,FALSE
Tea Towel|UK|FBA|2024_11,Tea Towel,UK,FBA,2024,11,2024_11,54,592.04,FALSE
Tea Towel|UK|FBA|2025_01,Tea Towel,UK,FBA,2025,1,2025_01,126,1293,FALSE
Tea Towel|UK|FBA|2025_02,Tea Towel,UK,FBA,2025,2,2025_02,270,2404.64,FALSE
Tea Towel|UK|FBA|2025_03,Tea Towel,UK,FBA,2025,3,2025_03,606,4993.36,FALSE
Tea Towel|UK|FBA|2025_04,Tea Towel,UK,FBA,2025,4,2025_04,238,2373.86,FALSE
Tea Towel|UK|FBA|2025_05,Tea Towel,UK,FBA,2025,5,2025_05,210,2138.18,FALSE
Tea Towel|UK|FBA|2025_06,Tea Towel,UK,FBA,2025,6,2025_06,104,1094.74,FALSE
Tea Towel|UK|FBA|2025_07,Tea Towel,UK,FBA,2025,7,2025_07,336,3571.24,FALSE
Tea Towel|UK|FBA|2025_08,Tea Towel,UK,FBA,2025,8,2025_08,400,4286.28,FALSE
Tea Towel|UK|FBA|2025_09,Tea Towel,UK,FBA,2025,9,2025_09,431,4612.68,FALSE
Tea Towel|UK|FBA|2025_10,Tea Towel,UK,FBA,2025,10,2025_10,1056,9712.48,FALSE
Tea Towel|UK|FBA|2025_11,Tea Towel,UK,FBA,2025,11,2025_11,1295,12065.12,FALSE
Tea Towel|UK|FBA|2025_12,Tea Towel,UK,FBA,2025,12,2025_12,1110,11253.38,FALSE
Tea Towel|UK|FBA|2026_01,Tea Towel,UK,FBA,2026,1,2026_01,855,8536.62,FALSE
Tea Towel|UK|FBA|2026_02,Tea Towel,UK,FBA,2026,2,2026_02,555,6141.3,FALSE
Tea Towel|UK|FBA|2026_03,Tea Towel,UK,FBA,2026,3,2026_03,423,4536.43,FALSE
Tea Towel|UK|FBA|2026_04,Tea Towel,UK,FBA,2026,4,2026_04,646,6541.91,FALSE
Tea Towel|UK|FBA|2026_05,Tea Towel,UK,FBA,2026,5,2026_05,545,5696.81,FALSE
Tea Towel|UK|FBA|2026_06,Tea Towel,UK,FBA,2026,6,2026_06,319,3409.82,FALSE
Tea Towel|US|B2B|2024_01,Tea Towel,US,B2B,2024,1,2024_01,186,1267.2,FALSE
Tea Towel|US|B2B|2024_02,Tea Towel,US,B2B,2024,2,2024_02,256,1805.1,FALSE
Tea Towel|US|B2B|2024_03,Tea Towel,US,B2B,2024,3,2024_03,222,1614.86,FALSE
Tea Towel|US|B2B|2024_04,Tea Towel,US,B2B,2024,4,2024_04,42,245.66,FALSE
Tea Towel|US|B2B|2024_05,Tea Towel,US,B2B,2024,5,2024_05,142,1028.7,FALSE
Tea Towel|US|B2B|2024_06,Tea Towel,US,B2B,2024,6,2024_06,96,660.12,FALSE
Tea Towel|US|B2B|2024_07,Tea Towel,US,B2B,2024,7,2024_07,36,231.14,FALSE
Tea Towel|US|B2B|2024_08,Tea Towel,US,B2B,2024,8,2024_08,20,122.84,FALSE
Tea Towel|US|B2B|2024_09,Tea Towel,US,B2B,2024,9,2024_09,4,25.44,FALSE
Tea Towel|US|B2B|2024_10,Tea Towel,US,B2B,2024,10,2024_10,246,1496.18,FALSE
Tea Towel|US|B2B|2024_11,Tea Towel,US,B2B,2024,11,2024_11,204,1062.7,FALSE
Tea Towel|US|B2B|2024_12,Tea Towel,US,B2B,2024,12,2024_12,416,1439.5,FALSE
Tea Towel|US|B2B|2025_01,Tea Towel,US,B2B,2025,1,2025_01,74,434.86,FALSE
Tea Towel|US|B2B|2025_02,Tea Towel,US,B2B,2025,2,2025_02,344,1978.22,FALSE
Tea Towel|US|B2B|2025_03,Tea Towel,US,B2B,2025,3,2025_03,96,550.24,FALSE
Tea Towel|US|B2B|2025_04,Tea Towel,US,B2B,2025,4,2025_04,56,320.46,FALSE
Tea Towel|US|B2B|2025_05,Tea Towel,US,B2B,2025,5,2025_05,338,2192.48,FALSE
Tea Towel|US|B2B|2025_06,Tea Towel,US,B2B,2025,6,2025_06,446,2460.7,FALSE
Tea Towel|US|B2B|2025_07,Tea Towel,US,B2B,2025,7,2025_07,74,481.9,FALSE
Tea Towel|US|B2B|2025_08,Tea Towel,US,B2B,2025,8,2025_08,70,471.65,FALSE
Tea Towel|US|B2B|2025_09,Tea Towel,US,B2B,2025,9,2025_09,174,1163.96,FALSE
Tea Towel|US|B2B|2025_10,Tea Towel,US,B2B,2025,10,2025_10,18,123.57,FALSE
Tea Towel|US|B2B|2025_11,Tea Towel,US,B2B,2025,11,2025_11,102,505.82,FALSE
Tea Towel|US|B2B|2025_12,Tea Towel,US,B2B,2025,12,2025_12,118,672.53,FALSE
Tea Towel|US|B2B|2026_01,Tea Towel,US,B2B,2026,1,2026_01,1098,5798.19,FALSE
Tea Towel|US|B2B|2026_02,Tea Towel,US,B2B,2026,2,2026_02,66,429.72,FALSE
Tea Towel|US|B2B|2026_03,Tea Towel,US,B2B,2026,3,2026_03,321,2057.31,FALSE
Tea Towel|US|B2B|2026_04,Tea Towel,US,B2B,2026,4,2026_04,113,670.33,FALSE
Tea Towel|US|B2B|2026_05,Tea Towel,US,B2B,2026,5,2026_05,332,1904.55,FALSE
Tea Towel|US|B2B|2026_06,Tea Towel,US,B2B,2026,6,2026_06,16,0,FALSE
Tea Towel|US|DTC|2024_01,Tea Towel,US,DTC,2024,1,2024_01,54,414.7,FALSE
Tea Towel|US|DTC|2024_02,Tea Towel,US,DTC,2024,2,2024_02,176,1354.9,FALSE
Tea Towel|US|DTC|2024_03,Tea Towel,US,DTC,2024,3,2024_03,86,815.8,FALSE
Tea Towel|US|DTC|2024_04,Tea Towel,US,DTC,2024,4,2024_04,76,703.46,FALSE
Tea Towel|US|DTC|2024_05,Tea Towel,US,DTC,2024,5,2024_05,124,796.58,FALSE
Tea Towel|US|DTC|2024_06,Tea Towel,US,DTC,2024,6,2024_06,168,1098.04,FALSE
Tea Towel|US|DTC|2024_07,Tea Towel,US,DTC,2024,7,2024_07,300,1914.14,FALSE
Tea Towel|US|DTC|2024_08,Tea Towel,US,DTC,2024,8,2024_08,344,2092,FALSE
Tea Towel|US|DTC|2024_09,Tea Towel,US,DTC,2024,9,2024_09,96,794.26,FALSE
Tea Towel|US|DTC|2024_10,Tea Towel,US,DTC,2024,10,2024_10,180,1224.16,FALSE
Tea Towel|US|DTC|2024_11,Tea Towel,US,DTC,2024,11,2024_11,140,845.52,FALSE
Tea Towel|US|DTC|2024_12,Tea Towel,US,DTC,2024,12,2024_12,258,2097.44,FALSE
Tea Towel|US|DTC|2025_01,Tea Towel,US,DTC,2025,1,2025_01,96,703.04,FALSE
Tea Towel|US|DTC|2025_02,Tea Towel,US,DTC,2025,2,2025_02,106,780.28,FALSE
Tea Towel|US|DTC|2025_03,Tea Towel,US,DTC,2025,3,2025_03,186,1323.14,FALSE
Tea Towel|US|DTC|2025_04,Tea Towel,US,DTC,2025,4,2025_04,40,297.16,FALSE
Tea Towel|US|DTC|2025_05,Tea Towel,US,DTC,2025,5,2025_05,78,688.98,FALSE
Tea Towel|US|DTC|2025_06,Tea Towel,US,DTC,2025,6,2025_06,302,3055.82,FALSE
Tea Towel|US|DTC|2025_07,Tea Towel,US,DTC,2025,7,2025_07,368,3129.9,FALSE
Tea Towel|US|DTC|2025_08,Tea Towel,US,DTC,2025,8,2025_08,148,1595.14,FALSE
Tea Towel|US|DTC|2025_09,Tea Towel,US,DTC,2025,9,2025_09,473,3989.87,FALSE
Tea Towel|US|DTC|2025_10,Tea Towel,US,DTC,2025,10,2025_10,187,1791.82,FALSE
Tea Towel|US|DTC|2025_11,Tea Towel,US,DTC,2025,11,2025_11,213,2072.02,FALSE
Tea Towel|US|DTC|2025_12,Tea Towel,US,DTC,2025,12,2025_12,195,1919.37,FALSE
Tea Towel|US|DTC|2026_01,Tea Towel,US,DTC,2026,1,2026_01,86,909.7,FALSE
Tea Towel|US|DTC|2026_02,Tea Towel,US,DTC,2026,2,2026_02,50,575.65,FALSE
Tea Towel|US|DTC|2026_03,Tea Towel,US,DTC,2026,3,2026_03,88,1001.56,FALSE
Tea Towel|US|DTC|2026_04,Tea Towel,US,DTC,2026,4,2026_04,120,1076.27,FALSE
Tea Towel|US|DTC|2026_05,Tea Towel,US,DTC,2026,5,2026_05,78,695.69,FALSE
Tea Towel|US|DTC|2026_06,Tea Towel,US,DTC,2026,6,2026_06,123,1215.22,FALSE
Tea Towel|US|FBA|2024_03,Tea Towel,US,FBA,2024,3,2024_03,20,249.9,FALSE
Tea Towel|US|FBA|2024_04,Tea Towel,US,FBA,2024,4,2024_04,22,270.4,FALSE
Tea Towel|US|FBA|2024_06,Tea Towel,US,FBA,2024,6,2024_06,2,21.2,FALSE
Tea Towel|US|FBA|2024_07,Tea Towel,US,FBA,2024,7,2024_07,64,468.54,FALSE
Tea Towel|US|FBA|2024_08,Tea Towel,US,FBA,2024,8,2024_08,14,152.86,FALSE
Tea Towel|US|FBA|2024_09,Tea Towel,US,FBA,2024,9,2024_09,2,16,FALSE
Tea Towel|US|FBA|2024_12,Tea Towel,US,FBA,2024,12,2024_12,34,442.34,FALSE
Tea Towel|US|FBA|2025_01,Tea Towel,US,FBA,2025,1,2025_01,22,318.66,FALSE
Tea Towel|US|FBA|2025_03,Tea Towel,US,FBA,2025,3,2025_03,34,345.16,FALSE
Tea Towel|US|FBA|2025_04,Tea Towel,US,FBA,2025,4,2025_04,28,287.86,FALSE
Tea Towel|US|FBA|2025_05,Tea Towel,US,FBA,2025,5,2025_05,14,129.9,FALSE
Tea Towel|US|FBA|2025_06,Tea Towel,US,FBA,2025,6,2025_06,16,169.24,FALSE
Tea Towel|US|FBA|2025_07,Tea Towel,US,FBA,2025,7,2025_07,40,415.16,FALSE
Tea Towel|US|FBA|2025_08,Tea Towel,US,FBA,2025,8,2025_08,60,603.88,FALSE
Tea Towel|US|FBA|2025_09,Tea Towel,US,FBA,2025,9,2025_09,20,239.48,FALSE
Tea Towel|US|FBA|2025_10,Tea Towel,US,FBA,2025,10,2025_10,53,562.42,FALSE
Tea Towel|US|FBA|2025_11,Tea Towel,US,FBA,2025,11,2025_11,30,329.23,FALSE
Tea Towel|US|FBA|2025_12,Tea Towel,US,FBA,2025,12,2025_12,33,385.23,FALSE
Tea Towel|US|FBA|2026_01,Tea Towel,US,FBA,2026,1,2026_01,33,372.94,FALSE
Tea Towel|US|FBA|2026_02,Tea Towel,US,FBA,2026,2,2026_02,22,270.22,FALSE
Tea Towel|US|FBA|2026_03,Tea Towel,US,FBA,2026,3,2026_03,27,259.04,FALSE
Tea Towel|US|FBA|2026_04,Tea Towel,US,FBA,2026,4,2026_04,116,1091.91,FALSE
Tea Towel|US|FBA|2026_05,Tea Towel,US,FBA,2026,5,2026_05,56,667.69,FALSE
Tea Towel|US|FBA|2026_06,Tea Towel,US,FBA,2026,6,2026_06,18,201.46,FALSE
Towel - Beach CORE|AU|DTC|2024_01,Towel - Beach CORE,AU,DTC,2024,1,2024_01,4588,92358.33,FALSE
Towel - Beach CORE|AU|DTC|2024_02,Towel - Beach CORE,AU,DTC,2024,2,2024_02,3898,70044.48,FALSE
Towel - Beach CORE|AU|DTC|2024_03,Towel - Beach CORE,AU,DTC,2024,3,2024_03,2407,47272.47,FALSE
Towel - Beach CORE|AU|DTC|2024_04,Towel - Beach CORE,AU,DTC,2024,4,2024_04,2653,52571.79,FALSE
Towel - Beach CORE|AU|DTC|2024_05,Towel - Beach CORE,AU,DTC,2024,5,2024_05,2990,61133.69,FALSE
Towel - Beach CORE|AU|DTC|2024_06,Towel - Beach CORE,AU,DTC,2024,6,2024_06,2675,44276.4,FALSE
Towel - Beach CORE|AU|DTC|2024_07,Towel - Beach CORE,AU,DTC,2024,7,2024_07,2791,45085.01,FALSE
Towel - Beach CORE|AU|DTC|2024_08,Towel - Beach CORE,AU,DTC,2024,8,2024_08,2690,41700.68,FALSE
Towel - Beach CORE|AU|DTC|2024_09,Towel - Beach CORE,AU,DTC,2024,9,2024_09,2498,38893.94,FALSE
Towel - Beach CORE|AU|DTC|2024_10,Towel - Beach CORE,AU,DTC,2024,10,2024_10,3240,55769.15,FALSE
Towel - Beach CORE|AU|DTC|2024_11,Towel - Beach CORE,AU,DTC,2024,11,2024_11,8622,136897.51,FALSE
Towel - Beach CORE|AU|DTC|2024_12,Towel - Beach CORE,AU,DTC,2024,12,2024_12,11627,195400.11,FALSE
Towel - Beach CORE|AU|DTC|2025_01,Towel - Beach CORE,AU,DTC,2025,1,2025_01,3167,50682.38,FALSE
Towel - Beach CORE|AU|DTC|2025_02,Towel - Beach CORE,AU,DTC,2025,2,2025_02,1251,23339.72,FALSE
Towel - Beach CORE|AU|DTC|2025_03,Towel - Beach CORE,AU,DTC,2025,3,2025_03,1118,21036.39,FALSE
Towel - Beach CORE|AU|DTC|2025_04,Towel - Beach CORE,AU,DTC,2025,4,2025_04,1043,19308.01,FALSE
Towel - Beach CORE|AU|DTC|2025_05,Towel - Beach CORE,AU,DTC,2025,5,2025_05,1356,25877.66,FALSE
Towel - Beach CORE|AU|DTC|2025_06,Towel - Beach CORE,AU,DTC,2025,6,2025_06,1912,35083.21,FALSE
Towel - Beach CORE|AU|DTC|2025_07,Towel - Beach CORE,AU,DTC,2025,7,2025_07,1628,29143.08,FALSE
Towel - Beach CORE|AU|DTC|2025_08,Towel - Beach CORE,AU,DTC,2025,8,2025_08,2227,35509.97,FALSE
Towel - Beach CORE|AU|DTC|2025_09,Towel - Beach CORE,AU,DTC,2025,9,2025_09,1715,29523.3,FALSE
Towel - Beach CORE|AU|DTC|2025_10,Towel - Beach CORE,AU,DTC,2025,10,2025_10,2115,33293.67,FALSE
Towel - Beach CORE|AU|DTC|2025_11,Towel - Beach CORE,AU,DTC,2025,11,2025_11,6759,105843.52,FALSE
Towel - Beach CORE|AU|DTC|2025_12,Towel - Beach CORE,AU,DTC,2025,12,2025_12,8618,142798.09,FALSE
Towel - Beach CORE|AU|DTC|2026_01,Towel - Beach CORE,AU,DTC,2026,1,2026_01,2446,41422.3,FALSE
Towel - Beach CORE|AU|DTC|2026_02,Towel - Beach CORE,AU,DTC,2026,2,2026_02,1020,19262.58,FALSE
Towel - Beach CORE|AU|DTC|2026_03,Towel - Beach CORE,AU,DTC,2026,3,2026_03,964,17985.74,FALSE
Towel - Beach CORE|AU|DTC|2026_04,Towel - Beach CORE,AU,DTC,2026,4,2026_04,741,13947.06,FALSE
Towel - Beach CORE|AU|DTC|2026_05,Towel - Beach CORE,AU,DTC,2026,5,2026_05,862,20475.36,FALSE
Towel - Beach CORE|AU|DTC|2026_06,Towel - Beach CORE,AU,DTC,2026,6,2026_06,654,15326.33,FALSE
Towel - Beach CORE|AU|FBA|2024_01,Towel - Beach CORE,AU,FBA,2024,1,2024_01,485,12309.57,FALSE
Towel - Beach CORE|AU|FBA|2024_02,Towel - Beach CORE,AU,FBA,2024,2,2024_02,315,7812.58,FALSE
Towel - Beach CORE|AU|FBA|2024_03,Towel - Beach CORE,AU,FBA,2024,3,2024_03,326,8248.8,FALSE
Towel - Beach CORE|AU|FBA|2024_04,Towel - Beach CORE,AU,FBA,2024,4,2024_04,351,8698,FALSE
Towel - Beach CORE|AU|FBA|2024_05,Towel - Beach CORE,AU,FBA,2024,5,2024_05,509,12565.1,FALSE
Towel - Beach CORE|AU|FBA|2024_06,Towel - Beach CORE,AU,FBA,2024,6,2024_06,603,15017.34,FALSE
Towel - Beach CORE|AU|FBA|2024_07,Towel - Beach CORE,AU,FBA,2024,7,2024_07,434,10575.72,FALSE
Towel - Beach CORE|AU|FBA|2024_08,Towel - Beach CORE,AU,FBA,2024,8,2024_08,400,9638.05,FALSE
Towel - Beach CORE|AU|FBA|2024_09,Towel - Beach CORE,AU,FBA,2024,9,2024_09,349,8645.67,FALSE
Towel - Beach CORE|AU|FBA|2024_10,Towel - Beach CORE,AU,FBA,2024,10,2024_10,306,7290.17,FALSE
Towel - Beach CORE|AU|FBA|2024_11,Towel - Beach CORE,AU,FBA,2024,11,2024_11,521,12396.61,FALSE
Towel - Beach CORE|AU|FBA|2024_12,Towel - Beach CORE,AU,FBA,2024,12,2024_12,1084,26245.35,FALSE
Towel - Beach CORE|AU|FBA|2025_01,Towel - Beach CORE,AU,FBA,2025,1,2025_01,437,10793.36,FALSE
Towel - Beach CORE|AU|FBA|2025_02,Towel - Beach CORE,AU,FBA,2025,2,2025_02,307,7466.8,FALSE
Towel - Beach CORE|AU|FBA|2025_03,Towel - Beach CORE,AU,FBA,2025,3,2025_03,302,6621.77,FALSE
Towel - Beach CORE|AU|FBA|2025_04,Towel - Beach CORE,AU,FBA,2025,4,2025_04,415,8620.03,FALSE
Towel - Beach CORE|AU|FBA|2025_05,Towel - Beach CORE,AU,FBA,2025,5,2025_05,604,10649.63,FALSE
Towel - Beach CORE|AU|FBA|2025_06,Towel - Beach CORE,AU,FBA,2025,6,2025_06,485,10791.45,FALSE
Towel - Beach CORE|AU|FBA|2025_07,Towel - Beach CORE,AU,FBA,2025,7,2025_07,673,13046.03,FALSE
Towel - Beach CORE|AU|FBA|2025_08,Towel - Beach CORE,AU,FBA,2025,8,2025_08,377,7687.21,FALSE
Towel - Beach CORE|AU|FBA|2025_09,Towel - Beach CORE,AU,FBA,2025,9,2025_09,378,8368.02,FALSE
Towel - Beach CORE|AU|FBA|2025_10,Towel - Beach CORE,AU,FBA,2025,10,2025_10,284,5934.21,FALSE
Towel - Beach CORE|AU|FBA|2025_11,Towel - Beach CORE,AU,FBA,2025,11,2025_11,650,13210.12,FALSE
Towel - Beach CORE|AU|FBA|2025_12,Towel - Beach CORE,AU,FBA,2025,12,2025_12,1276,29784.42,FALSE
Towel - Beach CORE|AU|FBA|2026_01,Towel - Beach CORE,AU,FBA,2026,1,2026_01,424,9648.43,FALSE
Towel - Beach CORE|AU|FBA|2026_02,Towel - Beach CORE,AU,FBA,2026,2,2026_02,259,6443.19,FALSE
Towel - Beach CORE|AU|FBA|2026_03,Towel - Beach CORE,AU,FBA,2026,3,2026_03,256,6132.79,FALSE
Towel - Beach CORE|AU|FBA|2026_04,Towel - Beach CORE,AU,FBA,2026,4,2026_04,200,4734.72,FALSE
Towel - Beach CORE|AU|FBA|2026_05,Towel - Beach CORE,AU,FBA,2026,5,2026_05,249,7164.38,FALSE
Towel - Beach CORE|AU|FBA|2026_06,Towel - Beach CORE,AU,FBA,2026,6,2026_06,217,6239.65,FALSE
Towel - Beach CORE|CA|FBA|2024_01,Towel - Beach CORE,CA,FBA,2024,1,2024_01,434,10484,FALSE
Towel - Beach CORE|CA|FBA|2024_02,Towel - Beach CORE,CA,FBA,2024,2,2024_02,358,9013.3,FALSE
Towel - Beach CORE|CA|FBA|2024_03,Towel - Beach CORE,CA,FBA,2024,3,2024_03,511,12203.03,FALSE
Towel - Beach CORE|CA|FBA|2024_04,Towel - Beach CORE,CA,FBA,2024,4,2024_04,678,16340.31,FALSE
Towel - Beach CORE|CA|FBA|2024_05,Towel - Beach CORE,CA,FBA,2024,5,2024_05,889,19770.82,FALSE
Towel - Beach CORE|CA|FBA|2024_06,Towel - Beach CORE,CA,FBA,2024,6,2024_06,1146,24983.5,FALSE
Towel - Beach CORE|CA|FBA|2024_07,Towel - Beach CORE,CA,FBA,2024,7,2024_07,1245,26866.73,FALSE
Towel - Beach CORE|CA|FBA|2024_08,Towel - Beach CORE,CA,FBA,2024,8,2024_08,663,14108.99,FALSE
Towel - Beach CORE|CA|FBA|2024_09,Towel - Beach CORE,CA,FBA,2024,9,2024_09,256,5654.5,FALSE
Towel - Beach CORE|CA|FBA|2024_10,Towel - Beach CORE,CA,FBA,2024,10,2024_10,140,3016.66,FALSE
Towel - Beach CORE|CA|FBA|2024_11,Towel - Beach CORE,CA,FBA,2024,11,2024_11,229,4933.42,FALSE
Towel - Beach CORE|CA|FBA|2024_12,Towel - Beach CORE,CA,FBA,2024,12,2024_12,407,9058.96,FALSE
Towel - Beach CORE|CA|FBA|2025_01,Towel - Beach CORE,CA,FBA,2025,1,2025_01,312,7128.81,FALSE
Towel - Beach CORE|CA|FBA|2025_02,Towel - Beach CORE,CA,FBA,2025,2,2025_02,322,7257.74,FALSE
Towel - Beach CORE|CA|FBA|2025_03,Towel - Beach CORE,CA,FBA,2025,3,2025_03,553,10623.04,FALSE
Towel - Beach CORE|CA|FBA|2025_04,Towel - Beach CORE,CA,FBA,2025,4,2025_04,580,11072.2,FALSE
Towel - Beach CORE|CA|FBA|2025_05,Towel - Beach CORE,CA,FBA,2025,5,2025_05,783,12499.51,FALSE
Towel - Beach CORE|CA|FBA|2025_06,Towel - Beach CORE,CA,FBA,2025,6,2025_06,1101,23475.96,FALSE
Towel - Beach CORE|CA|FBA|2025_07,Towel - Beach CORE,CA,FBA,2025,7,2025_07,1856,34122.14,FALSE
Towel - Beach CORE|CA|FBA|2025_08,Towel - Beach CORE,CA,FBA,2025,8,2025_08,1085,19644.89,FALSE
Towel - Beach CORE|CA|FBA|2025_09,Towel - Beach CORE,CA,FBA,2025,9,2025_09,307,6635.88,FALSE
Towel - Beach CORE|CA|FBA|2025_10,Towel - Beach CORE,CA,FBA,2025,10,2025_10,300,6140.92,FALSE
Towel - Beach CORE|CA|FBA|2025_11,Towel - Beach CORE,CA,FBA,2025,11,2025_11,616,11341.35,FALSE
Towel - Beach CORE|CA|FBA|2025_12,Towel - Beach CORE,CA,FBA,2025,12,2025_12,799,17386.8,FALSE
Towel - Beach CORE|CA|FBA|2026_01,Towel - Beach CORE,CA,FBA,2026,1,2026_01,515,11290.67,FALSE
Towel - Beach CORE|CA|FBA|2026_02,Towel - Beach CORE,CA,FBA,2026,2,2026_02,204,4302.01,FALSE
Towel - Beach CORE|CA|FBA|2026_03,Towel - Beach CORE,CA,FBA,2026,3,2026_03,190,3842.45,FALSE
Towel - Beach CORE|CA|FBA|2026_04,Towel - Beach CORE,CA,FBA,2026,4,2026_04,364,6997.24,FALSE
Towel - Beach CORE|CA|FBA|2026_05,Towel - Beach CORE,CA,FBA,2026,5,2026_05,541,10478.54,FALSE
Towel - Beach CORE|CA|FBA|2026_06,Towel - Beach CORE,CA,FBA,2026,6,2026_06,247,4971.45,FALSE
Towel - Beach CORE|EU|B2B|2024_01,Towel - Beach CORE,EU,B2B,2024,1,2024_01,4098,28472.45,FALSE
Towel - Beach CORE|EU|B2B|2024_02,Towel - Beach CORE,EU,B2B,2024,2,2024_02,3239,27323.08,FALSE
Towel - Beach CORE|EU|B2B|2024_03,Towel - Beach CORE,EU,B2B,2024,3,2024_03,3616,41302.46,FALSE
Towel - Beach CORE|EU|B2B|2024_04,Towel - Beach CORE,EU,B2B,2024,4,2024_04,4718,48031.95,FALSE
Towel - Beach CORE|EU|B2B|2024_05,Towel - Beach CORE,EU,B2B,2024,5,2024_05,3620,38416.7,FALSE
Towel - Beach CORE|EU|B2B|2024_06,Towel - Beach CORE,EU,B2B,2024,6,2024_06,2248,21886.14,FALSE
Towel - Beach CORE|EU|B2B|2024_07,Towel - Beach CORE,EU,B2B,2024,7,2024_07,1783,25215.16,FALSE
Towel - Beach CORE|EU|B2B|2024_08,Towel - Beach CORE,EU,B2B,2024,8,2024_08,1688,21258.88,FALSE
Towel - Beach CORE|EU|B2B|2024_09,Towel - Beach CORE,EU,B2B,2024,9,2024_09,4980,63592.99,FALSE
Towel - Beach CORE|EU|B2B|2024_10,Towel - Beach CORE,EU,B2B,2024,10,2024_10,260,2782.71,FALSE
Towel - Beach CORE|EU|B2B|2024_11,Towel - Beach CORE,EU,B2B,2024,11,2024_11,762,8450.8,FALSE
Towel - Beach CORE|EU|B2B|2024_12,Towel - Beach CORE,EU,B2B,2024,12,2024_12,1875,19790.12,FALSE
Towel - Beach CORE|EU|B2B|2025_01,Towel - Beach CORE,EU,B2B,2025,1,2025_01,5692,57988.79,FALSE
Towel - Beach CORE|EU|B2B|2025_02,Towel - Beach CORE,EU,B2B,2025,2,2025_02,4631,49414.08,FALSE
Towel - Beach CORE|EU|B2B|2025_03,Towel - Beach CORE,EU,B2B,2025,3,2025_03,1026,24037.97,FALSE
Towel - Beach CORE|EU|B2B|2025_04,Towel - Beach CORE,EU,B2B,2025,4,2025_04,1408,16178.32,FALSE
Towel - Beach CORE|EU|B2B|2025_05,Towel - Beach CORE,EU,B2B,2025,5,2025_05,1326,14807.16,FALSE
Towel - Beach CORE|EU|B2B|2025_06,Towel - Beach CORE,EU,B2B,2025,6,2025_06,3013,35305.42,FALSE
Towel - Beach CORE|EU|B2B|2025_07,Towel - Beach CORE,EU,B2B,2025,7,2025_07,3295,32792.68,FALSE
Towel - Beach CORE|EU|B2B|2025_08,Towel - Beach CORE,EU,B2B,2025,8,2025_08,2213,23541.4,FALSE
Towel - Beach CORE|EU|B2B|2025_09,Towel - Beach CORE,EU,B2B,2025,9,2025_09,592,6906.27,FALSE
Towel - Beach CORE|EU|B2B|2025_10,Towel - Beach CORE,EU,B2B,2025,10,2025_10,265,3122.68,FALSE
Towel - Beach CORE|EU|B2B|2025_11,Towel - Beach CORE,EU,B2B,2025,11,2025_11,206,2455.01,FALSE
Towel - Beach CORE|EU|B2B|2025_12,Towel - Beach CORE,EU,B2B,2025,12,2025_12,164,979.5,FALSE
Towel - Beach CORE|EU|B2B|2026_01,Towel - Beach CORE,EU,B2B,2026,1,2026_01,2712,55313.79,FALSE
Towel - Beach CORE|EU|B2B|2026_02,Towel - Beach CORE,EU,B2B,2026,2,2026_02,906,17534.95,FALSE
Towel - Beach CORE|EU|B2B|2026_03,Towel - Beach CORE,EU,B2B,2026,3,2026_03,2542,27724.18,FALSE
Towel - Beach CORE|EU|B2B|2026_04,Towel - Beach CORE,EU,B2B,2026,4,2026_04,2735,29238.66,FALSE
Towel - Beach CORE|EU|B2B|2026_05,Towel - Beach CORE,EU,B2B,2026,5,2026_05,1025,11969.26,FALSE
Towel - Beach CORE|EU|B2B|2026_06,Towel - Beach CORE,EU,B2B,2026,6,2026_06,887,10358.26,FALSE
Towel - Beach CORE|EU|DTC|2024_01,Towel - Beach CORE,EU,DTC,2024,1,2024_01,796,15764.78,FALSE
Towel - Beach CORE|EU|DTC|2024_02,Towel - Beach CORE,EU,DTC,2024,2,2024_02,781,15782.27,FALSE
Towel - Beach CORE|EU|DTC|2024_03,Towel - Beach CORE,EU,DTC,2024,3,2024_03,1806,39007.89,FALSE
Towel - Beach CORE|EU|DTC|2024_04,Towel - Beach CORE,EU,DTC,2024,4,2024_04,2477,56030.74,FALSE
Towel - Beach CORE|EU|DTC|2024_05,Towel - Beach CORE,EU,DTC,2024,5,2024_05,4544,103328.72,FALSE
Towel - Beach CORE|EU|DTC|2024_06,Towel - Beach CORE,EU,DTC,2024,6,2024_06,4836,81451.98,FALSE
Towel - Beach CORE|EU|DTC|2024_07,Towel - Beach CORE,EU,DTC,2024,7,2024_07,5421,94806.45,FALSE
Towel - Beach CORE|EU|DTC|2024_08,Towel - Beach CORE,EU,DTC,2024,8,2024_08,3213,57224.4,FALSE
Towel - Beach CORE|EU|DTC|2024_09,Towel - Beach CORE,EU,DTC,2024,9,2024_09,1267,21899.87,FALSE
Towel - Beach CORE|EU|DTC|2024_10,Towel - Beach CORE,EU,DTC,2024,10,2024_10,663,8858.84,FALSE
Towel - Beach CORE|EU|DTC|2024_11,Towel - Beach CORE,EU,DTC,2024,11,2024_11,1204,17741.47,FALSE
Towel - Beach CORE|EU|DTC|2024_12,Towel - Beach CORE,EU,DTC,2024,12,2024_12,1404,23666.3,FALSE
Towel - Beach CORE|EU|DTC|2025_01,Towel - Beach CORE,EU,DTC,2025,1,2025_01,409,7761.36,FALSE
Towel - Beach CORE|EU|DTC|2025_02,Towel - Beach CORE,EU,DTC,2025,2,2025_02,445,8757.1,FALSE
Towel - Beach CORE|EU|DTC|2025_03,Towel - Beach CORE,EU,DTC,2025,3,2025_03,800,15692.39,FALSE
Towel - Beach CORE|EU|DTC|2025_04,Towel - Beach CORE,EU,DTC,2025,4,2025_04,1042,20659.85,FALSE
Towel - Beach CORE|EU|DTC|2025_05,Towel - Beach CORE,EU,DTC,2025,5,2025_05,1619,31391.49,FALSE
Towel - Beach CORE|EU|DTC|2025_06,Towel - Beach CORE,EU,DTC,2025,6,2025_06,3366,66305.92,FALSE
Towel - Beach CORE|EU|DTC|2025_07,Towel - Beach CORE,EU,DTC,2025,7,2025_07,2840,57574.88,FALSE
Towel - Beach CORE|EU|DTC|2025_08,Towel - Beach CORE,EU,DTC,2025,8,2025_08,2111,41442.76,FALSE
Towel - Beach CORE|EU|DTC|2025_09,Towel - Beach CORE,EU,DTC,2025,9,2025_09,912,16245.58,FALSE
Towel - Beach CORE|EU|DTC|2025_10,Towel - Beach CORE,EU,DTC,2025,10,2025_10,472,8977.64,FALSE
Towel - Beach CORE|EU|DTC|2025_11,Towel - Beach CORE,EU,DTC,2025,11,2025_11,1179,20083.41,FALSE
Towel - Beach CORE|EU|DTC|2025_12,Towel - Beach CORE,EU,DTC,2025,12,2025_12,796,14161.04,FALSE
Towel - Beach CORE|EU|DTC|2026_01,Towel - Beach CORE,EU,DTC,2026,1,2026_01,604,10405.45,FALSE
Towel - Beach CORE|EU|DTC|2026_02,Towel - Beach CORE,EU,DTC,2026,2,2026_02,731,14420.4,FALSE
Towel - Beach CORE|EU|DTC|2026_03,Towel - Beach CORE,EU,DTC,2026,3,2026_03,1223,23285.42,FALSE
Towel - Beach CORE|EU|DTC|2026_04,Towel - Beach CORE,EU,DTC,2026,4,2026_04,1384,25254.8,FALSE
Towel - Beach CORE|EU|DTC|2026_05,Towel - Beach CORE,EU,DTC,2026,5,2026_05,2068,39527.19,FALSE
Towel - Beach CORE|EU|DTC|2026_06,Towel - Beach CORE,EU,DTC,2026,6,2026_06,1877,35800.1,FALSE
Towel - Beach CORE|EU|FBA|2024_01,Towel - Beach CORE,EU,FBA,2024,1,2024_01,220,5388.4,FALSE
Towel - Beach CORE|EU|FBA|2024_02,Towel - Beach CORE,EU,FBA,2024,2,2024_02,314,7460.88,FALSE
Towel - Beach CORE|EU|FBA|2024_03,Towel - Beach CORE,EU,FBA,2024,3,2024_03,585,13868.13,FALSE
Towel - Beach CORE|EU|FBA|2024_04,Towel - Beach CORE,EU,FBA,2024,4,2024_04,897,21648.3,FALSE
Towel - Beach CORE|EU|FBA|2024_05,Towel - Beach CORE,EU,FBA,2024,5,2024_05,1864,45177.98,FALSE
Towel - Beach CORE|EU|FBA|2024_06,Towel - Beach CORE,EU,FBA,2024,6,2024_06,1737,38960.07,FALSE
Towel - Beach CORE|EU|FBA|2024_07,Towel - Beach CORE,EU,FBA,2024,7,2024_07,2674,56702.96,FALSE
Towel - Beach CORE|EU|FBA|2024_08,Towel - Beach CORE,EU,FBA,2024,8,2024_08,1892,43911.38,FALSE
Towel - Beach CORE|EU|FBA|2024_09,Towel - Beach CORE,EU,FBA,2024,9,2024_09,469,11641.47,FALSE
Towel - Beach CORE|EU|FBA|2024_10,Towel - Beach CORE,EU,FBA,2024,10,2024_10,191,5079.16,FALSE
Towel - Beach CORE|EU|FBA|2024_11,Towel - Beach CORE,EU,FBA,2024,11,2024_11,544,13758.18,FALSE
Towel - Beach CORE|EU|FBA|2024_12,Towel - Beach CORE,EU,FBA,2024,12,2024_12,480,12737.55,FALSE
Towel - Beach CORE|EU|FBA|2025_01,Towel - Beach CORE,EU,FBA,2025,1,2025_01,332,8882.06,FALSE
Towel - Beach CORE|EU|FBA|2025_02,Towel - Beach CORE,EU,FBA,2025,2,2025_02,298,8131.35,FALSE
Towel - Beach CORE|EU|FBA|2025_03,Towel - Beach CORE,EU,FBA,2025,3,2025_03,604,15964.11,FALSE
Towel - Beach CORE|EU|FBA|2025_04,Towel - Beach CORE,EU,FBA,2025,4,2025_04,936,23192.92,FALSE
Towel - Beach CORE|EU|FBA|2025_05,Towel - Beach CORE,EU,FBA,2025,5,2025_05,1486,35212.82,FALSE
Towel - Beach CORE|EU|FBA|2025_06,Towel - Beach CORE,EU,FBA,2025,6,2025_06,2220,60589.22,FALSE
Towel - Beach CORE|EU|FBA|2025_07,Towel - Beach CORE,EU,FBA,2025,7,2025_07,2259,59386.79,FALSE
Towel - Beach CORE|EU|FBA|2025_08,Towel - Beach CORE,EU,FBA,2025,8,2025_08,915,25445.37,FALSE
Towel - Beach CORE|EU|FBA|2025_09,Towel - Beach CORE,EU,FBA,2025,9,2025_09,148,4073.46,FALSE
Towel - Beach CORE|EU|FBA|2025_10,Towel - Beach CORE,EU,FBA,2025,10,2025_10,103,2935.74,FALSE
Towel - Beach CORE|EU|FBA|2025_11,Towel - Beach CORE,EU,FBA,2025,11,2025_11,239,5511.65,FALSE
Towel - Beach CORE|EU|FBA|2025_12,Towel - Beach CORE,EU,FBA,2025,12,2025_12,135,3699.88,FALSE
Towel - Beach CORE|EU|FBA|2026_01,Towel - Beach CORE,EU,FBA,2026,1,2026_01,83,2256.58,FALSE
Towel - Beach CORE|EU|FBA|2026_02,Towel - Beach CORE,EU,FBA,2026,2,2026_02,73,2019.47,FALSE
Towel - Beach CORE|EU|FBA|2026_03,Towel - Beach CORE,EU,FBA,2026,3,2026_03,128,3617.02,FALSE
Towel - Beach CORE|EU|FBA|2026_04,Towel - Beach CORE,EU,FBA,2026,4,2026_04,189,5489.94,FALSE
Towel - Beach CORE|EU|FBA|2026_05,Towel - Beach CORE,EU,FBA,2026,5,2026_05,738,19560.14,FALSE
Towel - Beach CORE|EU|FBA|2026_06,Towel - Beach CORE,EU,FBA,2026,6,2026_06,512,13911.84,FALSE
Towel - Beach CORE|UK|B2B|2024_01,Towel - Beach CORE,UK,B2B,2024,1,2024_01,2797,34000.04,FALSE
Towel - Beach CORE|UK|B2B|2024_02,Towel - Beach CORE,UK,B2B,2024,2,2024_02,5698,59305.47,FALSE
Towel - Beach CORE|UK|B2B|2024_03,Towel - Beach CORE,UK,B2B,2024,3,2024_03,10793,113174.17,FALSE
Towel - Beach CORE|UK|B2B|2024_04,Towel - Beach CORE,UK,B2B,2024,4,2024_04,4027,48063,FALSE
Towel - Beach CORE|UK|B2B|2024_05,Towel - Beach CORE,UK,B2B,2024,5,2024_05,8712,105205.8,FALSE
Towel - Beach CORE|UK|B2B|2024_06,Towel - Beach CORE,UK,B2B,2024,6,2024_06,3929,38780.44,FALSE
Towel - Beach CORE|UK|B2B|2024_07,Towel - Beach CORE,UK,B2B,2024,7,2024_07,3612,36985.21,FALSE
Towel - Beach CORE|UK|B2B|2024_08,Towel - Beach CORE,UK,B2B,2024,8,2024_08,9644,94008.07,FALSE
Towel - Beach CORE|UK|B2B|2024_09,Towel - Beach CORE,UK,B2B,2024,9,2024_09,2807,27344.77,FALSE
Towel - Beach CORE|UK|B2B|2024_10,Towel - Beach CORE,UK,B2B,2024,10,2024_10,881,9579.82,FALSE
Towel - Beach CORE|UK|B2B|2024_11,Towel - Beach CORE,UK,B2B,2024,11,2024_11,1805,17803.08,FALSE
Towel - Beach CORE|UK|B2B|2024_12,Towel - Beach CORE,UK,B2B,2024,12,2024_12,1050,9895.72,FALSE
Towel - Beach CORE|UK|B2B|2025_01,Towel - Beach CORE,UK,B2B,2025,1,2025_01,1483,16897.06,FALSE
Towel - Beach CORE|UK|B2B|2025_02,Towel - Beach CORE,UK,B2B,2025,2,2025_02,-178,164272.84,FALSE
Towel - Beach CORE|UK|B2B|2025_03,Towel - Beach CORE,UK,B2B,2025,3,2025_03,1919,37458.16,FALSE
Towel - Beach CORE|UK|B2B|2025_04,Towel - Beach CORE,UK,B2B,2025,4,2025_04,1858,60923.41,FALSE
Towel - Beach CORE|UK|B2B|2025_05,Towel - Beach CORE,UK,B2B,2025,5,2025_05,3872,44758.76,FALSE
Towel - Beach CORE|UK|B2B|2025_06,Towel - Beach CORE,UK,B2B,2025,6,2025_06,5846,63850.31,FALSE
Towel - Beach CORE|UK|B2B|2025_07,Towel - Beach CORE,UK,B2B,2025,7,2025_07,3887,60888.54,FALSE
Towel - Beach CORE|UK|B2B|2025_08,Towel - Beach CORE,UK,B2B,2025,8,2025_08,3013,29629.71,FALSE
Towel - Beach CORE|UK|B2B|2025_09,Towel - Beach CORE,UK,B2B,2025,9,2025_09,2784,29675.33,FALSE
Towel - Beach CORE|UK|B2B|2025_10,Towel - Beach CORE,UK,B2B,2025,10,2025_10,543,6410.23,FALSE
Towel - Beach CORE|UK|B2B|2025_11,Towel - Beach CORE,UK,B2B,2025,11,2025_11,1946,28615.79,FALSE
Towel - Beach CORE|UK|B2B|2025_12,Towel - Beach CORE,UK,B2B,2025,12,2025_12,1336,15632.24,FALSE
Towel - Beach CORE|UK|B2B|2026_01,Towel - Beach CORE,UK,B2B,2026,1,2026_01,1373,15660.18,FALSE
Towel - Beach CORE|UK|B2B|2026_02,Towel - Beach CORE,UK,B2B,2026,2,2026_02,9133,220021.94,FALSE
Towel - Beach CORE|UK|B2B|2026_03,Towel - Beach CORE,UK,B2B,2026,3,2026_03,1898,24103.71,FALSE
Towel - Beach CORE|UK|B2B|2026_04,Towel - Beach CORE,UK,B2B,2026,4,2026_04,6108,64393.47,FALSE
Towel - Beach CORE|UK|B2B|2026_05,Towel - Beach CORE,UK,B2B,2026,5,2026_05,1691,19053.59,FALSE
Towel - Beach CORE|UK|B2B|2026_06,Towel - Beach CORE,UK,B2B,2026,6,2026_06,3556,40557.14,FALSE
Towel - Beach CORE|UK|DTC|2024_01,Towel - Beach CORE,UK,DTC,2024,1,2024_01,13152,230965.69,FALSE
Towel - Beach CORE|UK|DTC|2024_02,Towel - Beach CORE,UK,DTC,2024,2,2024_02,12324,217579.97,FALSE
Towel - Beach CORE|UK|DTC|2024_03,Towel - Beach CORE,UK,DTC,2024,3,2024_03,15867,310557.77,FALSE
Towel - Beach CORE|UK|DTC|2024_04,Towel - Beach CORE,UK,DTC,2024,4,2024_04,21427,423653.51,FALSE
Towel - Beach CORE|UK|DTC|2024_05,Towel - Beach CORE,UK,DTC,2024,5,2024_05,29270,581468.88,FALSE
Towel - Beach CORE|UK|DTC|2024_06,Towel - Beach CORE,UK,DTC,2024,6,2024_06,23023,380648.15,FALSE
Towel - Beach CORE|UK|DTC|2024_07,Towel - Beach CORE,UK,DTC,2024,7,2024_07,34770,537555.16,FALSE
Towel - Beach CORE|UK|DTC|2024_08,Towel - Beach CORE,UK,DTC,2024,8,2024_08,30593,476600.35,FALSE
Towel - Beach CORE|UK|DTC|2024_09,Towel - Beach CORE,UK,DTC,2024,9,2024_09,12941,211803.09,FALSE
Towel - Beach CORE|UK|DTC|2024_10,Towel - Beach CORE,UK,DTC,2024,10,2024_10,8981,142973.66,FALSE
Towel - Beach CORE|UK|DTC|2024_11,Towel - Beach CORE,UK,DTC,2024,11,2024_11,21107,310453.64,FALSE
Towel - Beach CORE|UK|DTC|2024_12,Towel - Beach CORE,UK,DTC,2024,12,2024_12,23353,322070.57,FALSE
Towel - Beach CORE|UK|DTC|2025_01,Towel - Beach CORE,UK,DTC,2025,1,2025_01,16999,190311.22,FALSE
Towel - Beach CORE|UK|DTC|2025_02,Towel - Beach CORE,UK,DTC,2025,2,2025_02,5405,92217.26,FALSE
Towel - Beach CORE|UK|DTC|2025_03,Towel - Beach CORE,UK,DTC,2025,3,2025_03,7596,135197.98,FALSE
Towel - Beach CORE|UK|DTC|2025_04,Towel - Beach CORE,UK,DTC,2025,4,2025_04,10840,200257.6,FALSE
Towel - Beach CORE|UK|DTC|2025_05,Towel - Beach CORE,UK,DTC,2025,5,2025_05,16450,307940.02,FALSE
Towel - Beach CORE|UK|DTC|2025_06,Towel - Beach CORE,UK,DTC,2025,6,2025_06,19333,352363.11,FALSE
Towel - Beach CORE|UK|DTC|2025_07,Towel - Beach CORE,UK,DTC,2025,7,2025_07,25953,449130.43,FALSE
Towel - Beach CORE|UK|DTC|2025_08,Towel - Beach CORE,UK,DTC,2025,8,2025_08,28481,469930.75,FALSE
Towel - Beach CORE|UK|DTC|2025_09,Towel - Beach CORE,UK,DTC,2025,9,2025_09,10270,193227.62,FALSE
Towel - Beach CORE|UK|DTC|2025_10,Towel - Beach CORE,UK,DTC,2025,10,2025_10,4019,77499.52,FALSE
Towel - Beach CORE|UK|DTC|2025_11,Towel - Beach CORE,UK,DTC,2025,11,2025_11,14215,262351.29,FALSE
Towel - Beach CORE|UK|DTC|2025_12,Towel - Beach CORE,UK,DTC,2025,12,2025_12,9148,178223.79,FALSE
Towel - Beach CORE|UK|DTC|2026_01,Towel - Beach CORE,UK,DTC,2026,1,2026_01,4864,96178.5,FALSE
Towel - Beach CORE|UK|DTC|2026_02,Towel - Beach CORE,UK,DTC,2026,2,2026_02,3638,78672.81,FALSE
Towel - Beach CORE|UK|DTC|2026_03,Towel - Beach CORE,UK,DTC,2026,3,2026_03,5728,126395.44,FALSE
Towel - Beach CORE|UK|DTC|2026_04,Towel - Beach CORE,UK,DTC,2026,4,2026_04,8406,175934.59,FALSE
Towel - Beach CORE|UK|DTC|2026_05,Towel - Beach CORE,UK,DTC,2026,5,2026_05,11396,255452.05,FALSE
Towel - Beach CORE|UK|DTC|2026_06,Towel - Beach CORE,UK,DTC,2026,6,2026_06,8084,185057.28,FALSE
Towel - Beach CORE|UK|FBA|2024_01,Towel - Beach CORE,UK,FBA,2024,1,2024_01,2793,60994.76,FALSE
Towel - Beach CORE|UK|FBA|2024_02,Towel - Beach CORE,UK,FBA,2024,2,2024_02,2665,56238.29,FALSE
Towel - Beach CORE|UK|FBA|2024_03,Towel - Beach CORE,UK,FBA,2024,3,2024_03,3952,79499.11,FALSE
Towel - Beach CORE|UK|FBA|2024_04,Towel - Beach CORE,UK,FBA,2024,4,2024_04,5457,110993.95,FALSE
Towel - Beach CORE|UK|FBA|2024_05,Towel - Beach CORE,UK,FBA,2024,5,2024_05,7033,149945.29,FALSE
Towel - Beach CORE|UK|FBA|2024_06,Towel - Beach CORE,UK,FBA,2024,6,2024_06,9237,195223.08,FALSE
Towel - Beach CORE|UK|FBA|2024_07,Towel - Beach CORE,UK,FBA,2024,7,2024_07,12883,257298.77,FALSE
Towel - Beach CORE|UK|FBA|2024_08,Towel - Beach CORE,UK,FBA,2024,8,2024_08,9973,214401.34,FALSE
Towel - Beach CORE|UK|FBA|2024_09,Towel - Beach CORE,UK,FBA,2024,9,2024_09,5584,122844.67,FALSE
Towel - Beach CORE|UK|FBA|2024_10,Towel - Beach CORE,UK,FBA,2024,10,2024_10,3675,77997.71,FALSE
Towel - Beach CORE|UK|FBA|2024_11,Towel - Beach CORE,UK,FBA,2024,11,2024_11,6323,116865.65,FALSE
Towel - Beach CORE|UK|FBA|2024_12,Towel - Beach CORE,UK,FBA,2024,12,2024_12,5775,121738.36,FALSE
Towel - Beach CORE|UK|FBA|2025_01,Towel - Beach CORE,UK,FBA,2025,1,2025_01,3230,69437.82,FALSE
Towel - Beach CORE|UK|FBA|2025_02,Towel - Beach CORE,UK,FBA,2025,2,2025_02,2368,51733.57,FALSE
Towel - Beach CORE|UK|FBA|2025_03,Towel - Beach CORE,UK,FBA,2025,3,2025_03,3713,78257.31,FALSE
Towel - Beach CORE|UK|FBA|2025_04,Towel - Beach CORE,UK,FBA,2025,4,2025_04,5090,103486.26,FALSE
Towel - Beach CORE|UK|FBA|2025_05,Towel - Beach CORE,UK,FBA,2025,5,2025_05,8610,175978.15,FALSE
Towel - Beach CORE|UK|FBA|2025_06,Towel - Beach CORE,UK,FBA,2025,6,2025_06,9916,205223.23,FALSE
Towel - Beach CORE|UK|FBA|2025_07,Towel - Beach CORE,UK,FBA,2025,7,2025_07,17839,336597.28,FALSE
Towel - Beach CORE|UK|FBA|2025_08,Towel - Beach CORE,UK,FBA,2025,8,2025_08,11781,225020.02,FALSE
Towel - Beach CORE|UK|FBA|2025_09,Towel - Beach CORE,UK,FBA,2025,9,2025_09,3274,75339.49,FALSE
Towel - Beach CORE|UK|FBA|2025_10,Towel - Beach CORE,UK,FBA,2025,10,2025_10,1926,44072.14,FALSE
Towel - Beach CORE|UK|FBA|2025_11,Towel - Beach CORE,UK,FBA,2025,11,2025_11,4791,96088.91,FALSE
Towel - Beach CORE|UK|FBA|2025_12,Towel - Beach CORE,UK,FBA,2025,12,2025_12,3180,75616.73,FALSE
Towel - Beach CORE|UK|FBA|2026_01,Towel - Beach CORE,UK,FBA,2026,1,2026_01,1689,40319.83,FALSE
Towel - Beach CORE|UK|FBA|2026_02,Towel - Beach CORE,UK,FBA,2026,2,2026_02,1553,38599.38,FALSE
Towel - Beach CORE|UK|FBA|2026_03,Towel - Beach CORE,UK,FBA,2026,3,2026_03,2141,51525.15,FALSE
Towel - Beach CORE|UK|FBA|2026_04,Towel - Beach CORE,UK,FBA,2026,4,2026_04,2555,59426.43,FALSE
Towel - Beach CORE|UK|FBA|2026_05,Towel - Beach CORE,UK,FBA,2026,5,2026_05,5214,123029.56,FALSE
Towel - Beach CORE|UK|FBA|2026_06,Towel - Beach CORE,UK,FBA,2026,6,2026_06,3269,76721.31,FALSE
Towel - Beach CORE|US|B2B|2024_01,Towel - Beach CORE,US,B2B,2024,1,2024_01,16696,205516.25,FALSE
Towel - Beach CORE|US|B2B|2024_02,Towel - Beach CORE,US,B2B,2024,2,2024_02,19957,269442.91,FALSE
Towel - Beach CORE|US|B2B|2024_03,Towel - Beach CORE,US,B2B,2024,3,2024_03,12925,161342.4,FALSE
Towel - Beach CORE|US|B2B|2024_04,Towel - Beach CORE,US,B2B,2024,4,2024_04,20219,236160.57,FALSE
Towel - Beach CORE|US|B2B|2024_05,Towel - Beach CORE,US,B2B,2024,5,2024_05,11825,147711.65,FALSE
Towel - Beach CORE|US|B2B|2024_06,Towel - Beach CORE,US,B2B,2024,6,2024_06,6227,78075.35,FALSE
Towel - Beach CORE|US|B2B|2024_07,Towel - Beach CORE,US,B2B,2024,7,2024_07,4263,54669.23,FALSE
Towel - Beach CORE|US|B2B|2024_08,Towel - Beach CORE,US,B2B,2024,8,2024_08,1582,19687.05,FALSE
Towel - Beach CORE|US|B2B|2024_09,Towel - Beach CORE,US,B2B,2024,9,2024_09,1474,9672.71,FALSE
Towel - Beach CORE|US|B2B|2024_10,Towel - Beach CORE,US,B2B,2024,10,2024_10,1488,18082.46,FALSE
Towel - Beach CORE|US|B2B|2024_11,Towel - Beach CORE,US,B2B,2024,11,2024_11,2824,31948.9,FALSE
Towel - Beach CORE|US|B2B|2024_12,Towel - Beach CORE,US,B2B,2024,12,2024_12,3610,72076.17,FALSE
Towel - Beach CORE|US|B2B|2025_01,Towel - Beach CORE,US,B2B,2025,1,2025_01,4492,55583.17,FALSE
Towel - Beach CORE|US|B2B|2025_02,Towel - Beach CORE,US,B2B,2025,2,2025_02,8863,109754.36,FALSE
Towel - Beach CORE|US|B2B|2025_03,Towel - Beach CORE,US,B2B,2025,3,2025_03,6068,74030.02,FALSE
Towel - Beach CORE|US|B2B|2025_04,Towel - Beach CORE,US,B2B,2025,4,2025_04,7951,101276.98,FALSE
Towel - Beach CORE|US|B2B|2025_05,Towel - Beach CORE,US,B2B,2025,5,2025_05,14344,181217.29,FALSE
Towel - Beach CORE|US|B2B|2025_06,Towel - Beach CORE,US,B2B,2025,6,2025_06,3189,42486.17,FALSE
Towel - Beach CORE|US|B2B|2025_07,Towel - Beach CORE,US,B2B,2025,7,2025_07,3196,42398.52,FALSE
Towel - Beach CORE|US|B2B|2025_08,Towel - Beach CORE,US,B2B,2025,8,2025_08,1484,20925.63,FALSE
Towel - Beach CORE|US|B2B|2025_09,Towel - Beach CORE,US,B2B,2025,9,2025_09,1942,24799.04,FALSE
Towel - Beach CORE|US|B2B|2025_10,Towel - Beach CORE,US,B2B,2025,10,2025_10,1924,29175.03,FALSE
Towel - Beach CORE|US|B2B|2025_11,Towel - Beach CORE,US,B2B,2025,11,2025_11,750,9003.66,FALSE
Towel - Beach CORE|US|B2B|2025_12,Towel - Beach CORE,US,B2B,2025,12,2025_12,1306,16004.49,FALSE
Towel - Beach CORE|US|B2B|2026_01,Towel - Beach CORE,US,B2B,2026,1,2026_01,6047,65394.19,FALSE
Towel - Beach CORE|US|B2B|2026_02,Towel - Beach CORE,US,B2B,2026,2,2026_02,7496,92726.4,FALSE
Towel - Beach CORE|US|B2B|2026_03,Towel - Beach CORE,US,B2B,2026,3,2026_03,8604,116769.52,FALSE
Towel - Beach CORE|US|B2B|2026_04,Towel - Beach CORE,US,B2B,2026,4,2026_04,6112,82411.75,FALSE
Towel - Beach CORE|US|B2B|2026_05,Towel - Beach CORE,US,B2B,2026,5,2026_05,3653,49178.64,FALSE
Towel - Beach CORE|US|B2B|2026_06,Towel - Beach CORE,US,B2B,2026,6,2026_06,2479,32607.48,FALSE
Towel - Beach CORE|US|DTC|2024_01,Towel - Beach CORE,US,DTC,2024,1,2024_01,2132,44403.02,FALSE
Towel - Beach CORE|US|DTC|2024_02,Towel - Beach CORE,US,DTC,2024,2,2024_02,4103,77242.9,FALSE
Towel - Beach CORE|US|DTC|2024_03,Towel - Beach CORE,US,DTC,2024,3,2024_03,7109,148920.97,FALSE
Towel - Beach CORE|US|DTC|2024_04,Towel - Beach CORE,US,DTC,2024,4,2024_04,8124,169027.29,FALSE
Towel - Beach CORE|US|DTC|2024_05,Towel - Beach CORE,US,DTC,2024,5,2024_05,15296,317553.73,FALSE
Towel - Beach CORE|US|DTC|2024_06,Towel - Beach CORE,US,DTC,2024,6,2024_06,13989,208483.73,FALSE
Towel - Beach CORE|US|DTC|2024_07,Towel - Beach CORE,US,DTC,2024,7,2024_07,12714,188661.25,FALSE
Towel - Beach CORE|US|DTC|2024_08,Towel - Beach CORE,US,DTC,2024,8,2024_08,7348,105020.3,FALSE
Towel - Beach CORE|US|DTC|2024_09,Towel - Beach CORE,US,DTC,2024,9,2024_09,3073,47559.8,FALSE
Towel - Beach CORE|US|DTC|2024_10,Towel - Beach CORE,US,DTC,2024,10,2024_10,1721,26895.66,FALSE
Towel - Beach CORE|US|DTC|2024_11,Towel - Beach CORE,US,DTC,2024,11,2024_11,2456,36741.21,FALSE
Towel - Beach CORE|US|DTC|2024_12,Towel - Beach CORE,US,DTC,2024,12,2024_12,6119,88378.72,FALSE
Towel - Beach CORE|US|DTC|2025_01,Towel - Beach CORE,US,DTC,2025,1,2025_01,3348,53709.77,FALSE
Towel - Beach CORE|US|DTC|2025_02,Towel - Beach CORE,US,DTC,2025,2,2025_02,3018,50425.94,FALSE
Towel - Beach CORE|US|DTC|2025_03,Towel - Beach CORE,US,DTC,2025,3,2025_03,4458,88297,FALSE
Towel - Beach CORE|US|DTC|2025_04,Towel - Beach CORE,US,DTC,2025,4,2025_04,4714,93264.37,FALSE
Towel - Beach CORE|US|DTC|2025_05,Towel - Beach CORE,US,DTC,2025,5,2025_05,6808,140629.62,FALSE
Towel - Beach CORE|US|DTC|2025_06,Towel - Beach CORE,US,DTC,2025,6,2025_06,7953,167030.06,FALSE
Towel - Beach CORE|US|DTC|2025_07,Towel - Beach CORE,US,DTC,2025,7,2025_07,10457,192343.63,FALSE
Towel - Beach CORE|US|DTC|2025_08,Towel - Beach CORE,US,DTC,2025,8,2025_08,7092,132926.93,FALSE
Towel - Beach CORE|US|DTC|2025_09,Towel - Beach CORE,US,DTC,2025,9,2025_09,2804,46515.27,FALSE
Towel - Beach CORE|US|DTC|2025_10,Towel - Beach CORE,US,DTC,2025,10,2025_10,1085,21085.33,FALSE
Towel - Beach CORE|US|DTC|2025_11,Towel - Beach CORE,US,DTC,2025,11,2025_11,2541,52782.71,FALSE
Towel - Beach CORE|US|DTC|2025_12,Towel - Beach CORE,US,DTC,2025,12,2025_12,3218,56280.02,FALSE
Towel - Beach CORE|US|DTC|2026_01,Towel - Beach CORE,US,DTC,2026,1,2026_01,2758,56679.7,FALSE
Towel - Beach CORE|US|DTC|2026_02,Towel - Beach CORE,US,DTC,2026,2,2026_02,2751,57736.48,FALSE
Towel - Beach CORE|US|DTC|2026_03,Towel - Beach CORE,US,DTC,2026,3,2026_03,4221,95280.37,FALSE
Towel - Beach CORE|US|DTC|2026_04,Towel - Beach CORE,US,DTC,2026,4,2026_04,4890,105021.39,FALSE
Towel - Beach CORE|US|DTC|2026_05,Towel - Beach CORE,US,DTC,2026,5,2026_05,7591,155105.07,FALSE
Towel - Beach CORE|US|DTC|2026_06,Towel - Beach CORE,US,DTC,2026,6,2026_06,3654,76924.03,FALSE
Towel - Beach CORE|US|FBA|2024_01,Towel - Beach CORE,US,FBA,2024,1,2024_01,2436,56330.91,FALSE
Towel - Beach CORE|US|FBA|2024_02,Towel - Beach CORE,US,FBA,2024,2,2024_02,4136,87866.06,FALSE
Towel - Beach CORE|US|FBA|2024_03,Towel - Beach CORE,US,FBA,2024,3,2024_03,13156,283668.98,FALSE
Towel - Beach CORE|US|FBA|2024_04,Towel - Beach CORE,US,FBA,2024,4,2024_04,9097,211649.11,FALSE
Towel - Beach CORE|US|FBA|2024_05,Towel - Beach CORE,US,FBA,2024,5,2024_05,20335,468794.94,FALSE
Towel - Beach CORE|US|FBA|2024_06,Towel - Beach CORE,US,FBA,2024,6,2024_06,27438,631178.56,FALSE
Towel - Beach CORE|US|FBA|2024_07,Towel - Beach CORE,US,FBA,2024,7,2024_07,21352,441968.04,FALSE
Towel - Beach CORE|US|FBA|2024_08,Towel - Beach CORE,US,FBA,2024,8,2024_08,6775,152388.17,FALSE
Towel - Beach CORE|US|FBA|2024_09,Towel - Beach CORE,US,FBA,2024,9,2024_09,2652,59376.83,FALSE
Towel - Beach CORE|US|FBA|2024_10,Towel - Beach CORE,US,FBA,2024,10,2024_10,1550,33742.37,FALSE
Towel - Beach CORE|US|FBA|2024_11,Towel - Beach CORE,US,FBA,2024,11,2024_11,1976,42816.41,FALSE
Towel - Beach CORE|US|FBA|2024_12,Towel - Beach CORE,US,FBA,2024,12,2024_12,3784,85714.08,FALSE
Towel - Beach CORE|US|FBA|2025_01,Towel - Beach CORE,US,FBA,2025,1,2025_01,2239,52211.39,FALSE
Towel - Beach CORE|US|FBA|2025_02,Towel - Beach CORE,US,FBA,2025,2,2025_02,2281,53916.03,FALSE
Towel - Beach CORE|US|FBA|2025_03,Towel - Beach CORE,US,FBA,2025,3,2025_03,5081,104318.34,FALSE
Towel - Beach CORE|US|FBA|2025_04,Towel - Beach CORE,US,FBA,2025,4,2025_04,8164,179645.23,FALSE
Towel - Beach CORE|US|FBA|2025_05,Towel - Beach CORE,US,FBA,2025,5,2025_05,13716,307942.53,FALSE
Towel - Beach CORE|US|FBA|2025_06,Towel - Beach CORE,US,FBA,2025,6,2025_06,18999,436156.16,FALSE
Towel - Beach CORE|US|FBA|2025_07,Towel - Beach CORE,US,FBA,2025,7,2025_07,18986,416211.21,FALSE
Towel - Beach CORE|US|FBA|2025_08,Towel - Beach CORE,US,FBA,2025,8,2025_08,7097,158092.99,FALSE
Towel - Beach CORE|US|FBA|2025_09,Towel - Beach CORE,US,FBA,2025,9,2025_09,2800,65965.6,FALSE
Towel - Beach CORE|US|FBA|2025_10,Towel - Beach CORE,US,FBA,2025,10,2025_10,2105,44494.25,FALSE
Towel - Beach CORE|US|FBA|2025_11,Towel - Beach CORE,US,FBA,2025,11,2025_11,2746,58839.55,FALSE
Towel - Beach CORE|US|FBA|2025_12,Towel - Beach CORE,US,FBA,2025,12,2025_12,3239,73204.15,FALSE
Towel - Beach CORE|US|FBA|2026_01,Towel - Beach CORE,US,FBA,2026,1,2026_01,2057,45885.45,FALSE
Towel - Beach CORE|US|FBA|2026_02,Towel - Beach CORE,US,FBA,2026,2,2026_02,2586,63300.91,FALSE
Towel - Beach CORE|US|FBA|2026_03,Towel - Beach CORE,US,FBA,2026,3,2026_03,10438,246967.33,FALSE
Towel - Beach CORE|US|FBA|2026_04,Towel - Beach CORE,US,FBA,2026,4,2026_04,8157,191280.34,FALSE
Towel - Beach CORE|US|FBA|2026_05,Towel - Beach CORE,US,FBA,2026,5,2026_05,13878,346240.17,FALSE
Towel - Beach CORE|US|FBA|2026_06,Towel - Beach CORE,US,FBA,2026,6,2026_06,10176,247783.37,FALSE
Towel - Beach SEASONAL|AU|DTC|2024_01,Towel - Beach SEASONAL,AU,DTC,2024,1,2024_01,160,3748.42,FALSE
Towel - Beach SEASONAL|AU|DTC|2024_02,Towel - Beach SEASONAL,AU,DTC,2024,2,2024_02,84,1920.6,FALSE
Towel - Beach SEASONAL|AU|DTC|2024_03,Towel - Beach SEASONAL,AU,DTC,2024,3,2024_03,80,1870.24,FALSE
Towel - Beach SEASONAL|AU|DTC|2024_04,Towel - Beach SEASONAL,AU,DTC,2024,4,2024_04,88,1982.3,FALSE
Towel - Beach SEASONAL|AU|DTC|2024_05,Towel - Beach SEASONAL,AU,DTC,2024,5,2024_05,78,1920.88,FALSE
Towel - Beach SEASONAL|AU|DTC|2024_06,Towel - Beach SEASONAL,AU,DTC,2024,6,2024_06,62,1519.96,FALSE
Towel - Beach SEASONAL|AU|DTC|2024_07,Towel - Beach SEASONAL,AU,DTC,2024,7,2024_07,68,1663.2,FALSE
Towel - Beach SEASONAL|AU|DTC|2024_08,Towel - Beach SEASONAL,AU,DTC,2024,8,2024_08,194,3665.96,FALSE
Towel - Beach SEASONAL|AU|DTC|2024_09,Towel - Beach SEASONAL,AU,DTC,2024,9,2024_09,88,1908.56,FALSE
Towel - Beach SEASONAL|AU|DTC|2024_10,Towel - Beach SEASONAL,AU,DTC,2024,10,2024_10,324,5866.78,FALSE
Towel - Beach SEASONAL|AU|DTC|2024_11,Towel - Beach SEASONAL,AU,DTC,2024,11,2024_11,968,18114.02,FALSE
Towel - Beach SEASONAL|AU|DTC|2024_12,Towel - Beach SEASONAL,AU,DTC,2024,12,2024_12,1320,24395.94,FALSE
Towel - Beach SEASONAL|AU|DTC|2025_01,Towel - Beach SEASONAL,AU,DTC,2025,1,2025_01,718,12025.74,FALSE
Towel - Beach SEASONAL|AU|DTC|2025_02,Towel - Beach SEASONAL,AU,DTC,2025,2,2025_02,184,3914.76,FALSE
Towel - Beach SEASONAL|AU|DTC|2025_03,Towel - Beach SEASONAL,AU,DTC,2025,3,2025_03,380,6936.38,FALSE
Towel - Beach SEASONAL|AU|DTC|2025_04,Towel - Beach SEASONAL,AU,DTC,2025,4,2025_04,252,4424.18,FALSE
Towel - Beach SEASONAL|AU|DTC|2025_05,Towel - Beach SEASONAL,AU,DTC,2025,5,2025_05,348,6559.66,FALSE
Towel - Beach SEASONAL|AU|DTC|2025_06,Towel - Beach SEASONAL,AU,DTC,2025,6,2025_06,102,1875.06,FALSE
Towel - Beach SEASONAL|AU|DTC|2025_07,Towel - Beach SEASONAL,AU,DTC,2025,7,2025_07,646,11538.69,FALSE
Towel - Beach SEASONAL|AU|DTC|2025_08,Towel - Beach SEASONAL,AU,DTC,2025,8,2025_08,968,16897.31,FALSE
Towel - Beach SEASONAL|AU|DTC|2025_09,Towel - Beach SEASONAL,AU,DTC,2025,9,2025_09,1083,18859.57,FALSE
Towel - Beach SEASONAL|AU|DTC|2025_10,Towel - Beach SEASONAL,AU,DTC,2025,10,2025_10,1678,27380.51,FALSE
Towel - Beach SEASONAL|AU|DTC|2025_11,Towel - Beach SEASONAL,AU,DTC,2025,11,2025_11,3648,59609.34,FALSE
Towel - Beach SEASONAL|AU|DTC|2025_12,Towel - Beach SEASONAL,AU,DTC,2025,12,2025_12,2653,52127.14,FALSE
Towel - Beach SEASONAL|AU|DTC|2026_01,Towel - Beach SEASONAL,AU,DTC,2026,1,2026_01,660,12979.12,FALSE
Towel - Beach SEASONAL|AU|DTC|2026_02,Towel - Beach SEASONAL,AU,DTC,2026,2,2026_02,600,11812.05,FALSE
Towel - Beach SEASONAL|AU|DTC|2026_03,Towel - Beach SEASONAL,AU,DTC,2026,3,2026_03,424,8573.72,FALSE
Towel - Beach SEASONAL|AU|DTC|2026_04,Towel - Beach SEASONAL,AU,DTC,2026,4,2026_04,377,7563.01,FALSE
Towel - Beach SEASONAL|AU|DTC|2026_05,Towel - Beach SEASONAL,AU,DTC,2026,5,2026_05,304,7694.4,FALSE
Towel - Beach SEASONAL|AU|DTC|2026_06,Towel - Beach SEASONAL,AU,DTC,2026,6,2026_06,201,5315.43,FALSE
Towel - Beach SEASONAL|AU|FBA|2024_01,Towel - Beach SEASONAL,AU,FBA,2024,1,2024_01,12,343.28,FALSE
Towel - Beach SEASONAL|AU|FBA|2024_02,Towel - Beach SEASONAL,AU,FBA,2024,2,2024_02,26,753.6,FALSE
Towel - Beach SEASONAL|AU|FBA|2024_03,Towel - Beach SEASONAL,AU,FBA,2024,3,2024_03,12,345.4,FALSE
Towel - Beach SEASONAL|AU|FBA|2024_04,Towel - Beach SEASONAL,AU,FBA,2024,4,2024_04,18,511.12,FALSE
Towel - Beach SEASONAL|AU|FBA|2024_05,Towel - Beach SEASONAL,AU,FBA,2024,5,2024_05,22,641.56,FALSE
Towel - Beach SEASONAL|AU|FBA|2024_06,Towel - Beach SEASONAL,AU,FBA,2024,6,2024_06,6,163.3,FALSE
Towel - Beach SEASONAL|AU|FBA|2024_07,Towel - Beach SEASONAL,AU,FBA,2024,7,2024_07,26,688.28,FALSE
Towel - Beach SEASONAL|AU|FBA|2024_08,Towel - Beach SEASONAL,AU,FBA,2024,8,2024_08,10,251.32,FALSE
Towel - Beach SEASONAL|AU|FBA|2024_09,Towel - Beach SEASONAL,AU,FBA,2024,9,2024_09,10,271.06,FALSE
Towel - Beach SEASONAL|AU|FBA|2024_10,Towel - Beach SEASONAL,AU,FBA,2024,10,2024_10,10,289.34,FALSE
Towel - Beach SEASONAL|AU|FBA|2024_11,Towel - Beach SEASONAL,AU,FBA,2024,11,2024_11,14,377.44,FALSE
Towel - Beach SEASONAL|AU|FBA|2024_12,Towel - Beach SEASONAL,AU,FBA,2024,12,2024_12,16,407.54,FALSE
Towel - Beach SEASONAL|AU|FBA|2025_01,Towel - Beach SEASONAL,AU,FBA,2025,1,2025_01,4,82.52,FALSE
Towel - Beach SEASONAL|AU|FBA|2025_02,Towel - Beach SEASONAL,AU,FBA,2025,2,2025_02,4,81.68,FALSE
Towel - Beach SEASONAL|AU|FBA|2025_08,Towel - Beach SEASONAL,AU,FBA,2025,8,2025_08,2,59.5,FALSE
Towel - Beach SEASONAL|AU|FBA|2025_09,Towel - Beach SEASONAL,AU,FBA,2025,9,2025_09,86,2073.87,FALSE
Towel - Beach SEASONAL|AU|FBA|2025_10,Towel - Beach SEASONAL,AU,FBA,2025,10,2025_10,175,4009.22,FALSE
Towel - Beach SEASONAL|AU|FBA|2025_11,Towel - Beach SEASONAL,AU,FBA,2025,11,2025_11,340,7502.55,FALSE
Towel - Beach SEASONAL|AU|FBA|2025_12,Towel - Beach SEASONAL,AU,FBA,2025,12,2025_12,499,12321.56,FALSE
Towel - Beach SEASONAL|AU|FBA|2026_01,Towel - Beach SEASONAL,AU,FBA,2026,1,2026_01,118,2894.68,FALSE
Towel - Beach SEASONAL|AU|FBA|2026_02,Towel - Beach SEASONAL,AU,FBA,2026,2,2026_02,77,1992.1,FALSE
Towel - Beach SEASONAL|AU|FBA|2026_03,Towel - Beach SEASONAL,AU,FBA,2026,3,2026_03,96,2506.91,FALSE
Towel - Beach SEASONAL|AU|FBA|2026_04,Towel - Beach SEASONAL,AU,FBA,2026,4,2026_04,84,2083.56,FALSE
Towel - Beach SEASONAL|AU|FBA|2026_05,Towel - Beach SEASONAL,AU,FBA,2026,5,2026_05,81,2161.97,FALSE
Towel - Beach SEASONAL|AU|FBA|2026_06,Towel - Beach SEASONAL,AU,FBA,2026,6,2026_06,60,1657.55,FALSE
Towel - Beach SEASONAL|CA|FBA|2024_02,Towel - Beach SEASONAL,CA,FBA,2024,2,2024_02,6,170.48,FALSE
Towel - Beach SEASONAL|CA|FBA|2024_03,Towel - Beach SEASONAL,CA,FBA,2024,3,2024_03,42,1151.56,FALSE
Towel - Beach SEASONAL|CA|FBA|2024_04,Towel - Beach SEASONAL,CA,FBA,2024,4,2024_04,28,727.9,FALSE
Towel - Beach SEASONAL|CA|FBA|2024_05,Towel - Beach SEASONAL,CA,FBA,2024,5,2024_05,8,207.34,FALSE
Towel - Beach SEASONAL|CA|FBA|2024_06,Towel - Beach SEASONAL,CA,FBA,2024,6,2024_06,20,501.94,FALSE
Towel - Beach SEASONAL|CA|FBA|2024_07,Towel - Beach SEASONAL,CA,FBA,2024,7,2024_07,16,444.96,FALSE
Towel - Beach SEASONAL|CA|FBA|2024_08,Towel - Beach SEASONAL,CA,FBA,2024,8,2024_08,18,464.66,FALSE
Towel - Beach SEASONAL|CA|FBA|2024_09,Towel - Beach SEASONAL,CA,FBA,2024,9,2024_09,8,217.1,FALSE
Towel - Beach SEASONAL|CA|FBA|2024_11,Towel - Beach SEASONAL,CA,FBA,2024,11,2024_11,4,125.56,FALSE
Towel - Beach SEASONAL|CA|FBA|2025_01,Towel - Beach SEASONAL,CA,FBA,2025,1,2025_01,4,101.7,FALSE
Towel - Beach SEASONAL|CA|FBA|2025_03,Towel - Beach SEASONAL,CA,FBA,2025,3,2025_03,6,123.02,FALSE
Towel - Beach SEASONAL|CA|FBA|2025_04,Towel - Beach SEASONAL,CA,FBA,2025,4,2025_04,46,947.08,FALSE
Towel - Beach SEASONAL|CA|FBA|2025_05,Towel - Beach SEASONAL,CA,FBA,2025,5,2025_05,37,895.94,FALSE
Towel - Beach SEASONAL|CA|FBA|2025_06,Towel - Beach SEASONAL,CA,FBA,2025,6,2025_06,30,816.26,FALSE
Towel - Beach SEASONAL|CA|FBA|2025_07,Towel - Beach SEASONAL,CA,FBA,2025,7,2025_07,38,767.74,FALSE
Towel - Beach SEASONAL|CA|FBA|2025_08,Towel - Beach SEASONAL,CA,FBA,2025,8,2025_08,6,100.34,FALSE
Towel - Beach SEASONAL|EU|B2B|2024_01,Towel - Beach SEASONAL,EU,B2B,2024,1,2024_01,764,5302.24,FALSE
Towel - Beach SEASONAL|EU|B2B|2024_02,Towel - Beach SEASONAL,EU,B2B,2024,2,2024_02,530,5044.62,FALSE
Towel - Beach SEASONAL|EU|B2B|2024_03,Towel - Beach SEASONAL,EU,B2B,2024,3,2024_03,694,7821.2,FALSE
Towel - Beach SEASONAL|EU|B2B|2024_04,Towel - Beach SEASONAL,EU,B2B,2024,4,2024_04,2008,19193.7,FALSE
Towel - Beach SEASONAL|EU|B2B|2024_05,Towel - Beach SEASONAL,EU,B2B,2024,5,2024_05,980,11095.72,FALSE
Towel - Beach SEASONAL|EU|B2B|2024_06,Towel - Beach SEASONAL,EU,B2B,2024,6,2024_06,606,6425.14,FALSE
Towel - Beach SEASONAL|EU|B2B|2024_07,Towel - Beach SEASONAL,EU,B2B,2024,7,2024_07,466,6253.54,FALSE
Towel - Beach SEASONAL|EU|B2B|2024_08,Towel - Beach SEASONAL,EU,B2B,2024,8,2024_08,270,886.75,FALSE
Towel - Beach SEASONAL|EU|B2B|2024_09,Towel - Beach SEASONAL,EU,B2B,2024,9,2024_09,280,1697.82,FALSE
Towel - Beach SEASONAL|EU|B2B|2024_10,Towel - Beach SEASONAL,EU,B2B,2024,10,2024_10,35,0,FALSE
Towel - Beach SEASONAL|EU|B2B|2024_11,Towel - Beach SEASONAL,EU,B2B,2024,11,2024_11,66,841.98,FALSE
Towel - Beach SEASONAL|EU|B2B|2024_12,Towel - Beach SEASONAL,EU,B2B,2024,12,2024_12,95,132.29,FALSE
Towel - Beach SEASONAL|EU|B2B|2025_02,Towel - Beach SEASONAL,EU,B2B,2025,2,2025_02,2161,29480.39,FALSE
Towel - Beach SEASONAL|EU|B2B|2025_03,Towel - Beach SEASONAL,EU,B2B,2025,3,2025_03,830,29999.72,FALSE
Towel - Beach SEASONAL|EU|B2B|2025_04,Towel - Beach SEASONAL,EU,B2B,2025,4,2025_04,1994,24036.77,FALSE
Towel - Beach SEASONAL|EU|B2B|2025_05,Towel - Beach SEASONAL,EU,B2B,2025,5,2025_05,1224,14356.95,FALSE
Towel - Beach SEASONAL|EU|B2B|2025_06,Towel - Beach SEASONAL,EU,B2B,2025,6,2025_06,1885,23633.03,FALSE
Towel - Beach SEASONAL|EU|B2B|2025_07,Towel - Beach SEASONAL,EU,B2B,2025,7,2025_07,1463,16151.85,FALSE
Towel - Beach SEASONAL|EU|B2B|2025_08,Towel - Beach SEASONAL,EU,B2B,2025,8,2025_08,1178,12472.88,FALSE
Towel - Beach SEASONAL|EU|B2B|2025_09,Towel - Beach SEASONAL,EU,B2B,2025,9,2025_09,436,5301.12,FALSE
Towel - Beach SEASONAL|EU|B2B|2025_10,Towel - Beach SEASONAL,EU,B2B,2025,10,2025_10,267,3127.05,FALSE
Towel - Beach SEASONAL|EU|B2B|2025_11,Towel - Beach SEASONAL,EU,B2B,2025,11,2025_11,338,4239.7,FALSE
Towel - Beach SEASONAL|EU|B2B|2025_12,Towel - Beach SEASONAL,EU,B2B,2025,12,2025_12,208,2176.66,FALSE
Towel - Beach SEASONAL|EU|B2B|2026_01,Towel - Beach SEASONAL,EU,B2B,2026,1,2026_01,494,20333.08,FALSE
Towel - Beach SEASONAL|EU|B2B|2026_02,Towel - Beach SEASONAL,EU,B2B,2026,2,2026_02,359,21796.61,FALSE
Towel - Beach SEASONAL|EU|B2B|2026_03,Towel - Beach SEASONAL,EU,B2B,2026,3,2026_03,1805,22453.63,FALSE
Towel - Beach SEASONAL|EU|B2B|2026_04,Towel - Beach SEASONAL,EU,B2B,2026,4,2026_04,1459,16154.72,FALSE
Towel - Beach SEASONAL|EU|B2B|2026_05,Towel - Beach SEASONAL,EU,B2B,2026,5,2026_05,545,6696.98,FALSE
Towel - Beach SEASONAL|EU|B2B|2026_06,Towel - Beach SEASONAL,EU,B2B,2026,6,2026_06,464,5734.92,FALSE
Towel - Beach SEASONAL|EU|DTC|2024_01,Towel - Beach SEASONAL,EU,DTC,2024,1,2024_01,44,993.78,FALSE
Towel - Beach SEASONAL|EU|DTC|2024_02,Towel - Beach SEASONAL,EU,DTC,2024,2,2024_02,86,1930.44,FALSE
Towel - Beach SEASONAL|EU|DTC|2024_03,Towel - Beach SEASONAL,EU,DTC,2024,3,2024_03,218,4120.02,FALSE
Towel - Beach SEASONAL|EU|DTC|2024_04,Towel - Beach SEASONAL,EU,DTC,2024,4,2024_04,534,12698.28,FALSE
Towel - Beach SEASONAL|EU|DTC|2024_05,Towel - Beach SEASONAL,EU,DTC,2024,5,2024_05,528,13223.36,FALSE
Towel - Beach SEASONAL|EU|DTC|2024_06,Towel - Beach SEASONAL,EU,DTC,2024,6,2024_06,360,8899.64,FALSE
Towel - Beach SEASONAL|EU|DTC|2024_07,Towel - Beach SEASONAL,EU,DTC,2024,7,2024_07,548,13443.84,FALSE
Towel - Beach SEASONAL|EU|DTC|2024_08,Towel - Beach SEASONAL,EU,DTC,2024,8,2024_08,478,10644.74,FALSE
Towel - Beach SEASONAL|EU|DTC|2024_09,Towel - Beach SEASONAL,EU,DTC,2024,9,2024_09,342,6474.92,FALSE
Towel - Beach SEASONAL|EU|DTC|2024_10,Towel - Beach SEASONAL,EU,DTC,2024,10,2024_10,134,2611.2,FALSE
Towel - Beach SEASONAL|EU|DTC|2024_11,Towel - Beach SEASONAL,EU,DTC,2024,11,2024_11,200,3049.7,FALSE
Towel - Beach SEASONAL|EU|DTC|2024_12,Towel - Beach SEASONAL,EU,DTC,2024,12,2024_12,206,3364.74,FALSE
Towel - Beach SEASONAL|EU|DTC|2025_01,Towel - Beach SEASONAL,EU,DTC,2025,1,2025_01,34,738.54,FALSE
Towel - Beach SEASONAL|EU|DTC|2025_02,Towel - Beach SEASONAL,EU,DTC,2025,2,2025_02,284,6049.56,FALSE
Towel - Beach SEASONAL|EU|DTC|2025_03,Towel - Beach SEASONAL,EU,DTC,2025,3,2025_03,461,9798.52,FALSE
Towel - Beach SEASONAL|EU|DTC|2025_04,Towel - Beach SEASONAL,EU,DTC,2025,4,2025_04,524,11587.66,FALSE
Towel - Beach SEASONAL|EU|DTC|2025_05,Towel - Beach SEASONAL,EU,DTC,2025,5,2025_05,918,18723.86,FALSE
Towel - Beach SEASONAL|EU|DTC|2025_06,Towel - Beach SEASONAL,EU,DTC,2025,6,2025_06,2037,43343.4,FALSE
Towel - Beach SEASONAL|EU|DTC|2025_07,Towel - Beach SEASONAL,EU,DTC,2025,7,2025_07,657,14876.68,FALSE
Towel - Beach SEASONAL|EU|DTC|2025_08,Towel - Beach SEASONAL,EU,DTC,2025,8,2025_08,1218,24124.12,FALSE
Towel - Beach SEASONAL|EU|DTC|2025_09,Towel - Beach SEASONAL,EU,DTC,2025,9,2025_09,585,11225.84,FALSE
Towel - Beach SEASONAL|EU|DTC|2025_10,Towel - Beach SEASONAL,EU,DTC,2025,10,2025_10,324,6768.48,FALSE
Towel - Beach SEASONAL|EU|DTC|2025_11,Towel - Beach SEASONAL,EU,DTC,2025,11,2025_11,807,14777.3,FALSE
Towel - Beach SEASONAL|EU|DTC|2025_12,Towel - Beach SEASONAL,EU,DTC,2025,12,2025_12,567,10280.95,FALSE
Towel - Beach SEASONAL|EU|DTC|2026_01,Towel - Beach SEASONAL,EU,DTC,2026,1,2026_01,595,10288.62,FALSE
Towel - Beach SEASONAL|EU|DTC|2026_02,Towel - Beach SEASONAL,EU,DTC,2026,2,2026_02,492,10016.94,FALSE
Towel - Beach SEASONAL|EU|DTC|2026_03,Towel - Beach SEASONAL,EU,DTC,2026,3,2026_03,979,18100.07,FALSE
Towel - Beach SEASONAL|EU|DTC|2026_04,Towel - Beach SEASONAL,EU,DTC,2026,4,2026_04,871,15170.98,FALSE
Towel - Beach SEASONAL|EU|DTC|2026_05,Towel - Beach SEASONAL,EU,DTC,2026,5,2026_05,1415,26484.18,FALSE
Towel - Beach SEASONAL|EU|DTC|2026_06,Towel - Beach SEASONAL,EU,DTC,2026,6,2026_06,833,16333.7,FALSE
Towel - Beach SEASONAL|EU|FBA|2024_01,Towel - Beach SEASONAL,EU,FBA,2024,1,2024_01,6,243.34,FALSE
Towel - Beach SEASONAL|EU|FBA|2024_02,Towel - Beach SEASONAL,EU,FBA,2024,2,2024_02,18,520.1,FALSE
Towel - Beach SEASONAL|EU|FBA|2024_03,Towel - Beach SEASONAL,EU,FBA,2024,3,2024_03,36,1096.84,FALSE
Towel - Beach SEASONAL|EU|FBA|2024_04,Towel - Beach SEASONAL,EU,FBA,2024,4,2024_04,110,3224.1,FALSE
Towel - Beach SEASONAL|EU|FBA|2024_05,Towel - Beach SEASONAL,EU,FBA,2024,5,2024_05,128,3517.36,FALSE
Towel - Beach SEASONAL|EU|FBA|2024_06,Towel - Beach SEASONAL,EU,FBA,2024,6,2024_06,54,1398.86,FALSE
Towel - Beach SEASONAL|EU|FBA|2024_07,Towel - Beach SEASONAL,EU,FBA,2024,7,2024_07,74,2030.98,FALSE
Towel - Beach SEASONAL|EU|FBA|2024_08,Towel - Beach SEASONAL,EU,FBA,2024,8,2024_08,44,1021.14,FALSE
Towel - Beach SEASONAL|EU|FBA|2024_09,Towel - Beach SEASONAL,EU,FBA,2024,9,2024_09,10,292.56,FALSE
Towel - Beach SEASONAL|EU|FBA|2024_10,Towel - Beach SEASONAL,EU,FBA,2024,10,2024_10,4,109.36,FALSE
Towel - Beach SEASONAL|EU|FBA|2024_11,Towel - Beach SEASONAL,EU,FBA,2024,11,2024_11,6,176.5,FALSE
Towel - Beach SEASONAL|EU|FBA|2024_12,Towel - Beach SEASONAL,EU,FBA,2024,12,2024_12,10,260.46,FALSE
Towel - Beach SEASONAL|EU|FBA|2025_01,Towel - Beach SEASONAL,EU,FBA,2025,1,2025_01,6,190.88,FALSE
Towel - Beach SEASONAL|EU|FBA|2025_02,Towel - Beach SEASONAL,EU,FBA,2025,2,2025_02,2,56.66,FALSE
Towel - Beach SEASONAL|EU|FBA|2025_03,Towel - Beach SEASONAL,EU,FBA,2025,3,2025_03,12,348.94,FALSE
Towel - Beach SEASONAL|EU|FBA|2025_04,Towel - Beach SEASONAL,EU,FBA,2025,4,2025_04,8,240.74,FALSE
Towel - Beach SEASONAL|EU|FBA|2025_05,Towel - Beach SEASONAL,EU,FBA,2025,5,2025_05,64,1716.62,FALSE
Towel - Beach SEASONAL|EU|FBA|2025_06,Towel - Beach SEASONAL,EU,FBA,2025,6,2025_06,105,3408.21,FALSE
Towel - Beach SEASONAL|EU|FBA|2025_07,Towel - Beach SEASONAL,EU,FBA,2025,7,2025_07,139,4121.17,FALSE
Towel - Beach SEASONAL|EU|FBA|2025_08,Towel - Beach SEASONAL,EU,FBA,2025,8,2025_08,80,2479.78,FALSE
Towel - Beach SEASONAL|EU|FBA|2025_09,Towel - Beach SEASONAL,EU,FBA,2025,9,2025_09,22,673.06,FALSE
Towel - Beach SEASONAL|EU|FBA|2025_10,Towel - Beach SEASONAL,EU,FBA,2025,10,2025_10,9,331.19,FALSE
Towel - Beach SEASONAL|EU|FBA|2025_11,Towel - Beach SEASONAL,EU,FBA,2025,11,2025_11,34,890.78,FALSE
Towel - Beach SEASONAL|EU|FBA|2025_12,Towel - Beach SEASONAL,EU,FBA,2025,12,2025_12,21,654.96,FALSE
Towel - Beach SEASONAL|EU|FBA|2026_01,Towel - Beach SEASONAL,EU,FBA,2026,1,2026_01,14,470.16,FALSE
Towel - Beach SEASONAL|EU|FBA|2026_02,Towel - Beach SEASONAL,EU,FBA,2026,2,2026_02,15,510.62,FALSE
Towel - Beach SEASONAL|EU|FBA|2026_03,Towel - Beach SEASONAL,EU,FBA,2026,3,2026_03,13,464.44,FALSE
Towel - Beach SEASONAL|EU|FBA|2026_04,Towel - Beach SEASONAL,EU,FBA,2026,4,2026_04,9,299.33,FALSE
Towel - Beach SEASONAL|EU|FBA|2026_05,Towel - Beach SEASONAL,EU,FBA,2026,5,2026_05,95,2894.52,FALSE
Towel - Beach SEASONAL|EU|FBA|2026_06,Towel - Beach SEASONAL,EU,FBA,2026,6,2026_06,80,2522.04,FALSE
Towel - Beach SEASONAL|UK|B2B|2024_01,Towel - Beach SEASONAL,UK,B2B,2024,1,2024_01,104,1140.1,FALSE
Towel - Beach SEASONAL|UK|B2B|2024_02,Towel - Beach SEASONAL,UK,B2B,2024,2,2024_02,1038,12159,FALSE
Towel - Beach SEASONAL|UK|B2B|2024_03,Towel - Beach SEASONAL,UK,B2B,2024,3,2024_03,1512,17781.32,FALSE
Towel - Beach SEASONAL|UK|B2B|2024_04,Towel - Beach SEASONAL,UK,B2B,2024,4,2024_04,612,6502.24,FALSE
Towel - Beach SEASONAL|UK|B2B|2024_05,Towel - Beach SEASONAL,UK,B2B,2024,5,2024_05,754,9372.8,FALSE
Towel - Beach SEASONAL|UK|B2B|2024_06,Towel - Beach SEASONAL,UK,B2B,2024,6,2024_06,576,7422.12,FALSE
Towel - Beach SEASONAL|UK|B2B|2024_07,Towel - Beach SEASONAL,UK,B2B,2024,7,2024_07,416,4852.46,FALSE
Towel - Beach SEASONAL|UK|B2B|2024_08,Towel - Beach SEASONAL,UK,B2B,2024,8,2024_08,1843,21731.1,FALSE
Towel - Beach SEASONAL|UK|B2B|2024_09,Towel - Beach SEASONAL,UK,B2B,2024,9,2024_09,12,151.22,FALSE
Towel - Beach SEASONAL|UK|B2B|2024_10,Towel - Beach SEASONAL,UK,B2B,2024,10,2024_10,42,495.1,FALSE
Towel - Beach SEASONAL|UK|B2B|2024_11,Towel - Beach SEASONAL,UK,B2B,2024,11,2024_11,14,164.66,FALSE
Towel - Beach SEASONAL|UK|B2B|2024_12,Towel - Beach SEASONAL,UK,B2B,2024,12,2024_12,2,0,FALSE
Towel - Beach SEASONAL|UK|B2B|2025_01,Towel - Beach SEASONAL,UK,B2B,2025,1,2025_01,428,3525.42,FALSE
Towel - Beach SEASONAL|UK|B2B|2025_02,Towel - Beach SEASONAL,UK,B2B,2025,2,2025_02,633,111920.08,FALSE
Towel - Beach SEASONAL|UK|B2B|2025_03,Towel - Beach SEASONAL,UK,B2B,2025,3,2025_03,34,46979.98,FALSE
Towel - Beach SEASONAL|UK|B2B|2025_04,Towel - Beach SEASONAL,UK,B2B,2025,4,2025_04,2076,64936.34,FALSE
Towel - Beach SEASONAL|UK|B2B|2025_05,Towel - Beach SEASONAL,UK,B2B,2025,5,2025_05,1436,19295.73,FALSE
Towel - Beach SEASONAL|UK|B2B|2025_06,Towel - Beach SEASONAL,UK,B2B,2025,6,2025_06,957,18111.19,FALSE
Towel - Beach SEASONAL|UK|B2B|2025_07,Towel - Beach SEASONAL,UK,B2B,2025,7,2025_07,3582,40111.22,FALSE
Towel - Beach SEASONAL|UK|B2B|2025_08,Towel - Beach SEASONAL,UK,B2B,2025,8,2025_08,2226,25265.78,FALSE
Towel - Beach SEASONAL|UK|B2B|2025_09,Towel - Beach SEASONAL,UK,B2B,2025,9,2025_09,1163,12968.91,FALSE
Towel - Beach SEASONAL|UK|B2B|2025_10,Towel - Beach SEASONAL,UK,B2B,2025,10,2025_10,241,3110.59,FALSE
Towel - Beach SEASONAL|UK|B2B|2025_11,Towel - Beach SEASONAL,UK,B2B,2025,11,2025_11,221,11449.41,FALSE
Towel - Beach SEASONAL|UK|B2B|2025_12,Towel - Beach SEASONAL,UK,B2B,2025,12,2025_12,581,7465.27,FALSE
Towel - Beach SEASONAL|UK|B2B|2026_01,Towel - Beach SEASONAL,UK,B2B,2026,1,2026_01,143,1845.84,FALSE
Towel - Beach SEASONAL|UK|B2B|2026_02,Towel - Beach SEASONAL,UK,B2B,2026,2,2026_02,4860,111855.23,FALSE
Towel - Beach SEASONAL|UK|B2B|2026_03,Towel - Beach SEASONAL,UK,B2B,2026,3,2026_03,1528,19958.24,FALSE
Towel - Beach SEASONAL|UK|B2B|2026_04,Towel - Beach SEASONAL,UK,B2B,2026,4,2026_04,2987,34059.52,FALSE
Towel - Beach SEASONAL|UK|B2B|2026_05,Towel - Beach SEASONAL,UK,B2B,2026,5,2026_05,2562,34950.44,FALSE
Towel - Beach SEASONAL|UK|B2B|2026_06,Towel - Beach SEASONAL,UK,B2B,2026,6,2026_06,1974,27104.8,FALSE
Towel - Beach SEASONAL|UK|DTC|2024_01,Towel - Beach SEASONAL,UK,DTC,2024,1,2024_01,350,7726.06,FALSE
Towel - Beach SEASONAL|UK|DTC|2024_02,Towel - Beach SEASONAL,UK,DTC,2024,2,2024_02,776,17415.7,FALSE
Towel - Beach SEASONAL|UK|DTC|2024_03,Towel - Beach SEASONAL,UK,DTC,2024,3,2024_03,1960,43322.76,FALSE
Towel - Beach SEASONAL|UK|DTC|2024_04,Towel - Beach SEASONAL,UK,DTC,2024,4,2024_04,3116,71344.28,FALSE
Towel - Beach SEASONAL|UK|DTC|2024_05,Towel - Beach SEASONAL,UK,DTC,2024,5,2024_05,4212,101344.58,FALSE
Towel - Beach SEASONAL|UK|DTC|2024_06,Towel - Beach SEASONAL,UK,DTC,2024,6,2024_06,3668,88179.46,FALSE
Towel - Beach SEASONAL|UK|DTC|2024_07,Towel - Beach SEASONAL,UK,DTC,2024,7,2024_07,3884,89925.32,FALSE
Towel - Beach SEASONAL|UK|DTC|2024_08,Towel - Beach SEASONAL,UK,DTC,2024,8,2024_08,9426,178020.9,FALSE
Towel - Beach SEASONAL|UK|DTC|2024_09,Towel - Beach SEASONAL,UK,DTC,2024,9,2024_09,1290,25719.54,FALSE
Towel - Beach SEASONAL|UK|DTC|2024_10,Towel - Beach SEASONAL,UK,DTC,2024,10,2024_10,418,9322.94,FALSE
Towel - Beach SEASONAL|UK|DTC|2024_11,Towel - Beach SEASONAL,UK,DTC,2024,11,2024_11,884,13435.34,FALSE
Towel - Beach SEASONAL|UK|DTC|2024_12,Towel - Beach SEASONAL,UK,DTC,2024,12,2024_12,154,1955.52,FALSE
Towel - Beach SEASONAL|UK|DTC|2025_01,Towel - Beach SEASONAL,UK,DTC,2025,1,2025_01,147,2955.02,FALSE
Towel - Beach SEASONAL|UK|DTC|2025_02,Towel - Beach SEASONAL,UK,DTC,2025,2,2025_02,2916,58803.61,FALSE
Towel - Beach SEASONAL|UK|DTC|2025_03,Towel - Beach SEASONAL,UK,DTC,2025,3,2025_03,5165,103519.63,FALSE
Towel - Beach SEASONAL|UK|DTC|2025_04,Towel - Beach SEASONAL,UK,DTC,2025,4,2025_04,7398,150707.03,FALSE
Towel - Beach SEASONAL|UK|DTC|2025_05,Towel - Beach SEASONAL,UK,DTC,2025,5,2025_05,6520,136301,FALSE
Towel - Beach SEASONAL|UK|DTC|2025_06,Towel - Beach SEASONAL,UK,DTC,2025,6,2025_06,6819,145959.28,FALSE
Towel - Beach SEASONAL|UK|DTC|2025_07,Towel - Beach SEASONAL,UK,DTC,2025,7,2025_07,10332,209872.48,FALSE
Towel - Beach SEASONAL|UK|DTC|2025_08,Towel - Beach SEASONAL,UK,DTC,2025,8,2025_08,11686,223047.24,FALSE
Towel - Beach SEASONAL|UK|DTC|2025_09,Towel - Beach SEASONAL,UK,DTC,2025,9,2025_09,4136,85585.31,FALSE
Towel - Beach SEASONAL|UK|DTC|2025_10,Towel - Beach SEASONAL,UK,DTC,2025,10,2025_10,2429,54192.77,FALSE
Towel - Beach SEASONAL|UK|DTC|2025_11,Towel - Beach SEASONAL,UK,DTC,2025,11,2025_11,6693,141094.67,FALSE
Towel - Beach SEASONAL|UK|DTC|2025_12,Towel - Beach SEASONAL,UK,DTC,2025,12,2025_12,5913,124771.89,FALSE
Towel - Beach SEASONAL|UK|DTC|2026_01,Towel - Beach SEASONAL,UK,DTC,2026,1,2026_01,4427,84503.15,FALSE
Towel - Beach SEASONAL|UK|DTC|2026_02,Towel - Beach SEASONAL,UK,DTC,2026,2,2026_02,1695,42037.94,FALSE
Towel - Beach SEASONAL|UK|DTC|2026_03,Towel - Beach SEASONAL,UK,DTC,2026,3,2026_03,3396,76110.72,FALSE
Towel - Beach SEASONAL|UK|DTC|2026_04,Towel - Beach SEASONAL,UK,DTC,2026,4,2026_04,4633,100528.35,FALSE
Towel - Beach SEASONAL|UK|DTC|2026_05,Towel - Beach SEASONAL,UK,DTC,2026,5,2026_05,7879,166406.2,FALSE
Towel - Beach SEASONAL|UK|DTC|2026_06,Towel - Beach SEASONAL,UK,DTC,2026,6,2026_06,5167,111818.23,FALSE
Towel - Beach SEASONAL|UK|FBA|2024_01,Towel - Beach SEASONAL,UK,FBA,2024,1,2024_01,26,716.34,FALSE
Towel - Beach SEASONAL|UK|FBA|2024_02,Towel - Beach SEASONAL,UK,FBA,2024,2,2024_02,128,3154.12,FALSE
Towel - Beach SEASONAL|UK|FBA|2024_03,Towel - Beach SEASONAL,UK,FBA,2024,3,2024_03,252,5881.82,FALSE
Towel - Beach SEASONAL|UK|FBA|2024_04,Towel - Beach SEASONAL,UK,FBA,2024,4,2024_04,312,7492.98,FALSE
Towel - Beach SEASONAL|UK|FBA|2024_05,Towel - Beach SEASONAL,UK,FBA,2024,5,2024_05,578,14084.52,FALSE
Towel - Beach SEASONAL|UK|FBA|2024_06,Towel - Beach SEASONAL,UK,FBA,2024,6,2024_06,920,21903.92,FALSE
Towel - Beach SEASONAL|UK|FBA|2024_07,Towel - Beach SEASONAL,UK,FBA,2024,7,2024_07,934,20652.94,FALSE
Towel - Beach SEASONAL|UK|FBA|2024_08,Towel - Beach SEASONAL,UK,FBA,2024,8,2024_08,610,14458.14,FALSE
Towel - Beach SEASONAL|UK|FBA|2024_09,Towel - Beach SEASONAL,UK,FBA,2024,9,2024_09,748,14859.96,FALSE
Towel - Beach SEASONAL|UK|FBA|2024_10,Towel - Beach SEASONAL,UK,FBA,2024,10,2024_10,146,2928.86,FALSE
Towel - Beach SEASONAL|UK|FBA|2024_11,Towel - Beach SEASONAL,UK,FBA,2024,11,2024_11,214,3004.48,FALSE
Towel - Beach SEASONAL|UK|FBA|2024_12,Towel - Beach SEASONAL,UK,FBA,2024,12,2024_12,26,397.68,FALSE
Towel - Beach SEASONAL|UK|FBA|2025_01,Towel - Beach SEASONAL,UK,FBA,2025,1,2025_01,6,106.68,FALSE
Towel - Beach SEASONAL|UK|FBA|2025_02,Towel - Beach SEASONAL,UK,FBA,2025,2,2025_02,85,2101.5,FALSE
Towel - Beach SEASONAL|UK|FBA|2025_03,Towel - Beach SEASONAL,UK,FBA,2025,3,2025_03,674,15443.41,FALSE
Towel - Beach SEASONAL|UK|FBA|2025_04,Towel - Beach SEASONAL,UK,FBA,2025,4,2025_04,846,18863.45,FALSE
Towel - Beach SEASONAL|UK|FBA|2025_05,Towel - Beach SEASONAL,UK,FBA,2025,5,2025_05,1699,38240.5,FALSE
Towel - Beach SEASONAL|UK|FBA|2025_06,Towel - Beach SEASONAL,UK,FBA,2025,6,2025_06,1777,41460.12,FALSE
Towel - Beach SEASONAL|UK|FBA|2025_07,Towel - Beach SEASONAL,UK,FBA,2025,7,2025_07,2597,56998.83,FALSE
Towel - Beach SEASONAL|UK|FBA|2025_08,Towel - Beach SEASONAL,UK,FBA,2025,8,2025_08,2156,48906.08,FALSE
Towel - Beach SEASONAL|UK|FBA|2025_09,Towel - Beach SEASONAL,UK,FBA,2025,9,2025_09,1268,29740.47,FALSE
Towel - Beach SEASONAL|UK|FBA|2025_10,Towel - Beach SEASONAL,UK,FBA,2025,10,2025_10,497,13130.39,FALSE
Towel - Beach SEASONAL|UK|FBA|2025_11,Towel - Beach SEASONAL,UK,FBA,2025,11,2025_11,1166,24796.63,FALSE
Towel - Beach SEASONAL|UK|FBA|2025_12,Towel - Beach SEASONAL,UK,FBA,2025,12,2025_12,1059,25714.71,FALSE
Towel - Beach SEASONAL|UK|FBA|2026_01,Towel - Beach SEASONAL,UK,FBA,2026,1,2026_01,648,16677.91,FALSE
Towel - Beach SEASONAL|UK|FBA|2026_02,Towel - Beach SEASONAL,UK,FBA,2026,2,2026_02,628,16503.07,FALSE
Towel - Beach SEASONAL|UK|FBA|2026_03,Towel - Beach SEASONAL,UK,FBA,2026,3,2026_03,881,22721.51,FALSE
Towel - Beach SEASONAL|UK|FBA|2026_04,Towel - Beach SEASONAL,UK,FBA,2026,4,2026_04,1203,29761.51,FALSE
Towel - Beach SEASONAL|UK|FBA|2026_05,Towel - Beach SEASONAL,UK,FBA,2026,5,2026_05,1313,34597.26,FALSE
Towel - Beach SEASONAL|UK|FBA|2026_06,Towel - Beach SEASONAL,UK,FBA,2026,6,2026_06,728,19880.76,FALSE
Towel - Beach SEASONAL|US|B2B|2024_01,Towel - Beach SEASONAL,US,B2B,2024,1,2024_01,2476,29894.68,FALSE
Towel - Beach SEASONAL|US|B2B|2024_02,Towel - Beach SEASONAL,US,B2B,2024,2,2024_02,7108,96762.66,FALSE
Towel - Beach SEASONAL|US|B2B|2024_03,Towel - Beach SEASONAL,US,B2B,2024,3,2024_03,3144,40614.26,FALSE
Towel - Beach SEASONAL|US|B2B|2024_04,Towel - Beach SEASONAL,US,B2B,2024,4,2024_04,4898,58188.98,FALSE
Towel - Beach SEASONAL|US|B2B|2024_05,Towel - Beach SEASONAL,US,B2B,2024,5,2024_05,4300,59620,FALSE
Towel - Beach SEASONAL|US|B2B|2024_06,Towel - Beach SEASONAL,US,B2B,2024,6,2024_06,1408,18810.58,FALSE
Towel - Beach SEASONAL|US|B2B|2024_07,Towel - Beach SEASONAL,US,B2B,2024,7,2024_07,652,8838.04,FALSE
Towel - Beach SEASONAL|US|B2B|2024_08,Towel - Beach SEASONAL,US,B2B,2024,8,2024_08,306,4207.34,FALSE
Towel - Beach SEASONAL|US|B2B|2024_09,Towel - Beach SEASONAL,US,B2B,2024,9,2024_09,140,1171.12,FALSE
Towel - Beach SEASONAL|US|B2B|2024_10,Towel - Beach SEASONAL,US,B2B,2024,10,2024_10,130,1761.48,FALSE
Towel - Beach SEASONAL|US|B2B|2024_11,Towel - Beach SEASONAL,US,B2B,2024,11,2024_11,850,9828.04,FALSE
Towel - Beach SEASONAL|US|B2B|2024_12,Towel - Beach SEASONAL,US,B2B,2024,12,2024_12,446,54913.08,FALSE
Towel - Beach SEASONAL|US|B2B|2025_01,Towel - Beach SEASONAL,US,B2B,2025,1,2025_01,3560,33173.36,FALSE
Towel - Beach SEASONAL|US|B2B|2025_02,Towel - Beach SEASONAL,US,B2B,2025,2,2025_02,5946,79942.78,FALSE
Towel - Beach SEASONAL|US|B2B|2025_03,Towel - Beach SEASONAL,US,B2B,2025,3,2025_03,4456,59538.24,FALSE
Towel - Beach SEASONAL|US|B2B|2025_04,Towel - Beach SEASONAL,US,B2B,2025,4,2025_04,3538,45646.1,FALSE
Towel - Beach SEASONAL|US|B2B|2025_05,Towel - Beach SEASONAL,US,B2B,2025,5,2025_05,4576,64177.9,FALSE
Towel - Beach SEASONAL|US|B2B|2025_06,Towel - Beach SEASONAL,US,B2B,2025,6,2025_06,1526,20930.66,FALSE
Towel - Beach SEASONAL|US|B2B|2025_07,Towel - Beach SEASONAL,US,B2B,2025,7,2025_07,982,14784.41,FALSE
Towel - Beach SEASONAL|US|B2B|2025_08,Towel - Beach SEASONAL,US,B2B,2025,8,2025_08,306,5312.16,FALSE
Towel - Beach SEASONAL|US|B2B|2025_09,Towel - Beach SEASONAL,US,B2B,2025,9,2025_09,347,5685.79,FALSE
Towel - Beach SEASONAL|US|B2B|2025_10,Towel - Beach SEASONAL,US,B2B,2025,10,2025_10,367,5712.42,FALSE
Towel - Beach SEASONAL|US|B2B|2025_11,Towel - Beach SEASONAL,US,B2B,2025,11,2025_11,191,2800.75,FALSE
Towel - Beach SEASONAL|US|B2B|2025_12,Towel - Beach SEASONAL,US,B2B,2025,12,2025_12,109,1371.75,FALSE
Towel - Beach SEASONAL|US|B2B|2026_01,Towel - Beach SEASONAL,US,B2B,2026,1,2026_01,408,6439.46,FALSE
Towel - Beach SEASONAL|US|B2B|2026_02,Towel - Beach SEASONAL,US,B2B,2026,2,2026_02,8020,109653.59,FALSE
Towel - Beach SEASONAL|US|B2B|2026_03,Towel - Beach SEASONAL,US,B2B,2026,3,2026_03,13754,200475.91,FALSE
Towel - Beach SEASONAL|US|B2B|2026_04,Towel - Beach SEASONAL,US,B2B,2026,4,2026_04,2382,36846.95,FALSE
Towel - Beach SEASONAL|US|B2B|2026_05,Towel - Beach SEASONAL,US,B2B,2026,5,2026_05,2860,44535.97,FALSE
Towel - Beach SEASONAL|US|B2B|2026_06,Towel - Beach SEASONAL,US,B2B,2026,6,2026_06,1890,24436.45,FALSE
Towel - Beach SEASONAL|US|DTC|2024_01,Towel - Beach SEASONAL,US,DTC,2024,1,2024_01,62,1166.78,FALSE
Towel - Beach SEASONAL|US|DTC|2024_02,Towel - Beach SEASONAL,US,DTC,2024,2,2024_02,106,2389.38,FALSE
Towel - Beach SEASONAL|US|DTC|2024_03,Towel - Beach SEASONAL,US,DTC,2024,3,2024_03,388,9729.18,FALSE
Towel - Beach SEASONAL|US|DTC|2024_04,Towel - Beach SEASONAL,US,DTC,2024,4,2024_04,526,13571.42,FALSE
Towel - Beach SEASONAL|US|DTC|2024_05,Towel - Beach SEASONAL,US,DTC,2024,5,2024_05,984,24505.56,FALSE
Towel - Beach SEASONAL|US|DTC|2024_06,Towel - Beach SEASONAL,US,DTC,2024,6,2024_06,970,23363.54,FALSE
Towel - Beach SEASONAL|US|DTC|2024_07,Towel - Beach SEASONAL,US,DTC,2024,7,2024_07,1488,31248.86,FALSE
Towel - Beach SEASONAL|US|DTC|2024_08,Towel - Beach SEASONAL,US,DTC,2024,8,2024_08,630,12490.9,FALSE
Towel - Beach SEASONAL|US|DTC|2024_09,Towel - Beach SEASONAL,US,DTC,2024,9,2024_09,310,5632.38,FALSE
Towel - Beach SEASONAL|US|DTC|2024_10,Towel - Beach SEASONAL,US,DTC,2024,10,2024_10,176,3366.28,FALSE
Towel - Beach SEASONAL|US|DTC|2024_11,Towel - Beach SEASONAL,US,DTC,2024,11,2024_11,356,6337,FALSE
Towel - Beach SEASONAL|US|DTC|2024_12,Towel - Beach SEASONAL,US,DTC,2024,12,2024_12,1020,17037.32,FALSE
Towel - Beach SEASONAL|US|DTC|2025_01,Towel - Beach SEASONAL,US,DTC,2025,1,2025_01,508,7732.52,FALSE
Towel - Beach SEASONAL|US|DTC|2025_02,Towel - Beach SEASONAL,US,DTC,2025,2,2025_02,910,17169.28,FALSE
Towel - Beach SEASONAL|US|DTC|2025_03,Towel - Beach SEASONAL,US,DTC,2025,3,2025_03,2238,44054.16,FALSE
Towel - Beach SEASONAL|US|DTC|2025_04,Towel - Beach SEASONAL,US,DTC,2025,4,2025_04,2476,54495.49,FALSE
Towel - Beach SEASONAL|US|DTC|2025_05,Towel - Beach SEASONAL,US,DTC,2025,5,2025_05,2835,63908.91,FALSE
Towel - Beach SEASONAL|US|DTC|2025_06,Towel - Beach SEASONAL,US,DTC,2025,6,2025_06,3036,71683.64,FALSE
Towel - Beach SEASONAL|US|DTC|2025_07,Towel - Beach SEASONAL,US,DTC,2025,7,2025_07,3107,62306.66,FALSE
Towel - Beach SEASONAL|US|DTC|2025_08,Towel - Beach SEASONAL,US,DTC,2025,8,2025_08,824,19995.82,FALSE
Towel - Beach SEASONAL|US|DTC|2025_09,Towel - Beach SEASONAL,US,DTC,2025,9,2025_09,461,10370.75,FALSE
Towel - Beach SEASONAL|US|DTC|2025_10,Towel - Beach SEASONAL,US,DTC,2025,10,2025_10,304,7336.42,FALSE
Towel - Beach SEASONAL|US|DTC|2025_11,Towel - Beach SEASONAL,US,DTC,2025,11,2025_11,758,16193.23,FALSE
Towel - Beach SEASONAL|US|DTC|2025_12,Towel - Beach SEASONAL,US,DTC,2025,12,2025_12,1044,23577.17,FALSE
Towel - Beach SEASONAL|US|DTC|2026_01,Towel - Beach SEASONAL,US,DTC,2026,1,2026_01,848,17663.9,FALSE
Towel - Beach SEASONAL|US|DTC|2026_02,Towel - Beach SEASONAL,US,DTC,2026,2,2026_02,667,15262.45,FALSE
Towel - Beach SEASONAL|US|DTC|2026_03,Towel - Beach SEASONAL,US,DTC,2026,3,2026_03,2164,48797.29,FALSE
Towel - Beach SEASONAL|US|DTC|2026_04,Towel - Beach SEASONAL,US,DTC,2026,4,2026_04,2121,43531.13,FALSE
Towel - Beach SEASONAL|US|DTC|2026_05,Towel - Beach SEASONAL,US,DTC,2026,5,2026_05,2976,61632.09,FALSE
Towel - Beach SEASONAL|US|DTC|2026_06,Towel - Beach SEASONAL,US,DTC,2026,6,2026_06,2854,58726.25,FALSE
Towel - Beach SEASONAL|US|FBA|2024_01,Towel - Beach SEASONAL,US,FBA,2024,1,2024_01,110,2789.74,FALSE
Towel - Beach SEASONAL|US|FBA|2024_02,Towel - Beach SEASONAL,US,FBA,2024,2,2024_02,178,4558.02,FALSE
Towel - Beach SEASONAL|US|FBA|2024_03,Towel - Beach SEASONAL,US,FBA,2024,3,2024_03,582,13664.1,FALSE
Towel - Beach SEASONAL|US|FBA|2024_04,Towel - Beach SEASONAL,US,FBA,2024,4,2024_04,708,16817.12,FALSE
Towel - Beach SEASONAL|US|FBA|2024_05,Towel - Beach SEASONAL,US,FBA,2024,5,2024_05,1702,38786.72,FALSE
Towel - Beach SEASONAL|US|FBA|2024_06,Towel - Beach SEASONAL,US,FBA,2024,6,2024_06,2056,48543.4,FALSE
Towel - Beach SEASONAL|US|FBA|2024_07,Towel - Beach SEASONAL,US,FBA,2024,7,2024_07,1044,23840.6,FALSE
Towel - Beach SEASONAL|US|FBA|2024_08,Towel - Beach SEASONAL,US,FBA,2024,8,2024_08,440,10364.5,FALSE
Towel - Beach SEASONAL|US|FBA|2024_09,Towel - Beach SEASONAL,US,FBA,2024,9,2024_09,138,3066.9,FALSE
Towel - Beach SEASONAL|US|FBA|2024_10,Towel - Beach SEASONAL,US,FBA,2024,10,2024_10,128,2608.98,FALSE
Towel - Beach SEASONAL|US|FBA|2024_11,Towel - Beach SEASONAL,US,FBA,2024,11,2024_11,108,2191.86,FALSE
Towel - Beach SEASONAL|US|FBA|2024_12,Towel - Beach SEASONAL,US,FBA,2024,12,2024_12,240,5084.56,FALSE
Towel - Beach SEASONAL|US|FBA|2025_01,Towel - Beach SEASONAL,US,FBA,2025,1,2025_01,124,3079.98,FALSE
Towel - Beach SEASONAL|US|FBA|2025_02,Towel - Beach SEASONAL,US,FBA,2025,2,2025_02,154,3812.34,FALSE
Towel - Beach SEASONAL|US|FBA|2025_03,Towel - Beach SEASONAL,US,FBA,2025,3,2025_03,1558,35919.2,FALSE
Towel - Beach SEASONAL|US|FBA|2025_04,Towel - Beach SEASONAL,US,FBA,2025,4,2025_04,2459,62780.2,FALSE
Towel - Beach SEASONAL|US|FBA|2025_05,Towel - Beach SEASONAL,US,FBA,2025,5,2025_05,3256,89498.28,FALSE
Towel - Beach SEASONAL|US|FBA|2025_06,Towel - Beach SEASONAL,US,FBA,2025,6,2025_06,4823,132153.73,FALSE
Towel - Beach SEASONAL|US|FBA|2025_07,Towel - Beach SEASONAL,US,FBA,2025,7,2025_07,3901,99957.1,FALSE
Towel - Beach SEASONAL|US|FBA|2025_08,Towel - Beach SEASONAL,US,FBA,2025,8,2025_08,903,24475.81,FALSE
Towel - Beach SEASONAL|US|FBA|2025_09,Towel - Beach SEASONAL,US,FBA,2025,9,2025_09,312,8938.9,FALSE
Towel - Beach SEASONAL|US|FBA|2025_10,Towel - Beach SEASONAL,US,FBA,2025,10,2025_10,355,9248.73,FALSE
Towel - Beach SEASONAL|US|FBA|2025_11,Towel - Beach SEASONAL,US,FBA,2025,11,2025_11,937,21777.29,FALSE
Towel - Beach SEASONAL|US|FBA|2025_12,Towel - Beach SEASONAL,US,FBA,2025,12,2025_12,603,16483.04,FALSE
Towel - Beach SEASONAL|US|FBA|2026_01,Towel - Beach SEASONAL,US,FBA,2026,1,2026_01,394,10777.36,FALSE
Towel - Beach SEASONAL|US|FBA|2026_02,Towel - Beach SEASONAL,US,FBA,2026,2,2026_02,540,16135.05,FALSE
Towel - Beach SEASONAL|US|FBA|2026_03,Towel - Beach SEASONAL,US,FBA,2026,3,2026_03,1790,52845.33,FALSE
Towel - Beach SEASONAL|US|FBA|2026_04,Towel - Beach SEASONAL,US,FBA,2026,4,2026_04,1700,46202.08,FALSE
Towel - Beach SEASONAL|US|FBA|2026_05,Towel - Beach SEASONAL,US,FBA,2026,5,2026_05,2574,71482.9,FALSE
Towel - Beach SEASONAL|US|FBA|2026_06,Towel - Beach SEASONAL,US,FBA,2026,6,2026_06,1568,45058.04,FALSE
Towel - Beach SEASONAL SUM|AU|DTC|2024_01,Towel - Beach SEASONAL SUM,AU,DTC,2024,1,2024_01,544,9190.04,FALSE
Towel - Beach SEASONAL SUM|AU|DTC|2024_02,Towel - Beach SEASONAL SUM,AU,DTC,2024,2,2024_02,334,5818.58,FALSE
Towel - Beach SEASONAL SUM|AU|DTC|2024_03,Towel - Beach SEASONAL SUM,AU,DTC,2024,3,2024_03,290,5289.26,FALSE
Towel - Beach SEASONAL SUM|AU|DTC|2024_04,Towel - Beach SEASONAL SUM,AU,DTC,2024,4,2024_04,192,3679.62,FALSE
Towel - Beach SEASONAL SUM|AU|DTC|2024_05,Towel - Beach SEASONAL SUM,AU,DTC,2024,5,2024_05,158,3328.88,FALSE
Towel - Beach SEASONAL SUM|AU|DTC|2024_06,Towel - Beach SEASONAL SUM,AU,DTC,2024,6,2024_06,336,6949.2,FALSE
Towel - Beach SEASONAL SUM|AU|DTC|2024_07,Towel - Beach SEASONAL SUM,AU,DTC,2024,7,2024_07,326,6897.64,FALSE
Towel - Beach SEASONAL SUM|AU|DTC|2024_08,Towel - Beach SEASONAL SUM,AU,DTC,2024,8,2024_08,324,6658.76,FALSE
Towel - Beach SEASONAL SUM|AU|DTC|2024_09,Towel - Beach SEASONAL SUM,AU,DTC,2024,9,2024_09,418,8174.98,FALSE
Towel - Beach SEASONAL SUM|AU|DTC|2024_10,Towel - Beach SEASONAL SUM,AU,DTC,2024,10,2024_10,418,8348.38,FALSE
Towel - Beach SEASONAL SUM|AU|DTC|2024_11,Towel - Beach SEASONAL SUM,AU,DTC,2024,11,2024_11,1264,23948.44,FALSE
Towel - Beach SEASONAL SUM|AU|DTC|2024_12,Towel - Beach SEASONAL SUM,AU,DTC,2024,12,2024_12,1988,36633.58,FALSE
Towel - Beach SEASONAL SUM|AU|DTC|2025_01,Towel - Beach SEASONAL SUM,AU,DTC,2025,1,2025_01,1024,17594.16,FALSE
Towel - Beach SEASONAL SUM|AU|DTC|2025_02,Towel - Beach SEASONAL SUM,AU,DTC,2025,2,2025_02,126,2672.54,FALSE
Towel - Beach SEASONAL SUM|AU|DTC|2025_03,Towel - Beach SEASONAL SUM,AU,DTC,2025,3,2025_03,114,2436.8,FALSE
Towel - Beach SEASONAL SUM|AU|DTC|2025_04,Towel - Beach SEASONAL SUM,AU,DTC,2025,4,2025_04,68,1247.24,FALSE
Towel - Beach SEASONAL SUM|AU|DTC|2025_05,Towel - Beach SEASONAL SUM,AU,DTC,2025,5,2025_05,92,1874.32,FALSE
Towel - Beach SEASONAL SUM|AU|DTC|2025_06,Towel - Beach SEASONAL SUM,AU,DTC,2025,6,2025_06,98,2099.86,FALSE
Towel - Beach SEASONAL SUM|AU|DTC|2025_07,Towel - Beach SEASONAL SUM,AU,DTC,2025,7,2025_07,335,6402.81,FALSE
Towel - Beach SEASONAL SUM|AU|DTC|2025_08,Towel - Beach SEASONAL SUM,AU,DTC,2025,8,2025_08,378,6843.88,FALSE
Towel - Beach SEASONAL SUM|AU|DTC|2025_09,Towel - Beach SEASONAL SUM,AU,DTC,2025,9,2025_09,441,8166.43,FALSE
Towel - Beach SEASONAL SUM|AU|DTC|2025_10,Towel - Beach SEASONAL SUM,AU,DTC,2025,10,2025_10,455,7874.94,FALSE
Towel - Beach SEASONAL SUM|AU|DTC|2025_11,Towel - Beach SEASONAL SUM,AU,DTC,2025,11,2025_11,1537,26486.27,FALSE
Towel - Beach SEASONAL SUM|AU|DTC|2025_12,Towel - Beach SEASONAL SUM,AU,DTC,2025,12,2025_12,1675,31324.67,FALSE
Towel - Beach SEASONAL SUM|AU|DTC|2026_01,Towel - Beach SEASONAL SUM,AU,DTC,2026,1,2026_01,352,7124.54,FALSE
Towel - Beach SEASONAL SUM|AU|DTC|2026_02,Towel - Beach SEASONAL SUM,AU,DTC,2026,2,2026_02,260,5589.45,FALSE
Towel - Beach SEASONAL SUM|AU|DTC|2026_03,Towel - Beach SEASONAL SUM,AU,DTC,2026,3,2026_03,189,3958.56,FALSE
Towel - Beach SEASONAL SUM|AU|DTC|2026_04,Towel - Beach SEASONAL SUM,AU,DTC,2026,4,2026_04,164,3344.13,FALSE
Towel - Beach SEASONAL SUM|AU|DTC|2026_05,Towel - Beach SEASONAL SUM,AU,DTC,2026,5,2026_05,171,4374.9,FALSE
Towel - Beach SEASONAL SUM|AU|DTC|2026_06,Towel - Beach SEASONAL SUM,AU,DTC,2026,6,2026_06,111,3018.55,FALSE
Towel - Beach SEASONAL SUM|AU|FBA|2024_01,Towel - Beach SEASONAL SUM,AU,FBA,2024,1,2024_01,64,1745.66,FALSE
Towel - Beach SEASONAL SUM|AU|FBA|2024_02,Towel - Beach SEASONAL SUM,AU,FBA,2024,2,2024_02,34,911.12,FALSE
Towel - Beach SEASONAL SUM|AU|FBA|2024_03,Towel - Beach SEASONAL SUM,AU,FBA,2024,3,2024_03,64,1533.02,FALSE
Towel - Beach SEASONAL SUM|AU|FBA|2024_04,Towel - Beach SEASONAL SUM,AU,FBA,2024,4,2024_04,50,1334.6,FALSE
Towel - Beach SEASONAL SUM|AU|FBA|2024_05,Towel - Beach SEASONAL SUM,AU,FBA,2024,5,2024_05,46,1243.56,FALSE
Towel - Beach SEASONAL SUM|AU|FBA|2024_06,Towel - Beach SEASONAL SUM,AU,FBA,2024,6,2024_06,66,1723.9,FALSE
Towel - Beach SEASONAL SUM|AU|FBA|2024_07,Towel - Beach SEASONAL SUM,AU,FBA,2024,7,2024_07,52,1279.74,FALSE
Towel - Beach SEASONAL SUM|AU|FBA|2024_08,Towel - Beach SEASONAL SUM,AU,FBA,2024,8,2024_08,48,1222.2,FALSE
Towel - Beach SEASONAL SUM|AU|FBA|2024_09,Towel - Beach SEASONAL SUM,AU,FBA,2024,9,2024_09,56,1336.36,FALSE
Towel - Beach SEASONAL SUM|AU|FBA|2024_10,Towel - Beach SEASONAL SUM,AU,FBA,2024,10,2024_10,18,483.98,FALSE
Towel - Beach SEASONAL SUM|AU|FBA|2024_11,Towel - Beach SEASONAL SUM,AU,FBA,2024,11,2024_11,58,1481.26,FALSE
Towel - Beach SEASONAL SUM|AU|FBA|2024_12,Towel - Beach SEASONAL SUM,AU,FBA,2024,12,2024_12,196,5041.24,FALSE
Towel - Beach SEASONAL SUM|AU|FBA|2025_01,Towel - Beach SEASONAL SUM,AU,FBA,2025,1,2025_01,98,2565.76,FALSE
Towel - Beach SEASONAL SUM|AU|FBA|2025_02,Towel - Beach SEASONAL SUM,AU,FBA,2025,2,2025_02,30,755.56,FALSE
Towel - Beach SEASONAL SUM|AU|FBA|2025_03,Towel - Beach SEASONAL SUM,AU,FBA,2025,3,2025_03,50,959.64,FALSE
Towel - Beach SEASONAL SUM|AU|FBA|2025_04,Towel - Beach SEASONAL SUM,AU,FBA,2025,4,2025_04,46,850.28,FALSE
Towel - Beach SEASONAL SUM|AU|FBA|2025_05,Towel - Beach SEASONAL SUM,AU,FBA,2025,5,2025_05,54,1090.4,FALSE
Towel - Beach SEASONAL SUM|AU|FBA|2025_06,Towel - Beach SEASONAL SUM,AU,FBA,2025,6,2025_06,48,1212.62,FALSE
Towel - Beach SEASONAL SUM|AU|FBA|2025_07,Towel - Beach SEASONAL SUM,AU,FBA,2025,7,2025_07,54,1168.64,FALSE
Towel - Beach SEASONAL SUM|AU|FBA|2025_08,Towel - Beach SEASONAL SUM,AU,FBA,2025,8,2025_08,22,537.72,FALSE
Towel - Beach SEASONAL SUM|AU|FBA|2025_09,Towel - Beach SEASONAL SUM,AU,FBA,2025,9,2025_09,38,908.21,FALSE
Towel - Beach SEASONAL SUM|AU|FBA|2025_10,Towel - Beach SEASONAL SUM,AU,FBA,2025,10,2025_10,36,849.47,FALSE
Towel - Beach SEASONAL SUM|AU|FBA|2025_11,Towel - Beach SEASONAL SUM,AU,FBA,2025,11,2025_11,137,1960.17,FALSE
Towel - Beach SEASONAL SUM|AU|FBA|2025_12,Towel - Beach SEASONAL SUM,AU,FBA,2025,12,2025_12,111,2584.54,FALSE
Towel - Beach SEASONAL SUM|AU|FBA|2026_01,Towel - Beach SEASONAL SUM,AU,FBA,2026,1,2026_01,48,1155.7,FALSE
Towel - Beach SEASONAL SUM|AU|FBA|2026_02,Towel - Beach SEASONAL SUM,AU,FBA,2026,2,2026_02,16,447.9,FALSE
Towel - Beach SEASONAL SUM|AU|FBA|2026_03,Towel - Beach SEASONAL SUM,AU,FBA,2026,3,2026_03,15,394.97,FALSE
Towel - Beach SEASONAL SUM|AU|FBA|2026_04,Towel - Beach SEASONAL SUM,AU,FBA,2026,4,2026_04,7,172.21,FALSE
Towel - Beach SEASONAL SUM|AU|FBA|2026_05,Towel - Beach SEASONAL SUM,AU,FBA,2026,5,2026_05,5,163.34,FALSE
Towel - Beach SEASONAL SUM|AU|FBA|2026_06,Towel - Beach SEASONAL SUM,AU,FBA,2026,6,2026_06,9,270.85,FALSE
Towel - Beach SEASONAL SUM|CA|FBA|2024_01,Towel - Beach SEASONAL SUM,CA,FBA,2024,1,2024_01,80,2101.88,FALSE
Towel - Beach SEASONAL SUM|CA|FBA|2024_02,Towel - Beach SEASONAL SUM,CA,FBA,2024,2,2024_02,44,999.82,FALSE
Towel - Beach SEASONAL SUM|CA|FBA|2024_03,Towel - Beach SEASONAL SUM,CA,FBA,2024,3,2024_03,100,2353.02,FALSE
Towel - Beach SEASONAL SUM|CA|FBA|2024_04,Towel - Beach SEASONAL SUM,CA,FBA,2024,4,2024_04,66,1558.02,FALSE
Towel - Beach SEASONAL SUM|CA|FBA|2024_05,Towel - Beach SEASONAL SUM,CA,FBA,2024,5,2024_05,70,1772.62,FALSE
Towel - Beach SEASONAL SUM|CA|FBA|2024_06,Towel - Beach SEASONAL SUM,CA,FBA,2024,6,2024_06,46,1108.9,FALSE
Towel - Beach SEASONAL SUM|CA|FBA|2024_07,Towel - Beach SEASONAL SUM,CA,FBA,2024,7,2024_07,126,2979.06,FALSE
Towel - Beach SEASONAL SUM|CA|FBA|2024_08,Towel - Beach SEASONAL SUM,CA,FBA,2024,8,2024_08,130,3099.88,FALSE
Towel - Beach SEASONAL SUM|CA|FBA|2024_09,Towel - Beach SEASONAL SUM,CA,FBA,2024,9,2024_09,18,446.38,FALSE
Towel - Beach SEASONAL SUM|CA|FBA|2024_10,Towel - Beach SEASONAL SUM,CA,FBA,2024,10,2024_10,20,456.46,FALSE
Towel - Beach SEASONAL SUM|CA|FBA|2024_11,Towel - Beach SEASONAL SUM,CA,FBA,2024,11,2024_11,22,487.56,FALSE
Towel - Beach SEASONAL SUM|CA|FBA|2024_12,Towel - Beach SEASONAL SUM,CA,FBA,2024,12,2024_12,58,1380.2,FALSE
Towel - Beach SEASONAL SUM|CA|FBA|2025_01,Towel - Beach SEASONAL SUM,CA,FBA,2025,1,2025_01,70,1771.08,FALSE
Towel - Beach SEASONAL SUM|CA|FBA|2025_02,Towel - Beach SEASONAL SUM,CA,FBA,2025,2,2025_02,28,668,FALSE
Towel - Beach SEASONAL SUM|CA|FBA|2025_03,Towel - Beach SEASONAL SUM,CA,FBA,2025,3,2025_03,54,998.82,FALSE
Towel - Beach SEASONAL SUM|CA|FBA|2025_04,Towel - Beach SEASONAL SUM,CA,FBA,2025,4,2025_04,35,670.08,FALSE
Towel - Beach SEASONAL SUM|CA|FBA|2025_05,Towel - Beach SEASONAL SUM,CA,FBA,2025,5,2025_05,45,864.09,FALSE
Towel - Beach SEASONAL SUM|CA|FBA|2025_06,Towel - Beach SEASONAL SUM,CA,FBA,2025,6,2025_06,47,1165.1,FALSE
Towel - Beach SEASONAL SUM|CA|FBA|2025_07,Towel - Beach SEASONAL SUM,CA,FBA,2025,7,2025_07,178,3576.44,FALSE
Towel - Beach SEASONAL SUM|CA|FBA|2025_08,Towel - Beach SEASONAL SUM,CA,FBA,2025,8,2025_08,62,1302.44,FALSE
Towel - Beach SEASONAL SUM|CA|FBA|2025_09,Towel - Beach SEASONAL SUM,CA,FBA,2025,9,2025_09,23,568.76,FALSE
Towel - Beach SEASONAL SUM|CA|FBA|2025_10,Towel - Beach SEASONAL SUM,CA,FBA,2025,10,2025_10,32,712.71,FALSE
Towel - Beach SEASONAL SUM|CA|FBA|2025_11,Towel - Beach SEASONAL SUM,CA,FBA,2025,11,2025_11,87,1904.53,FALSE
Towel - Beach SEASONAL SUM|CA|FBA|2025_12,Towel - Beach SEASONAL SUM,CA,FBA,2025,12,2025_12,50,1183.54,FALSE
Towel - Beach SEASONAL SUM|CA|FBA|2026_01,Towel - Beach SEASONAL SUM,CA,FBA,2026,1,2026_01,44,1018.67,FALSE
Towel - Beach SEASONAL SUM|CA|FBA|2026_02,Towel - Beach SEASONAL SUM,CA,FBA,2026,2,2026_02,10,258.08,FALSE
Towel - Beach SEASONAL SUM|CA|FBA|2026_03,Towel - Beach SEASONAL SUM,CA,FBA,2026,3,2026_03,12,297.8,FALSE
Towel - Beach SEASONAL SUM|CA|FBA|2026_04,Towel - Beach SEASONAL SUM,CA,FBA,2026,4,2026_04,96,1803.54,FALSE
Towel - Beach SEASONAL SUM|CA|FBA|2026_05,Towel - Beach SEASONAL SUM,CA,FBA,2026,5,2026_05,116,2638.98,FALSE
Towel - Beach SEASONAL SUM|CA|FBA|2026_06,Towel - Beach SEASONAL SUM,CA,FBA,2026,6,2026_06,88,1878.1,FALSE
Towel - Beach SEASONAL SUM|EU|B2B|2024_01,Towel - Beach SEASONAL SUM,EU,B2B,2024,1,2024_01,788,4938.72,FALSE
Towel - Beach SEASONAL SUM|EU|B2B|2024_02,Towel - Beach SEASONAL SUM,EU,B2B,2024,2,2024_02,926,8267.56,FALSE
Towel - Beach SEASONAL SUM|EU|B2B|2024_03,Towel - Beach SEASONAL SUM,EU,B2B,2024,3,2024_03,1366,17250.4,FALSE
Towel - Beach SEASONAL SUM|EU|B2B|2024_04,Towel - Beach SEASONAL SUM,EU,B2B,2024,4,2024_04,1756,18849.44,FALSE
Towel - Beach SEASONAL SUM|EU|B2B|2024_05,Towel - Beach SEASONAL SUM,EU,B2B,2024,5,2024_05,1090,12150.4,FALSE
Towel - Beach SEASONAL SUM|EU|B2B|2024_06,Towel - Beach SEASONAL SUM,EU,B2B,2024,6,2024_06,1704,18051.7,FALSE
Towel - Beach SEASONAL SUM|EU|B2B|2024_07,Towel - Beach SEASONAL SUM,EU,B2B,2024,7,2024_07,516,9173.48,FALSE
Towel - Beach SEASONAL SUM|EU|B2B|2024_08,Towel - Beach SEASONAL SUM,EU,B2B,2024,8,2024_08,284,2656.62,FALSE
Towel - Beach SEASONAL SUM|EU|B2B|2024_09,Towel - Beach SEASONAL SUM,EU,B2B,2024,9,2024_09,304,2996.64,FALSE
Towel - Beach SEASONAL SUM|EU|B2B|2024_10,Towel - Beach SEASONAL SUM,EU,B2B,2024,10,2024_10,34,311.26,FALSE
Towel - Beach SEASONAL SUM|EU|B2B|2024_11,Towel - Beach SEASONAL SUM,EU,B2B,2024,11,2024_11,168,2055.24,FALSE
Towel - Beach SEASONAL SUM|EU|B2B|2024_12,Towel - Beach SEASONAL SUM,EU,B2B,2024,12,2024_12,173,1586.4,FALSE
Towel - Beach SEASONAL SUM|EU|B2B|2025_01,Towel - Beach SEASONAL SUM,EU,B2B,2025,1,2025_01,80,705.2,FALSE
Towel - Beach SEASONAL SUM|EU|B2B|2025_02,Towel - Beach SEASONAL SUM,EU,B2B,2025,2,2025_02,2128,21873.4,FALSE
Towel - Beach SEASONAL SUM|EU|B2B|2025_03,Towel - Beach SEASONAL SUM,EU,B2B,2025,3,2025_03,274,7651.11,FALSE
Towel - Beach SEASONAL SUM|EU|B2B|2025_04,Towel - Beach SEASONAL SUM,EU,B2B,2025,4,2025_04,502,6115.67,FALSE
Towel - Beach SEASONAL SUM|EU|B2B|2025_05,Towel - Beach SEASONAL SUM,EU,B2B,2025,5,2025_05,674,7820.21,FALSE
Towel - Beach SEASONAL SUM|EU|B2B|2025_06,Towel - Beach SEASONAL SUM,EU,B2B,2025,6,2025_06,679,8497.47,FALSE
Towel - Beach SEASONAL SUM|EU|B2B|2025_07,Towel - Beach SEASONAL SUM,EU,B2B,2025,7,2025_07,807,8882.92,FALSE
Towel - Beach SEASONAL SUM|EU|B2B|2025_08,Towel - Beach SEASONAL SUM,EU,B2B,2025,8,2025_08,362,4346.41,FALSE
Towel - Beach SEASONAL SUM|EU|B2B|2025_09,Towel - Beach SEASONAL SUM,EU,B2B,2025,9,2025_09,183,2042.17,FALSE
Towel - Beach SEASONAL SUM|EU|B2B|2025_10,Towel - Beach SEASONAL SUM,EU,B2B,2025,10,2025_10,17,229.35,FALSE
Towel - Beach SEASONAL SUM|EU|B2B|2025_11,Towel - Beach SEASONAL SUM,EU,B2B,2025,11,2025_11,124,1594.19,FALSE
Towel - Beach SEASONAL SUM|EU|B2B|2025_12,Towel - Beach SEASONAL SUM,EU,B2B,2025,12,2025_12,34,286.53,FALSE
Towel - Beach SEASONAL SUM|EU|B2B|2026_01,Towel - Beach SEASONAL SUM,EU,B2B,2026,1,2026_01,264,20172.21,FALSE
Towel - Beach SEASONAL SUM|EU|B2B|2026_02,Towel - Beach SEASONAL SUM,EU,B2B,2026,2,2026_02,219,9848.69,FALSE
Towel - Beach SEASONAL SUM|EU|B2B|2026_03,Towel - Beach SEASONAL SUM,EU,B2B,2026,3,2026_03,1156,13953.36,FALSE
Towel - Beach SEASONAL SUM|EU|B2B|2026_04,Towel - Beach SEASONAL SUM,EU,B2B,2026,4,2026_04,660,8655.43,FALSE
Towel - Beach SEASONAL SUM|EU|B2B|2026_05,Towel - Beach SEASONAL SUM,EU,B2B,2026,5,2026_05,925,11724.16,FALSE
Towel - Beach SEASONAL SUM|EU|B2B|2026_06,Towel - Beach SEASONAL SUM,EU,B2B,2026,6,2026_06,356,4600.15,FALSE
Towel - Beach SEASONAL SUM|EU|DTC|2024_01,Towel - Beach SEASONAL SUM,EU,DTC,2024,1,2024_01,154,3124.16,FALSE
Towel - Beach SEASONAL SUM|EU|DTC|2024_02,Towel - Beach SEASONAL SUM,EU,DTC,2024,2,2024_02,114,2157.74,FALSE
Towel - Beach SEASONAL SUM|EU|DTC|2024_03,Towel - Beach SEASONAL SUM,EU,DTC,2024,3,2024_03,362,7934.26,FALSE
Towel - Beach SEASONAL SUM|EU|DTC|2024_04,Towel - Beach SEASONAL SUM,EU,DTC,2024,4,2024_04,824,17645.9,FALSE
Towel - Beach SEASONAL SUM|EU|DTC|2024_05,Towel - Beach SEASONAL SUM,EU,DTC,2024,5,2024_05,1112,23526.24,FALSE
Towel - Beach SEASONAL SUM|EU|DTC|2024_06,Towel - Beach SEASONAL SUM,EU,DTC,2024,6,2024_06,910,19214.7,FALSE
Towel - Beach SEASONAL SUM|EU|DTC|2024_07,Towel - Beach SEASONAL SUM,EU,DTC,2024,7,2024_07,1402,29577.66,FALSE
Towel - Beach SEASONAL SUM|EU|DTC|2024_08,Towel - Beach SEASONAL SUM,EU,DTC,2024,8,2024_08,944,20578.04,FALSE
Towel - Beach SEASONAL SUM|EU|DTC|2024_09,Towel - Beach SEASONAL SUM,EU,DTC,2024,9,2024_09,346,7654.1,FALSE
Towel - Beach SEASONAL SUM|EU|DTC|2024_10,Towel - Beach SEASONAL SUM,EU,DTC,2024,10,2024_10,104,2201.54,FALSE
Towel - Beach SEASONAL SUM|EU|DTC|2024_11,Towel - Beach SEASONAL SUM,EU,DTC,2024,11,2024_11,394,7555.74,FALSE
Towel - Beach SEASONAL SUM|EU|DTC|2024_12,Towel - Beach SEASONAL SUM,EU,DTC,2024,12,2024_12,408,8010,FALSE
Towel - Beach SEASONAL SUM|EU|DTC|2025_01,Towel - Beach SEASONAL SUM,EU,DTC,2025,1,2025_01,92,2148.82,FALSE
Towel - Beach SEASONAL SUM|EU|DTC|2025_02,Towel - Beach SEASONAL SUM,EU,DTC,2025,2,2025_02,154,3484.01,FALSE
Towel - Beach SEASONAL SUM|EU|DTC|2025_03,Towel - Beach SEASONAL SUM,EU,DTC,2025,3,2025_03,365,8313.03,FALSE
Towel - Beach SEASONAL SUM|EU|DTC|2025_04,Towel - Beach SEASONAL SUM,EU,DTC,2025,4,2025_04,394,8914.37,FALSE
Towel - Beach SEASONAL SUM|EU|DTC|2025_05,Towel - Beach SEASONAL SUM,EU,DTC,2025,5,2025_05,624,14022.63,FALSE
Towel - Beach SEASONAL SUM|EU|DTC|2025_06,Towel - Beach SEASONAL SUM,EU,DTC,2025,6,2025_06,1010,22489.78,FALSE
Towel - Beach SEASONAL SUM|EU|DTC|2025_07,Towel - Beach SEASONAL SUM,EU,DTC,2025,7,2025_07,337,7551.82,FALSE
Towel - Beach SEASONAL SUM|EU|DTC|2025_08,Towel - Beach SEASONAL SUM,EU,DTC,2025,8,2025_08,586,12252.76,FALSE
Towel - Beach SEASONAL SUM|EU|DTC|2025_09,Towel - Beach SEASONAL SUM,EU,DTC,2025,9,2025_09,233,5052.72,FALSE
Towel - Beach SEASONAL SUM|EU|DTC|2025_10,Towel - Beach SEASONAL SUM,EU,DTC,2025,10,2025_10,115,2541.13,FALSE
Towel - Beach SEASONAL SUM|EU|DTC|2025_11,Towel - Beach SEASONAL SUM,EU,DTC,2025,11,2025_11,216,4491.81,FALSE
Towel - Beach SEASONAL SUM|EU|DTC|2025_12,Towel - Beach SEASONAL SUM,EU,DTC,2025,12,2025_12,244,4697.92,FALSE
Towel - Beach SEASONAL SUM|EU|DTC|2026_01,Towel - Beach SEASONAL SUM,EU,DTC,2026,1,2026_01,119,2200.87,FALSE
Towel - Beach SEASONAL SUM|EU|DTC|2026_02,Towel - Beach SEASONAL SUM,EU,DTC,2026,2,2026_02,61,1301.46,FALSE
Towel - Beach SEASONAL SUM|EU|DTC|2026_03,Towel - Beach SEASONAL SUM,EU,DTC,2026,3,2026_03,249,5650.2,FALSE
Towel - Beach SEASONAL SUM|EU|DTC|2026_04,Towel - Beach SEASONAL SUM,EU,DTC,2026,4,2026_04,372,8460.87,FALSE
Towel - Beach SEASONAL SUM|EU|DTC|2026_05,Towel - Beach SEASONAL SUM,EU,DTC,2026,5,2026_05,657,14424.78,FALSE
Towel - Beach SEASONAL SUM|EU|DTC|2026_06,Towel - Beach SEASONAL SUM,EU,DTC,2026,6,2026_06,733,16494.78,FALSE
Towel - Beach SEASONAL SUM|EU|FBA|2024_01,Towel - Beach SEASONAL SUM,EU,FBA,2024,1,2024_01,62,1696.16,FALSE
Towel - Beach SEASONAL SUM|EU|FBA|2024_02,Towel - Beach SEASONAL SUM,EU,FBA,2024,2,2024_02,80,2161.64,FALSE
Towel - Beach SEASONAL SUM|EU|FBA|2024_03,Towel - Beach SEASONAL SUM,EU,FBA,2024,3,2024_03,122,3165.5,FALSE
Towel - Beach SEASONAL SUM|EU|FBA|2024_04,Towel - Beach SEASONAL SUM,EU,FBA,2024,4,2024_04,228,5993.04,FALSE
Towel - Beach SEASONAL SUM|EU|FBA|2024_05,Towel - Beach SEASONAL SUM,EU,FBA,2024,5,2024_05,502,12957.98,FALSE
Towel - Beach SEASONAL SUM|EU|FBA|2024_06,Towel - Beach SEASONAL SUM,EU,FBA,2024,6,2024_06,336,7650.2,FALSE
Towel - Beach SEASONAL SUM|EU|FBA|2024_07,Towel - Beach SEASONAL SUM,EU,FBA,2024,7,2024_07,572,12208.72,FALSE
Towel - Beach SEASONAL SUM|EU|FBA|2024_08,Towel - Beach SEASONAL SUM,EU,FBA,2024,8,2024_08,552,12498.14,FALSE
Towel - Beach SEASONAL SUM|EU|FBA|2024_09,Towel - Beach SEASONAL SUM,EU,FBA,2024,9,2024_09,120,2954.3,FALSE
Towel - Beach SEASONAL SUM|EU|FBA|2024_10,Towel - Beach SEASONAL SUM,EU,FBA,2024,10,2024_10,32,899.12,FALSE
Towel - Beach SEASONAL SUM|EU|FBA|2024_11,Towel - Beach SEASONAL SUM,EU,FBA,2024,11,2024_11,112,2670.58,FALSE
Towel - Beach SEASONAL SUM|EU|FBA|2024_12,Towel - Beach SEASONAL SUM,EU,FBA,2024,12,2024_12,84,2293.3,FALSE
Towel - Beach SEASONAL SUM|EU|FBA|2025_01,Towel - Beach SEASONAL SUM,EU,FBA,2025,1,2025_01,46,1278.56,FALSE
Towel - Beach SEASONAL SUM|EU|FBA|2025_02,Towel - Beach SEASONAL SUM,EU,FBA,2025,2,2025_02,70,1882.44,FALSE
Towel - Beach SEASONAL SUM|EU|FBA|2025_03,Towel - Beach SEASONAL SUM,EU,FBA,2025,3,2025_03,112,2737.84,FALSE
Towel - Beach SEASONAL SUM|EU|FBA|2025_04,Towel - Beach SEASONAL SUM,EU,FBA,2025,4,2025_04,118,3002.46,FALSE
Towel - Beach SEASONAL SUM|EU|FBA|2025_05,Towel - Beach SEASONAL SUM,EU,FBA,2025,5,2025_05,138,3548.13,FALSE
Towel - Beach SEASONAL SUM|EU|FBA|2025_06,Towel - Beach SEASONAL SUM,EU,FBA,2025,6,2025_06,99,2703.65,FALSE
Towel - Beach SEASONAL SUM|EU|FBA|2025_07,Towel - Beach SEASONAL SUM,EU,FBA,2025,7,2025_07,14,365.51,FALSE
Towel - Beach SEASONAL SUM|EU|FBA|2025_08,Towel - Beach SEASONAL SUM,EU,FBA,2025,8,2025_08,29,901.44,FALSE
Towel - Beach SEASONAL SUM|EU|FBA|2025_09,Towel - Beach SEASONAL SUM,EU,FBA,2025,9,2025_09,14,387.16,FALSE
Towel - Beach SEASONAL SUM|EU|FBA|2025_10,Towel - Beach SEASONAL SUM,EU,FBA,2025,10,2025_10,8,209.56,FALSE
Towel - Beach SEASONAL SUM|EU|FBA|2025_11,Towel - Beach SEASONAL SUM,EU,FBA,2025,11,2025_11,17,351.38,FALSE
Towel - Beach SEASONAL SUM|EU|FBA|2026_03,Towel - Beach SEASONAL SUM,EU,FBA,2026,3,2026_03,4,138.47,FALSE
Towel - Beach SEASONAL SUM|EU|FBA|2026_04,Towel - Beach SEASONAL SUM,EU,FBA,2026,4,2026_04,2,70.81,FALSE
Towel - Beach SEASONAL SUM|EU|FBA|2026_05,Towel - Beach SEASONAL SUM,EU,FBA,2026,5,2026_05,57,1753.7,FALSE
Towel - Beach SEASONAL SUM|EU|FBA|2026_06,Towel - Beach SEASONAL SUM,EU,FBA,2026,6,2026_06,43,1269.82,FALSE
Towel - Beach SEASONAL SUM|UK|B2B|2024_01,Towel - Beach SEASONAL SUM,UK,B2B,2024,1,2024_01,316,3681.72,FALSE
Towel - Beach SEASONAL SUM|UK|B2B|2024_02,Towel - Beach SEASONAL SUM,UK,B2B,2024,2,2024_02,930,10322.84,FALSE
Towel - Beach SEASONAL SUM|UK|B2B|2024_03,Towel - Beach SEASONAL SUM,UK,B2B,2024,3,2024_03,2804,34126.62,FALSE
Towel - Beach SEASONAL SUM|UK|B2B|2024_04,Towel - Beach SEASONAL SUM,UK,B2B,2024,4,2024_04,446,5041.62,FALSE
Towel - Beach SEASONAL SUM|UK|B2B|2024_05,Towel - Beach SEASONAL SUM,UK,B2B,2024,5,2024_05,1424,18123.9,FALSE
Towel - Beach SEASONAL SUM|UK|B2B|2024_06,Towel - Beach SEASONAL SUM,UK,B2B,2024,6,2024_06,924,10728.5,FALSE
Towel - Beach SEASONAL SUM|UK|B2B|2024_07,Towel - Beach SEASONAL SUM,UK,B2B,2024,7,2024_07,1032,11688.46,FALSE
Towel - Beach SEASONAL SUM|UK|B2B|2024_08,Towel - Beach SEASONAL SUM,UK,B2B,2024,8,2024_08,2359,25814.44,FALSE
Towel - Beach SEASONAL SUM|UK|B2B|2024_09,Towel - Beach SEASONAL SUM,UK,B2B,2024,9,2024_09,284,3456.42,FALSE
Towel - Beach SEASONAL SUM|UK|B2B|2024_10,Towel - Beach SEASONAL SUM,UK,B2B,2024,10,2024_10,436,5405.82,FALSE
Towel - Beach SEASONAL SUM|UK|B2B|2024_11,Towel - Beach SEASONAL SUM,UK,B2B,2024,11,2024_11,100,1237.1,FALSE
Towel - Beach SEASONAL SUM|UK|B2B|2024_12,Towel - Beach SEASONAL SUM,UK,B2B,2024,12,2024_12,65,731.32,FALSE
Towel - Beach SEASONAL SUM|UK|B2B|2025_01,Towel - Beach SEASONAL SUM,UK,B2B,2025,1,2025_01,291,3232.8,FALSE
Towel - Beach SEASONAL SUM|UK|B2B|2025_02,Towel - Beach SEASONAL SUM,UK,B2B,2025,2,2025_02,436,33770.81,FALSE
Towel - Beach SEASONAL SUM|UK|B2B|2025_03,Towel - Beach SEASONAL SUM,UK,B2B,2025,3,2025_03,991,15623.26,FALSE
Towel - Beach SEASONAL SUM|UK|B2B|2025_04,Towel - Beach SEASONAL SUM,UK,B2B,2025,4,2025_04,704,27914.74,FALSE
Towel - Beach SEASONAL SUM|UK|B2B|2025_05,Towel - Beach SEASONAL SUM,UK,B2B,2025,5,2025_05,902,13571.2,FALSE
Towel - Beach SEASONAL SUM|UK|B2B|2025_06,Towel - Beach SEASONAL SUM,UK,B2B,2025,6,2025_06,2438,23406.34,FALSE
Towel - Beach SEASONAL SUM|UK|B2B|2025_07,Towel - Beach SEASONAL SUM,UK,B2B,2025,7,2025_07,1379,20634.19,FALSE
Towel - Beach SEASONAL SUM|UK|B2B|2025_08,Towel - Beach SEASONAL SUM,UK,B2B,2025,8,2025_08,1057,12109.95,FALSE
Towel - Beach SEASONAL SUM|UK|B2B|2025_09,Towel - Beach SEASONAL SUM,UK,B2B,2025,9,2025_09,828,9471.79,FALSE
Towel - Beach SEASONAL SUM|UK|B2B|2025_10,Towel - Beach SEASONAL SUM,UK,B2B,2025,10,2025_10,184,2409.65,FALSE
Towel - Beach SEASONAL SUM|UK|B2B|2025_11,Towel - Beach SEASONAL SUM,UK,B2B,2025,11,2025_11,76,1013.55,FALSE
Towel - Beach SEASONAL SUM|UK|B2B|2025_12,Towel - Beach SEASONAL SUM,UK,B2B,2025,12,2025_12,370,4728.76,FALSE
Towel - Beach SEASONAL SUM|UK|B2B|2026_01,Towel - Beach SEASONAL SUM,UK,B2B,2026,1,2026_01,248,3070.2,FALSE
Towel - Beach SEASONAL SUM|UK|B2B|2026_02,Towel - Beach SEASONAL SUM,UK,B2B,2026,2,2026_02,3976,162383.92,FALSE
Towel - Beach SEASONAL SUM|UK|B2B|2026_03,Towel - Beach SEASONAL SUM,UK,B2B,2026,3,2026_03,711,9276.34,FALSE
Towel - Beach SEASONAL SUM|UK|B2B|2026_04,Towel - Beach SEASONAL SUM,UK,B2B,2026,4,2026_04,2249,25385.75,FALSE
Towel - Beach SEASONAL SUM|UK|B2B|2026_05,Towel - Beach SEASONAL SUM,UK,B2B,2026,5,2026_05,993,12298.33,FALSE
Towel - Beach SEASONAL SUM|UK|B2B|2026_06,Towel - Beach SEASONAL SUM,UK,B2B,2026,6,2026_06,1216,16090.59,FALSE
Towel - Beach SEASONAL SUM|UK|DTC|2024_01,Towel - Beach SEASONAL SUM,UK,DTC,2024,1,2024_01,816,17179.76,FALSE
Towel - Beach SEASONAL SUM|UK|DTC|2024_02,Towel - Beach SEASONAL SUM,UK,DTC,2024,2,2024_02,920,19337.18,FALSE
Towel - Beach SEASONAL SUM|UK|DTC|2024_03,Towel - Beach SEASONAL SUM,UK,DTC,2024,3,2024_03,2018,40876.96,FALSE
Towel - Beach SEASONAL SUM|UK|DTC|2024_04,Towel - Beach SEASONAL SUM,UK,DTC,2024,4,2024_04,3262,70294.44,FALSE
Towel - Beach SEASONAL SUM|UK|DTC|2024_05,Towel - Beach SEASONAL SUM,UK,DTC,2024,5,2024_05,4344,93936.9,FALSE
Towel - Beach SEASONAL SUM|UK|DTC|2024_06,Towel - Beach SEASONAL SUM,UK,DTC,2024,6,2024_06,3938,87986.52,FALSE
Towel - Beach SEASONAL SUM|UK|DTC|2024_07,Towel - Beach SEASONAL SUM,UK,DTC,2024,7,2024_07,7250,154314.34,FALSE
Towel - Beach SEASONAL SUM|UK|DTC|2024_08,Towel - Beach SEASONAL SUM,UK,DTC,2024,8,2024_08,5088,110896.82,FALSE
Towel - Beach SEASONAL SUM|UK|DTC|2024_09,Towel - Beach SEASONAL SUM,UK,DTC,2024,9,2024_09,2230,51036.36,FALSE
Towel - Beach SEASONAL SUM|UK|DTC|2024_10,Towel - Beach SEASONAL SUM,UK,DTC,2024,10,2024_10,1340,30171.22,FALSE
Towel - Beach SEASONAL SUM|UK|DTC|2024_11,Towel - Beach SEASONAL SUM,UK,DTC,2024,11,2024_11,3592,75565.92,FALSE
Towel - Beach SEASONAL SUM|UK|DTC|2024_12,Towel - Beach SEASONAL SUM,UK,DTC,2024,12,2024_12,4426,93455.06,FALSE
Towel - Beach SEASONAL SUM|UK|DTC|2025_01,Towel - Beach SEASONAL SUM,UK,DTC,2025,1,2025_01,3788,76629.22,FALSE
Towel - Beach SEASONAL SUM|UK|DTC|2025_02,Towel - Beach SEASONAL SUM,UK,DTC,2025,2,2025_02,1838,41738.01,FALSE
Towel - Beach SEASONAL SUM|UK|DTC|2025_03,Towel - Beach SEASONAL SUM,UK,DTC,2025,3,2025_03,3854,82831.8,FALSE
Towel - Beach SEASONAL SUM|UK|DTC|2025_04,Towel - Beach SEASONAL SUM,UK,DTC,2025,4,2025_04,4141,90793.08,FALSE
Towel - Beach SEASONAL SUM|UK|DTC|2025_05,Towel - Beach SEASONAL SUM,UK,DTC,2025,5,2025_05,5555,123041.96,FALSE
Towel - Beach SEASONAL SUM|UK|DTC|2025_06,Towel - Beach SEASONAL SUM,UK,DTC,2025,6,2025_06,4524,100216.78,FALSE
Towel - Beach SEASONAL SUM|UK|DTC|2025_07,Towel - Beach SEASONAL SUM,UK,DTC,2025,7,2025_07,7006,149675.44,FALSE
Towel - Beach SEASONAL SUM|UK|DTC|2025_08,Towel - Beach SEASONAL SUM,UK,DTC,2025,8,2025_08,7541,151578.85,FALSE
Towel - Beach SEASONAL SUM|UK|DTC|2025_09,Towel - Beach SEASONAL SUM,UK,DTC,2025,9,2025_09,2901,62207.97,FALSE
Towel - Beach SEASONAL SUM|UK|DTC|2025_10,Towel - Beach SEASONAL SUM,UK,DTC,2025,10,2025_10,781,19067.5,FALSE
Towel - Beach SEASONAL SUM|UK|DTC|2025_11,Towel - Beach SEASONAL SUM,UK,DTC,2025,11,2025_11,3730,78397.62,FALSE
Towel - Beach SEASONAL SUM|UK|DTC|2025_12,Towel - Beach SEASONAL SUM,UK,DTC,2025,12,2025_12,2959,60574.47,FALSE
Towel - Beach SEASONAL SUM|UK|DTC|2026_01,Towel - Beach SEASONAL SUM,UK,DTC,2026,1,2026_01,1966,39673.26,FALSE
Towel - Beach SEASONAL SUM|UK|DTC|2026_02,Towel - Beach SEASONAL SUM,UK,DTC,2026,2,2026_02,736,18929.55,FALSE
Towel - Beach SEASONAL SUM|UK|DTC|2026_03,Towel - Beach SEASONAL SUM,UK,DTC,2026,3,2026_03,1475,37037.74,FALSE
Towel - Beach SEASONAL SUM|UK|DTC|2026_04,Towel - Beach SEASONAL SUM,UK,DTC,2026,4,2026_04,2336,56195.39,FALSE
Towel - Beach SEASONAL SUM|UK|DTC|2026_05,Towel - Beach SEASONAL SUM,UK,DTC,2026,5,2026_05,4864,118528.82,FALSE
Towel - Beach SEASONAL SUM|UK|DTC|2026_06,Towel - Beach SEASONAL SUM,UK,DTC,2026,6,2026_06,3944,98200.79,FALSE
Towel - Beach SEASONAL SUM|UK|FBA|2024_01,Towel - Beach SEASONAL SUM,UK,FBA,2024,1,2024_01,364,8917.14,FALSE
Towel - Beach SEASONAL SUM|UK|FBA|2024_02,Towel - Beach SEASONAL SUM,UK,FBA,2024,2,2024_02,364,8559.88,FALSE
Towel - Beach SEASONAL SUM|UK|FBA|2024_03,Towel - Beach SEASONAL SUM,UK,FBA,2024,3,2024_03,684,15987.76,FALSE
Towel - Beach SEASONAL SUM|UK|FBA|2024_04,Towel - Beach SEASONAL SUM,UK,FBA,2024,4,2024_04,852,18630.26,FALSE
Towel - Beach SEASONAL SUM|UK|FBA|2024_05,Towel - Beach SEASONAL SUM,UK,FBA,2024,5,2024_05,906,20352.16,FALSE
Towel - Beach SEASONAL SUM|UK|FBA|2024_06,Towel - Beach SEASONAL SUM,UK,FBA,2024,6,2024_06,1438,33729.88,FALSE
Towel - Beach SEASONAL SUM|UK|FBA|2024_07,Towel - Beach SEASONAL SUM,UK,FBA,2024,7,2024_07,1962,43173.62,FALSE
Towel - Beach SEASONAL SUM|UK|FBA|2024_08,Towel - Beach SEASONAL SUM,UK,FBA,2024,8,2024_08,1714,40746.58,FALSE
Towel - Beach SEASONAL SUM|UK|FBA|2024_09,Towel - Beach SEASONAL SUM,UK,FBA,2024,9,2024_09,516,12894.04,FALSE
Towel - Beach SEASONAL SUM|UK|FBA|2024_10,Towel - Beach SEASONAL SUM,UK,FBA,2024,10,2024_10,416,10044.56,FALSE
Towel - Beach SEASONAL SUM|UK|FBA|2024_11,Towel - Beach SEASONAL SUM,UK,FBA,2024,11,2024_11,598,13110.16,FALSE
Towel - Beach SEASONAL SUM|UK|FBA|2024_12,Towel - Beach SEASONAL SUM,UK,FBA,2024,12,2024_12,392,9605.46,FALSE
Towel - Beach SEASONAL SUM|UK|FBA|2025_01,Towel - Beach SEASONAL SUM,UK,FBA,2025,1,2025_01,186,4675.9,FALSE
Towel - Beach SEASONAL SUM|UK|FBA|2025_02,Towel - Beach SEASONAL SUM,UK,FBA,2025,2,2025_02,237,5990.52,FALSE
Towel - Beach SEASONAL SUM|UK|FBA|2025_03,Towel - Beach SEASONAL SUM,UK,FBA,2025,3,2025_03,506,11111.76,FALSE
Towel - Beach SEASONAL SUM|UK|FBA|2025_04,Towel - Beach SEASONAL SUM,UK,FBA,2025,4,2025_04,829,17922.3,FALSE
Towel - Beach SEASONAL SUM|UK|FBA|2025_05,Towel - Beach SEASONAL SUM,UK,FBA,2025,5,2025_05,1501,30414.44,FALSE
Towel - Beach SEASONAL SUM|UK|FBA|2025_06,Towel - Beach SEASONAL SUM,UK,FBA,2025,6,2025_06,1615,33420.42,FALSE
Towel - Beach SEASONAL SUM|UK|FBA|2025_07,Towel - Beach SEASONAL SUM,UK,FBA,2025,7,2025_07,1869,41020.35,FALSE
Towel - Beach SEASONAL SUM|UK|FBA|2025_08,Towel - Beach SEASONAL SUM,UK,FBA,2025,8,2025_08,837,19611.67,FALSE
Towel - Beach SEASONAL SUM|UK|FBA|2025_09,Towel - Beach SEASONAL SUM,UK,FBA,2025,9,2025_09,429,10732.19,FALSE
Towel - Beach SEASONAL SUM|UK|FBA|2025_10,Towel - Beach SEASONAL SUM,UK,FBA,2025,10,2025_10,208,5435.58,FALSE
Towel - Beach SEASONAL SUM|UK|FBA|2025_11,Towel - Beach SEASONAL SUM,UK,FBA,2025,11,2025_11,690,9855.34,FALSE
Towel - Beach SEASONAL SUM|UK|FBA|2025_12,Towel - Beach SEASONAL SUM,UK,FBA,2025,12,2025_12,180,4729.56,FALSE
Towel - Beach SEASONAL SUM|UK|FBA|2026_01,Towel - Beach SEASONAL SUM,UK,FBA,2026,1,2026_01,99,2599.33,FALSE
Towel - Beach SEASONAL SUM|UK|FBA|2026_02,Towel - Beach SEASONAL SUM,UK,FBA,2026,2,2026_02,119,3288.59,FALSE
Towel - Beach SEASONAL SUM|UK|FBA|2026_03,Towel - Beach SEASONAL SUM,UK,FBA,2026,3,2026_03,201,5543.2,FALSE
Towel - Beach SEASONAL SUM|UK|FBA|2026_04,Towel - Beach SEASONAL SUM,UK,FBA,2026,4,2026_04,361,9109.91,FALSE
Towel - Beach SEASONAL SUM|UK|FBA|2026_05,Towel - Beach SEASONAL SUM,UK,FBA,2026,5,2026_05,574,14441.42,FALSE
Towel - Beach SEASONAL SUM|UK|FBA|2026_06,Towel - Beach SEASONAL SUM,UK,FBA,2026,6,2026_06,361,9807.08,FALSE
Towel - Beach SEASONAL SUM|US|B2B|2024_01,Towel - Beach SEASONAL SUM,US,B2B,2024,1,2024_01,5570,64900.78,FALSE
Towel - Beach SEASONAL SUM|US|B2B|2024_02,Towel - Beach SEASONAL SUM,US,B2B,2024,2,2024_02,9134,123503.62,FALSE
Towel - Beach SEASONAL SUM|US|B2B|2024_03,Towel - Beach SEASONAL SUM,US,B2B,2024,3,2024_03,3100,39172.14,FALSE
Towel - Beach SEASONAL SUM|US|B2B|2024_04,Towel - Beach SEASONAL SUM,US,B2B,2024,4,2024_04,7326,67588.62,FALSE
Towel - Beach SEASONAL SUM|US|B2B|2024_05,Towel - Beach SEASONAL SUM,US,B2B,2024,5,2024_05,3778,46136.62,FALSE
Towel - Beach SEASONAL SUM|US|B2B|2024_06,Towel - Beach SEASONAL SUM,US,B2B,2024,6,2024_06,2166,28480.18,FALSE
Towel - Beach SEASONAL SUM|US|B2B|2024_07,Towel - Beach SEASONAL SUM,US,B2B,2024,7,2024_07,1270,18025.12,FALSE
Towel - Beach SEASONAL SUM|US|B2B|2024_08,Towel - Beach SEASONAL SUM,US,B2B,2024,8,2024_08,982,12313.82,FALSE
Towel - Beach SEASONAL SUM|US|B2B|2024_09,Towel - Beach SEASONAL SUM,US,B2B,2024,9,2024_09,378,2577.89,FALSE
Towel - Beach SEASONAL SUM|US|B2B|2024_10,Towel - Beach SEASONAL SUM,US,B2B,2024,10,2024_10,168,2335.51,FALSE
Towel - Beach SEASONAL SUM|US|B2B|2024_11,Towel - Beach SEASONAL SUM,US,B2B,2024,11,2024_11,2198,25835.59,FALSE
Towel - Beach SEASONAL SUM|US|B2B|2024_12,Towel - Beach SEASONAL SUM,US,B2B,2024,12,2024_12,56,18538.12,FALSE
Towel - Beach SEASONAL SUM|US|B2B|2025_01,Towel - Beach SEASONAL SUM,US,B2B,2025,1,2025_01,1962,24795.31,FALSE
Towel - Beach SEASONAL SUM|US|B2B|2025_02,Towel - Beach SEASONAL SUM,US,B2B,2025,2,2025_02,4390,57575.43,FALSE
Towel - Beach SEASONAL SUM|US|B2B|2025_03,Towel - Beach SEASONAL SUM,US,B2B,2025,3,2025_03,2287,30652.01,FALSE
Towel - Beach SEASONAL SUM|US|B2B|2025_04,Towel - Beach SEASONAL SUM,US,B2B,2025,4,2025_04,2997,40304.93,FALSE
Towel - Beach SEASONAL SUM|US|B2B|2025_05,Towel - Beach SEASONAL SUM,US,B2B,2025,5,2025_05,2381,32516.43,FALSE
Towel - Beach SEASONAL SUM|US|B2B|2025_06,Towel - Beach SEASONAL SUM,US,B2B,2025,6,2025_06,987,14685.2,FALSE
Towel - Beach SEASONAL SUM|US|B2B|2025_07,Towel - Beach SEASONAL SUM,US,B2B,2025,7,2025_07,792,12427.75,FALSE
Towel - Beach SEASONAL SUM|US|B2B|2025_08,Towel - Beach SEASONAL SUM,US,B2B,2025,8,2025_08,466,7491.94,FALSE
Towel - Beach SEASONAL SUM|US|B2B|2025_09,Towel - Beach SEASONAL SUM,US,B2B,2025,9,2025_09,78,1148.78,FALSE
Towel - Beach SEASONAL SUM|US|B2B|2025_10,Towel - Beach SEASONAL SUM,US,B2B,2025,10,2025_10,129,1991.7,FALSE
Towel - Beach SEASONAL SUM|US|B2B|2025_11,Towel - Beach SEASONAL SUM,US,B2B,2025,11,2025_11,111,1706.99,FALSE
Towel - Beach SEASONAL SUM|US|B2B|2025_12,Towel - Beach SEASONAL SUM,US,B2B,2025,12,2025_12,12,-17.7,FALSE
Towel - Beach SEASONAL SUM|US|B2B|2026_01,Towel - Beach SEASONAL SUM,US,B2B,2026,1,2026_01,356,5735.24,FALSE
Towel - Beach SEASONAL SUM|US|B2B|2026_02,Towel - Beach SEASONAL SUM,US,B2B,2026,2,2026_02,3777,51964.85,FALSE
Towel - Beach SEASONAL SUM|US|B2B|2026_03,Towel - Beach SEASONAL SUM,US,B2B,2026,3,2026_03,3945,59673.06,FALSE
Towel - Beach SEASONAL SUM|US|B2B|2026_04,Towel - Beach SEASONAL SUM,US,B2B,2026,4,2026_04,1612,26418.15,FALSE
Towel - Beach SEASONAL SUM|US|B2B|2026_05,Towel - Beach SEASONAL SUM,US,B2B,2026,5,2026_05,1430,22594.2,FALSE
Towel - Beach SEASONAL SUM|US|B2B|2026_06,Towel - Beach SEASONAL SUM,US,B2B,2026,6,2026_06,601,9608.81,FALSE
Towel - Beach SEASONAL SUM|US|DTC|2024_01,Towel - Beach SEASONAL SUM,US,DTC,2024,1,2024_01,100,1995.7,FALSE
Towel - Beach SEASONAL SUM|US|DTC|2024_02,Towel - Beach SEASONAL SUM,US,DTC,2024,2,2024_02,338,7290.42,FALSE
Towel - Beach SEASONAL SUM|US|DTC|2024_03,Towel - Beach SEASONAL SUM,US,DTC,2024,3,2024_03,562,12717.32,FALSE
Towel - Beach SEASONAL SUM|US|DTC|2024_04,Towel - Beach SEASONAL SUM,US,DTC,2024,4,2024_04,950,20887.4,FALSE
Towel - Beach SEASONAL SUM|US|DTC|2024_05,Towel - Beach SEASONAL SUM,US,DTC,2024,5,2024_05,1030,19321.02,FALSE
Towel - Beach SEASONAL SUM|US|DTC|2024_06,Towel - Beach SEASONAL SUM,US,DTC,2024,6,2024_06,1652,35030.1,FALSE
Towel - Beach SEASONAL SUM|US|DTC|2024_07,Towel - Beach SEASONAL SUM,US,DTC,2024,7,2024_07,2154,47065,FALSE
Towel - Beach SEASONAL SUM|US|DTC|2024_08,Towel - Beach SEASONAL SUM,US,DTC,2024,8,2024_08,620,12325.76,FALSE
Towel - Beach SEASONAL SUM|US|DTC|2024_09,Towel - Beach SEASONAL SUM,US,DTC,2024,9,2024_09,176,3888.42,FALSE
Towel - Beach SEASONAL SUM|US|DTC|2024_10,Towel - Beach SEASONAL SUM,US,DTC,2024,10,2024_10,224,4527.44,FALSE
Towel - Beach SEASONAL SUM|US|DTC|2024_11,Towel - Beach SEASONAL SUM,US,DTC,2024,11,2024_11,246,4883.68,FALSE
Towel - Beach SEASONAL SUM|US|DTC|2024_12,Towel - Beach SEASONAL SUM,US,DTC,2024,12,2024_12,588,12498.94,FALSE
Towel - Beach SEASONAL SUM|US|DTC|2025_01,Towel - Beach SEASONAL SUM,US,DTC,2025,1,2025_01,298,5963.8,FALSE
Towel - Beach SEASONAL SUM|US|DTC|2025_02,Towel - Beach SEASONAL SUM,US,DTC,2025,2,2025_02,972,17664.75,FALSE
Towel - Beach SEASONAL SUM|US|DTC|2025_03,Towel - Beach SEASONAL SUM,US,DTC,2025,3,2025_03,1101,23186.04,FALSE
Towel - Beach SEASONAL SUM|US|DTC|2025_04,Towel - Beach SEASONAL SUM,US,DTC,2025,4,2025_04,913,21055.53,FALSE
Towel - Beach SEASONAL SUM|US|DTC|2025_05,Towel - Beach SEASONAL SUM,US,DTC,2025,5,2025_05,1251,31155.94,FALSE
Towel - Beach SEASONAL SUM|US|DTC|2025_06,Towel - Beach SEASONAL SUM,US,DTC,2025,6,2025_06,2428,56837.56,FALSE
Towel - Beach SEASONAL SUM|US|DTC|2025_07,Towel - Beach SEASONAL SUM,US,DTC,2025,7,2025_07,1895,38933.51,FALSE
Towel - Beach SEASONAL SUM|US|DTC|2025_08,Towel - Beach SEASONAL SUM,US,DTC,2025,8,2025_08,562,13911.4,FALSE
Towel - Beach SEASONAL SUM|US|DTC|2025_09,Towel - Beach SEASONAL SUM,US,DTC,2025,9,2025_09,223,5473.47,FALSE
Towel - Beach SEASONAL SUM|US|DTC|2025_10,Towel - Beach SEASONAL SUM,US,DTC,2025,10,2025_10,96,2309.24,FALSE
Towel - Beach SEASONAL SUM|US|DTC|2025_11,Towel - Beach SEASONAL SUM,US,DTC,2025,11,2025_11,881,12742.09,FALSE
Towel - Beach SEASONAL SUM|US|DTC|2025_12,Towel - Beach SEASONAL SUM,US,DTC,2025,12,2025_12,705,13066.71,FALSE
Towel - Beach SEASONAL SUM|US|DTC|2026_01,Towel - Beach SEASONAL SUM,US,DTC,2026,1,2026_01,355,7911.61,FALSE
Towel - Beach SEASONAL SUM|US|DTC|2026_02,Towel - Beach SEASONAL SUM,US,DTC,2026,2,2026_02,377,10335.31,FALSE
Towel - Beach SEASONAL SUM|US|DTC|2026_03,Towel - Beach SEASONAL SUM,US,DTC,2026,3,2026_03,1006,26209.63,FALSE
Towel - Beach SEASONAL SUM|US|DTC|2026_04,Towel - Beach SEASONAL SUM,US,DTC,2026,4,2026_04,947,24399.87,FALSE
Towel - Beach SEASONAL SUM|US|DTC|2026_05,Towel - Beach SEASONAL SUM,US,DTC,2026,5,2026_05,1510,37438.4,FALSE
Towel - Beach SEASONAL SUM|US|DTC|2026_06,Towel - Beach SEASONAL SUM,US,DTC,2026,6,2026_06,916,23042.15,FALSE
Towel - Beach SEASONAL SUM|US|FBA|2024_01,Towel - Beach SEASONAL SUM,US,FBA,2024,1,2024_01,216,5333.68,FALSE
Towel - Beach SEASONAL SUM|US|FBA|2024_02,Towel - Beach SEASONAL SUM,US,FBA,2024,2,2024_02,422,9695.66,FALSE
Towel - Beach SEASONAL SUM|US|FBA|2024_03,Towel - Beach SEASONAL SUM,US,FBA,2024,3,2024_03,1802,37291.42,FALSE
Towel - Beach SEASONAL SUM|US|FBA|2024_04,Towel - Beach SEASONAL SUM,US,FBA,2024,4,2024_04,1630,36446.92,FALSE
Towel - Beach SEASONAL SUM|US|FBA|2024_05,Towel - Beach SEASONAL SUM,US,FBA,2024,5,2024_05,4066,88100.98,FALSE
Towel - Beach SEASONAL SUM|US|FBA|2024_06,Towel - Beach SEASONAL SUM,US,FBA,2024,6,2024_06,5036,117364.8,FALSE
Towel - Beach SEASONAL SUM|US|FBA|2024_07,Towel - Beach SEASONAL SUM,US,FBA,2024,7,2024_07,3108,66803.36,FALSE
Towel - Beach SEASONAL SUM|US|FBA|2024_08,Towel - Beach SEASONAL SUM,US,FBA,2024,8,2024_08,1180,27844.42,FALSE
Towel - Beach SEASONAL SUM|US|FBA|2024_09,Towel - Beach SEASONAL SUM,US,FBA,2024,9,2024_09,492,11656.68,FALSE
Towel - Beach SEASONAL SUM|US|FBA|2024_10,Towel - Beach SEASONAL SUM,US,FBA,2024,10,2024_10,248,5624.62,FALSE
Towel - Beach SEASONAL SUM|US|FBA|2024_11,Towel - Beach SEASONAL SUM,US,FBA,2024,11,2024_11,284,6911.16,FALSE
Towel - Beach SEASONAL SUM|US|FBA|2024_12,Towel - Beach SEASONAL SUM,US,FBA,2024,12,2024_12,654,15441.62,FALSE
Towel - Beach SEASONAL SUM|US|FBA|2025_01,Towel - Beach SEASONAL SUM,US,FBA,2025,1,2025_01,354,9203.92,FALSE
Towel - Beach SEASONAL SUM|US|FBA|2025_02,Towel - Beach SEASONAL SUM,US,FBA,2025,2,2025_02,244,6694.19,FALSE
Towel - Beach SEASONAL SUM|US|FBA|2025_03,Towel - Beach SEASONAL SUM,US,FBA,2025,3,2025_03,1293,27442.35,FALSE
Towel - Beach SEASONAL SUM|US|FBA|2025_04,Towel - Beach SEASONAL SUM,US,FBA,2025,4,2025_04,1286,30460.26,FALSE
Towel - Beach SEASONAL SUM|US|FBA|2025_05,Towel - Beach SEASONAL SUM,US,FBA,2025,5,2025_05,1723,42832.58,FALSE
Towel - Beach SEASONAL SUM|US|FBA|2025_06,Towel - Beach SEASONAL SUM,US,FBA,2025,6,2025_06,2322,60128.98,FALSE
Towel - Beach SEASONAL SUM|US|FBA|2025_07,Towel - Beach SEASONAL SUM,US,FBA,2025,7,2025_07,2309,56722.18,FALSE
Towel - Beach SEASONAL SUM|US|FBA|2025_08,Towel - Beach SEASONAL SUM,US,FBA,2025,8,2025_08,615,15344,FALSE
Towel - Beach SEASONAL SUM|US|FBA|2025_09,Towel - Beach SEASONAL SUM,US,FBA,2025,9,2025_09,196,5530.48,FALSE
Towel - Beach SEASONAL SUM|US|FBA|2025_10,Towel - Beach SEASONAL SUM,US,FBA,2025,10,2025_10,175,4189.25,FALSE
Towel - Beach SEASONAL SUM|US|FBA|2025_11,Towel - Beach SEASONAL SUM,US,FBA,2025,11,2025_11,929,14429.01,FALSE
Towel - Beach SEASONAL SUM|US|FBA|2025_12,Towel - Beach SEASONAL SUM,US,FBA,2025,12,2025_12,385,8300.83,FALSE
Towel - Beach SEASONAL SUM|US|FBA|2026_01,Towel - Beach SEASONAL SUM,US,FBA,2026,1,2026_01,164,4275.24,FALSE
Towel - Beach SEASONAL SUM|US|FBA|2026_02,Towel - Beach SEASONAL SUM,US,FBA,2026,2,2026_02,226,6574.11,FALSE
Towel - Beach SEASONAL SUM|US|FBA|2026_03,Towel - Beach SEASONAL SUM,US,FBA,2026,3,2026_03,981,27412.41,FALSE
Towel - Beach SEASONAL SUM|US|FBA|2026_04,Towel - Beach SEASONAL SUM,US,FBA,2026,4,2026_04,771,20593.78,FALSE
Towel - Beach SEASONAL SUM|US|FBA|2026_05,Towel - Beach SEASONAL SUM,US,FBA,2026,5,2026_05,1913,52406.65,FALSE
Towel - Beach SEASONAL SUM|US|FBA|2026_06,Towel - Beach SEASONAL SUM,US,FBA,2026,6,2026_06,1332,37880.98,FALSE
Towel - Home|AU|DTC|2024_01,Towel - Home,AU,DTC,2024,1,2024_01,250,5172.24,FALSE
Towel - Home|AU|DTC|2024_02,Towel - Home,AU,DTC,2024,2,2024_02,386,5503.5,FALSE
Towel - Home|AU|DTC|2024_03,Towel - Home,AU,DTC,2024,3,2024_03,252,4115.64,FALSE
Towel - Home|AU|DTC|2024_04,Towel - Home,AU,DTC,2024,4,2024_04,170,3276.96,FALSE
Towel - Home|AU|DTC|2024_05,Towel - Home,AU,DTC,2024,5,2024_05,254,5739.82,FALSE
Towel - Home|AU|DTC|2024_06,Towel - Home,AU,DTC,2024,6,2024_06,158,3481.28,FALSE
Towel - Home|AU|DTC|2024_07,Towel - Home,AU,DTC,2024,7,2024_07,202,3880.08,FALSE
Towel - Home|AU|DTC|2024_08,Towel - Home,AU,DTC,2024,8,2024_08,374,6722.72,FALSE
Towel - Home|AU|DTC|2024_09,Towel - Home,AU,DTC,2024,9,2024_09,392,6726.4,FALSE
Towel - Home|AU|DTC|2024_10,Towel - Home,AU,DTC,2024,10,2024_10,346,5681.2,FALSE
Towel - Home|AU|DTC|2024_11,Towel - Home,AU,DTC,2024,11,2024_11,592,10123.74,FALSE
Towel - Home|AU|DTC|2024_12,Towel - Home,AU,DTC,2024,12,2024_12,292,4463.34,FALSE
Towel - Home|AU|DTC|2025_01,Towel - Home,AU,DTC,2025,1,2025_01,276,5052.74,FALSE
Towel - Home|AU|DTC|2025_02,Towel - Home,AU,DTC,2025,2,2025_02,158,2464.2,FALSE
Towel - Home|AU|DTC|2025_03,Towel - Home,AU,DTC,2025,3,2025_03,152,2250.34,FALSE
Towel - Home|AU|DTC|2025_04,Towel - Home,AU,DTC,2025,4,2025_04,140,2136.28,FALSE
Towel - Home|AU|DTC|2025_05,Towel - Home,AU,DTC,2025,5,2025_05,106,1855.24,FALSE
Towel - Home|AU|DTC|2025_06,Towel - Home,AU,DTC,2025,6,2025_06,94,1435.9,FALSE
Towel - Home|AU|DTC|2025_07,Towel - Home,AU,DTC,2025,7,2025_07,76,1165.38,FALSE
Towel - Home|AU|DTC|2025_08,Towel - Home,AU,DTC,2025,8,2025_08,138,1602.82,FALSE
Towel - Home|AU|DTC|2025_09,Towel - Home,AU,DTC,2025,9,2025_09,179,2653.27,FALSE
Towel - Home|AU|DTC|2025_10,Towel - Home,AU,DTC,2025,10,2025_10,178,3051.94,FALSE
Towel - Home|AU|DTC|2025_11,Towel - Home,AU,DTC,2025,11,2025_11,713,6423.56,FALSE
Towel - Home|AU|DTC|2025_12,Towel - Home,AU,DTC,2025,12,2025_12,528,5344.21,FALSE
Towel - Home|AU|DTC|2026_01,Towel - Home,AU,DTC,2026,1,2026_01,169,2121.16,FALSE
Towel - Home|AU|DTC|2026_02,Towel - Home,AU,DTC,2026,2,2026_02,74,1526.41,FALSE
Towel - Home|AU|DTC|2026_03,Towel - Home,AU,DTC,2026,3,2026_03,87,1388.44,FALSE
Towel - Home|AU|DTC|2026_04,Towel - Home,AU,DTC,2026,4,2026_04,39,885.23,FALSE
Towel - Home|AU|DTC|2026_05,Towel - Home,AU,DTC,2026,5,2026_05,49,1067.65,FALSE
Towel - Home|AU|DTC|2026_06,Towel - Home,AU,DTC,2026,6,2026_06,25,536.43,FALSE
Towel - Home|AU|FBA|2024_03,Towel - Home,AU,FBA,2024,3,2024_03,2,76.88,FALSE
Towel - Home|AU|FBA|2024_05,Towel - Home,AU,FBA,2024,5,2024_05,2,64.16,FALSE
Towel - Home|AU|FBA|2024_06,Towel - Home,AU,FBA,2024,6,2024_06,2,64,FALSE
Towel - Home|AU|FBA|2024_07,Towel - Home,AU,FBA,2024,7,2024_07,2,67.28,FALSE
Towel - Home|AU|FBA|2024_10,Towel - Home,AU,FBA,2024,10,2024_10,2,35.68,FALSE
Towel - Home|AU|FBA|2024_11,Towel - Home,AU,FBA,2024,11,2024_11,2,72.34,FALSE
Towel - Home|AU|FBA|2024_12,Towel - Home,AU,FBA,2024,12,2024_12,2,71.78,FALSE
Towel - Home|AU|FBA|2025_03,Towel - Home,AU,FBA,2025,3,2025_03,2,68.1,FALSE
Towel - Home|AU|FBA|2025_04,Towel - Home,AU,FBA,2025,4,2025_04,2,57.02,FALSE
Towel - Home|AU|FBA|2025_05,Towel - Home,AU,FBA,2025,5,2025_05,4,23.18,FALSE
Towel - Home|AU|FBA|2025_06,Towel - Home,AU,FBA,2025,6,2025_06,2,53.64,FALSE
Towel - Home|AU|FBA|2025_08,Towel - Home,AU,FBA,2025,8,2025_08,4,67.72,FALSE
Towel - Home|AU|FBA|2025_09,Towel - Home,AU,FBA,2025,9,2025_09,4,136.22,FALSE
Towel - Home|AU|FBA|2025_11,Towel - Home,AU,FBA,2025,11,2025_11,2,65.3,FALSE
Towel - Home|AU|FBA|2025_12,Towel - Home,AU,FBA,2025,12,2025_12,2,66.45,FALSE
Towel - Home|AU|FBA|2026_02,Towel - Home,AU,FBA,2026,2,2026_02,2,31.58,FALSE
Towel - Home|AU|FBA|2026_03,Towel - Home,AU,FBA,2026,3,2026_03,2,63.36,FALSE
Towel - Home|AU|FBA|2026_04,Towel - Home,AU,FBA,2026,4,2026_04,4,97.41,FALSE
Towel - Home|AU|FBA|2026_05,Towel - Home,AU,FBA,2026,5,2026_05,1,34.58,FALSE
Towel - Home|CA|FBA|2024_01,Towel - Home,CA,FBA,2024,1,2024_01,4,132.4,FALSE
Towel - Home|CA|FBA|2024_02,Towel - Home,CA,FBA,2024,2,2024_02,4,99.34,FALSE
Towel - Home|CA|FBA|2024_03,Towel - Home,CA,FBA,2024,3,2024_03,4,137.88,FALSE
Towel - Home|CA|FBA|2024_04,Towel - Home,CA,FBA,2024,4,2024_04,2,17.5,FALSE
Towel - Home|CA|FBA|2024_05,Towel - Home,CA,FBA,2024,5,2024_05,8,217.94,FALSE
Towel - Home|CA|FBA|2024_06,Towel - Home,CA,FBA,2024,6,2024_06,4,121.24,FALSE
Towel - Home|CA|FBA|2024_07,Towel - Home,CA,FBA,2024,7,2024_07,10,274.86,FALSE
Towel - Home|CA|FBA|2024_10,Towel - Home,CA,FBA,2024,10,2024_10,2,59.92,FALSE
Towel - Home|CA|FBA|2025_04,Towel - Home,CA,FBA,2025,4,2025_04,2,42.42,FALSE
Towel - Home|CA|FBA|2025_07,Towel - Home,CA,FBA,2025,7,2025_07,16,389.32,FALSE
Towel - Home|CA|FBA|2025_08,Towel - Home,CA,FBA,2025,8,2025_08,6,151.24,FALSE
Towel - Home|CA|FBA|2025_09,Towel - Home,CA,FBA,2025,9,2025_09,8,222.4,FALSE
Towel - Home|CA|FBA|2025_10,Towel - Home,CA,FBA,2025,10,2025_10,2,56.2,FALSE
Towel - Home|CA|FBA|2025_11,Towel - Home,CA,FBA,2025,11,2025_11,6,160.66,FALSE
Towel - Home|CA|FBA|2025_12,Towel - Home,CA,FBA,2025,12,2025_12,2,58.5,FALSE
Towel - Home|CA|FBA|2026_01,Towel - Home,CA,FBA,2026,1,2026_01,6,169.86,FALSE
Towel - Home|CA|FBA|2026_02,Towel - Home,CA,FBA,2026,2,2026_02,10,275.7,FALSE
Towel - Home|CA|FBA|2026_03,Towel - Home,CA,FBA,2026,3,2026_03,6,165.06,FALSE
Towel - Home|CA|FBA|2026_04,Towel - Home,CA,FBA,2026,4,2026_04,238,2064.46,FALSE
Towel - Home|CA|FBA|2026_05,Towel - Home,CA,FBA,2026,5,2026_05,10,173.99,FALSE
Towel - Home|CA|FBA|2026_06,Towel - Home,CA,FBA,2026,6,2026_06,3,24.41,FALSE
Towel - Home|EU|B2B|2024_02,Towel - Home,EU,B2B,2024,2,2024_02,48,438.82,FALSE
Towel - Home|EU|B2B|2024_03,Towel - Home,EU,B2B,2024,3,2024_03,90,1022.1,FALSE
Towel - Home|EU|B2B|2024_04,Towel - Home,EU,B2B,2024,4,2024_04,226,2105.86,FALSE
Towel - Home|EU|B2B|2024_05,Towel - Home,EU,B2B,2024,5,2024_05,156,1920.82,FALSE
Towel - Home|EU|B2B|2024_06,Towel - Home,EU,B2B,2024,6,2024_06,80,684.34,FALSE
Towel - Home|EU|B2B|2024_07,Towel - Home,EU,B2B,2024,7,2024_07,10,154.06,FALSE
Towel - Home|EU|B2B|2024_08,Towel - Home,EU,B2B,2024,8,2024_08,30,78.64,FALSE
Towel - Home|EU|B2B|2024_09,Towel - Home,EU,B2B,2024,9,2024_09,172,1591.34,FALSE
Towel - Home|EU|B2B|2024_10,Towel - Home,EU,B2B,2024,10,2024_10,12,129.72,FALSE
Towel - Home|EU|B2B|2024_11,Towel - Home,EU,B2B,2024,11,2024_11,10,97,FALSE
Towel - Home|EU|B2B|2024_12,Towel - Home,EU,B2B,2024,12,2024_12,20,193.56,FALSE
Towel - Home|EU|B2B|2025_02,Towel - Home,EU,B2B,2025,2,2025_02,4,1073.36,FALSE
Towel - Home|EU|B2B|2025_03,Towel - Home,EU,B2B,2025,3,2025_03,8,114.82,FALSE
Towel - Home|EU|B2B|2025_04,Towel - Home,EU,B2B,2025,4,2025_04,50,554.3,FALSE
Towel - Home|EU|B2B|2025_05,Towel - Home,EU,B2B,2025,5,2025_05,70,706.38,FALSE
Towel - Home|EU|B2B|2025_06,Towel - Home,EU,B2B,2025,6,2025_06,14,183.38,FALSE
Towel - Home|EU|B2B|2025_07,Towel - Home,EU,B2B,2025,7,2025_07,4,40.44,FALSE
Towel - Home|EU|B2B|2025_08,Towel - Home,EU,B2B,2025,8,2025_08,78,676.65,FALSE
Towel - Home|EU|B2B|2025_09,Towel - Home,EU,B2B,2025,9,2025_09,50,398.72,FALSE
Towel - Home|EU|B2B|2025_10,Towel - Home,EU,B2B,2025,10,2025_10,54,506.07,FALSE
Towel - Home|EU|B2B|2025_11,Towel - Home,EU,B2B,2025,11,2025_11,36,469.53,FALSE
Towel - Home|EU|B2B|2025_12,Towel - Home,EU,B2B,2025,12,2025_12,36,321.87,FALSE
Towel - Home|EU|B2B|2026_02,Towel - Home,EU,B2B,2026,2,2026_02,12,165.21,FALSE
Towel - Home|EU|B2B|2026_03,Towel - Home,EU,B2B,2026,3,2026_03,9,55.14,FALSE
Towel - Home|EU|B2B|2026_04,Towel - Home,EU,B2B,2026,4,2026_04,88,827.59,FALSE
Towel - Home|EU|B2B|2026_05,Towel - Home,EU,B2B,2026,5,2026_05,4,41.1,FALSE
Towel - Home|EU|B2B|2026_06,Towel - Home,EU,B2B,2026,6,2026_06,15,191.71,FALSE
Towel - Home|EU|DTC|2024_01,Towel - Home,EU,DTC,2024,1,2024_01,90,1667.16,FALSE
Towel - Home|EU|DTC|2024_02,Towel - Home,EU,DTC,2024,2,2024_02,48,885.74,FALSE
Towel - Home|EU|DTC|2024_03,Towel - Home,EU,DTC,2024,3,2024_03,86,1509.08,FALSE
Towel - Home|EU|DTC|2024_04,Towel - Home,EU,DTC,2024,4,2024_04,118,2132.62,FALSE
Towel - Home|EU|DTC|2024_05,Towel - Home,EU,DTC,2024,5,2024_05,230,4096.38,FALSE
Towel - Home|EU|DTC|2024_06,Towel - Home,EU,DTC,2024,6,2024_06,208,3340.36,FALSE
Towel - Home|EU|DTC|2024_07,Towel - Home,EU,DTC,2024,7,2024_07,310,4101.66,FALSE
Towel - Home|EU|DTC|2024_08,Towel - Home,EU,DTC,2024,8,2024_08,228,3269.64,FALSE
Towel - Home|EU|DTC|2024_09,Towel - Home,EU,DTC,2024,9,2024_09,162,2390.16,FALSE
Towel - Home|EU|DTC|2024_10,Towel - Home,EU,DTC,2024,10,2024_10,100,1353.86,FALSE
Towel - Home|EU|DTC|2024_11,Towel - Home,EU,DTC,2024,11,2024_11,128,1663.22,FALSE
Towel - Home|EU|DTC|2024_12,Towel - Home,EU,DTC,2024,12,2024_12,336,4573.6,FALSE
Towel - Home|EU|DTC|2025_01,Towel - Home,EU,DTC,2025,1,2025_01,16,244.6,FALSE
Towel - Home|EU|DTC|2025_03,Towel - Home,EU,DTC,2025,3,2025_03,20,292.14,FALSE
Towel - Home|EU|DTC|2025_04,Towel - Home,EU,DTC,2025,4,2025_04,36,595.84,FALSE
Towel - Home|EU|DTC|2025_05,Towel - Home,EU,DTC,2025,5,2025_05,108,1523.42,FALSE
Towel - Home|EU|DTC|2025_06,Towel - Home,EU,DTC,2025,6,2025_06,104,1594.74,FALSE
Towel - Home|EU|DTC|2025_07,Towel - Home,EU,DTC,2025,7,2025_07,236,3286.12,FALSE
Towel - Home|EU|DTC|2025_08,Towel - Home,EU,DTC,2025,8,2025_08,1146,7875.94,FALSE
Towel - Home|EU|DTC|2025_09,Towel - Home,EU,DTC,2025,9,2025_09,370,2791.88,FALSE
Towel - Home|EU|DTC|2025_10,Towel - Home,EU,DTC,2025,10,2025_10,41,496.97,FALSE
Towel - Home|EU|DTC|2025_11,Towel - Home,EU,DTC,2025,11,2025_11,221,2863.27,FALSE
Towel - Home|EU|DTC|2025_12,Towel - Home,EU,DTC,2025,12,2025_12,75,1029.65,FALSE
Towel - Home|EU|DTC|2026_01,Towel - Home,EU,DTC,2026,1,2026_01,23,246.2,FALSE
Towel - Home|EU|DTC|2026_02,Towel - Home,EU,DTC,2026,2,2026_02,7,95.8,FALSE
Towel - Home|EU|DTC|2026_03,Towel - Home,EU,DTC,2026,3,2026_03,12,199.7,FALSE
Towel - Home|EU|DTC|2026_04,Towel - Home,EU,DTC,2026,4,2026_04,16,281.97,FALSE
Towel - Home|EU|DTC|2026_05,Towel - Home,EU,DTC,2026,5,2026_05,28,484.11,FALSE
Towel - Home|EU|DTC|2026_06,Towel - Home,EU,DTC,2026,6,2026_06,27,546.52,FALSE
Towel - Home|EU|FBA|2024_01,Towel - Home,EU,FBA,2024,1,2024_01,40,1253.34,FALSE
Towel - Home|EU|FBA|2024_02,Towel - Home,EU,FBA,2024,2,2024_02,6,227.24,FALSE
Towel - Home|EU|FBA|2024_03,Towel - Home,EU,FBA,2024,3,2024_03,14,516.72,FALSE
Towel - Home|EU|FBA|2024_04,Towel - Home,EU,FBA,2024,4,2024_04,12,381.68,FALSE
Towel - Home|EU|FBA|2024_05,Towel - Home,EU,FBA,2024,5,2024_05,24,609.68,FALSE
Towel - Home|EU|FBA|2024_06,Towel - Home,EU,FBA,2024,6,2024_06,26,663.66,FALSE
Towel - Home|EU|FBA|2024_07,Towel - Home,EU,FBA,2024,7,2024_07,32,697.82,FALSE
Towel - Home|EU|FBA|2024_08,Towel - Home,EU,FBA,2024,8,2024_08,6,163.22,FALSE
Towel - Home|EU|FBA|2024_09,Towel - Home,EU,FBA,2024,9,2024_09,6,151.14,FALSE
Towel - Home|EU|FBA|2024_10,Towel - Home,EU,FBA,2024,10,2024_10,4,153.56,FALSE
Towel - Home|EU|FBA|2024_11,Towel - Home,EU,FBA,2024,11,2024_11,8,239.58,FALSE
Towel - Home|EU|FBA|2024_12,Towel - Home,EU,FBA,2024,12,2024_12,4,98.72,FALSE
Towel - Home|EU|FBA|2025_11,Towel - Home,EU,FBA,2025,11,2025_11,1,35.15,FALSE
Towel - Home|EU|FBA|2026_05,Towel - Home,EU,FBA,2026,5,2026_05,4,79.14,FALSE
Towel - Home|EU|FBA|2026_06,Towel - Home,EU,FBA,2026,6,2026_06,4,69.09,FALSE
Towel - Home|UK|B2B|2024_01,Towel - Home,UK,B2B,2024,1,2024_01,100,1061.82,FALSE
Towel - Home|UK|B2B|2024_02,Towel - Home,UK,B2B,2024,2,2024_02,26,355.88,FALSE
Towel - Home|UK|B2B|2024_03,Towel - Home,UK,B2B,2024,3,2024_03,250,3044.48,FALSE
Towel - Home|UK|B2B|2024_04,Towel - Home,UK,B2B,2024,4,2024_04,1294,18494.28,FALSE
Towel - Home|UK|B2B|2024_05,Towel - Home,UK,B2B,2024,5,2024_05,86,891.1,FALSE
Towel - Home|UK|B2B|2024_06,Towel - Home,UK,B2B,2024,6,2024_06,218,2204.12,FALSE
Towel - Home|UK|B2B|2024_07,Towel - Home,UK,B2B,2024,7,2024_07,80,1056.5,FALSE
Towel - Home|UK|B2B|2024_08,Towel - Home,UK,B2B,2024,8,2024_08,244,3060.64,FALSE
Towel - Home|UK|B2B|2024_09,Towel - Home,UK,B2B,2024,9,2024_09,108,822.96,FALSE
Towel - Home|UK|B2B|2024_10,Towel - Home,UK,B2B,2024,10,2024_10,36,365.3,FALSE
Towel - Home|UK|B2B|2024_11,Towel - Home,UK,B2B,2024,11,2024_11,212,1803.64,FALSE
Towel - Home|UK|B2B|2024_12,Towel - Home,UK,B2B,2024,12,2024_12,110,757.2,FALSE
Towel - Home|UK|B2B|2025_01,Towel - Home,UK,B2B,2025,1,2025_01,16,-8.6,FALSE
Towel - Home|UK|B2B|2025_02,Towel - Home,UK,B2B,2025,2,2025_02,22,232.46,FALSE
Towel - Home|UK|B2B|2025_03,Towel - Home,UK,B2B,2025,3,2025_03,46,447.9,FALSE
Towel - Home|UK|B2B|2025_04,Towel - Home,UK,B2B,2025,4,2025_04,12,68.3,FALSE
Towel - Home|UK|B2B|2025_05,Towel - Home,UK,B2B,2025,5,2025_05,64,639.8,FALSE
Towel - Home|UK|B2B|2025_06,Towel - Home,UK,B2B,2025,6,2025_06,74,685.8,FALSE
Towel - Home|UK|B2B|2025_07,Towel - Home,UK,B2B,2025,7,2025_07,8,71.36,FALSE
Towel - Home|UK|B2B|2025_09,Towel - Home,UK,B2B,2025,9,2025_09,14,203.91,FALSE
Towel - Home|UK|B2B|2025_10,Towel - Home,UK,B2B,2025,10,2025_10,116,1271.4,FALSE
Towel - Home|UK|B2B|2025_11,Towel - Home,UK,B2B,2025,11,2025_11,78,9914.48,FALSE
Towel - Home|UK|B2B|2026_01,Towel - Home,UK,B2B,2026,1,2026_01,146,2096.46,FALSE
Towel - Home|UK|B2B|2026_03,Towel - Home,UK,B2B,2026,3,2026_03,18,253.4,FALSE
Towel - Home|UK|B2B|2026_04,Towel - Home,UK,B2B,2026,4,2026_04,12,169.98,FALSE
Towel - Home|UK|B2B|2026_05,Towel - Home,UK,B2B,2026,5,2026_05,107,1487.67,FALSE
Towel - Home|UK|B2B|2026_06,Towel - Home,UK,B2B,2026,6,2026_06,54,688.18,FALSE
Towel - Home|UK|DTC|2024_01,Towel - Home,UK,DTC,2024,1,2024_01,2192,36765.16,FALSE
Towel - Home|UK|DTC|2024_02,Towel - Home,UK,DTC,2024,2,2024_02,2172,36890.48,FALSE
Towel - Home|UK|DTC|2024_03,Towel - Home,UK,DTC,2024,3,2024_03,1234,23198.58,FALSE
Towel - Home|UK|DTC|2024_04,Towel - Home,UK,DTC,2024,4,2024_04,976,19036.4,FALSE
Towel - Home|UK|DTC|2024_05,Towel - Home,UK,DTC,2024,5,2024_05,1262,22744.48,FALSE
Towel - Home|UK|DTC|2024_06,Towel - Home,UK,DTC,2024,6,2024_06,1028,17635.42,FALSE
Towel - Home|UK|DTC|2024_07,Towel - Home,UK,DTC,2024,7,2024_07,1560,25256.6,FALSE
Towel - Home|UK|DTC|2024_08,Towel - Home,UK,DTC,2024,8,2024_08,2262,35730.34,FALSE
Towel - Home|UK|DTC|2024_09,Towel - Home,UK,DTC,2024,9,2024_09,1516,23245.92,FALSE
Towel - Home|UK|DTC|2024_10,Towel - Home,UK,DTC,2024,10,2024_10,1234,19948.26,FALSE
Towel - Home|UK|DTC|2024_11,Towel - Home,UK,DTC,2024,11,2024_11,2304,36471.2,FALSE
Towel - Home|UK|DTC|2024_12,Towel - Home,UK,DTC,2024,12,2024_12,1468,23780.68,FALSE
Towel - Home|UK|DTC|2025_01,Towel - Home,UK,DTC,2025,1,2025_01,982,14824.12,FALSE
Towel - Home|UK|DTC|2025_02,Towel - Home,UK,DTC,2025,2,2025_02,722,11584.28,FALSE
Towel - Home|UK|DTC|2025_03,Towel - Home,UK,DTC,2025,3,2025_03,1156,18363.96,FALSE
Towel - Home|UK|DTC|2025_04,Towel - Home,UK,DTC,2025,4,2025_04,1332,19639.8,FALSE
Towel - Home|UK|DTC|2025_05,Towel - Home,UK,DTC,2025,5,2025_05,546,9324.6,FALSE
Towel - Home|UK|DTC|2025_06,Towel - Home,UK,DTC,2025,6,2025_06,774,11793.34,FALSE
Towel - Home|UK|DTC|2025_07,Towel - Home,UK,DTC,2025,7,2025_07,1284,17633.38,FALSE
Towel - Home|UK|DTC|2025_08,Towel - Home,UK,DTC,2025,8,2025_08,2820,20467.02,FALSE
Towel - Home|UK|DTC|2025_09,Towel - Home,UK,DTC,2025,9,2025_09,1352,15225,FALSE
Towel - Home|UK|DTC|2025_10,Towel - Home,UK,DTC,2025,10,2025_10,834,14317.88,FALSE
Towel - Home|UK|DTC|2025_11,Towel - Home,UK,DTC,2025,11,2025_11,2247,28497.59,FALSE
Towel - Home|UK|DTC|2025_12,Towel - Home,UK,DTC,2025,12,2025_12,4535,40583.99,FALSE
Towel - Home|UK|DTC|2026_01,Towel - Home,UK,DTC,2026,1,2026_01,1232,11581.83,FALSE
Towel - Home|UK|DTC|2026_02,Towel - Home,UK,DTC,2026,2,2026_02,397,7396.42,FALSE
Towel - Home|UK|DTC|2026_03,Towel - Home,UK,DTC,2026,3,2026_03,496,9027.11,FALSE
Towel - Home|UK|DTC|2026_04,Towel - Home,UK,DTC,2026,4,2026_04,526,9453.13,FALSE
Towel - Home|UK|DTC|2026_05,Towel - Home,UK,DTC,2026,5,2026_05,737,11554.59,FALSE
Towel - Home|UK|DTC|2026_06,Towel - Home,UK,DTC,2026,6,2026_06,200,3486.12,FALSE
Towel - Home|UK|FBA|2024_01,Towel - Home,UK,FBA,2024,1,2024_01,50,1244.04,FALSE
Towel - Home|UK|FBA|2024_02,Towel - Home,UK,FBA,2024,2,2024_02,30,710.18,FALSE
Towel - Home|UK|FBA|2024_03,Towel - Home,UK,FBA,2024,3,2024_03,36,915.42,FALSE
Towel - Home|UK|FBA|2024_04,Towel - Home,UK,FBA,2024,4,2024_04,102,1919.34,FALSE
Towel - Home|UK|FBA|2024_05,Towel - Home,UK,FBA,2024,5,2024_05,154,2014.26,FALSE
Towel - Home|UK|FBA|2024_06,Towel - Home,UK,FBA,2024,6,2024_06,74,1614.94,FALSE
Towel - Home|UK|FBA|2024_07,Towel - Home,UK,FBA,2024,7,2024_07,88,1983.6,FALSE
Towel - Home|UK|FBA|2024_08,Towel - Home,UK,FBA,2024,8,2024_08,84,2132.34,FALSE
Towel - Home|UK|FBA|2024_09,Towel - Home,UK,FBA,2024,9,2024_09,56,1464.28,FALSE
Towel - Home|UK|FBA|2024_10,Towel - Home,UK,FBA,2024,10,2024_10,48,818.68,FALSE
Towel - Home|UK|FBA|2024_11,Towel - Home,UK,FBA,2024,11,2024_11,112,1443.72,FALSE
Towel - Home|UK|FBA|2024_12,Towel - Home,UK,FBA,2024,12,2024_12,60,806.98,FALSE
Towel - Home|UK|FBA|2025_01,Towel - Home,UK,FBA,2025,1,2025_01,18,208.3,FALSE
Towel - Home|UK|FBA|2025_02,Towel - Home,UK,FBA,2025,2,2025_02,52,977.68,FALSE
Towel - Home|UK|FBA|2025_03,Towel - Home,UK,FBA,2025,3,2025_03,148,1999.86,FALSE
Towel - Home|UK|FBA|2025_04,Towel - Home,UK,FBA,2025,4,2025_04,66,1065.82,FALSE
Towel - Home|UK|FBA|2025_05,Towel - Home,UK,FBA,2025,5,2025_05,180,3263.3,FALSE
Towel - Home|UK|FBA|2025_06,Towel - Home,UK,FBA,2025,6,2025_06,302,3981.26,FALSE
Towel - Home|UK|FBA|2025_07,Towel - Home,UK,FBA,2025,7,2025_07,280,4138.38,FALSE
Towel - Home|UK|FBA|2025_08,Towel - Home,UK,FBA,2025,8,2025_08,194,2446.82,FALSE
Towel - Home|UK|FBA|2025_09,Towel - Home,UK,FBA,2025,9,2025_09,127,2598.29,FALSE
Towel - Home|UK|FBA|2025_10,Towel - Home,UK,FBA,2025,10,2025_10,39,718.82,FALSE
Towel - Home|UK|FBA|2025_11,Towel - Home,UK,FBA,2025,11,2025_11,66,1325.59,FALSE
Towel - Home|UK|FBA|2025_12,Towel - Home,UK,FBA,2025,12,2025_12,146,2871.68,FALSE
Towel - Home|UK|FBA|2026_01,Towel - Home,UK,FBA,2026,1,2026_01,157,2864.13,FALSE
Towel - Home|UK|FBA|2026_02,Towel - Home,UK,FBA,2026,2,2026_02,122,2629.65,FALSE
Towel - Home|UK|FBA|2026_03,Towel - Home,UK,FBA,2026,3,2026_03,88,1971.28,FALSE
Towel - Home|UK|FBA|2026_04,Towel - Home,UK,FBA,2026,4,2026_04,71,1526.39,FALSE
Towel - Home|UK|FBA|2026_05,Towel - Home,UK,FBA,2026,5,2026_05,113,2567.49,FALSE
Towel - Home|UK|FBA|2026_06,Towel - Home,UK,FBA,2026,6,2026_06,52,1121.3,FALSE
Towel - Home|US|B2B|2024_01,Towel - Home,US,B2B,2024,1,2024_01,296,4800.42,FALSE
Towel - Home|US|B2B|2024_02,Towel - Home,US,B2B,2024,2,2024_02,1450,22543.94,FALSE
Towel - Home|US|B2B|2024_03,Towel - Home,US,B2B,2024,3,2024_03,336,5216.28,FALSE
Towel - Home|US|B2B|2024_04,Towel - Home,US,B2B,2024,4,2024_04,226,3113.76,FALSE
Towel - Home|US|B2B|2024_05,Towel - Home,US,B2B,2024,5,2024_05,298,4496.52,FALSE
Towel - Home|US|B2B|2024_06,Towel - Home,US,B2B,2024,6,2024_06,424,4688.66,FALSE
Towel - Home|US|B2B|2024_07,Towel - Home,US,B2B,2024,7,2024_07,96,1277.94,FALSE
Towel - Home|US|B2B|2024_08,Towel - Home,US,B2B,2024,8,2024_08,80,718.42,FALSE
Towel - Home|US|B2B|2024_10,Towel - Home,US,B2B,2024,10,2024_10,26,289.06,FALSE
Towel - Home|US|B2B|2024_11,Towel - Home,US,B2B,2024,11,2024_11,38,615.04,FALSE
Towel - Home|US|B2B|2024_12,Towel - Home,US,B2B,2024,12,2024_12,250,2089.18,FALSE
Towel - Home|US|B2B|2025_01,Towel - Home,US,B2B,2025,1,2025_01,28,452.16,FALSE
Towel - Home|US|B2B|2025_02,Towel - Home,US,B2B,2025,2,2025_02,72,1036.82,FALSE
Towel - Home|US|B2B|2025_03,Towel - Home,US,B2B,2025,3,2025_03,20,425.84,FALSE
Towel - Home|US|B2B|2025_04,Towel - Home,US,B2B,2025,4,2025_04,36,469.38,FALSE
Towel - Home|US|B2B|2025_05,Towel - Home,US,B2B,2025,5,2025_05,10,48.88,FALSE
Towel - Home|US|B2B|2025_06,Towel - Home,US,B2B,2025,6,2025_06,10,92.7,FALSE
Towel - Home|US|B2B|2025_07,Towel - Home,US,B2B,2025,7,2025_07,22,347.22,FALSE
Towel - Home|US|B2B|2025_08,Towel - Home,US,B2B,2025,8,2025_08,24,267.66,FALSE
Towel - Home|US|B2B|2025_09,Towel - Home,US,B2B,2025,9,2025_09,44,606.4,FALSE
Towel - Home|US|B2B|2025_10,Towel - Home,US,B2B,2025,10,2025_10,19,319.5,FALSE
Towel - Home|US|B2B|2025_11,Towel - Home,US,B2B,2025,11,2025_11,21,106.31,FALSE
Towel - Home|US|B2B|2025_12,Towel - Home,US,B2B,2025,12,2025_12,120,1818.44,FALSE
Towel - Home|US|B2B|2026_01,Towel - Home,US,B2B,2026,1,2026_01,24,120.4,FALSE
Towel - Home|US|B2B|2026_03,Towel - Home,US,B2B,2026,3,2026_03,2203,25065.88,FALSE
Towel - Home|US|B2B|2026_04,Towel - Home,US,B2B,2026,4,2026_04,24,368.65,FALSE
Towel - Home|US|B2B|2026_05,Towel - Home,US,B2B,2026,5,2026_05,32,331.45,FALSE
Towel - Home|US|B2B|2026_06,Towel - Home,US,B2B,2026,6,2026_06,15,178.38,FALSE
Towel - Home|US|DTC|2024_01,Towel - Home,US,DTC,2024,1,2024_01,164,3381.08,FALSE
Towel - Home|US|DTC|2024_02,Towel - Home,US,DTC,2024,2,2024_02,738,11991.62,FALSE
Towel - Home|US|DTC|2024_03,Towel - Home,US,DTC,2024,3,2024_03,362,7505.8,FALSE
Towel - Home|US|DTC|2024_04,Towel - Home,US,DTC,2024,4,2024_04,176,3941.2,FALSE
Towel - Home|US|DTC|2024_05,Towel - Home,US,DTC,2024,5,2024_05,742,14015.92,FALSE
Towel - Home|US|DTC|2024_06,Towel - Home,US,DTC,2024,6,2024_06,1162,18752.16,FALSE
Towel - Home|US|DTC|2024_07,Towel - Home,US,DTC,2024,7,2024_07,1438,22939.58,FALSE
Towel - Home|US|DTC|2024_08,Towel - Home,US,DTC,2024,8,2024_08,560,8916.88,FALSE
Towel - Home|US|DTC|2024_09,Towel - Home,US,DTC,2024,9,2024_09,238,3759.66,FALSE
Towel - Home|US|DTC|2024_10,Towel - Home,US,DTC,2024,10,2024_10,174,2991.46,FALSE
Towel - Home|US|DTC|2024_11,Towel - Home,US,DTC,2024,11,2024_11,360,5691.22,FALSE
Towel - Home|US|DTC|2024_12,Towel - Home,US,DTC,2024,12,2024_12,836,13129.64,FALSE
Towel - Home|US|DTC|2025_01,Towel - Home,US,DTC,2025,1,2025_01,204,3294.72,FALSE
Towel - Home|US|DTC|2025_02,Towel - Home,US,DTC,2025,2,2025_02,186,3404.16,FALSE
Towel - Home|US|DTC|2025_03,Towel - Home,US,DTC,2025,3,2025_03,302,5020.26,FALSE
Towel - Home|US|DTC|2025_04,Towel - Home,US,DTC,2025,4,2025_04,416,8414.16,FALSE
Towel - Home|US|DTC|2025_05,Towel - Home,US,DTC,2025,5,2025_05,426,7740.4,FALSE
Towel - Home|US|DTC|2025_06,Towel - Home,US,DTC,2025,6,2025_06,666,12261.68,FALSE
Towel - Home|US|DTC|2025_07,Towel - Home,US,DTC,2025,7,2025_07,952,15647.72,FALSE
Towel - Home|US|DTC|2025_08,Towel - Home,US,DTC,2025,8,2025_08,2010,18113.6,FALSE
Towel - Home|US|DTC|2025_09,Towel - Home,US,DTC,2025,9,2025_09,657,5829.7,FALSE
Towel - Home|US|DTC|2025_10,Towel - Home,US,DTC,2025,10,2025_10,63,1038.23,FALSE
Towel - Home|US|DTC|2025_11,Towel - Home,US,DTC,2025,11,2025_11,503,6078.41,FALSE
Towel - Home|US|DTC|2025_12,Towel - Home,US,DTC,2025,12,2025_12,287,2910.38,FALSE
Towel - Home|US|DTC|2026_01,Towel - Home,US,DTC,2026,1,2026_01,126,1254.42,FALSE
Towel - Home|US|DTC|2026_02,Towel - Home,US,DTC,2026,2,2026_02,49,777.57,FALSE
Towel - Home|US|DTC|2026_03,Towel - Home,US,DTC,2026,3,2026_03,75,1172.16,FALSE
Towel - Home|US|DTC|2026_04,Towel - Home,US,DTC,2026,4,2026_04,92,1657.98,FALSE
Towel - Home|US|DTC|2026_05,Towel - Home,US,DTC,2026,5,2026_05,114,1480.5,FALSE
Towel - Home|US|DTC|2026_06,Towel - Home,US,DTC,2026,6,2026_06,54,724.6,FALSE
Towel - Home|US|FBA|2024_01,Towel - Home,US,FBA,2024,1,2024_01,36,1107.56,FALSE
Towel - Home|US|FBA|2024_02,Towel - Home,US,FBA,2024,2,2024_02,42,1142.42,FALSE
Towel - Home|US|FBA|2024_03,Towel - Home,US,FBA,2024,3,2024_03,80,2106.88,FALSE
Towel - Home|US|FBA|2024_04,Towel - Home,US,FBA,2024,4,2024_04,34,926.98,FALSE
Towel - Home|US|FBA|2024_05,Towel - Home,US,FBA,2024,5,2024_05,106,3167.84,FALSE
Towel - Home|US|FBA|2024_06,Towel - Home,US,FBA,2024,6,2024_06,110,3327.8,FALSE
Towel - Home|US|FBA|2024_07,Towel - Home,US,FBA,2024,7,2024_07,190,3722.74,FALSE
Towel - Home|US|FBA|2024_08,Towel - Home,US,FBA,2024,8,2024_08,48,1447.1,FALSE
Towel - Home|US|FBA|2024_09,Towel - Home,US,FBA,2024,9,2024_09,32,916.8,FALSE
Towel - Home|US|FBA|2024_10,Towel - Home,US,FBA,2024,10,2024_10,32,855.08,FALSE
Towel - Home|US|FBA|2024_11,Towel - Home,US,FBA,2024,11,2024_11,18,518.44,FALSE
Towel - Home|US|FBA|2024_12,Towel - Home,US,FBA,2024,12,2024_12,10,275.76,FALSE
Towel - Home|US|FBA|2025_01,Towel - Home,US,FBA,2025,1,2025_01,38,1047.14,FALSE
Towel - Home|US|FBA|2025_02,Towel - Home,US,FBA,2025,2,2025_02,28,818.86,FALSE
Towel - Home|US|FBA|2025_03,Towel - Home,US,FBA,2025,3,2025_03,78,2075.1,FALSE
Towel - Home|US|FBA|2025_04,Towel - Home,US,FBA,2025,4,2025_04,92,2107.4,FALSE
Towel - Home|US|FBA|2025_05,Towel - Home,US,FBA,2025,5,2025_05,196,4235.74,FALSE
Towel - Home|US|FBA|2025_06,Towel - Home,US,FBA,2025,6,2025_06,288,6223.8,FALSE
Towel - Home|US|FBA|2025_07,Towel - Home,US,FBA,2025,7,2025_07,240,5123.08,FALSE
Towel - Home|US|FBA|2025_08,Towel - Home,US,FBA,2025,8,2025_08,104,2373.36,FALSE
Towel - Home|US|FBA|2025_09,Towel - Home,US,FBA,2025,9,2025_09,104,2087.32,FALSE
Towel - Home|US|FBA|2025_10,Towel - Home,US,FBA,2025,10,2025_10,97,2310.04,FALSE
Towel - Home|US|FBA|2025_11,Towel - Home,US,FBA,2025,11,2025_11,67,1695.48,FALSE
Towel - Home|US|FBA|2025_12,Towel - Home,US,FBA,2025,12,2025_12,123,2746.72,FALSE
Towel - Home|US|FBA|2026_01,Towel - Home,US,FBA,2026,1,2026_01,58,1130.34,FALSE
Towel - Home|US|FBA|2026_02,Towel - Home,US,FBA,2026,2,2026_02,56,1454.57,FALSE
Towel - Home|US|FBA|2026_03,Towel - Home,US,FBA,2026,3,2026_03,123,3198.77,FALSE
Towel - Home|US|FBA|2026_04,Towel - Home,US,FBA,2026,4,2026_04,110,2109.03,FALSE
Towel - Home|US|FBA|2026_05,Towel - Home,US,FBA,2026,5,2026_05,128,3287.48,FALSE
Towel - Home|US|FBA|2026_06,Towel - Home,US,FBA,2026,6,2026_06,38,1087.88,FALSE