Created,Cin7 Status,Stage,Ref,Cust PONo,Total Incl,Inv No,Invoice,Company,Customer,Dispatched,Items,Project Name,Channel,ETD,Branch,EDI Status,3PL Status
17 Jul 2026 9:27 AM,"<font color=#009788>Open</font>",New - To Process,EUWS-3268,,642.30,0,Do Not Import,Eisen-Bärle GmbH & Co.KG,Gudrun Mergenthaler,,43,Shopify EUWS,Shopify EUWS,17 Jul 2026 9:47 AM,EU iFulfillment,0,1
17 Jul 2026 12:28 AM,"<font color=#009788>Open</font>",New,USWS-19234,,275.58,0,Do Not Import,Balboa Bay Resort & Club,Balboa Bay Resort/ Bayfront Boutique,,26,Shopify USWS,Shopify USWS,20 Jul 2026 2:11 AM,US Geneva,0,2
16 Jul 2026 9:40 PM,"<font color=#009788>Open</font>",New,USWS-19223A,,224.73,0,Do Not Import,Veterans United Home Loans,Veteran's United Home Roewe,,8,Shopify USWS,Shopify USWS,16 Jul 2026 7:00 AM,US Geneva,0,0
16 Jul 2026 8:40 PM,"<font color=#009788>Open</font>",New,USWS-19222A,,89.89,0,Do Not Import,Veterans United Home Loans,Veteran's United Home Roewe,,8,Shopify USWS,Shopify USWS,16 Jul 2026 7:00 AM,US Geneva,0,0
16 Jul 2026 8:18 PM,"<font color=#009788>Open</font>",New - To Process,UKWS-6839,,1030.61,0,Do Not Import,Inspired Gifts and Interiors,Inspired Gifts and Interior,,90,Shopify UKWS,Shopify UKWS,16 Jul 2026 9:32 PM,UK ILG,0,1
16 Jul 2026 6:03 PM,"<font color=#009788>Open</font>",New,USWS-19233,,213.00,0,Do Not Import,Sunset Pools Inc,Sonia Traugott,,20,Shopify USWS,Shopify USWS,17 Jul 2026 7:42 PM,US Geneva,0,2
16 Jul 2026 4:09 PM,"<font color=#009788>Open</font>",New,UKWS-6838,,312.38,0,Do Not Import,Spencer Thorn,Sarah Pringle,,24,Shopify UKWS,Shopify UKWS,17 Jul 2026 5:42 PM,UK ILG,0,2
16 Jul 2026 4:01 PM,"<font color=#009788>Open</font>",New - To Process,EUWS-3267,,609.66,0,Do Not Import,DJIWAN,Patricia LAFARGUE,,58,Shopify EUWS,Shopify EUWS,16 Jul 2026 4:49 PM,EU iFulfillment,0,1
16 Jul 2026 11:15 AM,<font color=red>Dispatched</font>,Dispatched,EUWS-3266,,717.58,0,Do Not Import,,Stephane Masson,16 Jul 2026 4:34 PM,57,Shopify EUWS,Shopify EUWS,17 Jul 2026 12:41 PM,EU iFulfillment,0,10
16 Jul 2026 9:34 AM,"<font color=#009788>Open</font>",New,EUWS-3265,,791.63,0,Do Not Import,Cote deco hardelot,Francoise Houillon,,66,Shopify EUWS,Shopify EUWS,17 Jul 2026 11:25 AM,EU iFulfillment,0,2
16 Jul 2026 4:28 AM,"<font color=#009788>Open</font>",On Hold - Stock Review,USWS-19232,,339.93,0,Do Not Import,Blue Lobster,Sally McReynolds,,32,Shopify USWS,Shopify USWS,17 Jul 2026 6:10 AM,US Geneva,0,1
15 Jul 2026 9:51 PM,"<font color=#009788>Open</font>",New,USWS-19231,,960.05,0,Do Not Import,,Becky Check,,75,Shopify USWS,Shopify USWS,27 Jun 2026 1:00 AM,US Geneva,0,2
15 Jul 2026 6:01 PM,"<font color=#009788>Open</font>",New,UKWS-6837,,1025.93,0,Do Not Import,Hogan outdoors,Sam Hogan-Ireland,,58,Shopify UKWS,Shopify UKWS,21 Jul 2026 7:40 PM,UK ILG,0,2
15 Jul 2026 5:10 PM,"<font color=#009788>Open</font>",New,UKWS-6787A,,167.90,0,Do Not Import,Wyedoineedit,Jane Driscoll,,12,Shopify UKWS,Shopify UKWS,17 Jul 2026 7:43 PM,UK ILG,0,0
15 Jul 2026 4:20 PM,"<font color=#009788>Open</font>",New,UKWS-6836,,284.40,0,Do Not Import,The National Trust - Birling Gap Shop														,Lisa Pearce,,20,Shopify UKWS,Shopify UKWS,16 Jul 2026 5:40 PM,UK ILG,0,2
15 Jul 2026 3:54 PM,"<font color=#009788>Open</font>",New - Future Ship Date,JLEW11511-85,831674,13888.82,0,Do Not Import,John Lewis Ltd,John Lewis,,1100,Shopify UKWS,Backend,29 Jul 2026 9:55 AM,UK ILG,0,0
15 Jul 2026 3:53 PM,"<font color=#009788>Open</font>",New,UKWS-6835,,1163.81,1742560,Do Not Import,Two Red Dogs,Alan TBD,,78,Shopify UKWS,Shopify UKWS,16 Jul 2026 1:00 AM,UK ILG,0,2
15 Jul 2026 3:00 PM,"<font color=#009788>Open</font>",New,USWS-19183A,,104.37,0,Do Not Import,Perfect Touch of Paragould,Michelle Barnes,,4,Shopify USWS,Shopify USWS,15 Jul 2026 7:00 AM,US Geneva,0,0
15 Jul 2026 12:03 PM,"<font color=#009788>Open</font>",Reserve Stock,RSTO16684-4,,34000.00,0,Do Not Import,Reserve Stock," ",,1000,Shopify UKWS,Backend,22 Jul 2026 12:04 PM,UK ILG,0,9
14 Jul 2026 9:14 PM,<font color=red>Dispatched</font>,Dispatched,EUWS-3264,,262.54,0,Do Not Import,L'ile aux dames,CLEACH Katell,16 Jul 2026 9:36 AM,24,Shopify EUWS,Shopify EUWS,15 Jul 2026 1:00 AM,EU iFulfillment,0,10
14 Jul 2026 8:55 PM,"<font color=#009788>Open</font>",New - Future Ship Date,NEXT23106-13C,,2700.00,0,Do Not Import,NEXT,NEXT NEXT Ltd.,,120,Shopify UKWS,Backend,3 Jul 2026 1:24 PM,UK Preorder,0,0
14 Jul 2026 7:50 PM,"<font color=#009788>Open</font>",New,USWS-19215A,,44.95,0,Do Not Import,THE TRADING POST,THE TRADING POST,,4,Shopify USWS,Shopify USWS,14 Jul 2026 7:00 AM,US Geneva,0,0
14 Jul 2026 7:35 PM,<font color=red>Dispatched</font>,Dispatched,USWS-19230,,614.43,1742897,Do Not Import,Veterans United Home Loans,Veteran's United Home Roewe,16 Jul 2026 7:00 AM,42,Shopify USWS,Shopify USWS,16 Jul 2026 7:00 AM,US Geneva,0,10
14 Jul 2026 6:25 PM,"<font color=#009788>Open</font>",New - To Process,UKWS-6834,,384.00,0,Do Not Import,Boho Beach Ltd,Georgina Pearce,,24,Shopify UKWS,Shopify UKWS,14 Jul 2026 6:45 PM,UK ILG,0,1
14 Jul 2026 5:59 PM,"<font color=#009788>Open</font>",New,USWS-19229,,2910.91,0,Do Not Import,,Becky Check,,225,Shopify USWS,Shopify USWS,27 Jun 2026 1:00 AM,US Geneva,0,2
14 Jul 2026 5:14 PM,"<font color=#009788>Open</font>",New,UKWS-6833,,291.00,0,Do Not Import,The Beach Hut,Fiona Harker,,19,Shopify UKWS,Shopify UKWS,21 Jul 2026 1:00 AM,UK ILG,0,2
14 Jul 2026 5:11 PM,"<font color=#009788>Open</font>",New,UKWS-6832,,315.00,0,Do Not Import,The Beach Hut,Fiona Harker,,19,Shopify UKWS,Shopify UKWS,21 Jul 2026 1:00 AM,UK ILG,0,2
14 Jul 2026 2:12 PM,"<font color=#009788>Open</font>",Awaiting Payment,UKWS-6831,,2306.86,0,Do Not Import,,Tomasz Machnikowski,,156,Shopify UKWS,Shopify UKWS,15 Jul 2026 3:27 PM,UK ILG,0,1
14 Jul 2026 12:20 PM,<font color=red>Dispatched</font>,Dispatched,UKWS-6830,,272.77,1742474,Do Not Import,Tame and Wild,Anna Darwin,16 Jul 2026 10:50 AM,38,Shopify UKWS,Shopify UKWS,15 Jul 2026 2:11 PM,UK ILG,0,10
14 Jul 2026 12:20 PM,<font color=red>Dispatched</font>,Dispatched,UKWS-6829,,286.92,1741424,Do Not Import,The Every Space,Claire Forrest,15 Jul 2026 4:20 PM,24,Shopify UKWS,Shopify UKWS,15 Jul 2026 2:12 PM,UK ILG,0,10
13 Jul 2026 9:06 PM,<font color=red>Dispatched</font>,Dispatched,UKWS-6828,,563.90,1738212,Do Not Import,Sand Dollar,Gary Webb,14 Jul 2026 1:51 PM,50,Shopify UKWS,Shopify UKWS,15 Jul 2026 12:00 AM,UK ILG,0,10
13 Jul 2026 8:51 PM,<font color=red>Dispatched</font>,Dispatched,USWS-19228,,649.46,1743292,Do Not Import,Loved and Found,Elizabeth Vidrine,16 Jul 2026 7:00 AM,62,Shopify USWS,Shopify USWS,16 Jul 2026 7:00 AM,US Geneva,0,10
13 Jul 2026 5:16 PM,<font color=red>Dispatched</font>,Dispatched,UKWS-6827,,337.44,1738292,Do Not Import,Trebah Garden,Jan Lewis,14 Jul 2026 2:12 PM,21,Shopify UKWS,Shopify UKWS,14 Jul 2026 7:12 PM,UK ILG,0,10
13 Jul 2026 4:11 PM,<font color=red>Dispatched</font>,Dispatched,UKWS-6826,,313.49,1738211,Do Not Import,CURATED COLLECTIVE LTD T/A Store Collective,Kate McKenzie,14 Jul 2026 1:51 PM,24,Shopify UKWS,Shopify UKWS,14 Jul 2026 5:26 PM,UK ILG,0,10
13 Jul 2026 3:25 PM,"<font color=#009788>Open</font>",New,UKWS-6825,,647.71,0,Do Not Import,,Jo Neaser,,78,Shopify UKWS,Shopify UKWS,23 Jul 2026 1:00 AM,UK ILG,0,2
13 Jul 2026 2:42 PM,"<font color=#009788>Open</font>",New,USWS-19227,,1736.95,0,Do Not Import,Tiara Yachts Stocking Advanced Fulfillment,Chris Dolley,,192,Shopify USWS,Shopify USWS,28 Jul 2026 4:13 PM,US Geneva,0,2
13 Jul 2026 1:49 PM,<font color=red>Dispatched</font>,Dispatched,UKWS-6824,,2169.70,1741308,Do Not Import,Aloft co Ltd,beth Hillier,15 Jul 2026 3:10 PM,195,Shopify UKWS,Shopify UKWS,14 Jul 2026 3:25 PM,UK ILG,0,10
12 Jul 2026 3:18 PM,"<font color=#009788>Open</font>",New,UKWS-6823,,2782.42,0,Do Not Import,The Salcombe Boatstore Ltd,Jonathan Squire,,188,Shopify UKWS,Shopify UKWS,16 Jul 2026 1:00 AM,UK ILG,0,2
12 Jul 2026 11:02 AM,<font color=red>Dispatched</font>,Dispatched,EUWS-3263,,669.51,0,Do Not Import,Tausendschoen,Susanne Albegger,15 Jul 2026 1:37 PM,48,Shopify EUWS,Shopify EUWS,17 Jul 2026 1:00 AM,EU iFulfillment,0,10
12 Jul 2026 4:03 AM,"<font color=#009788>Open</font>",New,USWS-19226,,313.49,0,Do Not Import,,Shaina Kilby,,26,Shopify USWS,Shopify USWS,17 Jul 2026 1:00 AM,US Geneva,0,2
11 Jul 2026 9:51 PM,"<font color=#009788>Open</font>",Awaiting Payment,UKWS-6822,,1295.34,0,Do Not Import,Cross Trading Co Ltd,Jakob Cross,,94,Shopify UKWS,Shopify UKWS,17 Jul 2026 1:00 AM,UK ILG,0,1
11 Jul 2026 7:03 PM,<font color=red>Dispatched</font>,Dispatched,EUWS-3262,,524.03,0,Do Not Import,SiRiPiRi Concept Store,Iris Weidemann,14 Jul 2026 1:36 PM,40,Shopify EUWS,Shopify EUWS,17 Jul 2026 1:00 AM,EU iFulfillment,0,10
11 Jul 2026 6:34 PM,<font color=red>Dispatched</font>,Dispatched,UKWS-6821,,497.56,1737622,Do Not Import,Violets Tea Room,Olivia Boxall,14 Jul 2026 10:41 AM,42,Shopify UKWS,Shopify UKWS,13 Jul 2026 8:12 PM,UK ILG,0,10
11 Jul 2026 2:44 PM,<font color=red>Dispatched</font>,Dispatched,UKWS-6820,,540.00,1737675,Do Not Import,dip store,Katherine Tryhorn,14 Jul 2026 10:50 AM,26,Shopify UKWS,Shopify UKWS,13 Jul 2026 4:14 PM,UK ILG,0,10
11 Jul 2026 11:24 AM,<font color=red>Dispatched</font>,Dispatched,UKWS-6819,,567.73,1738192,Do Not Import,Inge Dunbar Ltd Trading as Sass & Spirit,Inge Dunbar,14 Jul 2026 1:40 PM,44,Shopify UKWS,Shopify UKWS,13 Jul 2026 1:13 PM,UK ILG,0,10
11 Jul 2026 10:51 AM,<font color=red>Dispatched</font>,Dispatched,UKWS-6818,,572.90,1738625,Do Not Import,Mine Boutique,Rebecca Beale,14 Jul 2026 3:40 PM,42,Shopify UKWS,Shopify UKWS,3 Jul 2026 1:00 AM,UK ILG,0,10
11 Jul 2026 7:23 AM,<font color=red>Dispatched</font>,Dispatched,EUWS-3261,,289.77,0,Do Not Import,La jolie quiberonnaise,Kelly Odeye,14 Jul 2026 12:40 PM,24,Shopify EUWS,Shopify EUWS,12 Jul 2026 1:00 AM,EU iFulfillment,0,10
10 Jul 2026 3:54 PM,<font color=red>Dispatched</font>,Dispatched,UKWS-6817,,1028.79,1738624,Do Not Import,Bertie and Crew Ltd,Leanne Jones,14 Jul 2026 3:40 PM,66,Shopify UKWS,Shopify UKWS,11 Jul 2026 1:00 AM,UK ILG,0,10
10 Jul 2026 3:37 PM,<font color=red>Dispatched</font>,Dispatched,UKWS-6816,,500.88,1738623,Do Not Import,Tolbooth Crafts,Linda White,14 Jul 2026 3:40 PM,42,Shopify UKWS,Shopify UKWS,3 Jul 2026 1:00 AM,UK ILG,0,10
10 Jul 2026 3:16 PM,<font color=red>Dispatched</font>,Dispatched,USWS-19225,,170.49,1741275,Do Not Import,Fountain Gifts,Fountain Gifts,15 Jul 2026 7:00 AM,26,Shopify USWS,Shopify USWS,15 Jul 2026 7:00 AM,US Geneva,0,10
10 Jul 2026 3:01 PM,<font color=red>Dispatched</font>,Dispatched,UKWS-6815,,1865.38,1737765,Do Not Import,Ruby Tuesday,Fiona Nelson-van Loon,14 Jul 2026 11:20 AM,144,Shopify UKWS,Shopify UKWS,13 Jul 2026 4:42 PM,UK ILG,0,10
10 Jul 2026 2:23 PM,<font color=red>Dispatched</font>,Dispatched,UKWS-6814,,384.00,1735913,Do Not Import,Surfing Cow Group LTD,Zoe Glanville,13 Jul 2026 2:50 PM,24,Shopify UKWS,Shopify UKWS,11 Jul 2026 1:00 AM,UK ILG,0,10
10 Jul 2026 1:43 PM,<font color=red>Dispatched</font>,Dispatched,UKWS-6813,,1315.90,1737348,Do Not Import,EOS Consulting SpA,Emanuele Riccobene,14 Jul 2026 9:40 AM,72,Shopify UKWS,Shopify UKWS,13 Jul 2026 1:00 AM,UK ILG,0,10
10 Jul 2026 1:31 PM,<font color=red>Dispatched</font>,Dispatched,EUWS-3260,,638.94,0,Do Not Import,Sinnvoll Inh. Dirk Heumann,Dirk Heumann,14 Jul 2026 1:35 PM,48,Shopify EUWS,Shopify EUWS,13 Jul 2026 1:00 AM,EU iFulfillment,0,10
10 Jul 2026 1:26 PM,<font color=red>Dispatched</font>,Dispatched,UKWS-6812,,657.00,1736038,Do Not Import,,Sinead Garry,13 Jul 2026 3:40 PM,60,Shopify UKWS,Shopify UKWS,13 Jul 2026 3:11 PM,UK ILG,0,10
10 Jul 2026 12:16 PM,<font color=red>Dispatched</font>,Dispatched,UKWS-6811,,404.49,1735900,Do Not Import,The OSS Collective Limited,Holly Owen-Smith,13 Jul 2026 2:40 PM,36,Shopify UKWS,Shopify UKWS,13 Jul 2026 1:42 PM,UK ILG,0,10
10 Jul 2026 11:44 AM,<font color=red>Dispatched</font>,Dispatched,USWS-19224,,1104.91,1739009,Do Not Import,Unique Designs Custom Digitizing,Andrian Magana,14 Jul 2026 7:00 AM,100,Shopify USWS,Shopify USWS,14 Jul 2026 7:00 AM,US Geneva,0,10
10 Jul 2026 11:37 AM,"<font color=#009788>Open</font>",New,EUWS-3259,,17858.29,0,Do Not Import,Tischideen & Ambiente,Birgit Fluck,,1042,Shopify EUWS,Shopify EUWS,23 Jul 2026 1:00 AM,EU iFulfillment,0,2
10 Jul 2026 11:31 AM,<font color=red>Dispatched</font>,Dispatched,UKWS-6810,,413.96,1735981,Do Not Import,ILG,Lyme Regis Retail,13 Jul 2026 3:10 PM,30,Shopify UKWS,Shopify UKWS,13 Jul 2026 1:12 PM,UK ILG,0,10
10 Jul 2026 10:09 AM,<font color=red>Dispatched</font>,Dispatched,UKWS-6808,,0.00,1735818,Do Not Import,Bude Sea Swimming Pool,Carly Parton,13 Jul 2026 2:10 PM,24,Shopify UKWS,Shopify UKWS,13 Jul 2026 11:40 AM,UK ILG,0,10
10 Jul 2026 10:06 AM,<font color=red>Dispatched</font>,Dispatched,UKWS-6809,,775.14,1737895,Do Not Import,Whistlefish,Goods in,14 Jul 2026 12:20 PM,58,Shopify UKWS,Shopify UKWS,13 Jul 2026 11:40 AM,UK ILG,0,10
9 Jul 2026 11:35 PM,<font color=red>Dispatched</font>,Dispatched,USWS-19222,,1457.91,1743271,Do Not Import,Veterans United Home Loans,Veteran's United Home Roewe,16 Jul 2026 8:40 PM,114,Shopify USWS,Shopify USWS,16 Jul 2026 7:00 AM,US Geneva,0,10
9 Jul 2026 11:35 PM,<font color=red>Dispatched</font>,Dispatched,USWS-19223,,2796.16,1743314,Do Not Import,Veterans United Home Loans,Veteran's United Home Roewe,16 Jul 2026 9:40 PM,218,Shopify USWS,Shopify USWS,16 Jul 2026 7:00 AM,US Geneva,0,10
9 Jul 2026 8:21 PM,<font color=red>Dispatched</font>,Dispatched,UKWS-6807,,375.33,1735473,Do Not Import,Barefoot Living,Emma Mason,13 Jul 2026 11:50 AM,29,Shopify UKWS,Shopify UKWS,10 Jul 2026 10:48 PM,UK ILG,0,10
9 Jul 2026 6:36 PM,<font color=red>Dispatched</font>,Dispatched,USWS-19221,,347.03,1738610,Do Not Import,Northshire Bookstore,Jessica Wood,14 Jul 2026 7:00 AM,40,Shopify USWS,Shopify USWS,14 Jul 2026 7:00 AM,US Geneva,0,10
9 Jul 2026 6:27 PM,"<font color=#009788>Open</font>",New,PINE24807-4,,4294.42,0,Do Not Import,PINE-APPLE,Diederik Diederik,,420,Shopify EUWS,Backend,17 Jul 2026 12:30 PM,EU iFulfillment,0,2
9 Jul 2026 5:35 PM,<font color=red>Dispatched</font>,Dispatched,USWS-19220,,28.53,1738978,Do Not Import,Marti Kenworthy,Marti Kenworthy,14 Jul 2026 7:00 AM,4,Shopify USWS,Shopify USWS,14 Jul 2026 7:00 AM,US Geneva,0,10
9 Jul 2026 5:35 PM,"<font color=#009788>Open</font>",On Hold,USWS-19219,,15.10,0,Do Not Import,Marti Kenworthy,Marti Kenworthy,,2,Shopify USWS,Shopify USWS,1 Sep 2026 1:00 AM,US Geneva,0,1
9 Jul 2026 4:28 PM,"<font color=#009788>Open</font>",New - Future Ship Date,T28802-2,1420733,5309.94,1730393,Do Not Import,Tischideen & Ambiente," ",,335,Shopify EUWS,Backend,24 Jul 2026 10:28 AM,EU iFulfillment,0,0
9 Jul 2026 3:51 PM,<font color=red>Dispatched</font>,Dispatched,UKWS-6806,,1020.00,1742449,Do Not Import,Salcombe Distilling Company,Tonya McGauley,16 Jul 2026 10:40 AM,100,Shopify UKWS,Shopify UKWS,17 Jul 2026 5:10 PM,UK ILG,0,10
9 Jul 2026 2:26 PM,<font color=red>Dispatched</font>,Dispatched,UKWS-6805,,0.00,1737572,Do Not Import,,Liz galloway Galloway,14 Jul 2026 10:20 AM,94,Shopify UKWS,Shopify UKWS,10 Jul 2026 4:10 PM,UK ILG,0,10
9 Jul 2026 1:54 PM,<font color=red>Dispatched</font>,Dispatched,UKWS-6804,,294.47,1735442,Do Not Import,The Handmade Magpie,steff tharle,13 Jul 2026 11:40 AM,32,Shopify UKWS,Shopify UKWS,10 Jul 2026 4:11 PM,UK ILG,0,10
9 Jul 2026 1:49 PM,<font color=red>Dispatched</font>,Dispatched,EUWS-3258,,83.79,0,Do Not Import,La Foresteria Planeta,Angela Scirica,10 Jul 2026 1:38 PM,10,Shopify EUWS,Shopify EUWS,10 Jul 2026 3:25 PM,EU iFulfillment,0,10
9 Jul 2026 11:20 AM,<font color=red>Dispatched</font>,Dispatched,EUWS-3257,,639.11,0,Do Not Import,BATHROOM GRAFITTI,Koukina AZUELOS,10 Jul 2026 3:36 PM,48,Shopify EUWS,Shopify EUWS,13 Jul 2026 2:11 PM,EU iFulfillment,0,10
9 Jul 2026 10:52 AM,<font color=red>Dispatched</font>,Dispatched,UKWS-6803,,0.00,1731074,Do Not Import,The Old Mill Shop,Kate Dagger,10 Jul 2026 10:10 AM,4,Shopify UKWS,Shopify UKWS,10 Jul 2026 12:25 PM,UK ILG,0,10
8 Jul 2026 9:24 PM,<font color=red>Dispatched</font>,Dispatched,USWS-19218,,232.90,1736541,Do Not Import,Cotton and Gold,Alissa Bennett,13 Jul 2026 7:00 AM,44,Shopify USWS,Shopify USWS,13 Jul 2026 7:00 AM,US Geneva,0,10
8 Jul 2026 9:03 PM,<font color=red>Dispatched</font>,Dispatched,EUWS-3256,,719.89,0,Do Not Import,Manufaktur vonlele,Leveke Lambersy,10 Jul 2026 12:35 PM,48,Shopify EUWS,Shopify EUWS,12 Jul 2026 1:00 AM,EU iFulfillment,0,10
8 Jul 2026 8:12 PM,<font color=red>Dispatched</font>,Dispatched,UKWS-6802,,794.40,1741352,Do Not Import,Bradstone Manor Farm,Emma Balfour,15 Jul 2026 3:40 PM,40,Shopify UKWS,Shopify UKWS,17 Jul 2026 11:01 PM,UK ILG,0,10
8 Jul 2026 7:56 PM,<font color=red>Dispatched</font>,Dispatched,USWS-19217,,323.55,1736544,Do Not Import,Teak & Twine,Torrance Hart,13 Jul 2026 7:00 AM,23,Shopify USWS,Shopify USWS,13 Jul 2026 7:00 AM,US Geneva,0,10
8 Jul 2026 7:18 PM,<font color=red>Dispatched</font>,Dispatched,USWS-19216,,480.87,1736543,Do Not Import,,Ruthmil Medina,13 Jul 2026 7:00 AM,30,Shopify USWS,Shopify USWS,13 Jul 2026 7:00 AM,US Geneva,0,10
8 Jul 2026 5:35 PM,<font color=red>Dispatched</font>,Dispatched,USWS-19215,,795.58,1739008,Do Not Import,THE TRADING POST,THE TRADING POST,14 Jul 2026 7:50 PM,56,Shopify USWS,Shopify USWS,14 Jul 2026 7:00 AM,US Geneva,0,10
8 Jul 2026 4:39 PM,<font color=red>Dispatched</font>,Dispatched,UKWS-6801,,1628.21,1735665,Do Not Import,Jubilee Pool Penzance LTD,Harriet Thomas,13 Jul 2026 1:10 PM,104,Shopify UKWS,Shopify UKWS,14 Jul 2026 1:00 AM,UK ILG,0,10
8 Jul 2026 3:52 PM,"<font color=#009788>Open</font>",New - Future Ship Date,WAIT12005-7,,43500.00,0,Do Not Import,Waitrose,Rob Carroll,,5800,Shopify UKWS,Backend,30 Nov 2026 9:53 AM,Direct to Client,0,0
8 Jul 2026 10:56 AM,"<font color=#009788>Open</font>",New - Future Ship Date,D27538-5,,4587.00,0,Do Not Import,Dock & Bay - Abi,Abi Patrick,,133,Shopify UKWS,Backend,4 Sep 2026 12:23 PM,UK ILG,0,0
7 Jul 2026 11:35 PM,<font color=red>Dispatched</font>,Dispatched,USWS-19214,,482.78,1736563,Do Not Import,SIMPLY ELEGANT,SONIA L SMITH,13 Jul 2026 7:00 AM,43,Shopify USWS,Shopify USWS,13 Jul 2026 7:00 AM,US Geneva,0,10
7 Jul 2026 9:21 PM,<font color=red>Dispatched</font>,Dispatched,EUWS-3255,,658.89,0,Do Not Import,Octopus en re,maynial Maynial,14 Jul 2026 12:40 PM,60,Shopify EUWS,Shopify EUWS,13 Jul 2026 1:00 AM,EU iFulfillment,0,10
7 Jul 2026 8:53 PM,<font color=red>Dispatched</font>,Dispatched,USWS-19213,,547.96,1732372,Do Not Import,The Social Society,Seri Kertzner,10 Jul 2026 7:00 AM,36,Shopify USWS,Shopify USWS,10 Jul 2026 7:00 AM,US Geneva,0,10
7 Jul 2026 7:28 PM,<font color=red>Dispatched</font>,Dispatched,USWS-19212,,187.20,1732187,Do Not Import,Flourish Embroidery,Mallory Sandlin,10 Jul 2026 7:00 AM,20,Shopify USWS,Shopify USWS,10 Jul 2026 7:00 AM,US Geneva,0,10
7 Jul 2026 4:44 PM,"<font color=#009788>Open</font>",Awaiting Payment,UKWS-6800,,1607.76,0,Do Not Import,Strawberry Fields Lifton,MEGAN WALKER,,130,Shopify UKWS,Shopify UKWS,15 Jul 2026 1:00 AM,UK ILG,0,1
7 Jul 2026 4:38 PM,<font color=red>Dispatched</font>,Dispatched,EUWS-3254,,1139.99,0,Do Not Import,Depot18 GmbH,Marc Jeblick,14 Jul 2026 12:39 PM,68,Shopify EUWS,Shopify EUWS,8 Jul 2026 6:13 PM,EU iFulfillment,0,10
7 Jul 2026 2:13 PM,<font color=red>Dispatched</font>,Dispatched,EUWS-3253,,621.65,0,Do Not Import,,Marie Teuerkauf,14 Jul 2026 3:36 PM,46,Shopify EUWS,Shopify EUWS,8 Jul 2026 4:11 PM,EU iFulfillment,0,10
7 Jul 2026 12:27 PM,<font color=red>Dispatched</font>,Dispatched,EUWS-3252,,0.00,0,Do Not Import,Porte Plume,Benedicte Ardilouze,8 Jul 2026 10:35 AM,1,Shopify EUWS,Shopify EUWS,10 Jul 2026 1:59 PM,EU iFulfillment,0,10
7 Jul 2026 11:31 AM,<font color=red>Dispatched</font>,Dispatched,UKWS-6799,,293.95,1729503,Do Not Import,Mahalo home,Kim Ryder,9 Jul 2026 10:10 AM,21,Shopify UKWS,Shopify UKWS,8 Jul 2026 1:11 PM,UK ILG,0,10
6 Jul 2026 11:35 PM,<font color=red>Dispatched</font>,Dispatched,USWS-19211,,146.34,1739001,Do Not Import,RIVERSIDE ADVENTURE CO,Alex Peacock,14 Jul 2026 7:00 AM,16,Shopify USWS,Shopify USWS,14 Jul 2026 7:00 AM,US Geneva,0,10
6 Jul 2026 8:52 PM,<font color=red>Dispatched</font>,Dispatched,USWS-19210,,884.75,1730499,Do Not Import,CFO/Co- Owner,Ann Vidro,9 Jul 2026 7:00 AM,76,Shopify USWS,Shopify USWS,9 Jul 2026 7:00 AM,US Geneva,0,10
6 Jul 2026 7:45 PM,<font color=red>Dispatched</font>,Dispatched,UKWS-6798,157347,1338.73,1729730,Do Not Import,A de Gruchy & Co Ltd.,A De Gruchy,9 Jul 2026 11:40 AM,112,Shopify UKWS,Shopify UKWS,7 Jul 2026 8:57 PM,UK ILG,0,10
6 Jul 2026 5:56 PM,<font color=red>Dispatched</font>,Dispatched,EUWS-3251,,429.01,0,Do Not Import,Armonik Ltd.,Nina Ivanova Ivanova,8 Jul 2026 12:35 PM,42,Shopify EUWS,Shopify EUWS,10 Jul 2026 1:00 AM,EU iFulfillment,0,10
6 Jul 2026 4:55 PM,<font color=red>Dispatched</font>,Dispatched,EUWS-3250,,696.08,0,Do Not Import,Insolite,Insolite Vidal,14 Jul 2026 12:40 PM,82,Shopify EUWS,Shopify EUWS,10 Jul 2026 6:25 PM,EU iFulfillment,0,10
6 Jul 2026 3:58 PM,<font color=red>Dispatched</font>,Dispatched,UKWS-6797,,1659.41,1729335,Do Not Import,Studland Knoll Beach Retail,Peter Maidment,9 Jul 2026 7:50 AM,108,Shopify UKWS,Shopify UKWS,7 Jul 2026 5:57 PM,UK ILG,0,10
6 Jul 2026 3:04 PM,<font color=red>Dispatched</font>,Dispatched,EUWS-3249,,634.21,1729294,Do Not Import,Schrema GmbH & Co.KG,Markus Müller,8 Jul 2026 3:36 PM,50,Shopify EUWS,Shopify EUWS,7 Jul 2026 4:26 PM,EU iFulfillment,0,10
6 Jul 2026 2:35 PM,<font color=red>Dispatched</font>,Dispatched,EUWS-3248,,325.28,1739631,Do Not Import,Isarstern Sport Mode Outdoor,Stefanie Möhrlein,14 Jul 2026 12:42 PM,32,Shopify EUWS,Shopify EUWS,7 Jul 2026 3:59 PM,EU iFulfillment,0,10
6 Jul 2026 2:29 PM,<font color=red>Dispatched</font>,Dispatched,UKWS-6796,,312.13,1726903,Do Not Import,Cranbornes,Karen King,7 Jul 2026 4:10 PM,40,Shopify UKWS,Shopify UKWS,7 Jul 2026 4:26 PM,UK ILG,0,10
6 Jul 2026 12:27 PM,<font color=red>Dispatched</font>,Dispatched,UKWS-6794,,495.98,1726901,Do Not Import,Albatross Gallery,Jamie Raybould,7 Jul 2026 4:10 PM,36,Shopify UKWS,Shopify UKWS,7 Jul 2026 1:00 AM,UK ILG,0,10
6 Jul 2026 12:27 PM,<font color=red>Dispatched</font>,Dispatched,UKWS-6795,,307.12,1726156,Do Not Import,Pretty Woman,Lisa Sinclair,7 Jul 2026 11:20 AM,22,Shopify UKWS,Shopify UKWS,7 Jul 2026 2:10 PM,UK ILG,0,10
6 Jul 2026 12:14 PM,<font color=red>Dispatched</font>,Dispatched,EUWS-3247,,2416.82,0,Do Not Import,BATHROOM GRAFITTI,Koukina AZUELOS,15 Jul 2026 9:35 AM,198,Shopify EUWS,Shopify EUWS,17 Jul 2026 2:11 PM,EU iFulfillment,0,10
6 Jul 2026 12:07 PM,<font color=red>Dispatched</font>,Dispatched,UKWS-6793,,444.85,1726221,Do Not Import,Sugar Mango,alison Dewey,7 Jul 2026 11:50 AM,39,Shopify UKWS,Shopify UKWS,7 Jul 2026 1:43 PM,UK ILG,0,10
6 Jul 2026 11:52 AM,<font color=red>Dispatched</font>,Dispatched,USWS-19209,,162.53,1726932,Do Not Import,Sweet Piggy Baking Company LLC,Robin Stewart   Sweet Piggy Baking Company,7 Jul 2026 7:00 AM,20,Shopify USWS,Shopify USWS,7 Jul 2026 7:00 AM,US Geneva,0,10
6 Jul 2026 10:57 AM,<font color=red>Dispatched</font>,Dispatched,UKWS-6792,,1883.88,1738191,Do Not Import,,Tomasz Machnikowski,14 Jul 2026 1:40 PM,108,Shopify UKWS,Shopify UKWS,15 Jul 2026 1:15 PM,UK ILG,0,10
6 Jul 2026 10:48 AM,<font color=red>Dispatched</font>,Dispatched,EUWS-3246,,0.00,0,Do Not Import,Flexidade,CARLA GONCALVES,7 Jul 2026 4:39 PM,6,Shopify EUWS,Shopify EUWS,7 Jul 2026 11:59 AM,EU iFulfillment,0,10
6 Jul 2026 10:27 AM,<font color=red>Dispatched</font>,Dispatched,UKWS-6791,,344.95,1726155,Do Not Import,Beachcomber Gift,Sarah Ward,7 Jul 2026 11:20 AM,26,Shopify UKWS,Shopify UKWS,7 Jul 2026 1:15 PM,UK ILG,0,10
6 Jul 2026 9:57 AM,<font color=red>Dispatched</font>,Dispatched,EUWS-3245,,1183.77,0,Do Not Import,Ideco store,SOURISSEAU Nathalie,9 Jul 2026 4:35 PM,95,Shopify EUWS,Shopify EUWS,7 Jul 2026 11:40 AM,EU iFulfillment,0,10
6 Jul 2026 9:04 AM,<font color=red>Dispatched</font>,Dispatched,EUWS-3244,,1026.80,1732022,Do Not Import,Ideco store,SOURISSEAU Nathalie,10 Jul 2026 3:35 PM,101,Shopify EUWS,Shopify EUWS,14 Jul 2026 10:41 AM,EU iFulfillment,0,10
5 Jul 2026 10:42 PM,<font color=red>Dispatched</font>,Dispatched,UKWS-6790,,627.92,1728096,Do Not Import,dip store,Katherine Tryhorn,8 Jul 2026 12:10 PM,42,Shopify UKWS,Shopify UKWS,7 Jul 2026 12:26 AM,UK ILG,0,10
5 Jul 2026 9:22 PM,<font color=red>Dispatched</font>,Dispatched,UKWS-6789,,453.00,1726853,Do Not Import,Turner Contemporary Enerprises Ltd,Kate Boys-Layton,7 Jul 2026 3:50 PM,28,Shopify UKWS,Shopify UKWS,6 Jul 2026 11:13 PM,UK ILG,0,10
5 Jul 2026 6:06 PM,<font color=red>Dispatched</font>,Dispatched,UKWS-6788,,618.00,1728072,Do Not Import,Ptarmigan Cottage Skye Ltd,Katerina Roderova,8 Jul 2026 11:50 AM,36,Shopify UKWS,Shopify UKWS,8 Jul 2026 1:00 AM,UK ILG,0,10
5 Jul 2026 5:47 PM,<font color=red>Dispatched</font>,Dispatched,UKWS-6787,,627.00,1741466,Do Not Import,Wyedoineedit,Jane Driscoll,15 Jul 2026 5:10 PM,37,Shopify UKWS,Shopify UKWS,17 Jul 2026 7:43 PM,UK ILG,0,10
5 Jul 2026 11:29 AM,<font color=red>Dispatched</font>,Dispatched,UKWS-6786,,1364.90,1730195,Do Not Import,Teals,Belle Ross,9 Jul 2026 3:11 PM,84,Shopify UKWS,Shopify UKWS,14 Jul 2026 1:00 AM,UK ILG,0,10
4 Jul 2026 9:17 PM,<font color=red>Dispatched</font>,Dispatched,UKWS-6785,,343.79,1726193,Do Not Import,The Barn by Sarah Collins,Sarah Collins,7 Jul 2026 11:40 AM,32,Shopify UKWS,Shopify UKWS,6 Jul 2026 11:59 PM,UK ILG,0,10
4 Jul 2026 3:17 PM,<font color=red>Dispatched</font>,Dispatched,UKWS-6784,,354.33,1725035,Do Not Import,Coastal Remedy,Rebecca Lovell,6 Jul 2026 5:40 PM,24,Shopify UKWS,Shopify UKWS,6 Jul 2026 5:29 PM,UK ILG,0,10
4 Jul 2026 2:47 PM,<font color=red>Dispatched</font>,Dispatched,USWS-19208,,825.07,1727033,Do Not Import,Eisenhower Yacht Club,Lindsay Harber,7 Jul 2026 7:00 AM,68,Shopify USWS,Shopify USWS,7 Jul 2026 7:00 AM,US Geneva,0,10
4 Jul 2026 12:12 PM,<font color=red>Dispatched</font>,Dispatched,UKWS-6783,,329.85,1724958,Do Not Import,eleven.SE5,Fiona Sutherland,6 Jul 2026 4:50 PM,28,Shopify UKWS,Shopify UKWS,6 Jul 2026 1:43 PM,UK ILG,0,10
4 Jul 2026 4:32 AM,<font color=red>Dispatched</font>,Dispatched,USWS-19207,,388.40,1726981,Do Not Import,Gifty Gal,Warehouse Plus C/O Gifty Gal,7 Jul 2026 7:00 AM,38,Shopify USWS,Shopify USWS,7 Jul 2026 7:00 AM,US Geneva,0,10
3 Jul 2026 3:53 PM,"<font color=#009788>Open</font>",New,UKWS-6782,,3151.78,0,Do Not Import,,Ian Shannon,,178,Shopify UKWS,Shopify UKWS,16 Jul 2026,UK ILG,0,2
3 Jul 2026 2:54 PM,<font color=red>Dispatched</font>,Dispatched,EUWS-3243,,1229.18,0,Do Not Import,Pinu,Lena Zimmermann,14 Jul 2026 10:37 AM,88,Shopify EUWS,Shopify EUWS,8 Jul 2026 1:00 AM,EU iFulfillment,0,10
3 Jul 2026 2:02 PM,<font color=red>Dispatched</font>,Dispatched,EUWS-3242,,110.73,0,Do Not Import,Yacht Solutions,Yacht solutions,13 Jul 2026 4:37 PM,12,Shopify EUWS,Shopify EUWS,14 Jul 2026 3:40 PM,EU iFulfillment,0,10
3 Jul 2026 2:00 PM,"<font color=#009788>Open</font>",New - Future Ship Date,EUWS-3241,,376.83,0,Do Not Import,Mooi lifestyle,Patricia De Filette,,34,Shopify EUWS,Shopify EUWS,22 Sep 2026 1:00 AM,EU iFulfillment,0,1
3 Jul 2026 7:35 AM,<font color=red>Dispatched</font>,Dispatched,USWS-19206,,836.50,1721634,Do Not Import,THE MONOGRAM SHOP,THE MONOGRAM LEAH,3 Jul 2026 7:00 AM,60,Shopify USWS,Shopify USWS,3 Jul 2026 7:00 AM,US Geneva,0,10
2 Jul 2026 9:35 PM,<font color=red>Dispatched</font>,Dispatched,USWS-19204,,680.08,1721611,Do Not Import,LUCY'S MARKET,LUCY'S MARKET,3 Jul 2026 7:00 AM,36,Shopify USWS,Shopify USWS,3 Jul 2026 7:00 AM,US Geneva,0,10
2 Jul 2026 9:35 PM,"<font color=#009788>Open</font>",On Hold,USWS-19205,,1400.22,0,Do Not Import,Paperbuzz,Jeana PAPERBUZZ**,,116,Shopify USWS,Shopify USWS,1 Sep 2026 1:00 AM,US Geneva,0,1
2 Jul 2026 7:34 PM,<font color=red>Dispatched</font>,Dispatched,USWS-19203,,269.87,1721655,Do Not Import,Sunny Side Downtown,Alexandria Corbett,5 Jul 2026 7:00 AM,18,Shopify USWS,Shopify USWS,5 Jul 2026 7:00 AM,US Geneva,0,10
2 Jul 2026 5:49 PM,<font color=red>Dispatched</font>,Dispatched,JLEW11511-84,790222,8232.80,1740193,Imported,John Lewis Ltd,John Lewis,15 Jul 2026 10:10 AM,700,Shopify UKWS,Backend,17 Jul 2026 11:50 AM,UK ILG,0,10
2 Jul 2026 4:13 PM,<font color=red>Dispatched</font>,Dispatched,USWS-19202,,320.70,1721649,Do Not Import,"ARGEN ENERGY, INC. DBA SEW CRAZY!",TINA GUERRA,5 Jul 2026 7:00 AM,23,Shopify USWS,Shopify USWS,5 Jul 2026 7:00 AM,US Geneva,0,10
2 Jul 2026 3:27 PM,<font color=red>Dispatched</font>,Dispatched,UKWS-6781,,785.64,1726656,Do Not Import,Studland Knoll Beach Retail,Peter Maidment,7 Jul 2026 2:50 PM,60,Shopify UKWS,Shopify UKWS,3 Jul 2026 4:55 PM,UK ILG,0,10
2 Jul 2026 3:12 PM,<font color=red>Dispatched</font>,Dispatched,EUWS-3240,,0.00,1742296,Do Not Import,Amélie tout court,Amelie Tout court,15 Jul 2026 2:35 PM,6,Shopify EUWS,Shopify EUWS,21 Jul 2026 4:26 PM,EU iFulfillment,0,10
2 Jul 2026 3:07 PM,<font color=red>Dispatched</font>,Dispatched,EUWS-3239,,405.41,0,Do Not Import,Wohnpalette,Anna Bosch,6 Jul 2026 4:38 PM,24,Shopify EUWS,Shopify EUWS,3 Jul 2026 4:25 PM,EU iFulfillment,0,10
2 Jul 2026 2:53 PM,<font color=red>Dispatched</font>,Dispatched,USWS-19201,,183.61,1721619,Do Not Import,Regeneration Boutique,Regeneration Faire,3 Jul 2026 7:00 AM,20,Shopify USWS,Shopify USWS,3 Jul 2026 7:00 AM,US Geneva,0,10
2 Jul 2026 2:46 PM,<font color=red>Dispatched</font>,Dispatched,EUWS-3238,,298.82,0,Do Not Import,Ruuby Disain OÜ,Maris Ventsel,8 Jul 2026 12:35 PM,24,Shopify EUWS,Shopify EUWS,10 Jul 2026 1:00 AM,EU iFulfillment,0,10
2 Jul 2026 2:23 PM,<font color=red>Dispatched</font>,Dispatched,USWS-19200,,168.67,1721622,Do Not Import,J|Squared Group,Jamis Adams,3 Jul 2026 7:00 AM,6,Shopify USWS,Shopify USWS,3 Jul 2026 7:00 AM,US Geneva,0,10
2 Jul 2026 2:09 PM,"<font color=#009788>Open</font>",On Hold,UKWS-6780,,10932.00,0,Do Not Import,Fizz Creations Ltd,FAO: LICENSING AWARDS Dock & Bay,,1000,Shopify UKWS,Shopify UKWS,17 Jul 2026 4:11 PM,UK ILG,0,1
2 Jul 2026 2:01 PM,"<font color=#009788>Open</font>",New,USWS-19199,,2388.45,0,Do Not Import,,carley mercier,,290,Shopify USWS,Shopify USWS,16 Jul 2026 3:25 PM,US Geneva,0,2
2 Jul 2026 12:23 PM,<font color=red>Dispatched</font>,Dispatched,EUWS-3237,,1126.74,1732021,Do Not Import,Lonilead,Nicolas Caillet,10 Jul 2026 3:36 PM,102,Shopify EUWS,Shopify EUWS,14 Jul 2026 2:10 PM,EU iFulfillment,0,10
1 Jul 2026 10:18 PM,<font color=red>Dispatched</font>,Dispatched,USWS-19198,P765048,3953.00,1720101,Do Not Import,"Apollo East, LLC",Samantha Celis,2 Jul 2026 7:00 AM,300,Shopify USWS,Shopify USWS,2 Jul 2026 7:00 AM,US Geneva,0,10
1 Jul 2026 10:15 PM,<font color=red>Dispatched</font>,Dispatched,USWS-19197,P764604,856.48,1720092,Do Not Import,"Apollo East, LLC",Samantha Celis,2 Jul 2026 7:00 AM,65,Shopify USWS,Shopify USWS,2 Jul 2026 7:00 AM,US Geneva,0,10
1 Jul 2026 7:25 PM,<font color=red>Dispatched</font>,Dispatched,UKWS-6779,,717.39,1720860,Do Not Import,Beachology,Natalie Belt,3 Jul 2026 9:40 AM,44,Shopify UKWS,Shopify UKWS,2 Jul 2026 9:11 PM,UK ILG,0,10
1 Jul 2026 7:20 PM,<font color=red>Dispatched</font>,Dispatched,USWS-19196,,260.99,1721605,Do Not Import,LUX BOX Company,"Chloe Blatchford - LUX BOX company, inc.",3 Jul 2026 7:00 AM,26,Shopify USWS,Shopify USWS,3 Jul 2026 7:00 AM,US Geneva,0,10
1 Jul 2026 3:48 PM,<font color=red>Dispatched</font>,Dispatched,UKWS-6778,,1156.08,1724768,Do Not Import,Darts Farm Shopping Village,laura Hurved Hurved,6 Jul 2026 4:10 PM,68,Shopify UKWS,Shopify UKWS,7 Jul 2026 1:00 AM,UK ILG,0,10
1 Jul 2026 1:49 PM,<font color=red>Dispatched</font>,Dispatched,EUWS-3236,,0.00,0,Do Not Import,TakaTomo.de,TJ Handelsagentur,3 Jul 2026 2:36 PM,106,Shopify EUWS,Shopify EUWS,2 Jul 2026 3:25 PM,EU iFulfillment,0,10
1 Jul 2026 1:08 PM,<font color=red>Dispatched</font>,Dispatched,EUWS-3235,,1135.81,0,Do Not Import,"Spuersinn24 ",Nadine Eder,3 Jul 2026 3:37 PM,60,Shopify EUWS,Shopify EUWS,6 Jul 2026 2:25 PM,EU iFulfillment,0,10
1 Jul 2026 9:32 AM,<font color=red>Dispatched</font>,Dispatched,EUWS-3234,,667.89,0,Do Not Import,LAVLY STORE,Jarek Kulenda,6 Jul 2026 4:38 PM,64,Shopify EUWS,Shopify EUWS,7 Jul 2026 10:41 AM,EU iFulfillment,0,10
1 Jul 2026 7:05 AM,<font color=red>Dispatched</font>,Dispatched,EUWS-3233,,863.06,0,Do Not Import,LES TOILES DU SOLEIL,Franck Minella,3 Jul 2026 1:38 PM,78,Shopify EUWS,Shopify EUWS,3 Jul 2026 8:25 AM,EU iFulfillment,0,10
30 Jun 2026 9:45 PM,<font color=red>Dispatched</font>,Dispatched,USWS-19195,,287.10,1721653,Do Not Import,Joson Fine Jewelry and Home Boutique,Joli Joson,5 Jul 2026 7:00 AM,20,Shopify USWS,Shopify USWS,5 Jul 2026 7:00 AM,US Geneva,0,10
30 Jun 2026 5:23 PM,<font color=red>Dispatched</font>,Dispatched,USWS-19190,,188.63,1721623,Do Not Import,Hiram and Diana,Elizabeth Ryley,3 Jul 2026 7:00 AM,20,Shopify USWS,Shopify USWS,3 Jul 2026 7:00 AM,US Geneva,0,10
30 Jun 2026 5:17 PM,<font color=red>Dispatched</font>,Dispatched,UKWS-6775,,891.17,1721301,Do Not Import,the pink door,Louise Summers,3 Jul 2026 1:50 PM,52,Shopify UKWS,Shopify UKWS,1 Jul 2026 1:00 AM,UK ILG,0,10
30 Jun 2026 2:12 PM,<font color=red>Dispatched</font>,Dispatched,UKWS-6774,,1980.00,1720046,Do Not Import,Pinnacle Embroidery,Paige Smith,2 Jul 2026 5:40 PM,200,Shopify UKWS,Shopify UKWS,1 Jul 2026 3:40 PM,UK ILG,0,10
30 Jun 2026 1:31 PM,<font color=red>Dispatched</font>,Dispatched,UKWS-6773,,309.46,1717680,Do Not Import,Nourish Stores,Sian Baker,1 Jul 2026 12:40 PM,13,Shopify UKWS,Shopify UKWS,1 Jul 2026 2:58 PM,UK ILG,0,10
30 Jun 2026 1:03 PM,<font color=red>Dispatched</font>,Dispatched,EUWS-3232,,1542.78,0,Do Not Import,1A Garten Zitzelsberger,Stefanie Zitzelsberger,3 Jul 2026 10:43 AM,122,Shopify EUWS,Shopify EUWS,1 Jul 2026 2:11 PM,EU iFulfillment,0,10
30 Jun 2026 11:46 AM,<font color=red>Dispatched</font>,Dispatched,UKWS-6772,,652.98,1720889,Do Not Import,Harlyn Inn,Dan Gill,3 Jul 2026 9:50 AM,42,Shopify UKWS,Shopify UKWS,6 Jul 2026 1:25 PM,UK ILG,0,10
29 Jun 2026 9:56 PM,<font color=red>Dispatched</font>,Dispatched,USWS-19189,,207.40,1719773,Do Not Import,Sota Clothing,Sota Clothing,2 Jul 2026 7:00 AM,20,Shopify USWS,Shopify USWS,2 Jul 2026 7:00 AM,US Geneva,0,10
29 Jun 2026 7:02 PM,"<font color=#009788>Open</font>",New,NEXT23106-13B,,7452.00,0,Do Not Import,NEXT,NEXT NEXT Ltd.,,695,Shopify UKWS,Backend,3 Jul 2026 1:24 PM,UK ILG,0,2
29 Jun 2026 6:07 PM,<font color=red>Dispatched</font>,Dispatched,EUWS-3230,,2973.61,1717934,Do Not Import,Cafe Mambo,Nikola Nagyova,2 Jul 2026 11:10 AM,300,Shopify UKWS,Shopify EUWS,3 Jul 2026 7:55 PM,UK ILG,0,10
29 Jun 2026 4:40 PM,<font color=red>Dispatched</font>,Dispatched,UKWS-6771,,274.31,1717610,Do Not Import,Caberfeidh,Charles Smith,1 Jul 2026 12:10 PM,21,Shopify UKWS,Shopify UKWS,30 Jun 2026 6:43 PM,UK ILG,0,10
29 Jun 2026 2:00 PM,<font color=red>Dispatched</font>,Dispatched,UKWS-6770,,346.24,1717609,Do Not Import,SPLIT FIGS,Hannah Connell,1 Jul 2026 12:10 PM,50,Shopify UKWS,Shopify UKWS,30 Jun 2026 3:25 PM,UK ILG,0,10
29 Jun 2026 1:59 PM,<font color=red>Dispatched</font>,Dispatched,EUWS-3229,,476.67,0,Do Not Import,Ines Amann Creative Werbemittel,Elena Maria Seeburger,1 Jul 2026 12:39 PM,24,Shopify EUWS,Shopify EUWS,22 Jun 2026 1:00 AM,EU iFulfillment,0,10
29 Jun 2026 12:36 PM,<font color=red>Dispatched</font>,Dispatched,UKWS-6769,,1089.78,1717571,Do Not Import,About Face,Helen Van Hoeve,1 Jul 2026 11:51 AM,96,Shopify UKWS,Shopify UKWS,29 Apr 2026 1:00 AM,UK ILG,0,10
29 Jun 2026 11:54 AM,<font color=red>Dispatched</font>,Dispatched,UKWS-6768,,912.46,1717044,Do Not Import,WICKED UNCLE,Liam O'Shea,1 Jul 2026 9:40 AM,120,Shopify UKWS,Shopify UKWS,1 Jul 2026 1:00 AM,UK ILG,0,10
29 Jun 2026 11:35 AM,<font color=red>Dispatched</font>,Dispatched,UKWS-6767,,1930.98,1719998,Do Not Import,Home and Bay,Cassandra Fielder,2 Jul 2026 4:50 PM,94,Shopify UKWS,Shopify UKWS,30 Jun 2026 1:11 PM,UK ILG,0,10
29 Jun 2026 10:15 AM,<font color=red>Dispatched</font>,Dispatched,UKWS-6766,,615.04,1717608,Do Not Import,Janet Bell Gallery & Lifestyle Store,Janet Bell,1 Jul 2026 12:10 PM,53,Shopify UKWS,Shopify UKWS,30 Jun 2026 11:40 AM,UK ILG,0,10
29 Jun 2026 9:44 AM,<font color=red>Dispatched</font>,Dispatched,UKWS-6765,,1323.07,1717331,Do Not Import,Bocchinelli,Janet Leonard,1 Jul 2026 10:50 AM,96,Shopify UKWS,Shopify UKWS,30 Jun 2026 1:00 AM,UK ILG,0,10
29 Jun 2026 9:10 AM,<font color=red>Dispatched</font>,Dispatched,UKWS-6764,,478.91,1716956,Do Not Import,Sand Dollar,Gary Webb,1 Jul 2026 9:10 AM,40,Shopify UKWS,Shopify UKWS,30 Jun 2026 11:26 AM,UK ILG,0,10
29 Jun 2026 1:40 AM,<font color=red>Dispatched</font>,Dispatched,USWS-19188,,411.42,1719871,Do Not Import,June Days,Nicole Verspyck,2 Jul 2026 7:00 AM,38,Shopify USWS,Shopify USWS,2 Jul 2026 7:00 AM,US Geneva,0,10
29 Jun 2026 1:15 AM,<font color=red>Dispatched</font>,Dispatched,USWS-19138,,393.20,1719511,Do Not Import,Royal grams,Katie Royal,5 Jul 2026 7:00 AM,27,Shopify USWS,Shopify USWS,5 Jul 2026 7:00 AM,US Geneva,0,10
29 Jun 2026 12:35 AM,<font color=red>Dispatched</font>,Dispatched,USWS-19187,,192.46,1719769,Do Not Import,Pagoda Lane,Pagoda Lane,2 Jul 2026 7:00 AM,18,Shopify USWS,Shopify USWS,2 Jul 2026 7:00 AM,US Geneva,0,10
28 Jun 2026 11:35 PM,"<font color=#009788>Open</font>",On Hold,USWS-19185,,129.83,0,Do Not Import,PS The Letter,LINDA MOTLEY,,18,Shopify USWS,Shopify USWS,1 Feb 2027,US Preorder,0,1
28 Jun 2026 11:35 PM,<font color=red>Dispatched</font>,Dispatched,USWS-19186,,172.03,1721026,Do Not Import,PS The Letter,LINDA MOTLEY,3 Jul 2026 7:00 AM,24,Shopify USWS,Shopify USWS,3 Jul 2026 7:00 AM,US Geneva,0,10
28 Jun 2026 1:55 PM,<font color=red>Dispatched</font>,Dispatched,USWS-19184,,851.47,1719514,Do Not Import,Erie and Anchor,Micah Roberts,2 Jul 2026 7:00 AM,56,Shopify USWS,Shopify USWS,2 Jul 2026 7:00 AM,US Geneva,0,10
28 Jun 2026 11:40 AM,"<font color=#009788>Open</font>",New,UKWS-6763,,719.93,1721037,Do Not Import,Two Hoots,Two Hoots,,48,Shopify UKWS,Shopify UKWS,23 Jul 2026 1:11 PM,UK ILG,0,2
28 Jun 2026 5:35 AM,<font color=red>Dispatched</font>,Dispatched,USWS-19183,,222.94,1741273,Do Not Import,Perfect Touch of Paragould,Michelle Barnes,15 Jul 2026 3:00 PM,24,Shopify USWS,Shopify USWS,15 Jul 2026 7:00 AM,US Geneva,0,10
28 Jun 2026 1:35 AM,<font color=red>Dispatched</font>,Dispatched,USWS-19182,,1656.49,1721025,Do Not Import,Jim Puller,Stacey Mckay,14 Jul 2026 7:00 AM,200,Shopify USWS,Shopify USWS,14 Jul 2026 7:00 AM,US Geneva,0,10
27 Jun 2026 7:45 PM,<font color=red>Dispatched</font>,Dispatched,USWS-19181,,271.96,1719981,Do Not Import,Bayfront Beach and Bike LLC,shaun quinn,2 Jul 2026 7:00 AM,26,Shopify USWS,Shopify USWS,2 Jul 2026 7:00 AM,US Geneva,0,10
26 Jun 2026 8:19 PM,<font color=red>Dispatched</font>,Dispatched,USWS-19180,,281.35,1717791,Do Not Import,Chestnut Street Flowers,Allison Cassato,1 Jul 2026 7:00 AM,26,Shopify USWS,Shopify USWS,1 Jul 2026 7:00 AM,US Geneva,0,10
26 Jun 2026 7:55 PM,<font color=red>Dispatched</font>,Dispatched,FENW28480-8,PO000465699,1493.81,1728736,Imported,Fenwick," ",14 Jul 2026 10:20 AM,106,Shopify UKWS,Backend,10 Jul 2026 1:55 PM,UK ILG,0,10
26 Jun 2026 7:47 PM,<font color=red>Dispatched</font>,Dispatched,FENW28480-7,PO000465701,568.36,1728735,Imported,Fenwick," ",14 Jul 2026 10:20 AM,46,Shopify UKWS,Backend,10 Jul 2026 1:48 PM,UK ILG,0,10
26 Jun 2026 5:44 PM,<font color=red>Dispatched</font>,Dispatched,UKWS-6762,,573.06,1712318,Do Not Import,Vitamin Sea Nairn,Karen Stuart,29 Jun 2026 11:20 AM,44,Shopify UKWS,Shopify UKWS,29 Jun 2026 7:56 PM,UK ILG,0,10
26 Jun 2026 4:33 PM,<font color=red>Dispatched</font>,Dispatched,USWS-19179,,318.54,1717792,Do Not Import,How Impressive,Kristine Knutson,1 Jul 2026 7:00 AM,18,Shopify USWS,Shopify USWS,1 Jul 2026 7:00 AM,US Geneva,0,10
26 Jun 2026 3:35 PM,<font color=red>Dispatched</font>,Dispatched,USWS-19178,,940.85,1712376,Do Not Import,DRAGONFLIES,Tricia DRAGONFLIES,6 Jul 2026 7:00 AM,72,Shopify USWS,Shopify USWS,6 Jul 2026 7:00 AM,US Geneva,0,10
26 Jun 2026 12:16 PM,<font color=red>Dispatched</font>,Dispatched,UKWS-6761,,891.00,1717607,Do Not Import,southbank centre,Katherine Walsh,1 Jul 2026 12:10 PM,54,Shopify UKWS,Shopify UKWS,29 Jun 2026 1:57 PM,UK ILG,0,10
26 Jun 2026 10:29 AM,<font color=red>Dispatched</font>,Dispatched,UKWS-6760,,0.00,1707094,Do Not Import,Dock&Bay,Alexandria Pitt,26 Jun 2026 4:40 PM,26,Shopify UKWS,Shopify UKWS,29 Jun 2026 12:42 PM,UK ILG,0,10
26 Jun 2026 10:23 AM,<font color=red>Dispatched</font>,Dispatched,EUWS-3228,,413.56,0,Do Not Import,boutique cast'in,Nathalie Richer,30 Jun 2026 9:36 AM,28,Shopify EUWS,Shopify EUWS,26 Jun 2026 12:12 PM,EU iFulfillment,0,10
25 Jun 2026 8:43 PM,<font color=red>Dispatched</font>,Dispatched,UKWS-6757,,489.56,1712045,Do Not Import,Bigbury Beach Shop,Russell Reid Reid,29 Jun 2026 10:20 AM,37,Shopify UKWS,Shopify UKWS,26 Jun 2026 11:42 PM,UK ILG,0,10
25 Jun 2026 8:20 PM,"<font color=#009788>Open</font>",New - Future Ship Date,NEXT23106-19,NXTB1339883,9360.00,0,Do Not Import,NEXT,NEXT NEXT Ltd.,,540,Shopify UKWS,Backend,21 Aug 2026 2:22 PM,UK Preorder,0,0
25 Jun 2026 7:53 PM,<font color=red>Dispatched</font>,Dispatched,USWS-19173,,300.47,1715443,Do Not Import,Soha Surf Shop,Heather Campbell,30 Jun 2026 7:00 AM,26,Shopify USWS,Shopify USWS,30 Jun 2026 7:00 AM,US Geneva,0,10
25 Jun 2026 6:58 PM,<font color=red>Dispatched</font>,Dispatched,USWS-19172,,422.63,1715353,Do Not Import,Kinsie,Linsey Koshlap,30 Jun 2026 7:00 AM,56,Shopify USWS,Shopify USWS,30 Jun 2026 7:00 AM,US Geneva,0,10
25 Jun 2026 6:48 PM,<font color=red>Dispatched</font>,Dispatched,USWS-19171,,356.76,1715404,Do Not Import,STITCHING AROUND,Valeria Halley,30 Jun 2026 7:00 AM,24,Shopify USWS,Shopify USWS,30 Jun 2026 7:00 AM,US Geneva,0,10
25 Jun 2026 5:28 PM,<font color=red>Dispatched</font>,Dispatched,EUWS-3227,,1751.69,0,Do Not Import,Zentrallager,F.S. Kustermann GmbH,30 Jun 2026 10:38 AM,98,Shopify EUWS,Shopify EUWS,26 Jun 2026 7:10 PM,EU iFulfillment,0,10
25 Jun 2026 5:08 PM,<font color=red>Dispatched</font>,Dispatched,EUWS-3226,,1014.89,0,Do Not Import,"Karusa ",Monika Holzhauser,30 Jun 2026 3:37 PM,66,Shopify EUWS,Shopify EUWS,26 Jun 2026 7:11 PM,EU iFulfillment,0,10
25 Jun 2026 3:34 PM,<font color=red>Dispatched</font>,Dispatched,UKWS-6756,,285.00,1706832,Do Not Import,The Grocer at 2,Kim Bates,26 Jun 2026 2:40 PM,26,Shopify UKWS,Shopify UKWS,26 Jun 2026 5:11 PM,UK ILG,0,10
25 Jun 2026 2:54 PM,<font color=red>Dispatched</font>,Dispatched,UKWS-6755,,664.96,1706978,Do Not Import,South Coast Makers,Adam Brierley,26 Jun 2026 3:50 PM,46,Shopify UKWS,Shopify UKWS,26 Jun 2026 4:26 PM,UK ILG,0,10
25 Jun 2026 11:55 AM,<font color=red>Dispatched</font>,Dispatched,UKWS-6754,,523.40,1706843,Do Not Import,Mooch Ealing Ltd,Evelyn O'Flaherty O'Connell,26 Jun 2026 2:50 PM,41,Shopify UKWS,Shopify UKWS,26 Jun 2026 1:26 PM,UK ILG,0,10
25 Jun 2026 11:35 AM,<font color=red>Dispatched</font>,Dispatched,EUWS-3225,,465.82,1717932,Do Not Import,Das Lädchen,Andrea Grüninger,7 Jul 2026 1:35 PM,42,Shopify EUWS,Shopify EUWS,3 Jul 2026 1:00 AM,EU iFulfillment,0,10
25 Jun 2026 11:28 AM,<font color=red>Dispatched</font>,Dispatched,EUWS-3224,,614.84,0,Do Not Import,Insolite,Insolite Vidal,30 Jun 2026 9:36 AM,78,Shopify EUWS,Shopify EUWS,26 Jun 2026 1:11 PM,EU iFulfillment,0,10
25 Jun 2026 11:16 AM,<font color=red>Dispatched</font>,Dispatched,USWS-19169,,-10.16,1721601,Do Not Import,"PatCo Showroom attn: Dock & Bay, ",Patrick & Co,3 Jul 2026 7:00 AM,9,Shopify USWS,Shopify USWS,3 Jul 2026 7:00 AM,US Geneva,0,10
25 Jun 2026 10:30 AM,<font color=red>Dispatched</font>,Dispatched,UKWS-6753,,168.00,1717613,Do Not Import,"Toff Tails ",Vicky .,1 Jul 2026 12:20 PM,10,Shopify UKWS,Shopify UKWS,1 Jul 2026 12:12 PM,UK ILG,0,10
24 Jun 2026 11:30 PM,<font color=red>Dispatched</font>,Dispatched,USWS-19168,,208.63,1706846,Do Not Import,Karen B Wolf Interiors,Karen Wolf/ K+CO Living,26 Jun 2026 7:00 AM,20,Shopify USWS,Shopify USWS,26 Jun 2026 7:00 AM,US Geneva,0,10
24 Jun 2026 9:34 PM,<font color=red>Dispatched</font>,Dispatched,USWS-19167,,152.16,1713289,Do Not Import,The Study,Sarah Caruthers,29 Jun 2026 7:00 AM,14,Shopify USWS,Shopify USWS,29 Jun 2026 7:00 AM,US Geneva,0,10
24 Jun 2026 6:03 PM,<font color=red>Dispatched</font>,Dispatched,USWS-19166,,208.63,1712845,Do Not Import,Ocotillo,Ocotillo Faire,29 Jun 2026 7:00 AM,20,Shopify USWS,Shopify USWS,29 Jun 2026 7:00 AM,US Geneva,0,10
24 Jun 2026 3:20 PM,<font color=red>Dispatched</font>,Dispatched,UKWS-6752,,318.92,1706776,Do Not Import,Nourish Stores,Sian Baker,26 Jun 2026 2:10 PM,30,Shopify UKWS,Shopify UKWS,25 Jun 2026 5:27 PM,UK ILG,0,10
24 Jun 2026 2:10 PM,<font color=red>Dispatched</font>,Dispatched,USWS-19164,,218.04,1712803,Do Not Import,The Bayside Shop,Robert MacDonald,29 Jun 2026 7:00 AM,20,Shopify USWS,Shopify USWS,29 Jun 2026 7:00 AM,US Geneva,0,10
24 Jun 2026 1:27 PM,<font color=red>Dispatched</font>,Dispatched,UKWS-6751,,420.89,1706889,Do Not Import,YOU LIVING AND GIVING,Liz Stevenson,26 Jun 2026 3:10 PM,40,Shopify UKWS,Shopify UKWS,26 Jun 2026 1:00 AM,UK ILG,0,10
24 Jun 2026 12:30 PM,<font color=red>Dispatched</font>,Dispatched,UKWS-6750,,312.00,1706754,Do Not Import,Valise Luggage,Raphael Hage,26 Jun 2026 1:50 PM,22,Shopify UKWS,Shopify UKWS,25 Jun 2026 1:55 PM,UK ILG,0,10
24 Jun 2026 11:47 AM,<font color=red>Dispatched</font>,Dispatched,UKWS-6749,,1379.81,1719513,Do Not Import,,Liz galloway Galloway,3 Jul 2026 11:10 AM,94,Shopify UKWS,Shopify UKWS,3 Jul 2026 1:25 PM,UK ILG,0,10
24 Jun 2026 11:30 AM,<font color=red>Dispatched</font>,Dispatched,UKWS-6748,,618.23,1712096,Do Not Import,Blossom & Roar,Blossom & Roar,29 Jun 2026 10:50 AM,56,Shopify UKWS,Shopify UKWS,25 Jun 2026 12:57 PM,UK ILG,0,10
24 Jun 2026 9:50 AM,<font color=red>Dispatched</font>,Dispatched,UKWS-6747,,341.20,1701418,Do Not Import,ALKEMI store,Jeane Chung,24 Jun 2026 5:40 PM,18,Shopify UKWS,Shopify UKWS,25 Jun 2026 11:43 AM,UK ILG,0,10
24 Jun 2026 8:25 AM,<font color=red>Dispatched</font>,Dispatched,EUWS-3223,,628.02,0,Do Not Import,,Cécile Rondeau,30 Jun 2026 11:38 AM,48,Shopify EUWS,Shopify EUWS,29 Jun 2026 1:00 AM,EU iFulfillment,0,10
24 Jun 2026 3:00 AM,<font color=red>Dispatched</font>,Dispatched,USWS-19163,,330.97,1706785,Do Not Import,"Emily Thorsen Blair, Compass Realtor",Emily Thorsen,26 Jun 2026 7:00 AM,14,Shopify USWS,Shopify USWS,26 Jun 2026 7:00 AM,US Geneva,0,10
23 Jun 2026 11:35 PM,"<font color=#009788>Open</font>",New - Future Ship Date,USWS-19162,,1261.94,0,Do Not Import,SILVER LININGS,BECKY Taylor,,180,Shopify USWS,Shopify USWS,1 Sep 2026 1:00 AM,US Preorder,0,1
23 Jun 2026 11:25 PM,<font color=red>Dispatched</font>,Dispatched,UKWS-6746,,338.16,1703453,Do Not Import,Winstone's,Sarah Winstone,25 Jun 2026 10:50 AM,28,Shopify UKWS,Shopify UKWS,25 Jun 2026 2:45 AM,UK ILG,0,10
23 Jun 2026 9:54 PM,<font color=red>Dispatched</font>,Dispatched,NEXT23106-18,NXTB1339230,18691.90,1735219,Do Not Import,NEXT,NEXT NEXT Ltd.,13 Jul 2026 10:20 AM,1185,Shopify UKWS,Backend,14 Jul 2026 3:55 PM,UK ILG,0,10
23 Jun 2026 8:54 PM,<font color=red>Dispatched</font>,Dispatched,USWS-19151,,305.51,1706786,Do Not Import,TatoBug Stitching,Laura Eckelkamp,26 Jun 2026 7:00 AM,18,Shopify USWS,Shopify USWS,26 Jun 2026 7:00 AM,US Geneva,0,10
23 Jun 2026 8:09 PM,<font color=red>Dispatched</font>,Dispatched,USWS-19150,,788.38,1706966,Do Not Import,Loved and Found,Elizabeth Vidrine,26 Jun 2026 7:00 AM,74,Shopify USWS,Shopify USWS,26 Jun 2026 7:00 AM,US Geneva,0,10
23 Jun 2026 7:35 PM,<font color=red>Dispatched</font>,Dispatched,USWS-19149,,468.46,1707333,Do Not Import,Backyard Living,Something Pretty dba Backyard Living,26 Jun 2026 7:00 AM,30,Shopify USWS,Shopify USWS,26 Jun 2026 7:00 AM,US Geneva,0,10
23 Jun 2026 6:30 PM,<font color=red>Dispatched</font>,Dispatched,UKWS-6745,4503930068,461.16,1717739,Do Not Import,Avolta - Lowfield Heath Warehouse,Jessica Boniface,1 Jul 2026 1:10 PM,51,Shopify UKWS,Shopify UKWS,24 Jun 2026 7:58 PM,UK ILG,0,10
23 Jun 2026 6:13 PM,<font color=red>Dispatched</font>,Dispatched,USWS-19148,,323.34,1706965,Do Not Import,Gloss Beauty,Tess Offord,26 Jun 2026 7:00 AM,36,Shopify USWS,Shopify USWS,26 Jun 2026 7:00 AM,US Geneva,0,10
23 Jun 2026 5:35 PM,<font color=red>Dispatched</font>,Dispatched,USWS-19147,,611.03,1706932,Do Not Import,RUSTED ARROW MERCANTILE,RUTH CORNELIUS,26 Jun 2026 7:00 AM,36,Shopify USWS,Shopify USWS,26 Jun 2026 7:00 AM,US Geneva,0,10
23 Jun 2026 3:33 PM,<font color=red>Dispatched</font>,Dispatched,UKWS-6744,,1519.26,1700479,Do Not Import,The Wave Project,Ed Connors,3 Jul 2026 9:10 AM,113,Shopify UKWS,Shopify UKWS,3 Jul 2026 1:00 AM,UK ILG,0,10
23 Jun 2026 1:35 PM,"<font color=#009788>Open</font>",On Hold,USWS-19146,,1034.42,0,Do Not Import,ALABAMA OUTDOORS,ALABAMA Richey,,64,Shopify USWS,Shopify USWS,1 Feb 2027,US Preorder,0,1
23 Jun 2026 11:43 AM,<font color=red>Dispatched</font>,Dispatched,EUWS-3222,,625.10,0,Do Not Import,cleastore sarl clea,Clea Emmanuel,25 Jun 2026 2:41 PM,60,Shopify EUWS,Shopify EUWS,25 Jun 2026 1:00 AM,EU iFulfillment,0,10
23 Jun 2026 11:35 AM,<font color=red>Dispatched</font>,Dispatched,UKWS-6743,,683.63,1703598,Do Not Import,Pebble & Salt,anya Hesketh,25 Jun 2026 11:50 AM,68,Shopify UKWS,Shopify UKWS,24 Jun 2026 1:10 PM,UK ILG,0,10
23 Jun 2026 11:33 AM,<font color=red>Dispatched</font>,Dispatched,EUWS-3221,,1287.34,1706034,Do Not Import,Gebr. LOTTER KG,Gebr. Lotter KG  - Abt.63,25 Jun 2026 2:46 PM,89,Shopify EUWS,Shopify EUWS,26 Jun 2026 12:41 PM,EU iFulfillment,0,10
23 Jun 2026 10:55 AM,<font color=red>Dispatched</font>,Dispatched,UKWS-6742,,858.33,1703783,Do Not Import,Bay View,Rebecca Cueto,25 Jun 2026 1:10 PM,60,Shopify UKWS,Shopify UKWS,24 Jun 2026 12:25 PM,UK ILG,0,10
23 Jun 2026 9:44 AM,"<font color=#009788>Open</font>",Reserve Stock,SRES11524-177,,10548.00,0,Do Not Import,Stock Reserve,"Stock Reserve ",,293,Shopify UKWS,Backend,16 Jul 2026 9:45 AM,UK ILG,0,9
23 Jun 2026 5:35 AM,<font color=red>Dispatched</font>,Dispatched,USWS-19145,,509.19,1706867,Do Not Import,Kerri Geller Goldfarb,Kerri Goldfarb,26 Jun 2026 7:00 AM,30,Shopify USWS,Shopify USWS,26 Jun 2026 7:00 AM,US Geneva,0,10
23 Jun 2026 1:35 AM,<font color=red>Dispatched</font>,Dispatched,USWS-19144,,608.71,1719512,Do Not Import,Hotel Del Corondo-Babcock & Story Emporium,Julia Kaletov Hotel Del Corondo-Babcock & Story Emporium,7 Jul 2026 7:00 AM,36,Shopify USWS,Shopify USWS,7 Jul 2026 7:00 AM,US Geneva,0,10
22 Jun 2026 11:57 PM,<font color=red>Dispatched</font>,Dispatched,USWS-19143,,356.06,1701585,Do Not Import,,Lindsay Perry,24 Jun 2026 7:00 AM,24,Shopify USWS,Shopify USWS,24 Jun 2026 7:00 AM,US Geneva,0,10
22 Jun 2026 11:04 PM,<font color=red>Dispatched</font>,Dispatched,EUWS-3220,,1174.22,0,Do Not Import,Ellmauer Zeit zum Lesen GmbH,Isabell Ellmauer,24 Jun 2026 3:37 PM,144,Shopify EUWS,Shopify EUWS,24 Jun 2026 1:10 AM,EU iFulfillment,0,10
22 Jun 2026 10:04 PM,<font color=red>Dispatched</font>,Dispatched,JLEW11511-83,748860,9629.46,1735217,Imported,John Lewis Ltd,John Lewis,13 Jul 2026 10:20 AM,700,Shopify UKWS,Backend,7 Jul 2026 4:05 PM,UK ILG,0,10
22 Jun 2026 9:07 PM,<font color=red>Dispatched</font>,Dispatched,T28802-1,Bestellnr. 1390814,6391.64,1701312,"<font color=#7e57c2>Paid:€7413.50</font>",Tischideen & Ambiente," ",30 Jun 2026 1:36 PM,457,Shopify EUWS,Backend,3 Jul 2026 3:28 PM,EU iFulfillment,0,10
22 Jun 2026 7:40 PM,<font color=red>Dispatched</font>,Dispatched,USWS-19142,,373.45,1701678,Do Not Import,Embroider the Occasion,Patricia Richards,24 Jun 2026 7:00 AM,26,Shopify USWS,Shopify USWS,24 Jun 2026 7:00 AM,US Geneva,0,10
22 Jun 2026 5:05 PM,<font color=red>Dispatched</font>,Dispatched,EUWS-3219,,0.00,0,Do Not Import,THE BRITISH SHOP Versandhandel GmbH & Co. KG,Carolin Sheikholeslami,25 Jun 2026 10:37 AM,15,Shopify EUWS,Shopify EUWS,23 Jun 2026 6:42 PM,EU iFulfillment,0,10
22 Jun 2026 4:49 PM,<font color=red>Dispatched</font>,Dispatched,EUWS-3218,,558.35,1697108,Do Not Import,Hadrien Boulogne,Noemi Nolleau,23 Jun 2026 1:36 PM,54,Shopify EUWS,Shopify EUWS,22 Jun 2026 1:00 AM,EU iFulfillment,0,10
22 Jun 2026 2:50 PM,<font color=red>Dispatched</font>,Dispatched,UKWS-6741,,407.62,1706701,Do Not Import,Stringers,Stella Hall,26 Jun 2026 1:20 PM,48,Shopify UKWS,Shopify UKWS,23 Jun 2026 4:25 PM,UK ILG,0,10
22 Jun 2026 12:44 PM,<font color=red>Dispatched</font>,Dispatched,UKWS-6740,,216.90,1700044,Do Not Import,The National Trust - Birling Gap Shop														,Lisa Pearce,24 Jun 2026 10:20 AM,15,Shopify UKWS,Shopify UKWS,23 Jun 2026 2:26 PM,UK ILG,0,10
22 Jun 2026 10:54 AM,<font color=red>Dispatched</font>,Dispatched,UKWS-6739,,4254.78,1701240,Do Not Import,Bude Sea Swimming Pool,Carly Parton,24 Jun 2026 4:40 PM,236,Shopify UKWS,Shopify UKWS,23 Jun 2026 12:59 PM,UK ILG,0,10
22 Jun 2026 9:24 AM,<font color=red>Dispatched</font>,Dispatched,EUWS-3217,,398.21,1697777,Do Not Import,George Souccar,Giorgos Souccar,23 Jun 2026 12:36 PM,30,Shopify EUWS,Shopify EUWS,23 Jun 2026 10:41 AM,EU iFulfillment,0,10
21 Jun 2026 5:05 PM,<font color=red>Dispatched</font>,Dispatched,UKWS-6738,,262.50,1698154,Do Not Import,harris and home,Harris + Home,23 Jun 2026 5:20 PM,10,Shopify UKWS,Shopify UKWS,22 Jun 2026 7:42 PM,UK ILG,0,10
21 Jun 2026 12:55 AM,<font color=red>Dispatched</font>,Dispatched,USWS-19141,,224.46,1704088,Do Not Import,The Coastal Mercantile,Bonnie Carlisle,25 Jun 2026 7:00 AM,20,Shopify USWS,Shopify USWS,25 Jun 2026 7:00 AM,US Geneva,0,10
20 Jun 2026 4:20 PM,<font color=red>Dispatched</font>,Dispatched,UKWS-6737,,647.33,1698069,Do Not Import,Happybara,Kirsty Ashley,23 Jun 2026 4:40 PM,60,Shopify UKWS,Shopify UKWS,22 Jun 2026 7:41 PM,UK ILG,0,10
20 Jun 2026 8:25 AM,<font color=red>Dispatched</font>,Dispatched,UKWS-6736,,305.15,1698094,Do Not Import,Traeth Llangrannog,Jade Fisher,23 Jun 2026 4:50 PM,29,Shopify UKWS,Shopify UKWS,22 Jun 2026 11:15 AM,UK ILG,0,10
20 Jun 2026 1:35 AM,"<font color=#009788>Open</font>",On Hold,USWS-19139,,306.62,0,Do Not Import,TEE COMPANY  CIC-1054,Liza Block,,18,Shopify USWS,Shopify USWS,1 Feb 2027,US Preorder,0,1
20 Jun 2026 1:35 AM,<font color=red>Dispatched</font>,Dispatched,USWS-19140,,529.52,1715879,Do Not Import,TEE COMPANY  CIC-1054,Liza Block,7 Jul 2026 7:00 AM,36,Shopify USWS,Shopify USWS,7 Jul 2026 7:00 AM,US Geneva,0,10
19 Jun 2026 11:35 PM,<font color=red>Dispatched</font>,Dispatched,USWS-19137,,381.68,1701522,Do Not Import,Wave Cape Cod,Carisa Phillips,24 Jun 2026 7:00 AM,24,Shopify USWS,Shopify USWS,24 Jun 2026 7:00 AM,US Geneva,0,10
19 Jun 2026 8:25 PM,<font color=red>Dispatched</font>,Dispatched,USWS-19136,,492.56,1701163,Do Not Import,Ellifox,Lauren Fox,24 Jun 2026 7:00 AM,30,Shopify USWS,Shopify USWS,24 Jun 2026 7:00 AM,US Geneva,0,10
19 Jun 2026 4:57 PM,<font color=red>Dispatched</font>,Dispatched,USWS-19135,,1329.24,1707011,Do Not Import,Concord Marketing Solutions (P141598 HT),Caitlin Valenzuela,26 Jun 2026 7:00 AM,100,Shopify USWS,Shopify USWS,26 Jun 2026 7:00 AM,US Geneva,0,10
19 Jun 2026 4:27 PM,<font color=red>Dispatched</font>,Dispatched,EUWS-3216,,835.28,0,Do Not Import,LIZE KORN,Christophe Parra,14 Jul 2026 5:36 PM,78,Shopify EUWS,Shopify EUWS,13 Jul 2026 1:00 AM,EU iFulfillment,0,10
19 Jun 2026 3:49 PM,<font color=red>Dispatched</font>,Dispatched,UKWS-6735,,807.22,1697834,Do Not Import,Studland Knoll Beach Retail,Peter Maidment,23 Jun 2026 3:40 PM,60,Shopify UKWS,Shopify UKWS,22 Jun 2026 5:11 PM,UK ILG,0,10
19 Jun 2026 3:35 PM,"<font color=#009788>Open</font>",On Hold,USWS-19133,,591.25,0,Do Not Import,PEOPLE'S PHARMACY,PEOPLES PHARMACY,,22,Shopify USWS,Shopify USWS,30 Sep 2026 1:00 AM,US Preorder,0,1
19 Jun 2026 3:35 PM,"<font color=#009788>Open</font>",On Hold,USWS-19132,,2998.20,0,Do Not Import,PEOPLE'S PHARMACY,PEOPLES PHARMACY,,204,Shopify USWS,Shopify USWS,30 Apr 2027 1:00 AM,US Preorder,0,1
19 Jun 2026 3:35 PM,"<font color=#009788>Open</font>",Awaiting Payment,USWS-19134,,1098.64,0,Do Not Import,PEOPLE'S PHARMACY,PEOPLES PHARMACY,,72,Shopify USWS,Shopify USWS,16 Jul 2026 1:00 AM,US Geneva,0,1
19 Jun 2026 2:32 PM,<font color=red>Dispatched</font>,Dispatched,USWS-19131,,319.87,1701186,Do Not Import,Silver Linings Embroidery +Screen Printing,Mister Bobbin Embroidery,24 Jun 2026 7:00 AM,32,Shopify USWS,Shopify USWS,24 Jun 2026 7:00 AM,US Geneva,0,10
19 Jun 2026 1:42 PM,<font color=red>Dispatched</font>,Dispatched,EUWS-3215,,1021.02,0,Do Not Import,Amélie tout court,Amelie Tout court,23 Jun 2026 1:35 PM,80,Shopify EUWS,Shopify EUWS,24 Jun 2026 3:11 PM,EU iFulfillment,0,10
19 Jun 2026 1:23 PM,<font color=red>Dispatched</font>,Dispatched,UKWS-6734,,534.20,1694822,Do Not Import,,Illona O’Shea,22 Jun 2026 2:40 PM,30,Shopify UKWS,Shopify UKWS,28 Apr 2026 1:00 AM,UK ILG,0,10
19 Jun 2026 1:10 PM,<font color=red>Dispatched</font>,Dispatched,EUWS-3214,,281.99,1719510,Do Not Import,,Christel Thiery,7 Jul 2026 11:37 AM,25,Shopify EUWS,Shopify EUWS,8 Jul 2026 2:41 PM,EU iFulfillment,0,10
19 Jun 2026 12:01 PM,<font color=red>Dispatched</font>,Dispatched,EUWS-3213,,675.58,0,Do Not Import,LAVLY STORE,Jarek Kulenda,23 Jun 2026 12:35 PM,66,Shopify EUWS,Shopify EUWS,22 Jun 2026 1:00 AM,EU iFulfillment,0,10
19 Jun 2026 11:27 AM,<font color=red>Dispatched</font>,Dispatched,UKWS-6733,,482.90,1697419,Do Not Import,dip store,Katherine Tryhorn,23 Jun 2026 2:21 PM,38,Shopify UKWS,Shopify UKWS,22 Jun 2026 1:11 PM,UK ILG,0,10
19 Jun 2026 9:36 AM,<font color=red>Dispatched</font>,Dispatched,EUWS-3212,,1434.98,0,Do Not Import,"Marienapotheke ",Karin Simonitsch,23 Jun 2026 2:35 PM,158,Shopify EUWS,Shopify EUWS,25 Jun 2026 11:13 AM,EU iFulfillment,0,10
18 Jun 2026 11:35 PM,"<font color=#009788>Open</font>",On Hold,USWS-19128,,76.34,0,Do Not Import,OUR LADY OF THE LAKE,Lacie Herndon,,6,Shopify USWS,Shopify USWS,1 Sep 2026 1:00 AM,US Preorder,0,1
18 Jun 2026 11:35 PM,<font color=red>Dispatched</font>,Dispatched,USWS-19130,,220.66,1719469,Do Not Import,OUR LADY OF THE LAKE,Lacie Herndon,3 Jul 2026 7:00 AM,30,Shopify USWS,Shopify USWS,3 Jul 2026 7:00 AM,US Geneva,0,10
18 Jun 2026 11:35 PM,"<font color=#009788>Open</font>",Awaiting Payment,USWS-19129,,37.95,1721038,Do Not Import,OUR LADY OF THE LAKE,Lacie Herndon,,6,Shopify USWS,Shopify USWS,16 Jul 2026 1:00 AM,US Geneva,0,1
18 Jun 2026 9:35 PM,"<font color=#009788>Open</font>",New - To Process,USWS-19126,,63.61,0,Do Not Import,PATCH CO,Julie Roberts,,6,Shopify USWS,Shopify USWS,31 Jul 2026 1:00 AM,US Geneva,0,1
18 Jun 2026 9:35 PM,<font color=red>Dispatched</font>,Dispatched,USWS-19127,,483.45,1700808,Do Not Import,PATCH CO,Julie Roberts,24 Jun 2026 7:00 AM,24,Shopify USWS,Shopify USWS,24 Jun 2026 7:00 AM,US Geneva,0,10
18 Jun 2026 7:35 PM,"<font color=#009788>Open</font>",On Hold,USWS-19125,,213.74,0,Do Not Import,MACDONALD MARKETPLACE,Melba Thomas,,24,Shopify USWS,Shopify USWS,1 Sep 2026 1:00 AM,US Preorder,0,1
18 Jun 2026 6:16 PM,<font color=red>Dispatched</font>,Dispatched,UKWS-6732,,348.00,1690600,Do Not Import,The Square Stores at The Headland,Headland Hotel,19 Jun 2026 11:40 AM,22,Shopify UKWS,Shopify UKWS,19 Jun 2026 8:41 PM,UK ILG,0,10
18 Jun 2026 4:49 PM,"<font color=#009788>Open</font>",New,NEXT23106-17,,5580.00,0,Do Not Import,NEXT,NEXT NEXT Ltd.,,320,Shopify UKWS,Backend,18 Aug 2026 10:50 AM,UK ILG,0,2
18 Jun 2026 4:42 PM,"<font color=#009788>Open</font>",New,NEXT23106-16,,1379.88,0,Do Not Import,NEXT,NEXT NEXT Ltd.,,80,Shopify UKWS,Backend,27 Jul 2026 10:44 AM,UK ILG,0,2
18 Jun 2026 4:07 PM,<font color=red>Dispatched</font>,Dispatched,USWS-19123,,426.77,1697971,Do Not Import,Emboxed,Emily Berg,23 Jun 2026 7:00 AM,26,Shopify USWS,Shopify USWS,23 Jun 2026 7:00 AM,US Geneva,0,10
18 Jun 2026 4:07 PM,<font color=red>Dispatched</font>,Dispatched,USWS-19124,,373.45,1697896,Do Not Import,Grainery the DeCor Co.,Adorned Home,23 Jun 2026 7:00 AM,26,Shopify USWS,Shopify USWS,23 Jun 2026 7:00 AM,US Geneva,0,10
18 Jun 2026 3:47 PM,"<font color=#009788>Open</font>",New - Future Ship Date,CSTO28622-2A,10029167102,0.00,0,Do Not Import,Container Store,Molly Ross,,1,Shopify USWS,Backend,24 Aug 2026 12:48 PM,US Preorder,0,0
18 Jun 2026 3:44 PM,"<font color=#009788>Open</font>",New - Future Ship Date,CSTO28622-1A,10029167101,0.00,0,Do Not Import,Container Store,Molly Ross,,1,Shopify USWS,Backend,24 Aug 2026 12:48 PM,US Preorder,0,0
18 Jun 2026 2:37 PM,<font color=red>Dispatched</font>,Dispatched,EUWS-3211,,668.11,0,Do Not Import,Insolite,Insolite Vidal,23 Jun 2026 10:38 AM,96,Shopify EUWS,Shopify EUWS,24 Jun 2026 4:10 PM,EU iFulfillment,0,10
18 Jun 2026 2:04 PM,<font color=red>Dispatched</font>,Dispatched,UKWS-6731,,293.95,1690553,Do Not Import,Whitmore Lakes,Rachel Ryder,19 Jun 2026 11:10 AM,20,Shopify UKWS,Shopify UKWS,19 Jun 2026 4:11 PM,UK ILG,0,10
18 Jun 2026 11:29 AM,<font color=red>Dispatched</font>,Dispatched,UKWS-6730,,306.93,1690653,Do Not Import,Green Tulip,Emma Reading,19 Jun 2026 12:10 PM,28,Shopify UKWS,Shopify UKWS,19 Jun 2026 12:55 PM,UK ILG,0,10
18 Jun 2026 3:35 AM,"<font color=#009788>Open</font>",On Hold,USWS-19122,,339.27,0,Do Not Import,FLOWERS PLUS,FLOWERS PLUS,,20,Shopify USWS,Shopify USWS,1 Sep 2026 1:00 AM,US Preorder,0,1
18 Jun 2026 3:35 AM,"<font color=#009788>Open</font>",On Hold,USWS-19121,,2326.63,0,Do Not Import,FLOWERS PLUS,FLOWERS PLUS,,162,Shopify USWS,Shopify USWS,1 Feb 2027,US Preorder,0,1
18 Jun 2026 3:35 AM,"<font color=#009788>Open</font>",On Hold,USWS-19120,,725.18,0,Do Not Import,CENTER DRUGS,Gracy Jacobs,,42,Shopify USWS,Shopify USWS,1 Feb 2027,US Preorder,0,1
17 Jun 2026 10:19 PM,<font color=red>Dispatched</font>,Dispatched,USWS-19119,,206.53,1695559,Do Not Import,Rumson Pharmacy,amit patel,22 Jun 2026 7:00 AM,20,Shopify USWS,Shopify USWS,22 Jun 2026 7:00 AM,US Geneva,0,10
17 Jun 2026 9:36 PM,<font color=red>Dispatched</font>,Dispatched,USWS-19118,,200.94,1695555,Do Not Import,IGPT LLC,Inna Galeta,22 Jun 2026 7:00 AM,20,Shopify USWS,Shopify USWS,22 Jun 2026 7:00 AM,US Geneva,0,10
17 Jun 2026 9:35 PM,"<font color=#009788>Open</font>",On Hold,USWS-19117,,568.44,0,Do Not Import,BRUNO,Bruno Dhaine,,30,Shopify USWS,Shopify USWS,1 Feb 2027,US Preorder,0,1
17 Jun 2026 9:35 PM,"<font color=#009788>Open</font>",On Hold,USWS-19116,,621.49,0,Do Not Import,BRUNO,Bruno Dhaine,,54,Shopify USWS,Shopify USWS,2 Nov 2026,US Preorder,0,1
17 Jun 2026 9:35 PM,<font color=red>Dispatched</font>,Dispatched,USWS-19115,,752.87,1695595,Do Not Import,MACDONALD MARKETPLACE,Melba Thomas,22 Jun 2026 7:00 AM,48,Shopify USWS,Shopify USWS,22 Jun 2026 7:00 AM,US Geneva,0,10
17 Jun 2026 7:35 PM,"<font color=#009788>Open</font>",On Hold,USWS-19114,,592.44,0,Do Not Import,Nellie and Lo,NELLIE AND White,,66,Shopify USWS,Shopify USWS,1 Sep 2026 1:00 AM,US Preorder,0,1
17 Jun 2026 7:08 PM,<font color=red>Dispatched</font>,Dispatched,USWS-19113,,312.29,1691093,Do Not Import,Emboxed,Emily Berg,19 Jun 2026 7:00 AM,20,Shopify USWS,Shopify USWS,19 Jun 2026 7:00 AM,US Geneva,0,10
17 Jun 2026 4:01 PM,"<font color=#009788>Open</font>",New - Future Ship Date,EUWS-3210,,298.79,1719508,Do Not Import,CXP 520811,Céline Chaussadas,,28,Shopify EUWS,Shopify EUWS,1 Sep 2026 5:41 PM,EU iFulfillment,0,2
17 Jun 2026 3:52 PM,"<font color=#009788>Open</font>",New - Future Ship Date,EUWS-3209,,480.57,1719509,Do Not Import,CXP 520811,Céline Chaussadas,,34,Shopify EUWS,Shopify EUWS,1 Sep 2026 5:11 PM,EU iFulfillment,0,2
17 Jun 2026 12:16 PM,<font color=red>Dispatched</font>,Dispatched,UKWS-6729,,531.44,1688906,Do Not Import,Nico’s Luxury Home And Gifts,Bryony Wilson,18 Jun 2026 10:20 AM,52,Shopify UKWS,Shopify UKWS,18 Jun 2026 1:57 PM,UK ILG,0,10
16 Jun 2026 11:35 PM,<font color=red>Dispatched</font>,Dispatched,USWS-19112,,1029.57,1695594,Do Not Import,PAWLEY ISLAND MERCANTILE,Carper Cole,22 Jun 2026 7:00 AM,33,Shopify USWS,Shopify USWS,22 Jun 2026 7:00 AM,US Geneva,0,10
16 Jun 2026 9:54 PM,<font color=red>Dispatched</font>,Dispatched,UKWS-6728,,472.50,1687738,Do Not Import,Harbour Treats,NICHOLAS GOAD,17 Jun 2026 2:40 PM,38,Shopify UKWS,Shopify UKWS,17 Jun 2026 11:55 PM,UK ILG,0,10
16 Jun 2026 6:22 PM,<font color=red>Dispatched</font>,Dispatched,NEXT23106-15,NXTB1337484,16336.68,1706205,Do Not Import,NEXT,NEXT NEXT Ltd.,26 Jun 2026 10:10 AM,1055,Shopify UKWS,Backend,31 Jul 2026 12:24 PM,UK ILG,0,10
16 Jun 2026 5:14 PM,<font color=red>Dispatched</font>,Dispatched,UKWS-6727,,272.91,1687550,Do Not Import,Hairy Coo & Co,Sheila Lambie,17 Jun 2026 12:20 PM,38,Shopify UKWS,Shopify UKWS,17 Jun 2026 6:56 PM,UK ILG,0,10
16 Jun 2026 3:36 PM,<font color=red>Dispatched</font>,Dispatched,USWS-19109,,252.64,1690603,Do Not Import,GE - EXHIBITIONS CARGO,Ashley Clarkin,19 Jun 2026 7:00 AM,20,Shopify USWS,Shopify USWS,19 Jun 2026 7:00 AM,US Geneva,0,10
16 Jun 2026 3:19 PM,<font color=red>Dispatched</font>,Dispatched,EUWS-3208,,787.42,1690310,Do Not Import,Zentrallager,F.S. Kustermann GmbH,17 Jun 2026 3:45 PM,47,Shopify EUWS,Shopify EUWS,17 Jun 2026 4:56 PM,EU iFulfillment,0,10
16 Jun 2026 3:00 PM,<font color=red>Dispatched</font>,Dispatched,USWS-19108,,782.48,1715876,Do Not Import,MCKEE'S TEES PLUS,Kimberly McKeever,15 Jul 2026 7:00 AM,112,Shopify USWS,Shopify USWS,15 Jul 2026 7:00 AM,US Geneva,0,10
16 Jun 2026 2:26 PM,<font color=red>Dispatched</font>,Dispatched,UKWS-6723,,410.51,1687590,Do Not Import,Taba Naba,Michaela Sawyer,17 Jun 2026 12:50 PM,32,Shopify UKWS,Shopify UKWS,17 Jun 2026 4:11 PM,UK ILG,0,10
16 Jun 2026 2:08 PM,<font color=red>Dispatched</font>,Dispatched,EUWS-3207,,1245.68,0,Do Not Import,Flexidade,CARLA GONCALVES,26 Jun 2026 2:41 PM,96,Shopify EUWS,Shopify EUWS,17 Jun 2026 4:13 PM,EU iFulfillment,0,10
16 Jun 2026 12:05 PM,<font color=red>Dispatched</font>,Dispatched,EUWS-3206,,0.00,1689382,Do Not Import,SARL METAMORPHOSE,CECILE Sisco,18 Jun 2026 11:36 AM,1,Shopify EUWS,Shopify EUWS,19 Jun 2026 2:12 PM,EU iFulfillment,0,10
16 Jun 2026 9:34 AM,<font color=red>Dispatched</font>,Dispatched,UKWS-6722,,442.87,1687707,Do Not Import,Conway & Sons,Chris Conway,17 Jun 2026 2:21 PM,39,Shopify UKWS,Shopify UKWS,17 Jun 2026 12:27 PM,UK ILG,0,10
16 Jun 2026 9:30 AM,<font color=red>Dispatched</font>,Dispatched,EUWS-3205,,314.29,1687854,Do Not Import,Ines Amann Creative Werbemittel,Elena Maria Seeburger,17 Jun 2026 1:34 PM,18,Shopify EUWS,Shopify EUWS,17 Jun 2026 1:00 AM,EU iFulfillment,0,10
16 Jun 2026 9:27 AM,<font color=red>Dispatched</font>,Dispatched,EUWS-3204,,376.08,1687856,Do Not Import,plume,michelle Bekx,16 Jun 2026 4:35 PM,30,Shopify EUWS,Shopify EUWS,17 Jun 2026 11:13 AM,EU iFulfillment,0,10
15 Jun 2026 7:35 PM,"<font color=#009788>Open</font>",On Hold,USWS-19107,,652.61,0,Do Not Import,PB&J STUFF,Jaime Bowling,,52,Shopify USWS,Shopify USWS,1 Sep 2026 1:00 AM,US Preorder,0,1
15 Jun 2026 7:35 PM,"<font color=#009788>Open</font>",On Hold,USWS-19106,,1148.18,0,Do Not Import,PB&J STUFF,Jaime Bowling,,66,Shopify USWS,Shopify USWS,1 Feb 2027,US Preorder,0,1
15 Jun 2026 7:35 PM,<font color=red>Dispatched</font>,Dispatched,USWS-19105,,345.67,1689326,Do Not Import,PB&J STUFF,Jaime Bowling,18 Jun 2026 7:00 AM,24,Shopify USWS,Shopify USWS,18 Jun 2026 7:00 AM,US Geneva,0,10
15 Jun 2026 7:35 PM,<font color=red>Dispatched</font>,Dispatched,USWS-19104,,555.90,1691030,Do Not Import,Off The Square,Julie Dickinson,19 Jun 2026 7:00 AM,48,Shopify USWS,Shopify USWS,19 Jun 2026 7:00 AM,US Geneva,0,10
15 Jun 2026 5:35 PM,<font color=red>Dispatched</font>,Dispatched,USWS-19103,,977.99,1690813,Do Not Import,Eagle Eye Outfitters,Chelsea Woodall,19 Jun 2026 7:00 AM,68,Shopify USWS,Shopify USWS,19 Jun 2026 7:00 AM,US Geneva,0,10
15 Jun 2026 5:12 PM,<font color=red>Dispatched</font>,Dispatched,USWS-19102,,465.73,1700807,Do Not Import,Blue Lobster,Sally McReynolds,24 Jun 2026 2:00 PM,42,Shopify USWS,Shopify USWS,24 Jun 2026 7:00 AM,US Geneva,0,10
15 Jun 2026 4:27 PM,<font color=red>Dispatched</font>,Dispatched,USWS-19101,,278.66,1689325,Do Not Import,Eastport Retro,Eastport Retro,18 Jun 2026 7:00 AM,26,Shopify USWS,Shopify USWS,18 Jun 2026 7:00 AM,US Geneva,0,10
15 Jun 2026 4:11 PM,<font color=red>Dispatched</font>,Dispatched,USWS-19100,,1141.10,1689652,Do Not Import,Little Sabine Inc,Little Sabine Bell,18 Jun 2026 7:00 AM,72,Shopify USWS,Shopify USWS,18 Jun 2026 7:00 AM,US Geneva,0,10
15 Jun 2026 3:02 PM,<font color=red>Dispatched</font>,Dispatched,UKWS-6720,,396.23,1687982,Do Not Import,ILG,Lyme Regis Retail,17 Jun 2026 5:20 PM,24,Shopify UKWS,Shopify UKWS,16 Jun 2026 4:25 PM,UK ILG,0,10
15 Jun 2026 2:21 PM,<font color=red>Dispatched</font>,Dispatched,UKWS-6719,,0.00,1690518,Do Not Import,,Michael Aird,19 Jun 2026 10:40 AM,4,Shopify UKWS,Shopify UKWS,16 Jun 2026 3:56 PM,UK ILG,0,10
15 Jun 2026 1:42 PM,<font color=red>Dispatched</font>,Dispatched,EUWS-3202,,631.20,1687870,Do Not Import,SARL LES JARDINS DE SANAA,Victor BATEJAT,16 Jun 2026 2:36 PM,60,Shopify EUWS,Shopify EUWS,26 May 2026 1:00 AM,EU iFulfillment,0,10
15 Jun 2026 12:48 PM,<font color=red>Dispatched</font>,Dispatched,EUWS-3201,,655.51,1687872,Do Not Import,LAVLY STORE,Jarek Kulenda,16 Jun 2026 2:36 PM,70,Shopify EUWS,Shopify EUWS,16 Jun 2026 1:00 AM,EU iFulfillment,0,10
15 Jun 2026 12:31 PM,<font color=red>Dispatched</font>,Dispatched,USWS-19099,,89.46,1686355,Do Not Import,KC Screenprint,Eliza Darmon,16 Jun 2026 7:00 AM,6,Shopify USWS,Shopify USWS,16 Jun 2026 7:00 AM,US Geneva,0,10
15 Jun 2026 4:26 AM,<font color=red>Dispatched</font>,Dispatched,USWS-19098,,646.34,1689732,Do Not Import,Lake Life Real Estate Agency,Jacqueline Jones,18 Jun 2026 7:00 AM,56,Shopify USWS,Shopify USWS,18 Jun 2026 7:00 AM,US Geneva,0,10
15 Jun 2026 3:53 AM,<font color=red>Dispatched</font>,Dispatched,ASCH20631-2,,48.00,1682230,Do Not Import,Appelman Schauben,"Mary Crist Schauben & Co, c/o Dock & BayATTN : Burke Price",5 May 2026 12:55 PM,136,Shopify USWS,Backend,19 Jun 2026 12:54 PM,Direct to Client,0,9
15 Jun 2026 3:51 AM,<font color=red>Dispatched</font>,Dispatched,USWS-19097,,306.37,1689699,Do Not Import,C. Beston & Company,Cicely Beston,18 Jun 2026 7:00 AM,24,Shopify USWS,Shopify USWS,18 Jun 2026 7:00 AM,US Geneva,0,10
15 Jun 2026 1:35 AM,<font color=red>Dispatched</font>,Dispatched,USWS-19096,,1061.89,1689680,Do Not Import,SST Custom Embroidery,Ronni SST Custom Embroidery,18 Jun 2026 7:00 AM,64,Shopify USWS,Shopify USWS,18 Jun 2026 7:00 AM,US Geneva,0,10
15 Jun 2026 1:35 AM,<font color=red>Dispatched</font>,Dispatched,USWS-19095,,543.18,1689700,Do Not Import,SST CUSTOM EMBROIDERY,Ronni Trutt,18 Jun 2026 7:00 AM,30,Shopify USWS,Shopify USWS,18 Jun 2026 7:00 AM,US Geneva,0,10
14 Jun 2026 8:16 PM,<font color=red>Dispatched</font>,Dispatched,UKWS-6718,,449.86,1685468,Do Not Import,Pippin Gifts Ltd,Erica Stahl,16 Jun 2026 11:50 AM,56,Shopify UKWS,Shopify UKWS,15 Jun 2026 10:57 PM,UK ILG,0,10
14 Jun 2026 7:35 PM,<font color=red>Dispatched</font>,Dispatched,USWS-19094,,1148.12,1691123,Do Not Import,SHAKE THE TREE GALLERY,SHAKE THE KLAUSNER,19 Jun 2026 7:00 AM,62,Shopify USWS,Shopify USWS,19 Jun 2026 7:00 AM,US Geneva,0,10
14 Jun 2026 3:51 PM,<font color=red>Dispatched</font>,Dispatched,UKWS-6717,,414.66,1683683,Do Not Import,Mahalo home,Kim Ryder,15 Jun 2026 3:50 PM,35,Shopify UKWS,Shopify UKWS,15 Jun 2026 5:43 PM,UK ILG,0,10
13 Jun 2026 11:35 PM,"<font color=#009788>Open</font>",On Hold,USWS-19093,,744.42,0,Do Not Import,CHUMASH CASINO SANTA YNEZ,VICTORIA FIDEL,,60,Shopify USWS,Shopify USWS,25 Sep 2026 1:00 AM,US Preorder,0,1
13 Jun 2026 7:35 PM,"<font color=#009788>Open</font>",On Hold,USWS-19091,,1083.08,0,Do Not Import,FOR HEAVEN'S SAKE,Gina Crenshaw,,72,Shopify USWS,Shopify USWS,1 Feb 2027,US Preorder,0,1
13 Jun 2026 7:35 PM,<font color=red>Dispatched</font>,Dispatched,USWS-19090,,712.10,1691077,Do Not Import,FOR HEAVEN'S SAKE,Gina Crenshaw,19 Jun 2026 7:00 AM,42,Shopify USWS,Shopify USWS,19 Jun 2026 7:00 AM,US Geneva,0,10
13 Jun 2026 7:35 PM,<font color=red>Dispatched</font>,Dispatched,USWS-19092,,933.87,1689714,Do Not Import,ELIZA B'S,Amber Shealy,18 Jun 2026 7:00 AM,60,Shopify USWS,Shopify USWS,18 Jun 2026 7:00 AM,US Geneva,0,10
13 Jun 2026 5:35 PM,"<font color=#009788>Open</font>",On Hold,USWS-19089,,1923.71,0,Do Not Import,LORD'S LANDSCAPING,Amy Hughes,,126,Shopify USWS,Shopify USWS,1 Feb 2027,US Preorder,0,1
13 Jun 2026 5:11 PM,<font color=red>Dispatched</font>,Dispatched,USWS-19088,,325.53,1689324,Do Not Import,Court & Main Furniture | Mattress,Andrea Heffner,18 Jun 2026 7:00 AM,20,Shopify USWS,Shopify USWS,18 Jun 2026 7:00 AM,US Geneva,0,10
13 Jun 2026 3:35 PM,<font color=red>Dispatched</font>,Dispatched,USWS-19087,,1324.33,1689628,Do Not Import,STEEL MAGNOLIA MOMS,Elizabeth Elder,18 Jun 2026 7:00 AM,108,Shopify USWS,Shopify USWS,18 Jun 2026 7:00 AM,US Geneva,0,10
13 Jun 2026 12:45 PM,<font color=red>Dispatched</font>,Dispatched,EUWS-3200,,666.61,0,Do Not Import,Eisen-Bärle GmbH & Co.KG,Gudrun Mergenthaler,23 Jun 2026 9:35 AM,46,Shopify EUWS,Shopify EUWS,23 Jun 2026 2:11 PM,EU iFulfillment,0,10
13 Jun 2026 12:06 PM,<font color=red>Dispatched</font>,Dispatched,UKWS-6716,,558.21,1685496,Do Not Import,Kings Road Company,Faye Hill,16 Jun 2026 12:10 PM,46,Shopify UKWS,Shopify UKWS,15 Jun 2026 2:11 PM,UK ILG,0,10
13 Jun 2026 1:35 AM,<font color=red>Dispatched</font>,Dispatched,USWS-19084,,636.73,1704085,Do Not Import,Little Honey Beans Boutique,Rebecca Bragg,25 Jun 2026 3:20 PM,26,Shopify USWS,Shopify USWS,25 Jun 2026 7:00 AM,US Geneva,0,10
13 Jun 2026 1:35 AM,"<font color=#009788>Open</font>",New - Future Ship Date,USWS-19086,,291.73,1696693,Do Not Import,ST JOSEPH'S HOSPITAL GIFT SHOP,ST JOSEPH'S HOSPITAL GIFT WEISS,,18,Shopify USWS,Shopify USWS,1 Sep 2026 1:00 AM,US Preorder,0,1
13 Jun 2026 1:35 AM,<font color=red>Dispatched</font>,Dispatched,USWS-19085,,127.16,1697968,Do Not Import,Little Honey Beans Boutique,Rebecca Bragg,23 Jun 2026 7:00 AM,4,Shopify USWS,Shopify USWS,23 Jun 2026 7:00 AM,US Geneva,0,10
12 Jun 2026 11:35 PM,"<font color=#009788>Open</font>",On Hold,USWS-19083,,235.57,0,Do Not Import,WOO SKINCARE AND COSMETICS,Kara Campbell,,30,Shopify USWS,Shopify USWS,1 Sep 2026 1:00 AM,US Preorder,0,1
12 Jun 2026 9:32 PM,<font color=red>Dispatched</font>,Dispatched,UKWS-6715,,462.94,1683346,Do Not Import,Middleton Lodge Events Limited,Middleton Lodge Events Limited,15 Jun 2026 2:50 PM,34,Shopify UKWS,Shopify UKWS,15 Jun 2026 11:25 PM,UK ILG,0,10
12 Jun 2026 7:12 PM,<font color=red>Dispatched</font>,Dispatched,USWS-19082,,236.34,1687780,Do Not Import,Lemoncello Boutique,Lemoncello Kahle,17 Jun 2026 7:00 AM,30,Shopify USWS,Shopify USWS,17 Jun 2026 7:00 AM,US Geneva,0,10
12 Jun 2026 4:58 PM,<font color=red>Dispatched</font>,Dispatched,USWS-19081,,221.56,1687945,Do Not Import,P K Flynn Home & Market,Paige Flynn,17 Jun 2026 7:00 AM,20,Shopify USWS,Shopify USWS,17 Jun 2026 7:00 AM,US Geneva,0,10
12 Jun 2026 4:28 PM,<font color=red>Dispatched</font>,Dispatched,USWS-19080,,1099.45,1687735,Do Not Import,Loved and Found,Elizabeth Vidrine,17 Jun 2026 7:00 AM,104,Shopify USWS,Shopify USWS,17 Jun 2026 7:00 AM,US Geneva,0,10
12 Jun 2026 4:07 PM,"<font color=#009788>Open</font>",New,S28783-1,,2663.70,1688007,Imported,Soho & Co FZE LLC," ",,210,Shopify UKWS,Backend,26 Jun 2026 4:16 PM,UK ILG,0,2
12 Jun 2026 3:35 PM,"<font color=#009788>Open</font>",On Hold,USWS-19079,,536.04,0,Do Not Import,PK'S GIFT CLOSET,Amy PK'S GIFT CLOSET,,30,Shopify USWS,Shopify USWS,15 Oct 2026 1:00 AM,US Preorder,0,1
12 Jun 2026 2:40 PM,<font color=red>Dispatched</font>,Dispatched,UKWS-6714,,503.86,1683254,Do Not Import,Diamond Parrot Accessory Emporium,Sharon McElhinney,15 Jun 2026 2:20 PM,44,Shopify UKWS,Shopify UKWS,15 Jun 2026 4:43 PM,UK ILG,0,10
12 Jun 2026 1:33 PM,<font color=red>Dispatched</font>,Dispatched,EUWS-3199,,885.69,1686094,Do Not Import,BATHROOM GRAFITTI,Koukina AZUELOS,16 Jun 2026 10:36 AM,66,Shopify EUWS,Shopify EUWS,15 Jun 2026 3:10 PM,EU iFulfillment,0,10
12 Jun 2026 11:09 AM,<font color=red>Dispatched</font>,Dispatched,EUWS-3198,,633.75,1719002,Do Not Import,Fabrique de styles Ajaccio,Fabrique de style ajaccio Pierre yves,23 Jun 2026 1:59 PM,48,Shopify EUWS,Shopify EUWS,23 Jun 2026 12:25 PM,EU iFulfillment,0,10
12 Jun 2026 10:18 AM,<font color=red>Dispatched</font>,Dispatched,EUWS-3197,,291.49,1687877,Do Not Import,"Sadlite Schüller GbR ",Petra Schüller,17 Jun 2026 12:35 PM,28,Shopify EUWS,Shopify EUWS,13 Jun 2026 1:00 AM,EU iFulfillment,0,10
12 Jun 2026 9:48 AM,<font color=red>Dispatched</font>,Dispatched,UKWS-6713,,10023.40,1686185,Do Not Import,SFE,Tara Mann,16 Jun 2026 4:21 PM,401,Shopify UKWS,Shopify UKWS,12 Jun 2026 11:12 AM,UK ILG,0,10
11 Jun 2026 10:10 PM,<font color=red>Dispatched</font>,Dispatched,USWS-19078,,3970.11,1684106,Do Not Import,J|Squared Group LLC,Jamis Adams,15 Jun 2026 8:30 PM,140,Shopify USWS,Shopify USWS,15 Jun 2026 7:00 AM,US Geneva,0,10
11 Jun 2026 10:00 PM,<font color=red>Dispatched</font>,Dispatched,UKWS-6712,,0.00,1679513,Do Not Import,Avolta - Lowfield Heath Warehouse,Jessica Boniface,12 Jun 2026 3:40 PM,2,Shopify UKWS,Shopify UKWS,12 Jun 2026 11:41 PM,UK ILG,0,10
11 Jun 2026 9:35 PM,"<font color=#009788>Open</font>",On Hold,USWS-19077,,1108.97,0,Do Not Import,Elisha Benton/Impromptu,Elisha Benton,,66,Shopify USWS,Shopify USWS,21 Jul 2026 1:00 AM,US Geneva,0,1
11 Jun 2026 9:35 PM,"<font color=#009788>Open</font>",On Hold,USWS-19076,,1593.23,0,Do Not Import,Elisha Benton/Impromptu,Elisha Benton,,108,Shopify USWS,Shopify USWS,1 Feb 2027,US Preorder,0,1
11 Jun 2026 8:04 PM,<font color=red>Dispatched</font>,Dispatched,UKWS-6711,,357.79,1683081,Do Not Import,Ruby Tuesday,Fiona Nelson-van Loon,15 Jun 2026 12:50 PM,42,Shopify UKWS,Shopify UKWS,12 Jun 2026 11:43 PM,UK ILG,0,10
11 Jun 2026 7:35 PM,<font color=red>Dispatched</font>,Dispatched,USWS-19075,,696.24,1685799,Do Not Import,Swm Lifestyle and Wellness,Jodi Newsome,16 Jun 2026 7:00 AM,42,Shopify USWS,Shopify USWS,16 Jun 2026 7:00 AM,US Geneva,0,10
11 Jun 2026 7:35 PM,"<font color=#009788>Open</font>",On Hold,USWS-19074,,277.90,0,Do Not Import,Hello Retail Therapy,Serena THERAPY,,24,Shopify USWS,Shopify USWS,1 Sep 2026 1:00 AM,US Preorder,0,1
11 Jun 2026 7:35 PM,<font color=red>Dispatched</font>,Dispatched,USWS-19073,,83.49,1720991,Do Not Import,Hello Retail Therapy,Serena THERAPY,5 Jul 2026 7:00 AM,10,Shopify USWS,Shopify USWS,5 Jul 2026 7:00 AM,US Geneva,0,10
11 Jun 2026 5:35 PM,"<font color=#009788>Open</font>",On Hold,USWS-19072,,202.11,0,Do Not Import,Hello Retail Therapy,Serena THERAPY,,12,Shopify USWS,Shopify USWS,1 Feb 2027,US Preorder,0,1
11 Jun 2026 5:35 PM,"<font color=#009788>Open</font>",On Hold,USWS-19071,,2002.57,0,Do Not Import,Hello Retail Therapy,Serena THERAPY,,179,Shopify USWS,Shopify USWS,1 Sep 2026 1:00 AM,US Preorder,0,1
11 Jun 2026 4:50 PM,<font color=red>Dispatched</font>,Dispatched,USWS-19070,,1563.59,1678519,Do Not Import,Unique Designs Custom Digitizing,Andrian Magana,11 Jun 2026 7:00 AM,142,Shopify USWS,Shopify USWS,11 Jun 2026 7:00 AM,US Geneva,0,10
11 Jun 2026 2:30 PM,<font color=red>Dispatched</font>,Dispatched,UKWS-6710,,0.00,1682985,Do Not Import,The Salcombe Boatstore Ltd,Jonathan Squire,15 Jun 2026 12:10 PM,11,Shopify UKWS,Shopify UKWS,12 Jun 2026 3:57 PM,UK ILG,0,10
11 Jun 2026 1:47 PM,<font color=red>Dispatched</font>,Dispatched,UKWS-6709,,650.92,1683145,Do Not Import,Valise Luggage,Raphael Hage,15 Jun 2026 1:20 PM,52,Shopify UKWS,Shopify UKWS,12 Jun 2026 4:00 PM,UK ILG,0,10
11 Jun 2026 1:37 PM,<font color=red>Dispatched</font>,Dispatched,UKWS-6708,,485.94,1683118,Do Not Import,Lulu.b,Lucy Brown,15 Jun 2026 1:10 PM,44,Shopify UKWS,Shopify UKWS,12 Jun 2026 4:00 PM,UK ILG,0,10
11 Jun 2026 11:53 AM,<font color=red>Dispatched</font>,Dispatched,EUWS-3196,,629.37,1683642,Do Not Import,Family Bazart,siroux aurelia,15 Jun 2026 8:37 AM,56,Shopify EUWS,Shopify EUWS,17 Jun 2026 1:00 AM,EU iFulfillment,0,10
11 Jun 2026 1:35 AM,"<font color=#009788>Open</font>",On Hold,USWS-19069,,999.35,0,Do Not Import,MACDONALD MARKETPLACE,Melba Thomas,,60,Shopify USWS,Shopify USWS,1 Feb 2027,US Preorder,0,1
11 Jun 2026 1:11 AM,<font color=red>Dispatched</font>,Dispatched,USWS-19068,,177.77,1682998,Do Not Import,Park Life,jameson alexander,15 Jun 2026 7:00 AM,10,Shopify USWS,Shopify USWS,15 Jun 2026 7:00 AM,US Geneva,0,10
10 Jun 2026 11:35 PM,<font color=red>Dispatched</font>,Dispatched,USWS-19067,,763.98,1691066,Do Not Import,FOR SHORE,Caryn Stephenson,19 Jun 2026 7:00 AM,48,Shopify USWS,Shopify USWS,19 Jun 2026 7:00 AM,US Geneva,0,10
10 Jun 2026 11:35 PM,"<font color=#009788>Open</font>",On Hold,USWS-19066,,601.17,0,Do Not Import,FOR SHORE,Caryn Stephenson,,36,Shopify USWS,Shopify USWS,1 Feb 2027,US Preorder,0,1
10 Jun 2026 9:38 PM,<font color=red>Dispatched</font>,Dispatched,USWS-19065,,1006.28,1684153,Do Not Import,Finishing Touches,Amy Leinenbach,15 Jun 2026 7:00 AM,78,Shopify USWS,Shopify USWS,15 Jun 2026 7:00 AM,US Geneva,0,10
10 Jun 2026 9:36 PM,<font color=red>Dispatched</font>,Dispatched,UKWS-6707,,365.91,1678047,Do Not Import,Eleven,Beth Mottram,11 Jun 2026 2:40 PM,32,Shopify UKWS,Shopify UKWS,12 Jun 2026 12:11 AM,UK ILG,0,10
10 Jun 2026 9:35 PM,<font color=red>Dispatched</font>,Dispatched,USWS-19064,,201.19,1683122,Do Not Import,Miscellaneous Market - Landrea Cowart,DEDE COWART,15 Jun 2026 7:00 AM,8,Shopify USWS,Shopify USWS,15 Jun 2026 7:00 AM,US Geneva,0,10
10 Jun 2026 9:12 PM,<font color=red>Dispatched</font>,Dispatched,JLEW11511-82,746333,7850.70,1740192,Imported,John Lewis Ltd,John Lewis,15 Jul 2026 10:10 AM,520,Shopify UKWS,Backend,31 Jul 2026 3:12 PM,UK ILG,0,10
10 Jun 2026 5:41 PM,<font color=red>Dispatched</font>,Dispatched,WAIT12005-6,,0.00,1677836,Do Not Import,Waitrose,Rob Carroll,11 Jun 2026 11:20 AM,4,Shopify UKWS,Backend,12 Jun 2026 11:42 AM,UK ILG,0,10
10 Jun 2026 5:25 PM,<font color=red>Dispatched</font>,Dispatched,USWS-19063,,666.46,1684045,Do Not Import,"Nice Threads, LLC",Tim Nash,15 Jun 2026 7:00 AM,48,Shopify USWS,Shopify USWS,15 Jun 2026 7:00 AM,US Geneva,0,10
10 Jun 2026 4:58 PM,<font color=red>Dispatched</font>,Dispatched,UKWS-6706,,809.36,1678060,Do Not Import,Teals,Belle Ross,11 Jun 2026 2:50 PM,40,Shopify UKWS,Shopify UKWS,11 Jun 2026 7:45 PM,UK ILG,0,10
10 Jun 2026 4:41 PM,<font color=red>Dispatched</font>,Dispatched,USWS-19062,,1637.32,1685711,Do Not Import,"Excel Screen Printing & Embroidery, Inc",Meredith Bland,16 Jun 2026 7:00 AM,125,Shopify USWS,Shopify USWS,16 Jun 2026 7:00 AM,US Geneva,0,10
10 Jun 2026 4:25 PM,<font color=red>Dispatched</font>,Dispatched,USWS-19061,,654.93,1684007,Do Not Import,Unique Designs Custom Digitizing,Andrian Magana,15 Jun 2026 7:00 AM,50,Shopify USWS,Shopify USWS,15 Jun 2026 7:00 AM,US Geneva,0,10
10 Jun 2026 1:14 PM,<font color=red>Dispatched</font>,Dispatched,UKWS-6705,,700.91,1678059,Do Not Import,Whistlefish,Goods in,11 Jun 2026 2:50 PM,60,Shopify UKWS,Shopify UKWS,11 Jun 2026 3:10 PM,UK ILG,0,10
10 Jun 2026 5:35 AM,"<font color=#009788>Open</font>",New - Future Ship Date,USWS-19060,,339.98,0,Do Not Import,ROCK CITY GARDENS,Stephanie Clement,,18,Shopify USWS,Shopify USWS,1 Feb 2027,US Preorder,0,1
10 Jun 2026 3:35 AM,"<font color=#009788>Open</font>",New - Future Ship Date,USWS-19059,,261.91,0,Do Not Import,ROCK CITY GARDENS,Stephanie Clement,,22,Shopify USWS,Shopify USWS,1 Sep 2026 1:00 AM,US Preorder,0,1
10 Jun 2026 2:54 AM,<font color=red>Dispatched</font>,Dispatched,USWS-19058,,315.08,1679276,Do Not Import,Johnny Beach,Jonathan Downey,12 Jun 2026 7:00 AM,26,Shopify USWS,Shopify USWS,12 Jun 2026 7:00 AM,US Geneva,0,10
9 Jun 2026 11:35 PM,"<font color=#009788>Open</font>",On Hold,USWS-19055,,45.33,0,Do Not Import,LITTLE RED BIRD GIFTS,Holly Hachman,,6,Shopify USWS,Shopify USWS,1 Sep 2026 1:00 AM,US Preorder,0,1
9 Jun 2026 11:35 PM,"<font color=#009788>Open</font>",New - Future Ship Date,USWS-19056,,673.63,0,Do Not Import,LITTLE RED BIRD GIFTS,Holly Hachman,,36,Shopify USWS,Shopify USWS,1 Feb 2027,US Preorder,0,1
9 Jun 2026 11:35 PM,<font color=red>Dispatched</font>,Dispatched,USWS-19057,,940.77,1677882,Do Not Import,LITTLE RED BIRD GIFTS,Holly Hachman,23 Jun 2026 7:00 AM,72,Shopify USWS,Shopify USWS,23 Jun 2026 7:00 AM,US Geneva,0,10
9 Jun 2026 10:06 PM,<font color=red>Dispatched</font>,Dispatched,USWS-19022,,462.27,1684028,Do Not Import,GE - EXHIBITIONS CARGO,Ashley Clarkin,15 Jun 2026 7:00 AM,46,Shopify USWS,Shopify USWS,15 Jun 2026 7:00 AM,US Geneva,0,10
9 Jun 2026 8:58 PM,<font color=red>Dispatched</font>,Dispatched,JLEW11511-81,735132,10759.52,1690500,Imported,John Lewis Ltd,John Lewis,19 Jun 2026 10:40 AM,820,Shopify UKWS,Backend,19 Jun 2026 2:58 PM,UK ILG,0,10
9 Jun 2026 7:50 PM,<font color=red>Dispatched</font>,Dispatched,USWS-19054,,472.25,1679274,Do Not Import,Morey's Seafood Markets,elsye burton,12 Jun 2026 7:00 AM,38,Shopify USWS,Shopify USWS,12 Jun 2026 7:00 AM,US Geneva,0,10
9 Jun 2026 7:35 PM,<font color=red>Dispatched</font>,Dispatched,USWS-19053,,940.28,1684133,Do Not Import,CURRENT COLLECTION,LAUREN Beck,15 Jun 2026 7:00 AM,54,Shopify USWS,Shopify USWS,15 Jun 2026 7:00 AM,US Geneva,0,10
9 Jun 2026 5:11 PM,<font color=red>Dispatched</font>,Dispatched,USWS-19052,,214.64,1679285,Do Not Import,Sarah Bertochi - Handmade,Sarah Bertochi,12 Jun 2026 7:00 AM,20,Shopify USWS,Shopify USWS,12 Jun 2026 7:00 AM,US Geneva,0,10
9 Jun 2026 4:22 PM,<font color=red>Dispatched</font>,Dispatched,USWS-19051,,695.38,1676943,Do Not Import,Gifts and Stitch LLC,Blaire Trammell,10 Jun 2026 7:00 AM,48,Shopify USWS,Shopify USWS,10 Jun 2026 7:00 AM,US Geneva,0,10
9 Jun 2026 4:13 PM,<font color=red>Dispatched</font>,Dispatched,UKWS-6704,,373.61,1678026,Do Not Import,Wild Roots Greenery,Wild Roots Greenery,11 Jun 2026 2:20 PM,24,Shopify UKWS,Shopify UKWS,10 Jun 2026 5:42 PM,UK ILG,0,10
9 Jun 2026 1:35 PM,<font color=red>Dispatched</font>,Dispatched,USWS-19050,,647.09,1686416,Do Not Import,Julia Macchiarella SPA AT RIVERVIEW,SPA AT RIVERVIEW,16 Jun 2026 7:00 AM,52,Shopify USWS,Shopify USWS,16 Jun 2026 7:00 AM,US Geneva,0,10
9 Jun 2026 10:52 AM,<font color=red>Dispatched</font>,Dispatched,UKWS-6703,,1875.00,1676140,Do Not Import,Pinnacle Embroidery,Ben Paul,10 Jun 2026 11:10 AM,300,Shopify UKWS,Shopify UKWS,10 Jun 2026 12:56 PM,UK ILG,0,10
9 Jun 2026 2:26 AM,<font color=red>Dispatched</font>,Dispatched,USWS-19049,,257.96,1679283,Do Not Import,Royal grams,Katie Royal,12 Jun 2026 7:00 AM,18,Shopify USWS,Shopify USWS,12 Jun 2026 7:00 AM,US Geneva,0,10
8 Jun 2026 11:06 PM,<font color=red>Dispatched</font>,Dispatched,UKWS-6702,,992.19,1678058,Do Not Import,Beachology,Natalie Belt,11 Jun 2026 2:50 PM,76,Shopify UKWS,Shopify UKWS,10 Jun 2026 1:12 AM,UK ILG,0,10
8 Jun 2026 9:35 PM,<font color=red>Dispatched</font>,Dispatched,USWS-19047,,415.78,1678320,Do Not Import,LARAE GIFTS AND HOME,LaRae Davenport,11 Jun 2026 7:00 AM,24,Shopify USWS,Shopify USWS,11 Jun 2026 7:00 AM,US Geneva,0,10
8 Jun 2026 9:35 PM,<font color=red>Dispatched</font>,Dispatched,USWS-19048,,343.34,1704087,Do Not Import,LARAE GIFTS AND HOME,LaRae Davenport,25 Jun 2026 7:00 AM,18,Shopify USWS,Shopify USWS,25 Jun 2026 7:00 AM,US Geneva,0,10
8 Jun 2026 7:53 PM,<font color=red>Dispatched</font>,Dispatched,USWS-19046,,400.92,1678326,Do Not Import,The Toggery,Caroline Holcomb,11 Jun 2026 7:00 AM,26,Shopify USWS,Shopify USWS,11 Jun 2026 7:00 AM,US Geneva,0,10
8 Jun 2026 5:25 PM,<font color=red>Dispatched</font>,Dispatched,EUWS-3195,,970.34,1673832,Do Not Import,decoo lifestyle Angelika Hieke e.U.,Angelika Hieke,15 Jun 2026 10:43 AM,76,Shopify EUWS,Shopify EUWS,16 Jun 2026 1:00 AM,EU iFulfillment,0,10
8 Jun 2026 4:17 PM,<font color=red>Dispatched</font>,Dispatched,USWS-19045,,593.37,1678319,Do Not Import,The Sunshinery,Jennifer Simoni,11 Jun 2026 7:00 AM,28,Shopify USWS,Shopify USWS,11 Jun 2026 7:00 AM,US Geneva,0,10
8 Jun 2026 4:12 PM,<font color=red>Dispatched</font>,Dispatched,UKWS-6701,,519.98,1675023,Do Not Import,Jibset Marine,robert shannon,9 Jun 2026 4:40 PM,34,Shopify UKWS,Shopify UKWS,9 Jun 2026 6:12 PM,UK ILG,0,10
8 Jun 2026 3:50 PM,<font color=red>Dispatched</font>,Dispatched,USWS-19044,,302.33,1672820,Do Not Import,,Morgan Rathke,8 Jun 2026 7:00 AM,8,Shopify USWS,Shopify USWS,8 Jun 2026 7:00 AM,US Geneva,0,10
8 Jun 2026 2:59 PM,<font color=red>Dispatched</font>,Dispatched,USWS-19043,,548.13,1678325,Do Not Import,Babs Home and Pantry,Babs Home and Pantry,11 Jun 2026 7:00 AM,28,Shopify USWS,Shopify USWS,11 Jun 2026 7:00 AM,US Geneva,0,10
8 Jun 2026 1:16 PM,<font color=red>Dispatched</font>,Dispatched,UKWS-6700,,1350.00,1674400,Do Not Import,,Michael Aird,9 Jun 2026 1:20 PM,60,Shopify UKWS,Shopify UKWS,9 Jun 2026 1:00 AM,UK ILG,0,10
8 Jun 2026 11:35 AM,<font color=red>Dispatched</font>,Dispatched,USWS-19042,,403.18,1679282,Do Not Import,Ehlers General Store,Sara Norton,12 Jun 2026 7:00 AM,24,Shopify USWS,Shopify USWS,12 Jun 2026 7:00 AM,US Geneva,0,10
8 Jun 2026 10:28 AM,<font color=red>Dispatched</font>,Dispatched,EUWS-3194,,705.84,1679498,Do Not Import,Marmaks Solushns DOOEL Skopje,Katerina Zafirovska,11 Jun 2026 3:36 PM,58,Shopify EUWS,Shopify EUWS,9 Jun 2026 11:41 AM,EU iFulfillment,0,10
8 Jun 2026 10:27 AM,<font color=red>Dispatched</font>,Dispatched,EUWS-3193,,1356.30,1678159,Do Not Import,Porte Plume,Benedicte Ardilouze,10 Jun 2026 2:36 PM,118,Shopify EUWS,Shopify EUWS,12 Jun 2026 1:00 AM,EU iFulfillment,0,10
8 Jun 2026 10:05 AM,<font color=red>Dispatched</font>,Dispatched,EUWS-3192,,0.00,1676663,Do Not Import,Wohnpalette,Anna Bosch,10 Jun 2026 10:38 AM,2,Shopify EUWS,Shopify EUWS,9 Jun 2026 11:26 AM,EU iFulfillment,0,10
8 Jun 2026 9:32 AM,<font color=red>Dispatched</font>,Dispatched,EUWS-3191,,0.00,1683643,Do Not Import,Les Ptits Tresors De Jade,Dominique Madec,12 Jun 2026 3:34 PM,61,Shopify EUWS,Shopify EUWS,16 Jun 2026 10:55 AM,EU iFulfillment,0,10
8 Jun 2026 9:05 AM,<font color=red>Dispatched</font>,Dispatched,EUWS-3190,,256.90,1676664,Do Not Import,Armonik Ltd.,Nina Ivanova Ivanova,9 Jun 2026 3:37 PM,20,Shopify EUWS,Shopify EUWS,9 Jun 2026 10:56 AM,EU iFulfillment,0,10
8 Jun 2026 4:40 AM,<font color=red>Dispatched</font>,Dispatched,USWS-19041,,222.78,1676767,Do Not Import,LinKit,Orit Hammer,10 Jun 2026 7:00 AM,32,Shopify USWS,Shopify USWS,10 Jun 2026 7:00 AM,US Geneva,0,10
7 Jun 2026 11:35 PM,<font color=red>Dispatched</font>,Dispatched,USWS-19040,,397.58,1700868,Do Not Import,The Inn At Long Beach,Liz Bland Galfsky,24 Jun 2026 7:00 AM,24,Shopify USWS,Shopify USWS,24 Jun 2026 7:00 AM,US Geneva,0,10
7 Jun 2026 9:05 PM,<font color=red>Dispatched</font>,Dispatched,USWS-19039,,520.04,1678380,Do Not Import,Catalina Stitching Company,Laura Wood,11 Jun 2026 7:00 AM,50,Shopify USWS,Shopify USWS,11 Jun 2026 7:00 AM,US Geneva,0,10
7 Jun 2026 5:25 PM,<font color=red>Dispatched</font>,Dispatched,USWS-19038,,258.15,1678318,Do Not Import,Marlee Sue,Taylor Ritchey,11 Jun 2026 7:00 AM,20,Shopify USWS,Shopify USWS,11 Jun 2026 7:00 AM,US Geneva,0,10
7 Jun 2026 2:23 PM,<font color=red>Dispatched</font>,Dispatched,UKWS-6699,,2255.58,1677976,Do Not Import,,dalal alsaeed,11 Jun 2026 1:50 PM,132,Shopify UKWS,Shopify UKWS,11 Jun 2026 1:00 AM,UK ILG,0,10
7 Jun 2026 3:45 AM,<font color=red>Dispatched</font>,Dispatched,USWS-19037,,1415.85,1678419,Do Not Import,Haute Totz,Jemilynn Mckee,11 Jun 2026 7:00 AM,86,Shopify USWS,Shopify USWS,11 Jun 2026 7:00 AM,US Geneva,0,10
6 Jun 2026 10:10 PM,<font color=red>Dispatched</font>,Dispatched,USWS-19036,,371.12,1678332,Do Not Import,Dune Jewelry,Holly Christensen/Dune Jewelry,11 Jun 2026 7:00 AM,26,Shopify USWS,Shopify USWS,11 Jun 2026 7:00 AM,US Geneva,0,10
6 Jun 2026 10:00 PM,<font color=red>Dispatched</font>,Dispatched,UKWS-6698,,884.11,1677897,Do Not Import,Sarah Thomson,Sarah Thomson,11 Jun 2026 11:50 AM,60,Shopify UKWS,Shopify UKWS,15 Jun 2026 1:12 AM,UK ILG,0,10
6 Jun 2026 9:10 PM,<font color=red>Dispatched</font>,Dispatched,USWS-19035,,323.72,1678277,Do Not Import,Bulb & Plant Mart 2026,Margaret Rotan,11 Jun 2026 7:00 AM,20,Shopify USWS,Shopify USWS,11 Jun 2026 7:00 AM,US Geneva,0,10
6 Jun 2026 6:55 PM,<font color=red>Dispatched</font>,Dispatched,USWS-19034,,523.86,1678331,Do Not Import,Cadeau Boutique,Sara Petras,11 Jun 2026 7:00 AM,26,Shopify USWS,Shopify USWS,11 Jun 2026 7:00 AM,US Geneva,0,10
6 Jun 2026 2:55 PM,<font color=red>Dispatched</font>,Dispatched,USWS-19033,,373.75,1678293,Do Not Import,North Bay Sport & Liquor INC,Alexandra Sommer,11 Jun 2026 7:00 AM,26,Shopify USWS,Shopify USWS,11 Jun 2026 7:00 AM,US Geneva,0,10
6 Jun 2026 11:50 AM,<font color=red>Dispatched</font>,Dispatched,UKWS-6697,,306.32,1674123,Do Not Import,"Parkland Caravan, Camping & Glamping Site",Tracey Parker,9 Jun 2026 11:40 AM,32,Shopify UKWS,Shopify UKWS,8 Jun 2026 1:25 PM,UK ILG,0,10
5 Jun 2026 9:37 PM,<font color=red>Dispatched</font>,Dispatched,EUWS-3189,,1835.79,1686313,"<font color=#7e57c2>Paid:€2124.00</font>",Cafe Mambo,Nikola Nagyova,18 Jun 2026 12:36 PM,150,Shopify EUWS,Shopify EUWS,26 Jun 2026 12:25 AM,EU iFulfillment,0,10
5 Jun 2026 8:10 PM,<font color=red>Dispatched</font>,Dispatched,USWS-19032,,321.80,1676897,Do Not Import,Scented Garden Gift Shop,Sandra Polom,10 Jun 2026 7:00 AM,26,Shopify USWS,Shopify USWS,10 Jun 2026 7:00 AM,US Geneva,0,10
5 Jun 2026 6:50 PM,<font color=red>Dispatched</font>,Dispatched,ASP11670-5,,2693.84,1715756,Imported,ArteBrands Sp. z o.o.,Wojciech Kopciewski,30 Jun 2026 9:40 AM,350,Shopify EUWS,Backend,19 Jun 2026 12:51 PM,EU iFulfillment,0,10
5 Jun 2026 6:25 PM,<font color=red>Dispatched</font>,Dispatched,USWS-19031,,1290.62,1676954,Do Not Import,Loved and Found,Elizabeth Vidrine,10 Jun 2026 7:00 AM,86,Shopify USWS,Shopify USWS,10 Jun 2026 7:00 AM,US Geneva,0,10
5 Jun 2026 5:45 PM,<font color=red>Dispatched</font>,Dispatched,USWS-19030,,517.05,1676908,Do Not Import,Bering's Hardware,martha hinojosa HINOJOSA,10 Jun 2026 7:00 AM,38,Shopify USWS,Shopify USWS,10 Jun 2026 7:00 AM,US Geneva,0,10
5 Jun 2026 5:40 PM,<font color=red>Dispatched</font>,Dispatched,USWS-19029,,517.05,1676930,Do Not Import,Bering's Hardware,martha hinojosa HINOJOSA,10 Jun 2026 7:00 AM,38,Shopify USWS,Shopify USWS,10 Jun 2026 7:00 AM,US Geneva,0,10
5 Jun 2026 4:24 PM,<font color=red>Dispatched</font>,Dispatched,EUWS-3188,,5177.05,1679500,Do Not Import,Trendstream Ltd,Rhianna Said,11 Jun 2026 4:39 PM,600,Shopify EUWS,Shopify EUWS,12 Jun 2026 5:58 PM,EU iFulfillment,0,10
5 Jun 2026 3:51 PM,<font color=red>Dispatched</font>,Dispatched,USWS-19028,,22.99,1670649,Do Not Import,Mac's Maple,Liz McNamara,8 Jun 2026 7:00 AM,3,Shopify USWS,Shopify USWS,8 Jun 2026 7:00 AM,US Geneva,0,10
5 Jun 2026 1:35 AM,<font color=red>Dispatched</font>,Dispatched,USWS-19027,,1082.54,1679733,Do Not Import,GLOW TROY,JULIE GLOW,12 Jun 2026 7:10 PM,85,Shopify USWS,Shopify USWS,12 Jun 2026 7:00 AM,US Geneva,0,10
4 Jun 2026 9:41 PM,<font color=red>Dispatched</font>,Dispatched,USWS-19026,,380.51,1674704,Do Not Import,Sugar Rush Candy and Gift Boutique,Andrea Festa,9 Jun 2026 7:00 AM,26,Shopify USWS,Shopify USWS,9 Jun 2026 7:00 AM,US Geneva,0,10
4 Jun 2026 5:23 PM,<font color=red>Dispatched</font>,Dispatched,USWS-19025,,324.63,1672459,Do Not Import,Bobinette Designs,Cerise Bermudez,8 Jun 2026 7:00 AM,10,Shopify USWS,Shopify USWS,8 Jun 2026 7:00 AM,US Geneva,0,10
4 Jun 2026 5:04 PM,<font color=red>Dispatched</font>,Dispatched,EUWS-3187,,1270.67,1676670,Do Not Import,Watt Bis,Legrix sandrine Legrix,10 Jun 2026 1:35 PM,105,Shopify EUWS,Shopify EUWS,12 Jun 2026 6:55 PM,EU iFulfillment,0,10
4 Jun 2026 4:22 PM,<font color=red>Dispatched</font>,Dispatched,UKWS-6696,,343.79,1674269,Do Not Import,Sutton Hoo Reception Village Retail,National Trust Supplier Invoices,9 Jun 2026 12:20 PM,24,Shopify UKWS,Shopify UKWS,11 Jun 2026 5:56 PM,UK ILG,0,10
4 Jun 2026 4:11 PM,<font color=red>Dispatched</font>,Dispatched,USWS-19024,,858.40,1673831,Do Not Import,"Klines ",KLINES C/O Fire Island Ferry,9 Jun 2026 7:00 AM,44,Shopify USWS,Shopify USWS,9 Jun 2026 7:00 AM,US Geneva,0,10
4 Jun 2026 3:12 PM,<font color=red>Dispatched</font>,Dispatched,EUWS-3186,,653.45,1673830,Do Not Import,EURL OBLADA,Marine Oblada,9 Jun 2026 9:36 AM,54,Shopify EUWS,Shopify EUWS,12 Jun 2026 1:00 AM,EU iFulfillment,0,10
4 Jun 2026 1:09 PM,<font color=red>Dispatched</font>,Dispatched,EUWS-3185,,335.16,1668252,Do Not Import,Marine Concept Store SRL,David Andra,9 Jun 2026 1:36 PM,24,Shopify EUWS,Shopify EUWS,11 Jun 2026 1:00 AM,EU iFulfillment,0,10
4 Jun 2026 11:13 AM,<font color=red>Dispatched</font>,Dispatched,UKWS-6695,,542.95,1672649,Do Not Import,Beachcomber Gift,Sarah Ward,8 Jun 2026 5:20 PM,38,Shopify UKWS,Shopify UKWS,12 Jun 2026 1:11 PM,UK ILG,0,10
4 Jun 2026 10:29 AM,"<font color=#009788>Open</font>",New - Future Ship Date,EUWS-3184,,773.57,1668269,Do Not Import,OHMAY,Tiffany Piquet Daumas,,132,Shopify EUWS,Shopify EUWS,1 Sep 2026 1:00 AM,EU iFulfillment,0,1
4 Jun 2026 10:26 AM,<font color=red>Dispatched</font>,Dispatched,EUWS-3183,,672.16,1674852,Do Not Import,OHMAY,Tiffany Piquet Daumas,9 Jun 2026 10:40 AM,104,Shopify EUWS,Shopify EUWS,11 Jun 2026 1:00 AM,EU iFulfillment,0,10
4 Jun 2026 9:09 AM,<font color=red>Dispatched</font>,Dispatched,EUWS-3182,,886.09,1674853,Do Not Import,BATHROOM GRAFITTI,Koukina AZUELOS,9 Jun 2026 8:35 AM,66,Shopify EUWS,Shopify EUWS,12 Jun 2026 11:27 AM,EU iFulfillment,0,10
3 Jun 2026 10:18 PM,<font color=red>Dispatched</font>,Dispatched,USWS-19023,,232.20,1672201,Do Not Import,Fifth Avenue Processing & Retail,Brooke Good,8 Jun 2026 7:00 AM,14,Shopify USWS,Shopify USWS,8 Jun 2026 7:00 AM,US Geneva,0,10
3 Jun 2026 7:35 PM,<font color=red>Dispatched</font>,Dispatched,USWS-19021,,453.50,1674903,Do Not Import,211 to Waterloo,Lisa Odai,9 Jun 2026 7:00 AM,24,Shopify USWS,Shopify USWS,9 Jun 2026 7:00 AM,US Geneva,0,10
3 Jun 2026 7:27 PM,<font color=red>Dispatched</font>,Dispatched,USWS-19020,,322.71,1673063,Do Not Import,Frazzleberries,K Schlichting,8 Jun 2026 7:00 AM,26,Shopify USWS,Shopify USWS,8 Jun 2026 7:00 AM,US Geneva,0,10
3 Jun 2026 3:35 PM,<font color=red>Dispatched</font>,Dispatched,UKWS-6694,,403.69,1671844,Do Not Import,Tame and Wild,Anna Darwin,8 Jun 2026 12:50 PM,39,Shopify UKWS,Shopify UKWS,4 Jun 2026 5:11 PM,UK ILG,0,10
3 Jun 2026 3:08 PM,<font color=red>Dispatched</font>,Dispatched,UKWS-6693,,514.45,1668814,Do Not Import,Taba Naba,Michaela Sawyer,5 Jun 2026 6:50 PM,44,Shopify UKWS,Shopify UKWS,4 Jun 2026 5:12 PM,UK ILG,0,10
3 Jun 2026 2:40 PM,<font color=red>Dispatched</font>,Dispatched,HIBO28174-3,,9748.80,1665891,"<font color=#7e57c2>Paid:£9748.80</font>",HiBob,Laura D’Amico,11 Jun 2026 3:20 PM,300,Shopify UKWS,Backend,12 Jun 2026 8:42 AM,UK ILG,0,10
3 Jun 2026 1:04 PM,<font color=red>Dispatched</font>,Dispatched,EUWS-3181,,326.68,1674854,Do Not Import,Christina Wolff-Staudigl,Monika Staudigl,9 Jun 2026 10:39 AM,32,Shopify EUWS,Shopify EUWS,12 Jun 2026 1:00 AM,EU iFulfillment,0,10
3 Jun 2026 12:33 PM,<font color=red>Dispatched</font>,Dispatched,UKWS-6692,,285.00,1668810,Do Not Import,The Pack Horse Inn,Kai Harper,5 Jun 2026 6:40 PM,26,Shopify UKWS,Shopify UKWS,4 Jun 2026 2:25 PM,UK ILG,0,10
3 Jun 2026 7:11 AM,<font color=red>Dispatched</font>,Dispatched,EUWS-3180,,616.08,1667015,Do Not Import,LAVLY STORE,Jarek Kulenda,3 Jun 2026 4:37 PM,51,Shopify EUWS,Shopify EUWS,4 Jun 2026 1:00 AM,EU iFulfillment,0,10
3 Jun 2026 3:35 AM,<font color=red>Dispatched</font>,Dispatched,USWS-19019,,566.87,1678543,Do Not Import,WRAPSODY HOOVER,KARSON PALMER,11 Jun 2026 7:00 AM,30,Shopify USWS,Shopify USWS,11 Jun 2026 7:00 AM,US Geneva,0,10
3 Jun 2026 3:35 AM,<font color=red>Dispatched</font>,Dispatched,USWS-19018,,1095.09,1672823,Do Not Import,Ellie B Boutique,Ashley Ellie B Boutique,8 Jun 2026 7:40 PM,72,Shopify USWS,Shopify USWS,8 Jun 2026 7:00 AM,US Geneva,0,10
2 Jun 2026 9:35 PM,<font color=red>Dispatched</font>,Dispatched,USWS-19017,,461.95,1668829,Do Not Import,Monkee's of myrtle beach,MANDI REAVES,5 Jun 2026 7:00 AM,30,Shopify USWS,Shopify USWS,5 Jun 2026 7:00 AM,US Geneva,0,10
2 Jun 2026 9:33 PM,<font color=red>Dispatched</font>,Dispatched,BSHO28769-1,161243,12435.20,1668768,"<font color=#7e57c2>Paid:€14375.00</font>",The British Shop," ",15 Jun 2026 11:20 AM,1150,Shopify UKWS,Backend,26 Jun 2026 3:38 PM,UK ILG,0,10
2 Jun 2026 7:41 PM,<font color=red>Dispatched</font>,Dispatched,USWS-19016,,337.10,1668516,Do Not Import,Stitch Doctor,Kelly Williams,5 Jun 2026 7:00 AM,18,Shopify USWS,Shopify USWS,5 Jun 2026 7:00 AM,US Geneva,0,10
2 Jun 2026 7:03 PM,<font color=red>Dispatched</font>,Dispatched,USWS-19015,,412.28,1668840,Do Not Import,Ballgown Barefoot/The Chesapeake Inn,gari lister,5 Jun 2026 7:00 AM,42,Shopify USWS,Shopify USWS,5 Jun 2026 7:00 AM,US Geneva,0,10
2 Jun 2026 6:36 PM,<font color=red>Dispatched</font>,Dispatched,USWS-19014,,259.37,1668843,Do Not Import,Beehive Specialty,Beehive 11596 Dell AM,5 Jun 2026 7:00 AM,26,Shopify USWS,Shopify USWS,5 Jun 2026 7:00 AM,US Geneva,0,10
2 Jun 2026 6:30 PM,<font color=red>Dispatched</font>,Dispatched,UKWS-6691,156742,1188.00,1671689,Do Not Import,A de Gruchy & Co Ltd.,A De Gruchy,8 Jun 2026 11:50 AM,96,Shopify UKWS,Shopify UKWS,3 Jun 2026 8:42 PM,UK ILG,0,10
2 Jun 2026 4:36 PM,<font color=red>Dispatched</font>,Dispatched,USWS-19013,,292.58,1668862,Do Not Import,Lemoncello Boutique,Lemoncello Kahle,5 Jun 2026 7:00 AM,26,Shopify USWS,Shopify USWS,5 Jun 2026 7:00 AM,US Geneva,0,10
2 Jun 2026 4:21 PM,<font color=red>Dispatched</font>,Dispatched,USWS-19012,,294.43,1668822,Do Not Import,Acquire Good,Tamala Levin,5 Jun 2026 7:00 AM,26,Shopify USWS,Shopify USWS,5 Jun 2026 7:00 AM,US Geneva,0,10
2 Jun 2026 3:51 PM,<font color=red>Dispatched</font>,Dispatched,UKWS-6690,,327.75,1668515,Do Not Import,Caberfeidh,Charles Smith,5 Jun 2026 3:10 PM,26,Shopify UKWS,Shopify UKWS,3 Jun 2026 5:25 PM,UK ILG,0,10
2 Jun 2026 3:37 PM,<font color=red>Dispatched</font>,Dispatched,EUWS-3179,,824.47,1673525,Do Not Import,,Roula Tabet Kesrouani,8 Jun 2026 1:59 PM,92,Shopify EUWS,Shopify EUWS,3 Jun 2026 5:11 PM,EU iFulfillment,0,10
2 Jun 2026 3:32 PM,<font color=red>Dispatched</font>,Dispatched,EUWS-3178,,604.55,1665349,Do Not Import,Das Lädchen,Andrea Grüninger,3 Jun 2026 1:39 PM,49,Shopify EUWS,Shopify EUWS,30 Apr 2026 1:00 AM,EU iFulfillment,0,10
2 Jun 2026 3:16 PM,<font color=red>Dispatched</font>,Dispatched,USWS-19011,,0.00,1667139,Do Not Import,DILLARDS,Salisbury Distribution 21,4 Jun 2026 7:00 AM,8,Shopify USWS,Shopify USWS,4 Jun 2026 7:00 AM,US Geneva,0,10
2 Jun 2026 3:09 PM,<font color=red>Dispatched</font>,Dispatched,UKWS-6689,,384.00,1668809,Do Not Import,susie greenwood interiors,Susie greenwood,5 Jun 2026 6:40 PM,24,Shopify UKWS,Shopify UKWS,4 Jun 2026 1:00 AM,UK ILG,0,10
2 Jun 2026 2:12 PM,<font color=red>Dispatched</font>,Dispatched,EUWS-3177,,1169.41,1674855,Do Not Import,Lonilead,Nicolas Caillet,9 Jun 2026 8:34 AM,102,Shopify EUWS,Shopify EUWS,12 Jun 2026 4:11 PM,EU iFulfillment,0,10
2 Jun 2026 1:37 PM,<font color=red>Dispatched</font>,Dispatched,CCRU28768-1,1714938,73287.72,1741467,Imported,Carnival Cruise Line,"ANDY HERNANDEZ ",15 Jul 2026 11:11 AM,3000,Shopify USWS,Backend,3 Aug 2026 1:39 PM,Direct to Client,0,0
2 Jun 2026 12:40 PM,<font color=red>Dispatched</font>,Dispatched,UKWS-6688,,669.25,1664824,Do Not Import,Filling Good,Sophie Ibison,17 Jun 2026 4:10 PM,65,Shopify UKWS,Shopify UKWS,19 Jun 2026 1:00 AM,UK ILG,0,10
2 Jun 2026 11:50 AM,<font color=red>Dispatched</font>,Dispatched,USWS-19010,,902.14,1668802,Do Not Import,She la la,Sheila Grow,5 Jun 2026 7:00 AM,80,Shopify USWS,Shopify USWS,5 Jun 2026 7:00 AM,US Geneva,0,10
2 Jun 2026 11:38 AM,<font color=red>Dispatched</font>,Dispatched,UKWS-6687,,803.52,1667060,Do Not Import,Bertie and Crew Ltd,Leanne Jones,5 Jun 2026 12:10 PM,78,Shopify UKWS,Shopify UKWS,10 Jun 2026 1:00 AM,UK ILG,0,10
2 Jun 2026 8:04 AM,<font color=red>Dispatched</font>,Dispatched,UKWS-6686,,597.86,1667059,Do Not Import,Sand Dollar,Gary Webb,5 Jun 2026 2:40 PM,52,Shopify UKWS,Shopify UKWS,10 Jun 2026 1:00 AM,UK ILG,0,10
2 Jun 2026 5:24 AM,<font color=red>Dispatched</font>,Dispatched,D27538-4,,0.00,1668403,Do Not Import,Dock & Bay - Abi,Abi Patrick,5 Jun 2026 2:20 PM,81,Shopify UKWS,Backend,12 Jun 2026 2:26 PM,UK ILG,0,10
1 Jun 2026 10:40 PM,<font color=red>Dispatched</font>,Dispatched,USWS-19008,,349.62,1666969,Do Not Import,Reunions,Molly Merbeth,4 Jun 2026 7:00 AM,32,Shopify USWS,Shopify USWS,4 Jun 2026 7:00 AM,US Geneva,0,10
1 Jun 2026 6:51 PM,<font color=red>Dispatched</font>,Dispatched,UKWS-6685,,0.00,1671971,Do Not Import,xyz," ",8 Jun 2026 1:50 PM,17,Shopify UKWS,Shopify UKWS,9 Jun 2026 8:42 PM,UK ILG,0,10
1 Jun 2026 5:58 PM,<font color=red>Dispatched</font>,Dispatched,USWS-19007,,579.78,1666968,Do Not Import,Sagamore Select,Jennifer Rogers,4 Jun 2026 7:00 AM,56,Shopify USWS,Shopify USWS,4 Jun 2026 7:00 AM,US Geneva,0,10
1 Jun 2026 4:11 PM,<font color=red>Dispatched</font>,Dispatched,UKWS-6684,4503892235,892.08,1676048,Do Not Import,Avolta - Lowfield Heath Warehouse,Jessica Boniface,10 Jun 2026 10:20 AM,78,Shopify UKWS,Shopify UKWS,9 Jun 2026 5:26 PM,UK ILG,0,10
1 Jun 2026 2:37 PM,<font color=red>Dispatched</font>,Dispatched,USWS-19006,,0.00,1672151,Do Not Import,"PatCo Showroom attn: Dock & Bay, ",Patrick & Co,8 Jun 2026 7:00 AM,10,Shopify USWS,Shopify USWS,8 Jun 2026 7:00 AM,US Geneva,0,10
1 Jun 2026 2:36 PM,<font color=red>Dispatched</font>,Dispatched,USWS-19005,,0.00,1672647,Do Not Import,"PatCo Showroom attn: Dock & Bay, ",Patrick & Co,8 Jun 2026 7:00 AM,10,Shopify USWS,Shopify USWS,8 Jun 2026 7:00 AM,US Geneva,0,10
1 Jun 2026 2:35 PM,<font color=red>Dispatched</font>,Dispatched,USWS-19004,,0.00,1672142,Do Not Import,"PatCo Showroom attn: Dock & Bay, ",Patrick & Co,8 Jun 2026 7:00 AM,10,Shopify USWS,Shopify USWS,8 Jun 2026 7:00 AM,US Geneva,0,10
1 Jun 2026 2:33 PM,<font color=red>Dispatched</font>,Dispatched,USWS-19003,,0.00,1672634,Do Not Import,"PatCo Showroom attn: Dock & Bay, ",Patrick & Co,8 Jun 2026 7:00 AM,10,Shopify USWS,Shopify USWS,8 Jun 2026 7:00 AM,US Geneva,0,10
1 Jun 2026 2:32 PM,<font color=red>Dispatched</font>,Dispatched,UKWS-6683,,468.92,1663285,Do Not Import,Nourish Stores,Sian Baker,2 Jun 2026 3:40 PM,28,Shopify UKWS,Shopify UKWS,2 Jun 2026 5:12 PM,UK ILG,0,10
1 Jun 2026 2:32 PM,<font color=red>Dispatched</font>,Dispatched,USWS-19002,,0.00,1672193,Do Not Import,"PatCo Showroom attn: Dock & Bay, ",Patrick & Co,8 Jun 2026 7:00 AM,10,Shopify USWS,Shopify USWS,8 Jun 2026 7:00 AM,US Geneva,0,10
1 Jun 2026 2:31 PM,<font color=red>Dispatched</font>,Dispatched,USWS-19001,,0.00,1672138,Do Not Import,"PatCo Showroom attn: Dock & Bay, ",Patrick & Co,8 Jun 2026 7:00 AM,10,Shopify USWS,Shopify USWS,8 Jun 2026 7:00 AM,US Geneva,0,10
1 Jun 2026 2:30 PM,<font color=red>Dispatched</font>,Dispatched,USWS-19000,,0.00,1672181,Do Not Import,"PatCo Showroom attn: Dock & Bay, ",Patrick & Co,8 Jun 2026 7:00 AM,10,Shopify USWS,Shopify USWS,8 Jun 2026 7:00 AM,US Geneva,0,10
1 Jun 2026 2:29 PM,<font color=red>Dispatched</font>,Dispatched,USWS-18999,,0.00,1672184,Do Not Import,"PatCo Showroom attn: Dock & Bay, ",Patrick & Co,8 Jun 2026 7:00 AM,10,Shopify USWS,Shopify USWS,8 Jun 2026 7:00 AM,US Geneva,0,10
1 Jun 2026 1:37 PM,<font color=red>Dispatched</font>,Dispatched,EUWS-3176,,411.21,1663114,Do Not Import,les Cup'inn,Amélie Lima,14 Jul 2026 11:35 AM,30,Shopify EUWS,Shopify EUWS,12 Jul 2026 1:00 AM,EU iFulfillment,0,10
1 Jun 2026 12:36 PM,<font color=red>Dispatched</font>,Dispatched,UKWS-6682,,733.30,1667062,Do Not Import,About Face,Helen Van Hoeve,4 Jun 2026 5:50 PM,62,Shopify UKWS,Shopify UKWS,10 Jun 2026 1:00 AM,UK ILG,0,10
1 Jun 2026 12:18 PM,<font color=red>Dispatched</font>,Dispatched,UKWS-6681,,1620.00,1665664,Do Not Import,Thursford Collection,George Cushing,3 Jun 2026 6:10 PM,108,Shopify UKWS,Shopify UKWS,2 Jun 2026 1:42 PM,UK ILG,0,10
1 Jun 2026 12:00 PM,<font color=red>Dispatched</font>,Dispatched,EUWS-3175,,541.78,1675814,Do Not Import,,Stephane Masson,9 Jun 2026 1:36 PM,42,Shopify EUWS,Shopify EUWS,12 Jun 2026 2:14 PM,EU iFulfillment,0,10
1 Jun 2026 11:01 AM,<font color=red>Dispatched</font>,Dispatched,UKWS-6680,,963.00,1663115,Do Not Import,Largs Chandlers Ltd,Jane Ashdown,11 Jun 2026 3:10 PM,66,Shopify UKWS,Shopify UKWS,12 Jun 2026,UK ILG,0,10
1 Jun 2026 10:37 AM,<font color=red>Dispatched</font>,Dispatched,UKWS-6679,,1667.88,1667156,Do Not Import,,Tomasz Machnikowski,4 Jun 2026 4:50 PM,110,Shopify UKWS,Shopify UKWS,9 Jun 2026 1:00 AM,UK ILG,0,10
1 Jun 2026 8:17 AM,<font color=red>Dispatched</font>,Dispatched,EUWS-3174,,1202.36,1668647,Do Not Import,"Karusa ",Monika Holzhauser,5 Jun 2026 9:40 AM,90,Shopify EUWS,Shopify EUWS,9 Jun 2026 9:56 AM,EU iFulfillment,0,10
31 May 2026 11:02 PM,<font color=red>Dispatched</font>,Dispatched,USWS-18998,,335.57,1667077,Do Not Import,Shoe Market,The Shoe market,4 Jun 2026 7:00 AM,18,Shopify USWS,Shopify USWS,4 Jun 2026 7:00 AM,US Geneva,0,10
31 May 2026 10:31 PM,"<font color=#009788>Open</font>",New - Future Ship Date,UKWS-6678,,1068.73,1659782,Do Not Import,,dale Skipper,,93,Shopify UKWS,Shopify UKWS,1 Sep 2026 1:00 AM,UK Preorder,0,1
31 May 2026 5:58 PM,<font color=red>Dispatched</font>,Dispatched,EUWS-3173,,636.30,1659794,Do Not Import,LES TOILES DU SOLEIL,Franck Minella,9 Jun 2026 3:37 PM,54,Shopify EUWS,Shopify EUWS,12 Jun 2026 1:00 AM,EU iFulfillment,0,10
31 May 2026 1:27 PM,<font color=red>Dispatched</font>,Dispatched,USWS-18997,,246.38,1667078,Do Not Import,Charm City Vintage Designs  t/a Sand & Silo Marketplace LLC,Sand & Silo Marketplace,4 Jun 2026 7:00 AM,18,Shopify USWS,Shopify USWS,4 Jun 2026 7:00 AM,US Geneva,0,10
31 May 2026 7:07 AM,<font color=red>Dispatched</font>,Dispatched,USWS-18996,,213.39,1667073,Do Not Import,Slope & Swell,Tam Le,4 Jun 2026 7:00 AM,20,Shopify USWS,Shopify USWS,4 Jun 2026 7:00 AM,US Geneva,0,10
30 May 2026 8:07 PM,<font color=red>Dispatched</font>,Dispatched,USWS-18995,,576.05,1666830,Do Not Import,Lake Effect,Danielle Riley,4 Jun 2026 7:00 AM,38,Shopify USWS,Shopify USWS,4 Jun 2026 7:00 AM,US Geneva,0,10
30 May 2026 4:47 PM,<font color=red>Dispatched</font>,Dispatched,USWS-18994,,506.08,1667025,Do Not Import,Hunt and Bloom,William Lewis,4 Jun 2026 7:00 AM,32,Shopify USWS,Shopify USWS,4 Jun 2026 7:00 AM,US Geneva,0,10
30 May 2026 2:47 PM,<font color=red>Dispatched</font>,Dispatched,UKWS-6677,,596.87,1662216,Do Not Import,dip store,Katherine Tryhorn,2 Jun 2026 10:50 AM,38,Shopify UKWS,Shopify UKWS,1 Jun 2026 4:12 PM,UK ILG,0,10
30 May 2026 1:12 PM,<font color=red>Dispatched</font>,Dispatched,USWS-18993,,296.22,1667045,Do Not Import,Aine's Boutique,Julie Centrella,4 Jun 2026 7:00 AM,20,Shopify USWS,Shopify USWS,4 Jun 2026 7:00 AM,US Geneva,0,10
30 May 2026 1:02 PM,<font color=red>Dispatched</font>,Dispatched,UKWS-6676,,370.12,1662154,Do Not Import,Beautiful Betty,Haley Stokoe,2 Jun 2026 10:20 AM,26,Shopify UKWS,Shopify UKWS,1 Jun 2026 2:43 PM,UK ILG,0,10
30 May 2026 12:32 PM,<font color=red>Dispatched</font>,Dispatched,UKWS-6675,,279.81,1662215,Do Not Import,Wyedoineedit,Jane Driscoll,2 Jun 2026 10:50 AM,40,Shopify UKWS,Shopify UKWS,1 Jun 2026 2:10 PM,UK ILG,0,10
29 May 2026 11:12 PM,<font color=red>Dispatched</font>,Dispatched,USWS-18992,,400.27,1665731,Do Not Import,Seamsmith Upholstery Studio LLC,Justin Smith,3 Jun 2026 7:00 AM,32,Shopify USWS,Shopify USWS,3 Jun 2026 7:00 AM,US Geneva,0,10
29 May 2026 10:32 PM,<font color=red>Dispatched</font>,Dispatched,USWS-18991,,1172.40,1665674,Do Not Import,Give Me 3,Lauren Bamburg,3 Jun 2026 7:00 AM,74,Shopify USWS,Shopify USWS,3 Jun 2026 7:00 AM,US Geneva,0,10
29 May 2026 10:12 PM,<font color=red>Dispatched</font>,Dispatched,USWS-18990,,910.66,1665683,Do Not Import,Maggie P's Boutique,Claire Wleczyk,3 Jun 2026 7:00 AM,56,Shopify USWS,Shopify USWS,3 Jun 2026 7:00 AM,US Geneva,0,10
29 May 2026 7:35 PM,<font color=red>Dispatched</font>,Dispatched,USWS-18989,,1248.37,1665609,Do Not Import,LILYMAES,LILYMAES Holczer,3 Jun 2026 7:00 AM,76,Shopify USWS,Shopify USWS,3 Jun 2026 7:00 AM,US Geneva,0,10
29 May 2026 7:35 PM,<font color=red>Dispatched</font>,Dispatched,USWS-18988,,1099.58,1665815,Do Not Import,IT'S SO WRIGHT,Tammy Wright,3 Jun 2026 7:00 AM,66,Shopify USWS,Shopify USWS,3 Jun 2026 7:00 AM,US Geneva,0,10
29 May 2026 6:26 PM,<font color=red>Dispatched</font>,Dispatched,FENW28480-6-1,PO000461826,974.86,1679063,"<font color=#7e57c2>Paid:£974.86</font>",Fenwick," ",12 Jun 2026 10:20 AM,72,Shopify UKWS,Backend,26 Jun 2026 12:27 PM,UK ILG,0,10
29 May 2026 6:23 PM,<font color=red>Dispatched</font>,Dispatched,USWS-18984,,1112.62,1665690,Do Not Import,Fiori and Fern,Michelle  Melissa Greenwood Dwyer,3 Jun 2026 7:00 AM,56,Shopify USWS,Shopify USWS,3 Jun 2026 7:00 AM,US Geneva,0,10
29 May 2026 6:22 PM,<font color=red>Dispatched</font>,Dispatched,FENW28480-5-1,PO000461827,1070.86,1679062,"<font color=#7e57c2>Paid:£1070.86</font>",Fenwick," ",12 Jun 2026 10:20 AM,76,Shopify UKWS,Backend,26 Jun 2026 12:22 PM,UK ILG,0,10
29 May 2026 6:15 PM,<font color=red>Dispatched</font>,Dispatched,FENW28480-4-1,PO000461828,536.90,1679061,"<font color=#7e57c2>Paid:£536.90</font>",Fenwick," ",12 Jun 2026 10:20 AM,40,Shopify UKWS,Backend,26 Jun 2026 12:16 PM,UK ILG,0,10
29 May 2026 6:09 PM,<font color=red>Dispatched</font>,Dispatched,FENW28480-3-1,PO000461830,337.97,1679060,"<font color=#7e57c2>Paid:£337.97</font>",Fenwick," ",12 Jun 2026 10:20 AM,24,Shopify UKWS,Backend,26 Jun 2026 12:10 PM,UK ILG,0,10
29 May 2026 5:57 PM,<font color=red>Dispatched</font>,Dispatched,FENW28480-2-1,PO000461832,649.87,1679059,"<font color=#7e57c2>Paid:£572.70</font>",Fenwick," ",12 Jun 2026 10:20 AM,50,Shopify UKWS,Backend,26 Jun 2026 12:01 PM,UK ILG,0,10
29 May 2026 5:40 PM,<font color=red>Dispatched</font>,Dispatched,USWS-18983,,1813.87,1666902,Do Not Import,,Shaun Spivey,4 Jun 2026 7:00 AM,112,Shopify USWS,Shopify USWS,4 Jun 2026 7:00 AM,US Geneva,0,10
29 May 2026 4:51 PM,<font color=red>Dispatched</font>,Dispatched,EUWS-3172,,2640.06,1674857,Do Not Import,BATHROOM GRAFITTI,Koukina AZUELOS,9 Jun 2026 9:37 AM,247,Shopify EUWS,Shopify EUWS,10 Jun 2026 6:42 PM,EU iFulfillment,0,10
29 May 2026 3:43 PM,"<font color=#009788>Open</font>",New,DILLARDS-3223429501,3223429501,4971.20,0,,DILLARDS,"Dillards Salisbury NC DC ",,396,Shopify USWS,Imported,5 Sep 2026 8:51 AM,Direct to Client,0,0
29 May 2026 3:43 PM,"<font color=#009788>Open</font>",New,DILLARDS-3223429503,3223429503,1657.07,0,,DILLARDS,"Dillards Kansas City DC ",,132,Shopify USWS,Imported,5 Sep 2026 8:51 AM,Direct to Client,0,0
29 May 2026 3:43 PM,"<font color=#009788>Open</font>",New,DILLARDS-3223429506,3223429506,3314.13,0,,DILLARDS,"Dillards Phoenix DC ",,264,Shopify USWS,Imported,5 Sep 2026 8:51 AM,Direct to Client,0,0
29 May 2026 3:43 PM,"<font color=#009788>Open</font>",New,DILLARDS-3223429502,3223429502,10770.93,0,,DILLARDS,"Dillards Valdosta Georgia DC ",,858,Shopify USWS,Imported,5 Sep 2026 9:12 AM,Direct to Client,0,0
29 May 2026 3:43 PM,"<font color=#009788>Open</font>",New,DILLARDS-3223429504,3223429504,9113.86,0,,DILLARDS,"Dillards Little Rock AK DC ",,726,Shopify USWS,Imported,5 Sep 2026 8:51 AM,Direct to Client,0,0
29 May 2026 3:43 PM,"<font color=#009788>Open</font>",New,DILLARDS-3223429505,3223429505,18552.15,0,,DILLARDS,"Dillards Ft Worth DC ",,1308,Shopify USWS,Imported,5 Sep 2026 8:51 AM,Direct to Client,0,0
29 May 2026 3:38 PM,"<font color=#009788>Open</font>",New,DILLARDS-3222503002,3222503002,5211.19,0,,DILLARDS,"Dillards Valdosta Georgia DC ",,468,Shopify USWS,Imported,5 Sep 2026 8:51 AM,Direct to Client,0,0
29 May 2026 3:38 PM,"<font color=#009788>Open</font>",New,DILLARDS-3222503003,3222503003,801.72,0,,DILLARDS,"Dillards Kansas City DC ",,72,Shopify USWS,Imported,5 Sep 2026 8:51 AM,Direct to Client,0,0
29 May 2026 3:38 PM,"<font color=#009788>Open</font>",New,DILLARDS-3222503005,3222503005,9620.67,0,,DILLARDS,"Dillards Ft Worth DC ",,864,Shopify USWS,Imported,5 Sep 2026 8:51 AM,Direct to Client,0,0
29 May 2026 3:38 PM,"<font color=#009788>Open</font>",New,DILLARDS-3222503006,3222503006,1603.44,0,,DILLARDS,"Dillards Phoenix DC ",,144,Shopify USWS,Imported,5 Sep 2026 8:51 AM,Direct to Client,0,0
29 May 2026 3:38 PM,"<font color=#009788>Open</font>",New,DILLARDS-3222503004,3222503004,4409.47,0,,DILLARDS,"Dillards Little Rock AK DC ",,396,Shopify USWS,Imported,5 Sep 2026 8:51 AM,Direct to Client,0,0
29 May 2026 3:38 PM,"<font color=#009788>Open</font>",New,DILLARDS-3222503001,3222503001,2405.17,0,,DILLARDS,"Dillards Salisbury NC DC ",,216,Shopify USWS,Imported,5 Sep 2026 8:45 AM,Direct to Client,0,0
29 May 2026 3:35 PM,<font color=red>Dispatched</font>,Dispatched,USWS-18982,,2320.99,1667107,Do Not Import,MOUNTAIN HIGH OUTFITTERS-WAREHOUSE,Mountain High,16 Jul 2026 7:00 AM,165,Shopify USWS,Shopify USWS,16 Jul 2026 7:00 AM,US Geneva,0,10
29 May 2026 3:32 PM,<font color=red>Dispatched</font>,Dispatched,USWS-18981,,185.72,1665134,Do Not Import,"eeziful.com DBA of Verveshop, LLC",Michele Bracci,3 Jun 2026 7:00 AM,20,Shopify USWS,Shopify USWS,3 Jun 2026 7:00 AM,US Geneva,0,10
29 May 2026 1:59 PM,<font color=red>Dispatched</font>,Dispatched,UKWS-6674,,1508.50,1662672,Do Not Import,Aloft co Ltd,beth Hillier,2 Jun 2026 1:20 PM,118,Shopify UKWS,Shopify UKWS,1 Jun 2026 3:40 PM,UK ILG,0,10
29 May 2026 11:29 AM,"<font color=#009788>Open</font>",Awaiting Payment,UKWS-6673,,275.81,0,Do Not Import,Rose & Lyons,nicky Mendoza-Wilson,,14,Shopify UKWS,Shopify UKWS,1 Sep 2026 1:00 AM,UK Preorder,0,1
29 May 2026 10:04 AM,<font color=red>Dispatched</font>,Dispatched,USWS-18980,,1148.85,1665649,Do Not Import,Black Sheep Sporting Goods,David Knoll // Black Sheep Sporting Goods,3 Jun 2026 7:00 AM,76,Shopify USWS,Shopify USWS,3 Jun 2026 7:00 AM,US Geneva,0,10
29 May 2026 10:00 AM,<font color=red>Dispatched</font>,Dispatched,UKWS-6671,NPO1049699,24.91,1668803,Do Not Import,Studland Knoll Beach Retail,Peter Maidment,5 Jun 2026 6:20 PM,12,Shopify UKWS,Shopify UKWS,10 Jun 2026 11:41 AM,UK ILG,0,10
29 May 2026 8:22 AM,<font color=red>Dispatched</font>,Dispatched,UKWS-6670,,1243.46,1660787,Do Not Import,Molly And Me Interiors,Mrs j creasey,1 Jun 2026 6:10 PM,86,Shopify UKWS,Shopify UKWS,28 Apr 2026 1:00 AM,UK ILG,0,10
28 May 2026 11:35 PM,<font color=red>Dispatched</font>,Dispatched,USWS-18979,,230.59,1673060,Do Not Import,Landy's Pharmacy,landy Gamble,8 Jun 2026 7:00 AM,12,Shopify USWS,Shopify USWS,8 Jun 2026 7:00 AM,US Geneva,0,10
28 May 2026 9:54 PM,<font color=red>Dispatched</font>,Dispatched,UKWS-6669,,346.50,1654901,Do Not Import,Roam & Surf,Kelly Glarvey,29 May 2026 11:10 AM,26,Shopify UKWS,Shopify UKWS,29 May 2026 11:25 PM,UK ILG,0,10
28 May 2026 9:34 PM,<font color=red>Dispatched</font>,Dispatched,UKWS-6668,503686,890.86,1667128,Do Not Import,Hillier Garden Centre Weyhill,Hillier Nurseries Limited,11 Jun 2026 10:20 AM,72,Shopify UKWS,Shopify UKWS,10 Jun 2026 10:55 PM,UK ILG,0,10
28 May 2026 9:19 PM,<font color=red>Dispatched</font>,Dispatched,USWS-18978,,278.08,1663059,Do Not Import,Lou + Dean,Melea Stockton,2 Jun 2026 7:00 AM,26,Shopify USWS,Shopify USWS,2 Jun 2026 7:00 AM,US Geneva,0,10
28 May 2026 6:20 PM,<font color=red>Dispatched</font>,Dispatched,USWS-18977,,291.66,1663050,Do Not Import,Seaside Home and Gifts,Heather Smiarowski,2 Jun 2026 7:00 AM,26,Shopify USWS,Shopify USWS,2 Jun 2026 7:00 AM,US Geneva,0,10
28 May 2026 6:15 PM,<font color=red>Dispatched</font>,Dispatched,UKWS-6667,,487.34,1655659,Do Not Import,ALKEMI store,Jeane Chung,29 May 2026 3:51 PM,28,Shopify UKWS,Shopify UKWS,29 May 2026 7:40 PM,UK ILG,0,10
28 May 2026 6:15 PM,<font color=red>Dispatched</font>,Dispatched,USWS-18976,,250.43,1663066,Do Not Import,nantucket magic,Nantucket Magic - Allison Steinberg Beach Towels,2 Jun 2026 7:00 AM,26,Shopify USWS,Shopify USWS,2 Jun 2026 7:00 AM,US Geneva,0,10
28 May 2026 5:35 PM,<font color=red>Dispatched</font>,Dispatched,USWS-18975,,562.42,1665710,Do Not Import,COTTAGE GROVE GIFT AND HOME,COTTAGE GROVE GIFT & Orders,3 Jun 2026 7:00 AM,30,Shopify USWS,Shopify USWS,3 Jun 2026 7:00 AM,US Geneva,0,10
28 May 2026 5:08 PM,<font color=red>Dispatched</font>,Dispatched,UKWS-6666,,572.80,1655879,Do Not Import,escape boutique,Escape Boutique,29 May 2026 5:20 PM,54,Shopify UKWS,Shopify UKWS,29 May 2026 6:40 PM,UK ILG,0,10
28 May 2026 4:58 PM,<font color=red>Dispatched</font>,Dispatched,UKWS-6665,,649.01,1665615,Do Not Import,Elys of Wimbledon,Chloe Powdrell,3 Jun 2026 5:10 PM,45,Shopify UKWS,Shopify UKWS,9 Jun 2026 6:25 PM,UK ILG,0,10
28 May 2026 4:29 PM,<font color=red>Dispatched</font>,Dispatched,UKWS-6664,,330.96,1654900,Do Not Import,Saltwater Sunshine,Heulwen Hardie,29 May 2026 11:10 AM,24,Shopify UKWS,Shopify UKWS,21 Apr 2026 1:00 AM,UK ILG,0,10
28 May 2026 4:26 PM,<font color=red>Dispatched</font>,Dispatched,S28757-1,,0.00,1656861,Do Not Import,Schauben & Co,Burke Price,30 May 2026 7:00 AM,36,Shopify USWS,Backend,30 May 2026 7:00 AM,US Geneva,0,10
28 May 2026 4:19 PM,<font color=red>Dispatched</font>,Dispatched,UKWS-6663,,1005.82,1660156,Do Not Import,,dale Skipper,1 Jun 2026 3:10 PM,88,Shopify UKWS,Shopify UKWS,28 Apr 2026 1:00 AM,UK ILG,0,10
28 May 2026 4:01 PM,<font color=red>Dispatched</font>,Dispatched,UKWS-6662,,1751.98,1655378,Do Not Import,A de Gruchy & Co Ltd.,A De Gruchy,29 May 2026 2:40 PM,140,Shopify UKWS,Shopify UKWS,29 May 2026 6:26 PM,UK ILG,0,10
28 May 2026 3:48 PM,<font color=red>Dispatched</font>,Dispatched,UKWS-6661,NPO1049699,1233.86,1660046,Do Not Import,Studland Knoll Beach Retail,Peter Maidment,1 Jun 2026 2:40 PM,84,Shopify UKWS,Shopify UKWS,29 May 2026 6:27 PM,UK ILG,0,10
28 May 2026 3:28 PM,<font color=red>Dispatched</font>,Dispatched,EUWS-3171,,2133.14,1672411,Do Not Import,"Lagardere Duty Free, s.r.o.",Charlotte Lambert,5 Jun 2026 3:35 PM,213,Shopify EUWS,Shopify EUWS,4 Jun 2026 4:55 PM,EU iFulfillment,0,10
28 May 2026 2:45 PM,<font color=red>Dispatched</font>,Dispatched,EUWS-3170,,1011.51,1665394,Do Not Import,Sarl Jorca / Jolibo,Orlane CARO,3 Jun 2026 8:37 AM,78,Shopify EUWS,Shopify EUWS,1 Jun 2026 1:00 AM,EU iFulfillment,0,10
28 May 2026 2:34 PM,<font color=red>Dispatched</font>,Dispatched,USWS-18974,,0.00,1673062,Do Not Import,Soluciones Diversas JI 0142105,Isalim Sanchez,8 Jun 2026 7:00 AM,42,Shopify USWS,Shopify USWS,8 Jun 2026 7:00 AM,US Geneva,0,10
28 May 2026 11:09 AM,<font color=red>Dispatched</font>,Dispatched,UKWS-6660,,943.47,1655064,Do Not Import,Ruby Tuesday,Fiona Nelson-van Loon,29 May 2026 11:50 AM,52,Shopify UKWS,Shopify UKWS,29 May 2026 12:40 PM,UK ILG,0,10
28 May 2026 9:34 AM,<font color=red>Dispatched</font>,Dispatched,EUWS-3169,,644.80,1667129,Do Not Import,Panama boutique,Stephane Meunier,9 Jun 2026 8:35 AM,44,Shopify EUWS,Shopify EUWS,12 Jun 2026 11:10 AM,EU iFulfillment,0,10
27 May 2026 11:35 PM,<font color=red>Dispatched</font>,Dispatched,USWS-18973,,4264.12,1656862,Do Not Import,Veterans United Home Loans,Veteran's United Home Roewe,30 May 2026 2:20 PM,322,Shopify USWS,Shopify USWS,30 May 2026 7:00 AM,US Geneva,0,10
27 May 2026 10:49 PM,<font color=red>Dispatched</font>,Dispatched,USWS-18972,,32.51,1657009,Do Not Import,Belle and Blush,Belle & Blush,30 May 2026 7:00 AM,4,Shopify USWS,Shopify USWS,30 May 2026 7:00 AM,US Geneva,0,10
27 May 2026 10:33 PM,<font color=red>Dispatched</font>,Dispatched,USWS-18971,,756.32,1660067,Do Not Import,STITCHING AROUND,Valeria Halley,1 Jun 2026 7:00 AM,54,Shopify USWS,Shopify USWS,1 Jun 2026 7:00 AM,US Geneva,0,10
27 May 2026 10:09 PM,<font color=red>Dispatched</font>,Dispatched,EUWS-3168,,1011.60,1660395,Do Not Import,Debarcadere,Catherine Longo,1 Jun 2026 12:39 PM,78,Shopify EUWS,Shopify EUWS,29 May 2026 12:12 AM,EU iFulfillment,0,10
27 May 2026 9:16 PM,<font color=red>Dispatched</font>,Dispatched,JLEW11511-80,695744,11473.22,1666542,Imported,John Lewis Ltd,John Lewis,4 Jun 2026 10:40 AM,940,Shopify UKWS,Backend,3 Jun 2026 3:16 PM,UK ILG,0,10
27 May 2026 8:50 PM,<font color=red>Dispatched</font>,Dispatched,USWS-18970,,177.00,1657040,Do Not Import,Mac's Maple,Liz McNamara,30 May 2026 7:00 AM,10,Shopify USWS,Shopify USWS,30 May 2026 7:00 AM,US Geneva,0,10
27 May 2026 7:57 PM,<font color=red>Dispatched</font>,Dispatched,UKWS-6659,,269.92,1652219,Do Not Import,Tolbooth Crafts,Linda White,28 May 2026 9:20 AM,24,Shopify UKWS,Shopify UKWS,28 May 2026 9:11 PM,UK ILG,0,10
27 May 2026 6:03 PM,<font color=red>Dispatched</font>,Dispatched,EUWS-3167,,887.35,1665395,Do Not Import,SiRiPiRi Concept Store,Iris Weidemann,3 Jun 2026 8:37 AM,70,Shopify EUWS,Shopify EUWS,1 Jun 2026 1:00 AM,EU iFulfillment,0,10
27 May 2026 5:35 PM,<font color=red>Dispatched</font>,Dispatched,USWS-18969,,600.97,1662931,Do Not Import,The Teacher Box/Libby Lou's Gifts,The Teacher Stines,2 Jun 2026 7:00 AM,36,Shopify USWS,Shopify USWS,2 Jun 2026 7:00 AM,US Geneva,0,10
27 May 2026 5:28 PM,<font color=red>Dispatched</font>,Dispatched,USWS-18968,,830.80,1656864,Do Not Import,J|Squared Group LLC,Jamis Adams,30 May 2026 7:00 AM,38,Shopify USWS,Shopify USWS,30 May 2026 7:00 AM,US Geneva,0,10
27 May 2026 5:12 PM,<font color=red>Dispatched</font>,Dispatched,UKWS-6658,,0.00,1652081,Do Not Import,Aloft co Ltd,beth Hillier,28 May 2026 8:20 AM,1,Shopify UKWS,Shopify UKWS,28 May 2026 7:10 PM,UK ILG,0,10
27 May 2026 3:56 PM,<font color=red>Dispatched</font>,Dispatched,EUWS-3166,,1876.94,1667109,Do Not Import,Couleur Nature,Corinne Crassard,9 Jun 2026 9:36 AM,138,Shopify EUWS,Shopify EUWS,10 Jun 2026 6:44 PM,EU iFulfillment,0,10
27 May 2026 12:37 PM,<font color=red>Dispatched</font>,Dispatched,UKWS-6657,,554.86,1652130,Do Not Import,Mine Boutique,Rebecca Beale,28 May 2026 8:40 AM,42,Shopify UKWS,Shopify UKWS,27 Apr 2026 1:00 AM,UK ILG,0,10
27 May 2026 11:22 AM,<font color=red>Dispatched</font>,Dispatched,UKWS-6656,,491.36,1652049,Do Not Import,Not Another Bill,Tara FAO Vada Bowling,28 May 2026 8:10 AM,30,Shopify UKWS,Shopify UKWS,28 May 2026 1:00 AM,UK ILG,0,10
27 May 2026 10:33 AM,<font color=red>Dispatched</font>,Dispatched,UKWS-6655,,1313.85,1652499,Do Not Import,Mooch Ealing Ltd,Evelyn O'Flaherty O'Connell,28 May 2026 11:20 AM,104,Shopify UKWS,Shopify UKWS,28 May 2026 1:11 PM,UK ILG,0,10
26 May 2026 11:04 PM,<font color=red>Dispatched</font>,Dispatched,USWS-18967,,773.31,1656882,Do Not Import,Loved and Found,Elizabeth Vidrine,30 May 2026 7:00 AM,74,Shopify USWS,Shopify USWS,30 May 2026 7:00 AM,US Geneva,0,10
26 May 2026 10:37 PM,<font color=red>Dispatched</font>,Dispatched,USWS-18966,,932.46,1650907,Do Not Import,,Megan Basaraba,17 Jun 2026 7:00 AM,73,Shopify USWS,Shopify USWS,17 Jun 2026 7:00 AM,US Geneva,0,10
26 May 2026 9:59 PM,<font color=red>Dispatched</font>,Dispatched,USWS-18965,,528.36,1656931,Do Not Import,Pepperlou Gifts,VALERIE CASSADY,30 May 2026 7:00 AM,56,Shopify USWS,Shopify USWS,30 May 2026 7:00 AM,US Geneva,0,10
26 May 2026 9:35 PM,<font color=red>Dispatched</font>,Dispatched,USWS-18963,,563.41,1660915,Do Not Import,"SWOOZIE'S #9",Ashley O'donnell,1 Jun 2026 7:00 AM,30,Shopify USWS,Shopify USWS,1 Jun 2026 7:00 AM,US Geneva,0,10
26 May 2026 9:35 PM,<font color=red>Dispatched</font>,Dispatched,USWS-18962,,563.41,1660670,Do Not Import,"SWOOZIE'S #9",Ashley O'donnell,1 Jun 2026 7:00 AM,30,Shopify USWS,Shopify USWS,1 Jun 2026 7:00 AM,US Geneva,0,10
26 May 2026 7:35 PM,<font color=red>Dispatched</font>,Dispatched,USWS-18946,,1323.23,1656838,Do Not Import,WONDER WORKS,ELIZABETH ROYALL,30 May 2026 7:00 AM,127,Shopify USWS,Shopify USWS,30 May 2026 7:00 AM,US Geneva,0,10
26 May 2026 6:34 PM,"<font color=#009788>Open</font>",New - Future Ship Date,JLEW11511-79,,16727.04,0,Do Not Import,John Lewis Ltd,John Lewis,,1120,Shopify UKWS,Backend,18 Sep 2026 12:47 PM,Direct to Client,0,0
26 May 2026 6:05 PM,<font color=red>Dispatched</font>,Dispatched,USWS-18961,,262.21,1656930,Do Not Import,Stitchmania,Vendor Team,30 May 2026 7:00 AM,18,Shopify USWS,Shopify USWS,30 May 2026 7:00 AM,US Geneva,0,10
26 May 2026 5:26 PM,<font color=red>Dispatched</font>,Dispatched,EUWS-3165,,651.46,1655588,Do Not Import,Basislager Karlsruhe eG,Tobias Denda,28 May 2026 5:35 PM,46,Shopify EUWS,Shopify EUWS,27 May 2026 7:11 PM,EU iFulfillment,0,10
26 May 2026 4:33 PM,<font color=red>Dispatched</font>,Dispatched,DILLARDS-3222925301-226,3222925301,70.01,1667349,Imported,DILLARDS,"Dillards Valdosta Georgia DC ",4 Jun 2026 7:00 AM,6,Shopify USWS,Imported,4 Jun 2026 7:00 AM,US Geneva,0,10
26 May 2026 4:33 PM,<font color=red>Dispatched</font>,Dispatched,DILLARDS-3222925301-203,3222925301,80.01,1667331,Imported,DILLARDS,"Dillards Valdosta Georgia DC ",4 Jun 2026 7:00 AM,6,Shopify USWS,Imported,4 Jun 2026 7:00 AM,US Geneva,0,10
26 May 2026 4:33 PM,<font color=red>Dispatched</font>,Dispatched,DILLARDS-3222925301-239,3222925301,40.01,1667346,Imported,DILLARDS,"Dillards Valdosta Georgia DC ",4 Jun 2026 7:00 AM,6,Shopify USWS,Imported,4 Jun 2026 7:00 AM,US Geneva,0,10
26 May 2026 4:33 PM,<font color=red>Dispatched</font>,Dispatched,DILLARDS-3222925301-248,3222925301,80.01,1667347,Imported,DILLARDS,"Dillards Valdosta Georgia DC ",4 Jun 2026 7:00 AM,6,Shopify USWS,Imported,4 Jun 2026 7:00 AM,US Geneva,0,10
26 May 2026 4:33 PM,<font color=red>Dispatched</font>,Dispatched,DILLARDS-3222925301-206,3222925301,74.01,1667348,Imported,DILLARDS,"Dillards Valdosta Georgia DC ",4 Jun 2026 7:00 AM,6,Shopify USWS,Imported,4 Jun 2026 7:00 AM,US Geneva,0,10
26 May 2026 4:33 PM,<font color=red>Dispatched</font>,Dispatched,DILLARDS-3222925301-201,3222925301,80.01,1667345,Imported,DILLARDS,"Dillards Valdosta Georgia DC ",4 Jun 2026 7:00 AM,6,Shopify USWS,Imported,4 Jun 2026 7:00 AM,US Geneva,0,10
26 May 2026 4:33 PM,<font color=red>Dispatched</font>,Dispatched,DILLARDS-3222925301-241,3222925301,151.14,1667350,Imported,DILLARDS,"Dillards Valdosta Georgia DC ",4 Jun 2026 7:00 AM,12,Shopify USWS,Imported,4 Jun 2026 7:00 AM,US Geneva,0,10
26 May 2026 3:05 PM,<font color=red>Dispatched</font>,Dispatched,USWS-18959,,302.27,1656929,Do Not Import,Salemi's Ace Hardware,Barbara Salemi,30 May 2026 7:00 AM,26,Shopify USWS,Shopify USWS,30 May 2026 7:00 AM,US Geneva,0,10
26 May 2026 2:35 PM,<font color=red>Dispatched</font>,Dispatched,UKWS-6653,NPO1047785	,745.20,1652129,Do Not Import,Studland Knoll Beach Retail,Peter Maidment,28 May 2026 8:40 AM,48,Shopify UKWS,Shopify UKWS,27 May 2026 3:56 PM,UK ILG,0,10
26 May 2026 2:27 PM,<font color=red>Dispatched</font>,Dispatched,EUWS-3164,,470.49,1669532,Do Not Import,SANSPORT.SK,"BAUMEDIA, SRO IC DPH: 2021770806",5 Jun 2026 4:35 PM,35,Shopify EUWS,Shopify EUWS,4 Jun 2026 1:00 AM,EU iFulfillment,0,10
26 May 2026 2:06 PM,<font color=red>Dispatched</font>,Dispatched,EUWS-3163,,366.55,1653382,Do Not Import,Chez Ginette,Fanny Jezequel,28 May 2026 10:35 AM,20,Shopify EUWS,Shopify EUWS,27 May 2026 3:58 PM,EU iFulfillment,0,10
26 May 2026 1:44 PM,<font color=red>Dispatched</font>,Dispatched,UKWS-6652,,686.89,1652261,Do Not Import,Ruby Tuesday,Fiona Nelson-van Loon,28 May 2026 9:40 AM,48,Shopify UKWS,Shopify UKWS,27 May 2026 3:25 PM,UK ILG,0,10
26 May 2026 10:07 AM,<font color=red>Dispatched</font>,Dispatched,EUWS-3162,,993.50,1656920,Do Not Import,Gebr. LOTTER KG,Gebr. Lotter KG  - Abt.63,29 May 2026 2:37 PM,69,Shopify EUWS,Shopify EUWS,27 May 2026 11:40 AM,EU iFulfillment,0,10
26 May 2026 8:56 AM,<font color=red>Dispatched</font>,Dispatched,EUWS-3161,,1159.86,1655589,Do Not Import,Insolite,Insolite Vidal,28 May 2026 3:36 PM,134,Shopify EUWS,Shopify EUWS,27 May 2026 10:40 AM,EU iFulfillment,0,10
25 May 2026 9:11 PM,<font color=red>Dispatched</font>,Dispatched,USWS-18958,,881.18,1690862,Do Not Import,,Dana Tennyson,19 Jun 2026 3:10 PM,68,Shopify USWS,Shopify USWS,19 Jun 2026 7:00 AM,US Geneva,0,10
25 May 2026 8:10 PM,<font color=red>Dispatched</font>,Dispatched,UKWS-6651,,330.75,1652048,Do Not Import,Barefoot Living,Emma Mason,28 May 2026 8:10 AM,26,Shopify UKWS,Shopify UKWS,26 May 2026 11:05 PM,UK ILG,0,10
25 May 2026 5:18 PM,<font color=red>Dispatched</font>,Dispatched,UKWS-6650,,552.11,1652344,Do Not Import,Harlyn Inn,Dan Gill,28 May 2026 10:10 AM,36,Shopify UKWS,Shopify UKWS,26 May 2026 7:49 PM,UK ILG,0,10
25 May 2026 4:16 PM,<font color=red>Dispatched</font>,Dispatched,USWS-18960,,250.40,1655668,Do Not Import,,Morgan Rathke,29 May 2026 7:00 AM,10,Shopify USWS,Shopify USWS,29 May 2026 7:00 AM,US Geneva,0,10
25 May 2026 3:35 PM,<font color=red>Dispatched</font>,Dispatched,USWS-18957,,109.53,1656209,Do Not Import,SARAH PARROTT,SARAH PARROTT,29 May 2026 7:00 AM,12,Shopify USWS,Shopify USWS,29 May 2026 7:00 AM,US Geneva,0,10
25 May 2026 2:37 PM,<font color=red>Dispatched</font>,Dispatched,UKWS-6654,,1091.81,1652697,Do Not Import,The Salcombe Boatstore Ltd,Jonathan Squire,28 May 2026 12:20 PM,48,Shopify UKWS,Shopify UKWS,29 Apr 2026 1:00 AM,UK ILG,0,10
25 May 2026 11:24 AM,<font color=red>Dispatched</font>,Dispatched,USWS-18956,,231.03,1656928,Do Not Import,Eastern shore core,Nicole Bellamy,30 May 2026 7:00 AM,22,Shopify USWS,Shopify USWS,30 May 2026 7:00 AM,US Geneva,0,10
24 May 2026 3:50 PM,<font color=red>Dispatched</font>,Dispatched,USWS-18955,,1112.55,1656830,Do Not Import,The Dunes Resort,Gregory Trzybinski,30 May 2026 7:00 AM,72,Shopify USWS,Shopify USWS,30 May 2026 7:00 AM,US Geneva,0,10
24 May 2026 12:56 PM,<font color=red>Dispatched</font>,Dispatched,EUWS-3160,,915.32,1665396,Do Not Import,WeekendMode,Patricia Vandenbroucke,3 Jun 2026 8:36 AM,96,Shopify EUWS,Shopify EUWS,25 May 2026 2:14 PM,EU iFulfillment,0,10
24 May 2026 12:09 AM,<font color=red>Dispatched</font>,Dispatched,USWS-18954,,248.66,1656927,Do Not Import,a Brock Retail Partners LLC dba All The Things Gift Shop,Amy Eggleston,30 May 2026 7:00 AM,20,Shopify USWS,Shopify USWS,30 May 2026 7:00 AM,US Geneva,0,10
23 May 2026 7:59 PM,<font color=red>Dispatched</font>,Dispatched,USWS-18953,,158.26,1656207,Do Not Import,Chic and Clover,Molly Keller,29 May 2026 7:00 AM,14,Shopify USWS,Shopify USWS,29 May 2026 7:00 AM,US Geneva,0,10
23 May 2026 7:04 PM,<font color=red>Dispatched</font>,Dispatched,UKWS-6649,,302.61,1648490,Do Not Import,Swinton Park Hotel,Felicity Lister,26 May 2026 1:50 PM,34,Shopify UKWS,Shopify UKWS,25 May 2026 9:56 PM,UK ILG,0,10
23 May 2026 10:56 AM,<font color=red>Dispatched</font>,Dispatched,UKWS-6648,,779.90,1652047,Do Not Import,Home and Bay,Cassandra Fielder,28 May 2026 8:10 AM,24,Shopify UKWS,Shopify UKWS,27 May 2026 1:00 AM,UK ILG,0,10
22 May 2026 11:35 PM,<font color=red>Dispatched</font>,Dispatched,USWS-18949,,1081.73,1656894,Do Not Import,SMALL TOWN CHARM STORE,Ilse Werner,30 May 2026 3:10 PM,77,Shopify USWS,Shopify USWS,30 May 2026 7:00 AM,US Geneva,0,10
22 May 2026 11:35 PM,<font color=red>Dispatched</font>,Dispatched,USWS-18948,,741.91,1656926,Do Not Import,AbbyLeigh Gifts,JANIS GAUDETTE,30 May 2026 3:40 PM,49,Shopify USWS,Shopify USWS,30 May 2026 7:00 AM,US Geneva,0,10
22 May 2026 11:35 PM,<font color=red>Dispatched</font>,Dispatched,USWS-18947,,500.81,1662963,Do Not Import,Grayco,Grayco LUBKIN,2 Jun 2026 7:00 AM,30,Shopify USWS,Shopify USWS,2 Jun 2026 7:00 AM,US Geneva,0,10
22 May 2026 6:04 PM,<font color=red>Dispatched</font>,Dispatched,USWS-18945,,430.49,1656925,Do Not Import,,Whitney Cooper,30 May 2026 7:00 AM,25,Shopify USWS,Shopify USWS,30 May 2026 7:00 AM,US Geneva,0,10
22 May 2026 4:31 PM,<font color=red>Dispatched</font>,Dispatched,USWS-18944,,2130.14,1667100,Do Not Import,Cargo International Consolidators Inc.,William Trujillo,15 Jun 2026 7:00 AM,200,Shopify USWS,Shopify USWS,15 Jun 2026 7:00 AM,US Geneva,0,10
22 May 2026 4:30 PM,<font color=red>Dispatched</font>,Dispatched,USWS-18943,,1824.77,1667105,Do Not Import,Cargo International Consolidators Inc.,William Trujillo,22 Jun 2026 7:00 AM,200,Shopify USWS,Shopify USWS,22 Jun 2026 7:00 AM,US Geneva,0,10
22 May 2026 3:04 PM,<font color=red>Dispatched</font>,Dispatched,USWS-18942,,662.44,1656932,Do Not Import,Clearly Yours,Heather Kruse,30 May 2026 7:00 AM,48,Shopify USWS,Shopify USWS,30 May 2026 7:00 AM,US Geneva,0,10
22 May 2026 12:16 PM,<font color=red>Dispatched</font>,Dispatched,EUWS-3159,,430.54,1651124,Do Not Import,Rhomeo decoration,Clarisse Rohmeo,27 May 2026 11:38 AM,36,Shopify EUWS,Shopify EUWS,29 May 2026 1:40 PM,EU iFulfillment,0,10
22 May 2026 11:09 AM,<font color=red>Dispatched</font>,Dispatched,UKWS-6647,,1634.90,1648383,Do Not Import,,Tomasz Machnikowski,26 May 2026 12:50 PM,80,Shopify UKWS,Shopify UKWS,25 May 2026 1:11 PM,UK ILG,0,10
22 May 2026 9:47 AM,<font color=red>Dispatched</font>,Dispatched,UKWS-6646,,612.00,1644002,Do Not Import,Recover Wellness Studios,Joe Snow,22 May 2026 3:50 PM,60,Shopify UKWS,Shopify UKWS,25 May 2026 1:25 PM,UK ILG,0,10
21 May 2026 10:19 PM,<font color=red>Dispatched</font>,Dispatched,USWS-18941,,475.24,1649388,Do Not Import,Bub+Beck by Madison Taylor,Jennifer Butler,26 May 2026 7:00 AM,30,Shopify USWS,Shopify USWS,26 May 2026 7:00 AM,US Geneva,0,10
21 May 2026 9:39 PM,<font color=red>Dispatched</font>,Dispatched,UKWS-6645,,498.75,1648016,Do Not Import,Two Hoots,Two Hoots,26 May 2026 10:40 AM,44,Shopify UKWS,Shopify UKWS,23 May 2026 12:40 AM,UK ILG,0,10
21 May 2026 9:35 PM,<font color=red>Dispatched</font>,Dispatched,USWS-18940,,1249.63,1672218,Do Not Import,Ultimate Gifts,Lauren McKenzie,8 Jun 2026 7:00 AM,84,Shopify USWS,Shopify USWS,8 Jun 2026 7:00 AM,US Geneva,0,10
21 May 2026 5:54 PM,<font color=red>Dispatched</font>,Dispatched,USWS-18939,,269.04,1649404,Do Not Import,Leti and Lela Creative,Shannyn Romero,26 May 2026 7:00 AM,26,Shopify USWS,Shopify USWS,26 May 2026 7:00 AM,US Geneva,0,10
21 May 2026 5:39 PM,<font color=red>Dispatched</font>,Dispatched,USWS-18938,,1025.36,1648765,Do Not Import,Ruby + Begonia luxury Apothecary,Sabrina vaseleck,26 May 2026 7:00 AM,86,Shopify USWS,Shopify USWS,26 May 2026 7:00 AM,US Geneva,0,10
21 May 2026 4:34 PM,<font color=red>Dispatched</font>,Dispatched,UKWS-6644,,378.00,1643598,Do Not Import,Sophie,Victoria Rampton,22 May 2026 11:21 AM,26,Shopify UKWS,Shopify UKWS,22 May 2026 5:55 PM,UK ILG,0,10
21 May 2026 3:20 PM,<font color=red>Dispatched</font>,Dispatched,USWS-18937,,590.08,1648340,Do Not Import,Sassy Bee,SASSY BEE,26 May 2026 7:00 AM,50,Shopify USWS,Shopify USWS,26 May 2026 7:00 AM,US Geneva,0,10
21 May 2026 3:06 PM,<font color=red>Dispatched</font>,Dispatched,UKWS-6643,,875.66,1650621,Do Not Import,Two Red Dogs,Alan TBD,27 May 2026 12:40 PM,78,Shopify UKWS,Shopify UKWS,28 May 2026 1:00 AM,UK ILG,0,10
21 May 2026 12:51 PM,<font color=red>Dispatched</font>,Dispatched,UKWS-6642,,263.36,1643503,Do Not Import,jack + the bay,Joanna Harrison,22 May 2026 10:40 AM,24,Shopify UKWS,Shopify UKWS,22 May 2026 2:40 PM,UK ILG,0,10
21 May 2026 10:37 AM,<font color=red>Dispatched</font>,Dispatched,USWS-18936,,777.42,1644177,Do Not Import,STUDIO MIKAN,WENDY STARCEVIC,22 May 2026 7:00 AM,54,Shopify USWS,Shopify USWS,22 May 2026 7:00 AM,US Geneva,0,10
21 May 2026 10:04 AM,<font color=red>Dispatched</font>,Dispatched,EUWS-3158,,796.57,1648962,Do Not Import,Lucie in the R,Emilie Nackaents,26 May 2026 8:36 AM,67,Shopify EUWS,Shopify EUWS,27 May 2026 1:00 AM,EU iFulfillment,0,10
21 May 2026 5:35 AM,<font color=red>Dispatched</font>,Dispatched,USWS-18935,,1021.42,1648429,Do Not Import,STRIPLING'S GENERAL STORE,ASHLEY GOSS,26 May 2026 1:20 PM,33,Shopify USWS,Shopify USWS,26 May 2026 7:00 AM,US Geneva,0,10
21 May 2026 5:35 AM,<font color=red>Dispatched</font>,Dispatched,USWS-18934,,225.11,1648612,Do Not Import,Peppy's,Terri Humphrey,26 May 2026 7:00 AM,12,Shopify USWS,Shopify USWS,26 May 2026 7:00 AM,US Geneva,0,10
20 May 2026 11:41 PM,<font color=red>Dispatched</font>,Dispatched,USWS-18933,,387.16,1648410,Do Not Import,The Print Shop,The Print Shop,26 May 2026 7:00 AM,38,Shopify USWS,Shopify USWS,26 May 2026 7:00 AM,US Geneva,0,10
20 May 2026 11:35 PM,<font color=red>Dispatched</font>,Dispatched,USWS-18932,,287.46,1659775,Do Not Import,ALABAMA OUTDOORS,ALABAMA Richey,8 Jun 2026 7:00 AM,18,Shopify USWS,Shopify USWS,8 Jun 2026 7:00 AM,US Geneva,0,10
20 May 2026 10:11 PM,<font color=red>Dispatched</font>,Dispatched,USWS-18931,,392.12,1649389,Do Not Import,Maggie Js,Kristi Wilbanks,26 May 2026 7:00 AM,26,Shopify USWS,Shopify USWS,26 May 2026 7:00 AM,US Geneva,0,10
20 May 2026 9:28 PM,<font color=red>Dispatched</font>,Dispatched,USWS-18930,,804.87,1648317,Do Not Import,GE - EXHIBITIONS CARGO,Ashley Clarkin,26 May 2026 7:00 AM,68,Shopify USWS,Shopify USWS,26 May 2026 7:00 AM,US Geneva,0,10
20 May 2026 2:44 PM,<font color=red>Dispatched</font>,Dispatched,UKWS-6641,,1408.46,1648260,Do Not Import,Twenty Three Living Ltd,Louise Haisman,26 May 2026 11:40 AM,114,Shopify UKWS,Shopify UKWS,27 May 2026 1:00 AM,UK ILG,0,10
20 May 2026 1:41 PM,<font color=red>Dispatched</font>,Dispatched,USWS-18929,,656.42,1648316,Do Not Import,Van Poole Properties,Landon Leblanc | HER BEST LIFE,26 May 2026 7:00 AM,56,Shopify USWS,Shopify USWS,26 May 2026 7:00 AM,US Geneva,0,10
20 May 2026 1:22 PM,<font color=red>Dispatched</font>,Dispatched,EUWS-3157,,674.43,1651126,Do Not Import,Mixtura-Apotheke OG,Romana Aichinger,27 May 2026 12:38 PM,42,Shopify EUWS,Shopify EUWS,28 May 2026 1:00 AM,EU iFulfillment,0,10
20 May 2026 12:36 PM,<font color=red>Dispatched</font>,Dispatched,USWS-18928,,455.35,1648408,Do Not Import,TIDES,Lauren Nigrelli,26 May 2026 7:00 AM,38,Shopify USWS,Shopify USWS,26 May 2026 7:00 AM,US Geneva,0,10
20 May 2026 10:52 AM,<font color=red>Dispatched</font>,Dispatched,UKWS-6640,,797.54,1642168,Do Not Import,WICKED UNCLE,Liam O'Shea,21 May 2026 10:50 AM,90,Shopify UKWS,Shopify UKWS,21 May 2026 12:40 PM,UK ILG,0,10
20 May 2026 9:28 AM,<font color=red>Dispatched</font>,Dispatched,UKWS-6639,,0.00,1643483,Do Not Import,Not Another Bill,Tara Leaper,22 May 2026 10:20 AM,2,Shopify UKWS,Shopify UKWS,21 May 2026 11:25 AM,UK ILG,0,10
19 May 2026 7:55 PM,<font color=red>Dispatched</font>,Dispatched,UKWS-6638,,283.50,1640848,Do Not Import,Mahalo home,Kim Ryder,20 May 2026 12:20 PM,20,Shopify UKWS,Shopify UKWS,20 May 2026 9:25 PM,UK ILG,0,10
19 May 2026 6:40 PM,<font color=red>Dispatched</font>,Dispatched,UKWS-6637,,405.97,1643535,Do Not Import,Ameba hair design,Christine Sharp,22 May 2026 10:50 AM,25,Shopify UKWS,Shopify UKWS,27 May 2026,UK ILG,0,10
19 May 2026 6:11 PM,<font color=red>Dispatched</font>,Dispatched,USWS-18927,,837.20,1644191,Do Not Import,Homestead Gardens,HOMESTEAD GARDENS,22 May 2026 7:00 AM,78,Shopify USWS,Shopify USWS,22 May 2026 7:00 AM,US Geneva,0,10
19 May 2026 6:01 PM,<font color=red>Dispatched</font>,Dispatched,UKWS-6636,,844.20,1642363,Do Not Import,Ella's Emporium,Carol Bradshaw,21 May 2026 12:50 PM,54,Shopify UKWS,Shopify UKWS,25 May 2026 1:00 AM,UK ILG,0,10
19 May 2026 5:42 PM,<font color=red>Dispatched</font>,Dispatched,UKWS-6635,,484.61,1642267,Do Not Import,,Sarah Ward,21 May 2026 11:41 AM,32,Shopify UKWS,Shopify UKWS,20 May 2026 1:00 AM,UK ILG,0,10
19 May 2026 5:14 PM,<font color=red>Dispatched</font>,Dispatched,USWS-18926,,258.73,1644096,Do Not Import,Box Bar,Box Bar,22 May 2026 7:00 AM,26,Shopify USWS,Shopify USWS,22 May 2026 7:00 AM,US Geneva,0,10
19 May 2026 4:50 PM,<font color=red>Dispatched</font>,Dispatched,USWS-18925,,0.00,1651517,Do Not Import,Garlic and Oil Market,JPC Alliance Dba Garlic And Oil,27 May 2026 7:00 AM,1,Shopify USWS,Shopify USWS,27 May 2026 7:00 AM,US Geneva,0,10
19 May 2026 4:43 PM,<font color=red>Dispatched</font>,Dispatched,EUWS-3156,,672.37,1651127,Do Not Import,Ideco store,SOURISSEAU Nathalie,26 May 2026 9:42 AM,64,Shopify EUWS,Shopify EUWS,27 May 2026 6:11 PM,EU iFulfillment,0,10
19 May 2026 2:51 PM,<font color=red>Dispatched</font>,Dispatched,EUWS-3155,,627.56,1660397,Do Not Import,Hadrien Boulogne,Noemi Nolleau,29 May 2026 12:36 PM,54,Shopify EUWS,Shopify EUWS,27 May 2026 1:00 AM,EU iFulfillment,0,10
19 May 2026 9:02 AM,<font color=red>Dispatched</font>,Dispatched,EUWS-3154,,691.46,1667098,Do Not Import,SARL METAMORPHOSE,CECILE Sisco,10 Jun 2026 9:37 AM,61,Shopify EUWS,Shopify EUWS,10 Jun 2026 11:59 AM,EU iFulfillment,0,10
18 May 2026 4:34 PM,<font color=red>Dispatched</font>,Dispatched,USWS-18924,,3182.60,1642619,Do Not Import,,RAFIK BASSALI,21 May 2026 7:00 AM,222,Shopify USWS,Shopify USWS,21 May 2026 7:00 AM,US Geneva,0,10
18 May 2026 4:33 PM,<font color=red>Dispatched</font>,Dispatched,DILLARDS-3221541101-156,3221541101,72.00,1656081,Imported,DILLARDS,"Dillards Salisbury NC DC ",29 May 2026 7:00 AM,6,Shopify USWS,Imported,29 May 2026 7:00 AM,US Geneva,0,10
18 May 2026 4:33 PM,<font color=red>Dispatched</font>,Dispatched,DILLARDS-3221541104-770,3221541104,216.00,1656348,Imported,DILLARDS,"Dillards Ft Worth DC ",29 May 2026 7:00 AM,12,Shopify USWS,Imported,29 May 2026 7:00 AM,US Geneva,0,10
18 May 2026 4:33 PM,<font color=red>Dispatched</font>,Dispatched,DILLARDS-3221541104-795,3221541104,207.90,1656351,Imported,DILLARDS,"Dillards Ft Worth DC ",29 May 2026 7:00 AM,12,Shopify USWS,Imported,29 May 2026 7:00 AM,US Geneva,0,10
18 May 2026 4:33 PM,<font color=red>Dispatched</font>,Dispatched,DILLARDS-3221541104-737,3221541104,72.00,1656340,Imported,DILLARDS,"Dillards Ft Worth DC ",29 May 2026 7:00 AM,6,Shopify USWS,Imported,29 May 2026 7:00 AM,US Geneva,0,10
18 May 2026 4:33 PM,<font color=red>Dispatched</font>,Dispatched,DILLARDS-3221541104-746,3221541104,180.00,1656346,Imported,DILLARDS,"Dillards Ft Worth DC ",29 May 2026 7:00 AM,12,Shopify USWS,Imported,29 May 2026 7:00 AM,US Geneva,0,10
18 May 2026 4:33 PM,<font color=red>Dispatched</font>,Dispatched,DILLARDS-3221541105-924,3221541105,57.60,1656019,Imported,DILLARDS,"Dillards Phoenix DC ",29 May 2026 7:00 AM,6,Shopify USWS,Imported,29 May 2026 7:00 AM,US Geneva,0,10
18 May 2026 4:33 PM,<font color=red>Dispatched</font>,Dispatched,DILLARDS-3221541105-930,3221541105,80.40,1656009,Imported,DILLARDS,"Dillards Phoenix DC ",29 May 2026 7:00 AM,6,Shopify USWS,Imported,29 May 2026 7:00 AM,US Geneva,0,10
18 May 2026 4:33 PM,<font color=red>Dispatched</font>,Dispatched,DILLARDS-3221541104-701,3221541104,83.85,1656320,Imported,DILLARDS,"Dillards Ft Worth DC ",29 May 2026 7:00 AM,12,Shopify USWS,Imported,29 May 2026 7:00 AM,US Geneva,0,10
18 May 2026 4:33 PM,<font color=red>Dispatched</font>,Dispatched,DILLARDS-3221541101-143,3221541101,125.10,1656007,Imported,DILLARDS,"Dillards Salisbury NC DC ",29 May 2026 7:00 AM,12,Shopify USWS,Imported,29 May 2026 7:00 AM,US Geneva,0,10
18 May 2026 4:33 PM,<font color=red>Dispatched</font>,Dispatched,DILLARDS-3221541103-435,3221541103,71.35,1656577,Imported,DILLARDS,"Dillards Little Rock AK DC ",29 May 2026 7:00 AM,6,Shopify USWS,Imported,29 May 2026 7:00 AM,US Geneva,0,10
18 May 2026 4:33 PM,<font color=red>Dispatched</font>,Dispatched,DILLARDS-3221541104-730,3221541104,34.49,1656337,Imported,DILLARDS,"Dillards Ft Worth DC ",29 May 2026 7:00 AM,6,Shopify USWS,Imported,29 May 2026 7:00 AM,US Geneva,0,10
18 May 2026 4:33 PM,<font color=red>Dispatched</font>,Dispatched,DILLARDS-3221541105-910,3221541105,203.69,1656065,Imported,DILLARDS,"Dillards Phoenix DC ",29 May 2026 7:00 AM,18,Shopify USWS,Imported,29 May 2026 7:00 AM,US Geneva,0,10
18 May 2026 4:33 PM,<font color=red>Dispatched</font>,Dispatched,DILLARDS-3221541105-921,3221541105,80.40,1656002,Imported,DILLARDS,"Dillards Phoenix DC ",29 May 2026 7:00 AM,6,Shopify USWS,Imported,29 May 2026 7:00 AM,US Geneva,0,10
18 May 2026 4:33 PM,<font color=red>Dispatched</font>,Dispatched,DILLARDS-3221541105-960,3221541105,80.40,1656026,Imported,DILLARDS,"Dillards Phoenix DC ",29 May 2026 7:00 AM,6,Shopify USWS,Imported,29 May 2026 7:00 AM,US Geneva,0,10
18 May 2026 4:33 PM,<font color=red>Dispatched</font>,Dispatched,DILLARDS-3221541103-437,3221541103,114.38,1656576,Imported,DILLARDS,"Dillards Little Rock AK DC ",29 May 2026 7:00 AM,12,Shopify USWS,Imported,29 May 2026 7:00 AM,US Geneva,0,10
18 May 2026 4:33 PM,<font color=red>Dispatched</font>,Dispatched,DILLARDS-3221541104-722,3221541104,43.28,1656336,Imported,DILLARDS,"Dillards Ft Worth DC ",29 May 2026 7:00 AM,6,Shopify USWS,Imported,29 May 2026 7:00 AM,US Geneva,0,10
18 May 2026 4:33 PM,<font color=red>Dispatched</font>,Dispatched,DILLARDS-3221541104-748,3221541104,405.72,1656347,Imported,DILLARDS,"Dillards Ft Worth DC ",29 May 2026 7:00 AM,36,Shopify USWS,Imported,29 May 2026 7:00 AM,US Geneva,0,10
18 May 2026 4:33 PM,<font color=red>Dispatched</font>,Dispatched,DILLARDS-3221541102-208,3221541102,40.57,1656083,Imported,DILLARDS,"Dillards Valdosta Georgia DC ",29 May 2026 7:00 AM,6,Shopify USWS,Imported,29 May 2026 7:00 AM,US Geneva,0,10
18 May 2026 4:33 PM,<font color=red>Dispatched</font>,Dispatched,DILLARDS-3221541103-425,3221541103,70.23,1656579,Imported,DILLARDS,"Dillards Little Rock AK DC ",29 May 2026 7:00 AM,6,Shopify USWS,Imported,29 May 2026 7:00 AM,US Geneva,0,10
18 May 2026 4:33 PM,<font color=red>Dispatched</font>,Dispatched,DILLARDS-3221541103-460,3221541103,42.81,1656575,Imported,DILLARDS,"Dillards Little Rock AK DC ",29 May 2026 7:00 AM,6,Shopify USWS,Imported,29 May 2026 7:00 AM,US Geneva,0,10
18 May 2026 4:33 PM,<font color=red>Dispatched</font>,Dispatched,DILLARDS-3221541104-744,3221541104,324.57,1656344,Imported,DILLARDS,"Dillards Ft Worth DC ",29 May 2026 7:00 AM,24,Shopify USWS,Imported,29 May 2026 7:00 AM,US Geneva,0,10
18 May 2026 4:33 PM,<font color=red>Dispatched</font>,Dispatched,DILLARDS-3221541104-745,3221541104,205.56,1656345,Imported,DILLARDS,"Dillards Ft Worth DC ",29 May 2026 7:00 AM,18,Shopify USWS,Imported,29 May 2026 7:00 AM,US Geneva,0,10
18 May 2026 4:33 PM,<font color=red>Dispatched</font>,Dispatched,DILLARDS-3221541101-355,3221541101,43.28,1656013,Imported,DILLARDS,"Dillards Salisbury NC DC ",29 May 2026 7:00 AM,6,Shopify USWS,Imported,29 May 2026 7:00 AM,US Geneva,0,10
18 May 2026 4:33 PM,<font color=red>Dispatched</font>,Dispatched,DILLARDS-3221541102-239,3221541102,124.42,1656052,Imported,DILLARDS,"Dillards Valdosta Georgia DC ",29 May 2026 7:00 AM,12,Shopify USWS,Imported,29 May 2026 7:00 AM,US Geneva,0,10
18 May 2026 4:33 PM,<font color=red>Dispatched</font>,Dispatched,DILLARDS-3221541105-922,3221541105,80.40,1656077,Imported,DILLARDS,"Dillards Phoenix DC ",29 May 2026 7:00 AM,6,Shopify USWS,Imported,29 May 2026 7:00 AM,US Geneva,0,10
18 May 2026 4:33 PM,<font color=red>Dispatched</font>,Dispatched,DILLARDS-3221541102-247,3221541102,81.14,1656062,Imported,DILLARDS,"Dillards Valdosta Georgia DC ",29 May 2026 7:00 AM,6,Shopify USWS,Imported,29 May 2026 7:00 AM,US Geneva,0,10
18 May 2026 4:33 PM,<font color=red>Dispatched</font>,Dispatched,DILLARDS-3221541104-717,3221541104,205.56,1656322,Imported,DILLARDS,"Dillards Ft Worth DC ",29 May 2026 7:00 AM,18,Shopify USWS,Imported,29 May 2026 7:00 AM,US Geneva,0,10
18 May 2026 4:33 PM,<font color=red>Dispatched</font>,Dispatched,DILLARDS-3221541102-203,3221541102,43.28,1656090,Imported,DILLARDS,"Dillards Valdosta Georgia DC ",29 May 2026 7:00 AM,6,Shopify USWS,Imported,29 May 2026 7:00 AM,US Geneva,0,10
18 May 2026 4:33 PM,<font color=red>Dispatched</font>,Dispatched,DILLARDS-3221541103-408,3221541103,224.07,1656582,Imported,DILLARDS,"Dillards Little Rock AK DC ",29 May 2026 7:00 AM,30,Shopify USWS,Imported,29 May 2026 7:00 AM,US Geneva,0,10
18 May 2026 4:33 PM,<font color=red>Dispatched</font>,Dispatched,DILLARDS-3221541104-735,3221541104,43.28,1656339,Imported,DILLARDS,"Dillards Ft Worth DC ",29 May 2026 7:00 AM,6,Shopify USWS,Imported,29 May 2026 7:00 AM,US Geneva,0,10
18 May 2026 4:33 PM,<font color=red>Dispatched</font>,Dispatched,DILLARDS-3221541104-786,3221541104,81.14,1656350,Imported,DILLARDS,"Dillards Ft Worth DC ",29 May 2026 7:00 AM,6,Shopify USWS,Imported,29 May 2026 7:00 AM,US Geneva,0,10
18 May 2026 4:33 PM,<font color=red>Dispatched</font>,Dispatched,DILLARDS-3221541104-798,3221541104,162.29,1656352,Imported,DILLARDS,"Dillards Ft Worth DC ",29 May 2026 7:00 AM,12,Shopify USWS,Imported,29 May 2026 7:00 AM,US Geneva,0,10
18 May 2026 4:33 PM,<font color=red>Dispatched</font>,Dispatched,DILLARDS-3221541102-215,3221541102,54.10,1656084,Imported,DILLARDS,"Dillards Valdosta Georgia DC ",29 May 2026 7:00 AM,6,Shopify USWS,Imported,29 May 2026 7:00 AM,US Geneva,0,10
18 May 2026 4:33 PM,<font color=red>Dispatched</font>,Dispatched,DILLARDS-3221541102-205,3221541102,54.10,1656092,Imported,DILLARDS,"Dillards Valdosta Georgia DC ",29 May 2026 7:00 AM,6,Shopify USWS,Imported,29 May 2026 7:00 AM,US Geneva,0,10
18 May 2026 4:33 PM,<font color=red>Dispatched</font>,Dispatched,DILLARDS-3221541103-406,3221541103,283.07,1656583,Imported,DILLARDS,"Dillards Little Rock AK DC ",29 May 2026 7:00 AM,30,Shopify USWS,Imported,29 May 2026 7:00 AM,US Geneva,0,10
18 May 2026 4:33 PM,<font color=red>Dispatched</font>,Dispatched,DILLARDS-3221541102-244,3221541102,28.76,1656082,Imported,DILLARDS,"Dillards Valdosta Georgia DC ",29 May 2026 7:00 AM,6,Shopify USWS,Imported,29 May 2026 7:00 AM,US Geneva,0,10
18 May 2026 4:33 PM,<font color=red>Dispatched</font>,Dispatched,DILLARDS-3221541102-253,3221541102,162.29,1656058,Imported,DILLARDS,"Dillards Valdosta Georgia DC ",29 May 2026 7:00 AM,12,Shopify USWS,Imported,29 May 2026 7:00 AM,US Geneva,0,10
18 May 2026 4:33 PM,<font color=red>Dispatched</font>,Dispatched,DILLARDS-3221541104-783,3221541104,196.55,1656349,Imported,DILLARDS,"Dillards Ft Worth DC ",29 May 2026 7:00 AM,18,Shopify USWS,Imported,29 May 2026 7:00 AM,US Geneva,0,10
18 May 2026 4:33 PM,<font color=red>Dispatched</font>,Dispatched,DILLARDS-3221541105-919,3221541105,42.88,1655997,Imported,DILLARDS,"Dillards Phoenix DC ",29 May 2026 7:00 AM,6,Shopify USWS,Imported,29 May 2026 7:00 AM,US Geneva,0,10
18 May 2026 4:33 PM,<font color=red>Dispatched</font>,Dispatched,DILLARDS-3221541105-928,3221541105,80.40,1656071,Imported,DILLARDS,"Dillards Phoenix DC ",29 May 2026 7:00 AM,6,Shopify USWS,Imported,29 May 2026 7:00 AM,US Geneva,0,10
18 May 2026 4:33 PM,<font color=red>Dispatched</font>,Dispatched,DILLARDS-3221541101-166,3221541101,81.14,1656015,Imported,DILLARDS,"Dillards Salisbury NC DC ",29 May 2026 7:00 AM,6,Shopify USWS,Imported,29 May 2026 7:00 AM,US Geneva,0,10
18 May 2026 4:33 PM,<font color=red>Dispatched</font>,Dispatched,DILLARDS-3221541103-433,3221541103,80.26,1656578,Imported,DILLARDS,"Dillards Little Rock AK DC ",29 May 2026 7:00 AM,6,Shopify USWS,Imported,29 May 2026 7:00 AM,US Geneva,0,10
18 May 2026 4:33 PM,<font color=red>Dispatched</font>,Dispatched,DILLARDS-3221541101-140,3221541101,81.14,1656079,Imported,DILLARDS,"Dillards Salisbury NC DC ",29 May 2026 7:00 AM,6,Shopify USWS,Imported,29 May 2026 7:00 AM,US Geneva,0,10
18 May 2026 4:33 PM,<font color=red>Dispatched</font>,Dispatched,DILLARDS-3221541105-918,3221541105,42.88,1656018,Imported,DILLARDS,"Dillards Phoenix DC ",29 May 2026 7:00 AM,6,Shopify USWS,Imported,29 May 2026 7:00 AM,US Geneva,0,10
18 May 2026 4:33 PM,<font color=red>Dispatched</font>,Dispatched,DILLARDS-3221541103-402,3221541103,54.10,1656372,Imported,DILLARDS,"Dillards Little Rock AK DC ",29 May 2026 7:00 AM,6,Shopify USWS,Imported,29 May 2026 7:00 AM,US Geneva,0,10
18 May 2026 4:33 PM,<font color=red>Dispatched</font>,Dispatched,DILLARDS-3221541103-405,3221541103,393.30,1656584,Imported,DILLARDS,"Dillards Little Rock AK DC ",29 May 2026 7:00 AM,42,Shopify USWS,Imported,29 May 2026 7:00 AM,US Geneva,0,10
18 May 2026 4:33 PM,<font color=red>Dispatched</font>,Dispatched,DILLARDS-3221541104-740,3221541104,81.14,1656342,Imported,DILLARDS,"Dillards Ft Worth DC ",29 May 2026 7:00 AM,6,Shopify USWS,Imported,29 May 2026 7:00 AM,US Geneva,0,10
18 May 2026 4:33 PM,<font color=red>Dispatched</font>,Dispatched,DILLARDS-3221541103-411,3221541103,82.94,1656581,Imported,DILLARDS,"Dillards Little Rock AK DC ",29 May 2026 7:00 AM,12,Shopify USWS,Imported,29 May 2026 7:00 AM,US Geneva,0,10
18 May 2026 4:33 PM,<font color=red>Dispatched</font>,Dispatched,DILLARDS-3221541104-738,3221541104,54.10,1656341,Imported,DILLARDS,"Dillards Ft Worth DC ",29 May 2026 7:00 AM,6,Shopify USWS,Imported,29 May 2026 7:00 AM,US Geneva,0,10
18 May 2026 4:33 PM,<font color=red>Dispatched</font>,Dispatched,DILLARDS-3221541104-743,3221541104,54.10,1656343,Imported,DILLARDS,"Dillards Ft Worth DC ",29 May 2026 7:00 AM,6,Shopify USWS,Imported,29 May 2026 7:00 AM,US Geneva,0,10
18 May 2026 4:33 PM,<font color=red>Dispatched</font>,Dispatched,DILLARDS-3221541105-995,3221541105,80.40,1656014,Imported,DILLARDS,"Dillards Phoenix DC ",29 May 2026 7:00 AM,6,Shopify USWS,Imported,29 May 2026 7:00 AM,US Geneva,0,10
18 May 2026 4:33 PM,<font color=red>Dispatched</font>,Dispatched,DILLARDS-3221541104-708,3221541104,54.10,1656321,Imported,DILLARDS,"Dillards Ft Worth DC ",29 May 2026 7:00 AM,6,Shopify USWS,Imported,29 May 2026 7:00 AM,US Geneva,0,10
18 May 2026 4:33 PM,<font color=red>Dispatched</font>,Dispatched,DILLARDS-3221541104-734,3221541104,189.33,1656338,Imported,DILLARDS,"Dillards Ft Worth DC ",29 May 2026 7:00 AM,18,Shopify USWS,Imported,29 May 2026 7:00 AM,US Geneva,0,10
18 May 2026 4:33 PM,<font color=red>Dispatched</font>,Dispatched,DILLARDS-3221541103-385,3221541103,54.10,1656371,Imported,DILLARDS,"Dillards Little Rock AK DC ",29 May 2026 7:00 AM,6,Shopify USWS,Imported,29 May 2026 7:00 AM,US Geneva,0,10
18 May 2026 4:33 PM,<font color=red>Dispatched</font>,Dispatched,DILLARDS-3221541101-163,3221541101,81.14,1656020,Imported,DILLARDS,"Dillards Salisbury NC DC ",29 May 2026 7:00 AM,6,Shopify USWS,Imported,29 May 2026 7:00 AM,US Geneva,0,10
18 May 2026 4:33 PM,<font color=red>Dispatched</font>,Dispatched,DILLARDS-3221541102-226,3221541102,54.10,1656089,Imported,DILLARDS,"Dillards Valdosta Georgia DC ",29 May 2026 7:00 AM,6,Shopify USWS,Imported,29 May 2026 7:00 AM,US Geneva,0,10
18 May 2026 4:33 PM,<font color=red>Dispatched</font>,Dispatched,DILLARDS-3221541102-248,3221541102,81.14,1656088,Imported,DILLARDS,"Dillards Valdosta Georgia DC ",29 May 2026 7:00 AM,6,Shopify USWS,Imported,29 May 2026 7:00 AM,US Geneva,0,10
18 May 2026 4:33 PM,<font color=red>Dispatched</font>,Dispatched,DILLARDS-3221541103-422,3221541103,222.96,1656580,Imported,DILLARDS,"Dillards Little Rock AK DC ",29 May 2026 7:00 AM,18,Shopify USWS,Imported,29 May 2026 7:00 AM,US Geneva,0,10
18 May 2026 4:33 PM,<font color=red>Dispatched</font>,Dispatched,DILLARDS-3221541103-760,3221541103,74.24,1656574,Imported,DILLARDS,"Dillards Little Rock AK DC ",29 May 2026 7:00 AM,6,Shopify USWS,Imported,29 May 2026 7:00 AM,US Geneva,0,10
18 May 2026 4:33 PM,<font color=red>Dispatched</font>,Dispatched,DILLARDS-3221541105-912,3221541105,372.00,1656098,Imported,DILLARDS,"Dillards Phoenix DC ",29 May 2026 7:00 AM,30,Shopify USWS,Imported,29 May 2026 7:00 AM,US Geneva,0,10
18 May 2026 4:33 PM,<font color=red>Dispatched</font>,Dispatched,DILLARDS-3221541101-168,3221541101,219.76,1656031,Imported,DILLARDS,"Dillards Salisbury NC DC ",29 May 2026 7:00 AM,18,Shopify USWS,Imported,29 May 2026 7:00 AM,US Geneva,0,10
18 May 2026 4:33 PM,<font color=red>Dispatched</font>,Dispatched,DILLARDS-3221541105-915,3221541105,80.40,1656091,Imported,DILLARDS,"Dillards Phoenix DC ",29 May 2026 7:00 AM,6,Shopify USWS,Imported,29 May 2026 7:00 AM,US Geneva,0,10
18 May 2026 4:33 PM,<font color=red>Dispatched</font>,Dispatched,DILLARDS-3221541105-961,3221541105,42.88,1656029,Imported,DILLARDS,"Dillards Phoenix DC ",29 May 2026 7:00 AM,6,Shopify USWS,Imported,29 May 2026 7:00 AM,US Geneva,0,10
18 May 2026 3:14 PM,<font color=red>Dispatched</font>,Dispatched,USWS-18923,,1646.68,1698160,Do Not Import,Attn: WH Management,Amanda Guillot,23 Jun 2026 7:00 AM,200,Shopify USWS,Shopify USWS,23 Jun 2026 7:00 AM,US Geneva,0,10
18 May 2026 2:57 PM,<font color=red>Dispatched</font>,Dispatched,UKWS-6634,,533.50,1640942,Do Not Import,Studland Knoll Beach Retail,Peter Maidment,20 May 2026 1:40 PM,40,Shopify UKWS,Shopify UKWS,19 May 2026 4:12 PM,UK ILG,0,10
18 May 2026 2:30 PM,<font color=red>Dispatched</font>,Dispatched,UKWS-6633,,319.87,1639017,Do Not Import,Trebah Garden,Jan Lewis,19 May 2026 11:50 AM,34,Shopify UKWS,Shopify UKWS,19 May 2026 4:12 PM,UK ILG,0,10
18 May 2026 2:24 PM,<font color=red>Dispatched</font>,Dispatched,EUWS-3152,,876.11,1640868,Do Not Import,"Berben Fashions Ltd ",Bernadette Benagh,22 May 2026 8:36 AM,60,Shopify EUWS,Shopify EUWS,22 May 2026 1:00 AM,EU iFulfillment,0,10
18 May 2026 12:43 PM,<font color=red>Dispatched</font>,Dispatched,EUWS-3151,,0.00,1639427,Do Not Import,"Lagardere Duty Free, s.r.o.",Charlotte Lambert,19 May 2026 11:38 AM,2,Shopify EUWS,Shopify EUWS,19 May 2026 2:11 PM,EU iFulfillment,0,10
18 May 2026 11:13 AM,<font color=red>Dispatched</font>,Dispatched,USWS-18922,,751.87,1648761,Do Not Import,Soak Shoreline,Dianne SOAK,26 May 2026 3:10 PM,67,Shopify USWS,Shopify USWS,26 May 2026 7:00 AM,US Geneva,0,10
18 May 2026 10:55 AM,<font color=red>Dispatched</font>,Dispatched,EUWS-3150,,175.29,1655590,Do Not Import,Yacht Solutions,Yacht solutions,28 May 2026 3:36 PM,12,Shopify EUWS,Shopify EUWS,27 May 2026 12:41 PM,EU iFulfillment,0,10
18 May 2026 2:40 AM,<font color=red>Dispatched</font>,Dispatched,USWS-18921,,316.01,1642629,Do Not Import,Pearl,Karla Nedza,21 May 2026 7:00 AM,32,Shopify USWS,Shopify USWS,21 May 2026 7:00 AM,US Geneva,0,10
17 May 2026 4:35 PM,<font color=red>Dispatched</font>,Dispatched,UKWS-6632,,737.78,1652299,Do Not Import,Beachology Ltd,Natalis Blades,28 May 2026 9:50 AM,58,Shopify UKWS,Shopify UKWS,22 May 2026 1:00 AM,UK ILG,0,10
17 May 2026 12:56 PM,<font color=red>Dispatched</font>,Dispatched,USWS-18920,,407.70,1642632,Do Not Import,Picture This,Patty Meadows Meadows,21 May 2026 7:00 AM,24,Shopify USWS,Shopify USWS,21 May 2026 7:00 AM,US Geneva,0,10
17 May 2026 9:52 AM,<font color=red>Dispatched</font>,Dispatched,UKWS-6631,,1477.80,1636645,Do Not Import,Ventnor Botanic Garden,Sarah Guy,2 Jun 2026 3:10 PM,106,Shopify UKWS,Shopify UKWS,2 Jun 2026 1:00 AM,UK ILG,0,10
16 May 2026 11:55 PM,<font color=red>Dispatched</font>,Dispatched,USWS-18919,,218.04,1642659,Do Not Import,Eden Lifestyle Boutique,Emily Herbold,21 May 2026 7:00 AM,21,Shopify USWS,Shopify USWS,21 May 2026 7:00 AM,US Geneva,0,10
16 May 2026 8:21 PM,<font color=red>Dispatched</font>,Dispatched,USWS-18918,,325.18,1642661,Do Not Import,River Birch Gifts,Lisa Major,21 May 2026 7:00 AM,18,Shopify USWS,Shopify USWS,21 May 2026 7:00 AM,US Geneva,0,10
16 May 2026 4:12 PM,<font color=red>Dispatched</font>,Dispatched,EUWS-3149,,639.91,1643971,Do Not Import,Wohnhunger,Uwe Schellbach,21 May 2026 4:35 PM,43,Shopify EUWS,Shopify EUWS,22 May 2026 6:42 PM,EU iFulfillment,0,10
15 May 2026 9:39 PM,<font color=red>Dispatched</font>,Dispatched,USWS-18917,,247.04,1641341,Do Not Import,Gloss Beauty,Tess Offord,20 May 2026 7:00 AM,24,Shopify USWS,Shopify USWS,20 May 2026 7:00 AM,US Geneva,0,10
15 May 2026 6:54 PM,<font color=red>Dispatched</font>,Dispatched,USWS-18916,,1118.84,1641286,Do Not Import,Ernie's Hardware,Bailey Elmore,20 May 2026 7:00 AM,74,Shopify USWS,Shopify USWS,20 May 2026 7:00 AM,US Geneva,0,10
15 May 2026 6:25 PM,<font color=red>Dispatched</font>,Dispatched,USWS-18915,,914.42,1654144,Do Not Import,SeoulStop,Soomin Hwang,29 May 2026 7:00 AM,78,Shopify USWS,Shopify USWS,29 May 2026 7:00 AM,US Geneva,0,10
15 May 2026 3:30 PM,<font color=red>Dispatched</font>,Dispatched,UKWS-6630,,412.98,1638832,Do Not Import,Beachology,Natalie Belt,19 May 2026 10:20 AM,26,Shopify UKWS,Shopify UKWS,18 May 2026 5:10 PM,UK ILG,0,10
15 May 2026 12:25 PM,<font color=red>Dispatched</font>,Dispatched,EUWS-3148,,696.28,1643972,Do Not Import,LAVLY STORE,Jarek Kulenda,22 May 2026 1:35 PM,66,Shopify EUWS,Shopify EUWS,22 May 2026 1:00 AM,EU iFulfillment,0,10
15 May 2026 11:35 AM,<font color=red>Dispatched</font>,Dispatched,UKWS-6628,,775.81,1637615,Do Not Import,Belhaven Hill School,Isabella Bennett,18 May 2026 4:40 PM,58,Shopify UKWS,Shopify UKWS,18 May 2026 12:55 PM,UK ILG,0,10
15 May 2026 10:55 AM,<font color=red>Dispatched</font>,Dispatched,UKWS-6627,,377.94,1637458,Do Not Import,Sugar Mango,alison Dewey,18 May 2026 3:40 PM,32,Shopify UKWS,Shopify UKWS,18 May 2026 12:10 PM,UK ILG,0,10
15 May 2026 10:40 AM,<font color=red>Dispatched</font>,Dispatched,UKWS-6626,,704.85,1638945,Do Not Import,Inge Dunbar Ltd Trading as Sass & Spirit,Inge Dunbar,19 May 2026 11:20 AM,70,Shopify UKWS,Shopify UKWS,18 May 2026 12:10 PM,UK ILG,0,10
14 May 2026 11:45 PM,<font color=red>Dispatched</font>,Dispatched,USWS-18914,,223.61,1639679,Do Not Import,Twisted Sisters Butte Mt,Twisted Sisters Boutique,19 May 2026 7:00 AM,20,Shopify USWS,Shopify USWS,19 May 2026 7:00 AM,US Geneva,0,10
14 May 2026 10:41 PM,<font color=red>Dispatched</font>,Dispatched,JLEW11511-78,643776,16666.76,1652308,Imported,John Lewis Ltd,John Lewis,28 May 2026 10:10 AM,1520,Shopify UKWS,Backend,20 May 2026 4:41 PM,UK ILG,0,10
14 May 2026 9:48 PM,<font color=red>Dispatched</font>,Dispatched,USWS-18913,,992.70,1639241,Do Not Import,Belle and Blush,Belle & Blush,19 May 2026 7:00 AM,62,Shopify USWS,Shopify USWS,19 May 2026 7:00 AM,US Geneva,0,10
14 May 2026 9:03 PM,<font color=red>Dispatched</font>,Dispatched,USWS-18912,,227.20,1639705,Do Not Import,INITIAL DESIGN,LOrraine Brazile,19 May 2026 7:00 AM,18,Shopify USWS,Shopify USWS,19 May 2026 7:00 AM,US Geneva,0,10
14 May 2026 8:12 PM,<font color=red>Dispatched</font>,Dispatched,USWS-18911,,317.77,1639706,Do Not Import,The Moppet Shoppe,Michaela Stanberry,19 May 2026 7:00 AM,20,Shopify USWS,Shopify USWS,19 May 2026 7:00 AM,US Geneva,0,10
14 May 2026 7:35 PM,<font color=red>Dispatched</font>,Dispatched,USWS-18910,,214.58,1641386,Do Not Import,Hayseed Gifts,SAFE HARBOR RYBOVICH SAFE HARBOR RYBOVICH,20 May 2026 7:00 AM,18,Shopify USWS,Shopify USWS,20 May 2026 7:00 AM,US Geneva,0,10
14 May 2026 7:14 PM,<font color=red>Dispatched</font>,Dispatched,USWS-18909,,427.22,1639300,Do Not Import,Parooz,Cathy And Courtney,19 May 2026 7:00 AM,32,Shopify USWS,Shopify USWS,19 May 2026 7:00 AM,US Geneva,0,10
14 May 2026 5:44 PM,<font color=red>Dispatched</font>,Dispatched,USWS-18908,,360.28,1639338,Do Not Import,Perch Home,Michele Bessey,19 May 2026 7:00 AM,30,Shopify USWS,Shopify USWS,19 May 2026 7:00 AM,US Geneva,0,10
14 May 2026 4:03 PM,<font color=red>Dispatched</font>,Dispatched,UKWS-6625,,27.00,1637524,Do Not Import,Rose & Lyons,nicky Mendoza-Wilson,18 May 2026 4:10 PM,18,Shopify UKWS,Shopify UKWS,22 May 2026 5:25 PM,UK ILG,0,10
14 May 2026 3:34 PM,<font color=red>Dispatched</font>,Dispatched,USWS-18838A,,3007.12,1655900,Do Not Import,Cargo International Consolidators Inc.,William Trujillo,29 May 2026 7:00 AM,400,Shopify USWS,Backend,29 May 2026 7:00 AM,US Geneva,0,10
14 May 2026 3:25 PM,<font color=red>Dispatched</font>,Dispatched,USWS-18907,,1074.13,1672864,Do Not Import,Marsh's Surf Shop,Frances Spencer,8 Jun 2026 7:00 AM,67,Shopify USWS,Shopify USWS,8 Jun 2026 7:00 AM,US Geneva,0,10
14 May 2026 3:15 PM,"<font color=#009788>Open</font>",New - Future Ship Date,UKWS-6624,,432.90,0,Do Not Import,Elys of Wimbledon,Chloe Powdrell,,42,Shopify UKWS,Shopify UKWS,27 Jul 2026 4:42 PM,UK Preorder,0,1
14 May 2026 3:10 PM,"<font color=#009788>Open</font>",New - Future Ship Date,UKWS-6623,,432.90,0,Do Not Import,Elys of Wimbledon,Chloe Powdrell,,42,Shopify UKWS,Shopify UKWS,27 Jul 2026 4:42 PM,UK Preorder,0,1
14 May 2026 3:09 PM,<font color=red>Dispatched</font>,Dispatched,UKWS-6622,,770.79,1634036,Do Not Import,Not-Another-Bill B.V.,Beth Conti,15 May 2026 2:50 PM,56,Shopify UKWS,Shopify UKWS,15 May 2026 1:00 AM,UK ILG,0,10
14 May 2026 3:06 PM,"<font color=#009788>Open</font>",New - Future Ship Date,UKWS-6621,,432.90,0,Do Not Import,Elys of Wimbledon,Chloe Powdrell,,42,Shopify UKWS,Shopify UKWS,27 Jul 2026 4:42 PM,UK Preorder,0,1
14 May 2026 12:11 PM,<font color=red>Dispatched</font>,Dispatched,UKWS-6620,,1710.82,1636914,Do Not Import,,Tomasz Machnikowski,18 May 2026 12:20 PM,112,Shopify UKWS,Shopify UKWS,21 May 2026 1:25 PM,UK ILG,0,10
14 May 2026 10:13 AM,<font color=red>Dispatched</font>,Dispatched,USWS-18906,,-14.94,1640117,Do Not Import,MOUNTAIN HIGH OUTFITTERS- MYRTLE BEACH,Mountain High,19 May 2026 11:10 PM,12,Shopify USWS,Shopify USWS,19 May 2026 7:00 AM,US Geneva,0,10
14 May 2026 3:35 AM,<font color=red>Dispatched</font>,Dispatched,USWS-18905,,290.31,1639724,Do Not Import,Dandy Lions Gifts,Joy Carver,19 May 2026 7:00 AM,18,Shopify USWS,Shopify USWS,19 May 2026 7:00 AM,US Geneva,0,10
14 May 2026 3:35 AM,<font color=red>Dispatched</font>,Dispatched,USWS-18904,,401.45,1634367,Do Not Import,CLASSY CRICKET,Valerie Ayers,15 May 2026 7:00 AM,24,Shopify USWS,Shopify USWS,15 May 2026 7:00 AM,US Geneva,0,10
13 May 2026 9:35 PM,<font color=red>Dispatched</font>,Dispatched,USWS-18726,,821.11,1634360,Do Not Import,Boyne Country Provisions,Taylor Swaim,15 May 2026 9:40 PM,66,Shopify USWS,Shopify USWS,15 May 2026 7:00 AM,US Geneva,0,10
13 May 2026 9:35 PM,<font color=red>Dispatched</font>,Dispatched,USWS-18903,,227.20,1642669,Do Not Import,MARTHA WHEELER INTERIORS,Martha Wheeler,21 May 2026 7:00 AM,12,Shopify USWS,Shopify USWS,21 May 2026 7:00 AM,US Geneva,0,10
13 May 2026 7:41 PM,<font color=red>Dispatched</font>,Dispatched,USWS-18902,,263.76,1637997,Do Not Import,Woodmont Country Club,Cathy Amelink,18 May 2026 7:00 AM,20,Shopify USWS,Shopify USWS,18 May 2026 7:00 AM,US Geneva,0,10
13 May 2026 7:35 PM,<font color=red>Dispatched</font>,Dispatched,USWS-18901,,1390.41,1634377,Do Not Import,AbbyLeigh Gifts,JANIS GAUDETTE,15 May 2026 10:10 PM,73,Shopify USWS,Shopify USWS,15 May 2026 7:00 AM,US Geneva,0,10
13 May 2026 5:25 PM,<font color=red>Dispatched</font>,Dispatched,USWS-18900,,559.56,1633725,Do Not Import,The Horseshoe Crab,Leanne Dodd,18 May 2026 7:00 AM,42,Shopify USWS,Shopify USWS,18 May 2026 7:00 AM,US Geneva,0,10
13 May 2026 3:35 PM,<font color=red>Dispatched</font>,Dispatched,USWS-18899,,720.41,1639273,Do Not Import,Michelle Sullivan,Michelle Sullivan,19 May 2026 7:00 AM,40,Shopify USWS,Shopify USWS,19 May 2026 7:00 AM,US Geneva,0,10
13 May 2026 3:31 PM,<font color=red>Dispatched</font>,Dispatched,EUWS-3147,,468.83,1633726,Do Not Import,Claire Tizard Yacht Solutions,Claire Tizard,19 May 2026 4:35 PM,30,Shopify EUWS,Shopify EUWS,19 May 2026 1:00 AM,EU iFulfillment,0,10
13 May 2026 3:20 PM,<font color=red>Dispatched</font>,Dispatched,UKWS-6618,,294.86,1632799,Do Not Import,eleven.SE5,Fiona Sutherland,14 May 2026 2:40 PM,24,Shopify UKWS,Shopify UKWS,14 May 2026 5:10 PM,UK ILG,0,10
13 May 2026 3:02 PM,<font color=red>Dispatched</font>,Dispatched,UKWS-6617,,3750.00,1665614,Do Not Import,Nadel,Marie Jones,3 Jun 2026 5:10 PM,500,Shopify UKWS,Shopify UKWS,10 Jun 2026 4:25 PM,UK ILG,0,10
13 May 2026 2:52 PM,<font color=red>Dispatched</font>,Dispatched,UKWS-6616,,751.42,1639364,Do Not Import,Swimming Nature,Jacquee Ferre,19 May 2026 3:10 PM,42,Shopify UKWS,Shopify UKWS,22 May 2026 4:11 PM,UK ILG,0,10
13 May 2026 1:59 PM,<font color=red>Dispatched</font>,Dispatched,UKWS-6615,,420.00,1639141,Do Not Import,The Winch Room,Lauren Clark,19 May 2026 1:10 PM,24,Shopify UKWS,Shopify UKWS,18 May 2026 1:00 AM,UK ILG,0,10
13 May 2026 1:44 PM,<font color=red>Dispatched</font>,Dispatched,EUWS-3146,,575.98,1632892,Do Not Import,SRL AZ constructions - La Petite Roscovite,valerie Jacob,19 May 2026 4:35 PM,36,Shopify EUWS,Shopify EUWS,18 Jun 2026 1:00 AM,EU iFulfillment,0,10
13 May 2026 11:41 AM,<font color=red>Dispatched</font>,Dispatched,USWS-18898,,1736.98,1655928,Do Not Import,MCKEE'S TEES PLUS,Kimberly McKeever,29 May 2026 7:00 AM,226,Shopify USWS,Shopify USWS,29 May 2026 7:00 AM,US Geneva,0,10
13 May 2026 11:35 AM,<font color=red>Dispatched</font>,Dispatched,EUWS-3145,,0.00,1655591,Do Not Import,BATHROOM GRAFITTI,Koukina AZUELOS,29 May 2026 11:36 AM,28,Shopify EUWS,Shopify EUWS,4 Jun 2026 1:10 PM,EU iFulfillment,0,10
13 May 2026 11:13 AM,<font color=red>Dispatched</font>,Dispatched,USWS-18897,,297.66,1637920,Do Not Import,Decor and more,Melissa Lucier,18 May 2026 7:00 AM,26,Shopify USWS,Shopify USWS,18 May 2026 7:00 AM,US Geneva,0,10
13 May 2026 10:29 AM,<font color=red>Dispatched</font>,Dispatched,USWS-18896,,0.00,1637784,Do Not Import,"PatCo Showroom attn: Dock & Bay, ",Patrick & Co,18 May 2026 7:00 AM,10,Shopify USWS,Shopify USWS,18 May 2026 7:00 AM,US Geneva,0,10
13 May 2026 9:35 AM,<font color=red>Dispatched</font>,Dispatched,EUWS-3144,,473.52,1641152,Do Not Import,Jasmin et Canape,Jasmin St Alban,19 May 2026 4:35 PM,34,Shopify EUWS,Shopify EUWS,20 May 2026 10:55 AM,EU iFulfillment,0,10
13 May 2026 3:03 AM,<font color=red>Dispatched</font>,Dispatched,USWS-18895,,1172.31,1634332,Do Not Import,Kinsie,Linsey Koshlap,15 May 2026 7:00 AM,98,Shopify USWS,Shopify USWS,15 May 2026 7:00 AM,US Geneva,0,10
13 May 2026 2:18 AM,<font color=red>Dispatched</font>,Dispatched,USWS-18894,,258.04,1634313,Do Not Import,Simply crafted marketplace,Jenn Sharp,15 May 2026 7:00 AM,26,Shopify USWS,Shopify USWS,15 May 2026 7:00 AM,US Geneva,0,10
12 May 2026 9:54 PM,<font color=red>Dispatched</font>,Dispatched,USWS-18893,,2327.43,1634203,Do Not Import,"Nice Threads, LLC",Tim Nash,15 May 2026 7:00 AM,168,Shopify USWS,Shopify USWS,15 May 2026 7:00 AM,US Geneva,0,10
12 May 2026 8:55 PM,<font color=red>Dispatched</font>,Dispatched,USWS-18892,,10.46,1634122,Do Not Import,Southern Classic Stitches,Sarah Catignani,15 May 2026 7:00 AM,3,Shopify USWS,Shopify USWS,15 May 2026 7:00 AM,US Geneva,0,10
12 May 2026 7:35 PM,<font color=red>Dispatched</font>,Dispatched,USWS-18891,,2280.74,1656105,Do Not Import,SEASHORE ACE,SEASHORE Fisher,29 May 2026 7:00 AM,156,Shopify USWS,Shopify USWS,29 May 2026 7:00 AM,US Geneva,0,10
12 May 2026 4:34 PM,<font color=red>Dispatched</font>,Dispatched,UKWS-6614,,2296.60,1662446,Do Not Import,Levia as,Aina Eidesvik,2 Jun 2026 12:10 PM,105,Shopify UKWS,Shopify UKWS,3 Jun 2026 6:46 PM,UK ILG,0,10
12 May 2026 4:28 PM,<font color=red>Dispatched</font>,Dispatched,USWS-18890,,430.04,1634331,Do Not Import,"Hicks Nurseries, Inc.",Jillian Gallagher,15 May 2026 7:00 AM,38,Shopify USWS,Shopify USWS,15 May 2026 7:00 AM,US Geneva,0,10
12 May 2026 4:12 PM,<font color=red>Dispatched</font>,Dispatched,UKWS-6613,,503.34,1634105,Do Not Import,Elys of Wimbledon,Chloe Powdrell,15 May 2026 3:40 PM,35,Shopify UKWS,Shopify UKWS,13 May 2026 6:46 PM,UK ILG,0,10
12 May 2026 4:05 PM,<font color=red>Dispatched</font>,Dispatched,USWS-18889,,528.66,1634333,Do Not Import,SBG Home & Design,Suzanne Goldberg,15 May 2026 7:00 AM,36,Shopify USWS,Shopify USWS,15 May 2026 7:00 AM,US Geneva,0,10
12 May 2026 3:17 PM,<font color=red>Dispatched</font>,Dispatched,USWS-18888,,480.26,1634334,Do Not Import,ROCKLAND EMBROIDERY,"Geiger Corporate Programs ",15 May 2026 7:00 AM,37,Shopify USWS,Shopify USWS,15 May 2026 7:00 AM,US Geneva,0,10
12 May 2026 3:00 PM,<font color=red>Dispatched</font>,Dispatched,USWS-18887,,563.06,1637894,Do Not Import,Bahamourri,Catherine Gagnon,18 May 2026 7:00 AM,50,Shopify USWS,Shopify USWS,18 May 2026 7:00 AM,US Geneva,0,10
12 May 2026 11:54 AM,<font color=red>Dispatched</font>,Dispatched,UKWS-6612,,711.33,1632811,Do Not Import,Hairy Coo & Co,Sheila Lambie,14 May 2026 2:50 PM,56,Shopify UKWS,Shopify UKWS,13 May 2026 1:26 PM,UK ILG,0,10
12 May 2026 10:41 AM,<font color=red>Dispatched</font>,Dispatched,USWS-18886,,0.00,1634343,Do Not Import,Marcan Lenceria,Marcan Angela,15 May 2026 7:00 AM,48,Shopify USWS,Shopify USWS,15 May 2026 7:00 AM,US Geneva,0,10
12 May 2026 10:09 AM,<font color=red>Dispatched</font>,Dispatched,EUWS-3143,,0.00,1655592,Do Not Import,"Ines Amann Creative Werbemittel ",Julia bukenberger,29 May 2026 10:40 AM,2,Shopify EUWS,Shopify EUWS,4 Jun 2026 11:25 AM,EU iFulfillment,0,10
12 May 2026 9:51 AM,<font color=red>Dispatched</font>,Dispatched,EUWS-3142,,436.59,1634096,Do Not Import,plume,michelle Bekx,15 May 2026 9:34 AM,36,Shopify EUWS,Shopify EUWS,15 May 2026 1:00 AM,EU iFulfillment,0,10
11 May 2026 11:55 PM,<font color=red>Dispatched</font>,Dispatched,UKWS-6611,,267.81,1629976,Do Not Import,Berry Barn,Samantha Easton,12 May 2026 11:40 AM,30,Shopify UKWS,Shopify UKWS,13 May 2026 2:42 AM,UK ILG,0,10
11 May 2026 8:20 PM,"<font color=#009788>Open</font>",New - Future Ship Date,NEXT23106-14,,53483.53,0,Do Not Import,NEXT,NEXT NEXT Ltd.,,5814,Shopify UKWS,Backend,14 Sep 2026 2:20 PM,Direct to Client,0,0
11 May 2026 6:45 PM,<font color=red>Dispatched</font>,Dispatched,USWS-18885,,242.05,1632786,Do Not Import,Provisions,April Cook,14 May 2026 7:00 AM,18,Shopify USWS,Shopify USWS,14 May 2026 7:00 AM,US Geneva,0,10
11 May 2026 6:27 PM,<font color=red>Dispatched</font>,Dispatched,USWS-18884,,432.23,1632785,Do Not Import,Clearly Yours,Heather Kruse,14 May 2026 7:00 AM,30,Shopify USWS,Shopify USWS,14 May 2026 7:00 AM,US Geneva,0,10
11 May 2026 5:45 PM,<font color=red>Dispatched</font>,Dispatched,USWS-18883,,382.30,1632802,Do Not Import,Marigold & Grey,Jamie Kutchman,14 May 2026 7:00 AM,38,Shopify USWS,Shopify USWS,14 May 2026 7:00 AM,US Geneva,0,10
11 May 2026 5:40 PM,<font color=red>Dispatched</font>,Dispatched,USWS-18882,,181.87,1632784,Do Not Import,Not Too Shabby,Faire Faire,14 May 2026 7:00 AM,20,Shopify USWS,Shopify USWS,14 May 2026 7:00 AM,US Geneva,0,10
11 May 2026 5:35 PM,<font color=red>Dispatched</font>,Dispatched,USWS-18881,,1561.29,1634258,Do Not Import,Small Favors,SMALL FAVORS,15 May 2026 7:20 PM,123,Shopify USWS,Shopify USWS,15 May 2026 7:00 AM,US Geneva,0,10
11 May 2026 4:21 PM,<font color=red>Dispatched</font>,Dispatched,UKWS-6610,,1110.00,1631654,Do Not Import,The Point Bembridge,Hayley Hinton,13 May 2026 3:40 PM,100,Shopify UKWS,Shopify UKWS,21 May 2026 5:41 PM,UK ILG,0,10
11 May 2026 3:31 PM,<font color=red>Dispatched</font>,Dispatched,USWS-18880,,446.05,1632827,Do Not Import,The Market,The Market,14 May 2026 7:00 AM,44,Shopify USWS,Shopify USWS,14 May 2026 7:00 AM,US Geneva,0,10
11 May 2026 2:47 PM,<font color=red>Dispatched</font>,Dispatched,EUWS-3141,,1305.95,1655593,Do Not Import,Hidden Valley Resort,Molly Williams,29 May 2026 8:36 AM,104,Shopify EUWS,Shopify EUWS,27 May 2026 4:11 PM,EU iFulfillment,0,10
11 May 2026 12:57 PM,<font color=red>Dispatched</font>,Dispatched,EUWS-3140,,637.26,1642577,Do Not Import,Ma Boutique,Stephanie Stéphanie,21 May 2026 2:35 PM,52,Shopify EUWS,Shopify EUWS,22 May 2026 2:12 PM,EU iFulfillment,0,10
11 May 2026 12:50 PM,<font color=red>Dispatched</font>,Dispatched,USWS-18879,,63.53,1630524,Do Not Import,Lovely Little Things Boutique,Claire Wilson,12 May 2026 7:00 AM,8,Shopify USWS,Shopify USWS,12 May 2026 7:00 AM,US Geneva,0,10
11 May 2026 12:43 PM,<font color=red>Dispatched</font>,Dispatched,EUWS-3139,,887.12,1629894,Do Not Import,BATHROOM GRAFITTI,Koukina AZUELOS,1 Jun 2026 9:37 AM,66,Shopify EUWS,Shopify EUWS,1 Jun 2026 2:12 PM,EU iFulfillment,0,10
11 May 2026 12:35 PM,<font color=red>Dispatched</font>,Dispatched,EUWS-3138,,633.95,1643974,Do Not Import,,Rachel Ripard,22 May 2026 1:35 PM,47,Shopify EUWS,Shopify EUWS,19 May 2026 2:12 PM,EU iFulfillment,0,10
11 May 2026 9:24 AM,<font color=red>Dispatched</font>,Dispatched,USWS-18878,,0.00,1634221,Do Not Import,MOUNTAIN HIGH OUTFITTERS- MYRTLE BEACH,Mountain High,15 May 2026 7:00 AM,1,Shopify USWS,Shopify USWS,15 May 2026 7:00 AM,US Geneva,0,10
10 May 2026 2:59 PM,<font color=red>Dispatched</font>,Dispatched,UKWS-6609,,315.00,1630009,Do Not Import,The Beach Hut,Fiona Harker,12 May 2026 11:50 AM,19,Shopify UKWS,Shopify UKWS,11 May 2026 1:00 AM,UK ILG,0,10
9 May 2026 7:48 PM,<font color=red>Dispatched</font>,Dispatched,USWS-18877,,413.57,1632826,Do Not Import,"Center Strength Studios, Devils Thumb Ranch Resort and Spa and The Outpost",Suzanne Fanch,14 May 2026 7:00 AM,30,Shopify USWS,Shopify USWS,14 May 2026 7:00 AM,US Geneva,0,10
9 May 2026 6:33 PM,<font color=red>Dispatched</font>,Dispatched,USWS-18876,,603.28,1639298,Do Not Import,LowKey Watersports,Ann Marie Estes,19 May 2026 7:00 AM,38,Shopify USWS,Shopify USWS,19 May 2026 7:00 AM,US Geneva,0,10
9 May 2026 2:33 PM,<font color=red>Dispatched</font>,Dispatched,USWS-18875,,174.71,1629183,Do Not Import,Fanny's Farmhouse and Fanny’s Fruit Farm & Pumpkin Patch,Beth R Kokjer,11 May 2026 7:00 AM,10,Shopify USWS,Shopify USWS,11 May 2026 7:00 AM,US Geneva,0,10
9 May 2026 3:35 AM,<font color=red>Dispatched</font>,Dispatched,USWS-18874,,259.53,1632781,Do Not Import,OMNI FORT LAUDERDALE/LEEWARD MKT,Brandon Guidry,14 May 2026 7:00 AM,18,Shopify USWS,Shopify USWS,14 May 2026 7:00 AM,US Geneva,0,10
8 May 2026 4:02 PM,<font color=red>Dispatched</font>,Dispatched,USWS-18873,,489.46,1631549,Do Not Import,Lemoncello Boutique,Lemoncello Kahle,13 May 2026 7:00 AM,36,Shopify USWS,Shopify USWS,13 May 2026 7:00 AM,US Geneva,0,10
8 May 2026 2:59 PM,<font color=red>Dispatched</font>,Dispatched,USWS-18872,,265.24,1631547,Do Not Import,Lil Surprises,Kristin Nielsen,13 May 2026 7:00 AM,20,Shopify USWS,Shopify USWS,13 May 2026 7:00 AM,US Geneva,0,10
8 May 2026 2:43 PM,<font color=red>Dispatched</font>,Dispatched,UKWS-6608,,993.84,1628466,Do Not Import,,Kristian Matthews,11 May 2026 3:10 PM,76,Shopify UKWS,Shopify UKWS,11 May 2026 4:10 PM,UK ILG,0,10
8 May 2026 2:39 PM,<font color=red>Dispatched</font>,Dispatched,USWS-18871,,236.61,1631546,Do Not Import,Knollwood Garden Center and Landscaping,Knollwood Garden Center,13 May 2026 7:00 AM,24,Shopify USWS,Shopify USWS,13 May 2026 7:00 AM,US Geneva,0,10
8 May 2026 12:44 PM,<font color=red>Dispatched</font>,Dispatched,UKWS-6607,,403.20,1627865,Do Not Import,Jibset Marine,robert shannon,11 May 2026 11:10 AM,26,Shopify UKWS,Shopify UKWS,11 May 2026 2:25 PM,UK ILG,0,10
8 May 2026 12:18 PM,<font color=red>Dispatched</font>,Dispatched,USWS-18870,,0.00,1630478,Do Not Import,Perino's Garden Center,Megan Perino,12 May 2026 7:00 AM,1,Shopify USWS,Shopify USWS,12 May 2026 7:00 AM,US Geneva,0,10
8 May 2026 9:51 AM,<font color=red>Dispatched</font>,Dispatched,EUWS-3137,,1004.53,1632845,Do Not Import,LIZE KORN,Christophe Parra,13 May 2026 3:35 PM,82,Shopify EUWS,Shopify EUWS,20 May 2026 11:11 AM,EU iFulfillment,0,10
8 May 2026 7:35 AM,<font color=red>Dispatched</font>,Dispatched,USWS-18869,,913.65,1631545,Do Not Import,Missouri Cotton Exchange Att: M. Looten,Veteran's United Home Roewe,13 May 2026 7:00 AM,32,Shopify USWS,Shopify USWS,13 May 2026 7:00 AM,US Geneva,0,10
8 May 2026 4:56 AM,<font color=red>Dispatched</font>,Dispatched,USWS-18868,,252.23,1631544,Do Not Import,Hayden’s A Kids Boutique,Lindsey Neste,13 May 2026 7:00 AM,20,Shopify USWS,Shopify USWS,13 May 2026 7:00 AM,US Geneva,0,10
8 May 2026 4:06 AM,<font color=red>Dispatched</font>,Dispatched,USWS-18867,,436.99,1631543,Do Not Import,The Bookshelf on Church,Lisa McLaughlin,13 May 2026 7:00 AM,26,Shopify USWS,Shopify USWS,13 May 2026 7:00 AM,US Geneva,0,10
7 May 2026 4:40 PM,<font color=red>Dispatched</font>,Dispatched,UKWS-6606,1827402,2755.56,1633984,Do Not Import,Natural Baby Shower,Faye Langley,15 May 2026 2:20 PM,98,Shopify UKWS,Shopify UKWS,22 May 2026 5:56 PM,UK ILG,0,10
7 May 2026 3:34 PM,<font color=red>Dispatched</font>,Dispatched,UKWS-6605,,832.80,1627819,Do Not Import,Rose & Lyons,nicky Mendoza-Wilson,11 May 2026 10:50 AM,76,Shopify UKWS,Shopify UKWS,8 May 2026 5:25 PM,UK ILG,0,10
7 May 2026 12:59 PM,<font color=red>Dispatched</font>,Dispatched,EUWS-3136,,663.60,1631638,Do Not Import,ECCO,Friederich Weber,13 May 2026 11:36 AM,54,Shopify EUWS,Shopify EUWS,22 May 2026 2:10 PM,EU iFulfillment,0,10
7 May 2026 12:48 PM,<font color=red>Dispatched</font>,Dispatched,UKWS-6604,,1037.94,1625341,Do Not Import,Jubilee Pool Penzance LTD,Harriet Thomas,11 May 2026 12:20 PM,66,Shopify UKWS,Shopify UKWS,12 May 2026 1:00 AM,UK ILG,0,10
7 May 2026 12:43 PM,<font color=red>Dispatched</font>,Dispatched,UKWS-6603,,4500.00,1628255,Do Not Import,,Michael Aird,11 May 2026 1:40 PM,300,Shopify UKWS,Shopify UKWS,15 May 2026 2:25 PM,UK ILG,0,10
7 May 2026 10:58 AM,<font color=red>Dispatched</font>,Dispatched,EUWS-3135,,1031.97,1625342,Do Not Import,Phil the Green GmbH,Magdalena Luritzhofer,15 May 2026 9:34 AM,102,Shopify EUWS,Shopify EUWS,1 Sep 2026 1:00 AM,EU iFulfillment,0,10
7 May 2026 2:19 AM,<font color=red>Dispatched</font>,Dispatched,USWS-18866,,586.75,1628912,Do Not Import,The Picket Fence,Courtney Thomas,11 May 2026 7:00 AM,54,Shopify USWS,Shopify USWS,11 May 2026 7:00 AM,US Geneva,0,10
6 May 2026 9:35 PM,<font color=red>Dispatched</font>,Dispatched,USWS-18865,,333.30,1625722,Do Not Import,RUSTED ARROW MERCANTILE,RUTH CORNELIUS,8 May 2026 7:20 PM,18,Shopify USWS,Shopify USWS,8 May 2026 7:00 AM,US Geneva,0,10
6 May 2026 9:33 PM,<font color=red>Dispatched</font>,Dispatched,UKWS-6602,4503843156,677.88,1632810,Do Not Import,Avolta - Lowfield Heath Warehouse,Jessica Boniface,14 May 2026 2:50 PM,78,Shopify UKWS,Shopify UKWS,15 May 2026 11:10 PM,UK ILG,0,10
6 May 2026 8:09 PM,<font color=red>Dispatched</font>,Dispatched,UKWS-6601,,939.74,1624369,Do Not Import,Bigbury Beach Shop,Russell Reid Reid,7 May 2026 3:50 PM,77,Shopify UKWS,Shopify UKWS,6 May 2026 9:08 PM,UK ILG,0,10
6 May 2026 7:35 PM,<font color=red>Dispatched</font>,Dispatched,USWS-18864,,985.60,1628864,Do Not Import,FRIENDS IN STITCHES,FRIENDS IN STITCHES,11 May 2026 7:00 AM,66,Shopify USWS,Shopify USWS,11 May 2026 7:00 AM,US Geneva,0,10
6 May 2026 6:44 PM,<font color=red>Dispatched</font>,Dispatched,EUWS-3134,,393.73,1630388,Do Not Import,Mooi lifestyle,Patricia De Filette,12 May 2026 1:35 PM,30,Shopify EUWS,Shopify EUWS,15 May 2026 7:34 PM,EU iFulfillment,0,10
6 May 2026 4:57 PM,<font color=red>Dispatched</font>,Dispatched,UKWS-6600,,648.89,1625404,Do Not Import,Teals,Belle Ross,8 May 2026 2:20 PM,46,Shopify UKWS,Shopify UKWS,7 May 2026 6:12 PM,UK ILG,0,10
6 May 2026 4:32 PM,<font color=red>Dispatched</font>,Dispatched,UKWS-6599,,363.11,1624250,Do Not Import,The gift game shop,Annette Babbe,7 May 2026 3:20 PM,24,Shopify UKWS,Shopify UKWS,7 May 2026 1:00 AM,UK ILG,0,10
6 May 2026 4:18 PM,<font color=red>Dispatched</font>,Dispatched,UKWS-6598,,726.05,1625472,Do Not Import,Trebah Garden,Jan Lewis,8 May 2026 3:10 PM,36,Shopify UKWS,Shopify UKWS,7 May 2026 1:00 AM,UK ILG,0,10
6 May 2026 12:55 PM,<font color=red>Dispatched</font>,Dispatched,UKWS-6597,,411.60,1624354,Do Not Import,ALKEMI store,Jeane Chung,7 May 2026 3:40 PM,18,Shopify UKWS,Shopify UKWS,7 May 2026 2:25 PM,UK ILG,0,10
6 May 2026 12:22 PM,<font color=red>Dispatched</font>,Dispatched,USWS-18862,,264.47,1628426,Do Not Import,,Jennifer Anderson,11 May 2026 7:00 AM,20,Shopify USWS,Shopify USWS,11 May 2026 7:00 AM,US Geneva,0,10
6 May 2026 11:56 AM,<font color=red>Dispatched</font>,Dispatched,UKWS-6596,,1921.80,1624419,Do Not Import,,Tomasz Machnikowski,7 May 2026 4:50 PM,108,Shopify UKWS,Shopify UKWS,12 May 2026 1:00 AM,UK ILG,0,10
6 May 2026 10:18 AM,<font color=red>Dispatched</font>,Dispatched,USWS-18861,,342.98,1639678,Do Not Import,Polka Dot Palm,Polka Dot Palm,19 May 2026 7:00 AM,26,Shopify USWS,Shopify USWS,19 May 2026 7:00 AM,US Geneva,0,10
6 May 2026 10:09 AM,<font color=red>Dispatched</font>,Dispatched,USWS-18860,,0.00,1630480,Do Not Import,Lou Lou's Corner,GENERATIONS Mills,12 May 2026 7:00 AM,1,Shopify USWS,Shopify USWS,12 May 2026 7:00 AM,US Geneva,0,10
6 May 2026 6:35 AM,<font color=red>Dispatched</font>,Dispatched,UKWS-6595,,477.00,1622553,Do Not Import,Red Devil Deals Limited,Amanda King,6 May 2026 1:40 PM,38,Shopify UKWS,Shopify UKWS,7 May 2026 8:10 AM,UK ILG,0,10
6 May 2026 12:25 AM,<font color=red>Dispatched</font>,Dispatched,USWS-18859,,162.26,1625716,Do Not Import,Proper Gifts LLC,Proper Gifts and Decor,8 May 2026 7:00 AM,20,Shopify USWS,Shopify USWS,8 May 2026 7:00 AM,US Geneva,0,10
5 May 2026 9:03 PM,<font color=red>Dispatched</font>,Dispatched,USWS-18858,,917.61,1625466,Do Not Import,Lucy Buffett's Lulu's,Sally Hollon,8 May 2026 7:00 AM,68,Shopify USWS,Shopify USWS,8 May 2026 7:00 AM,US Geneva,0,10
5 May 2026 8:16 PM,<font color=red>Dispatched</font>,Dispatched,USWS-18857,,1272.66,1622476,Do Not Import,Seacrest Sundries,Steven Fann,8 Jun 2026 7:00 AM,84,Shopify USWS,Shopify USWS,8 Jun 2026 7:00 AM,US Geneva,0,10
5 May 2026 5:00 PM,<font color=red>Dispatched</font>,Dispatched,USWS-18856,,19646.32,1622477,Do Not Import,Stitchmania,Vendor Team,14 May 2026 7:00 AM,709,Shopify USWS,Shopify USWS,14 May 2026 7:00 AM,US Geneva,0,10
5 May 2026 4:21 PM,<font color=red>Dispatched</font>,Dispatched,USWS-18855,,167.74,1625754,Do Not Import,"Locally, Yours",Alyssa Smith,8 May 2026 7:00 AM,26,Shopify USWS,Shopify USWS,8 May 2026 7:00 AM,US Geneva,0,10
5 May 2026 1:30 PM,<font color=red>Dispatched</font>,Dispatched,USWS-18854,,390.62,1625739,Do Not Import,elizabethW Ghirardelli Square,Kelly Schulz,8 May 2026 7:00 AM,30,Shopify USWS,Shopify USWS,8 May 2026 7:00 AM,US Geneva,0,10
5 May 2026 11:22 AM,<font color=red>Dispatched</font>,Dispatched,USWS-18853,,0.00,1625682,Do Not Import,The General Store,Lindsey Miller,8 May 2026 7:00 AM,1,Shopify USWS,Shopify USWS,8 May 2026 7:00 AM,US Geneva,0,10
4 May 2026 9:29 PM,<font color=red>Dispatched</font>,Dispatched,USWS-18852,,312.83,1625715,Do Not Import,Bath & Body Fusion,Bath & Body Fusion,8 May 2026 7:00 AM,26,Shopify USWS,Shopify USWS,8 May 2026 7:00 AM,US Geneva,0,10
4 May 2026 5:35 PM,<font color=red>Dispatched</font>,Dispatched,USWS-18850,,975.11,1624235,Do Not Import,CHARLOTTE'S WEB,CHARLOTTE'S CORLEY,7 May 2026 7:00 AM,60,Shopify USWS,Shopify USWS,7 May 2026 7:00 AM,US Geneva,0,10
4 May 2026 3:35 PM,<font color=red>Dispatched</font>,Dispatched,DILLARDS-3219190101-140,3219190101,96.00,1634245,Imported,DILLARDS,"Dillards Salisbury NC DC ",15 May 2026 7:00 AM,6,Shopify USWS,Imported,15 May 2026 7:00 AM,US Geneva,0,10
4 May 2026 3:35 PM,<font color=red>Dispatched</font>,Dispatched,DILLARDS-3219190101-168,3219190101,94.99,1634267,Imported,DILLARDS,"Dillards Salisbury NC DC ",15 May 2026 7:00 AM,12,Shopify USWS,Imported,15 May 2026 7:00 AM,US Geneva,0,10
4 May 2026 3:35 PM,<font color=red>Dispatched</font>,Dispatched,DILLARDS-3219190103-341,3219190103,115.98,1634251,Imported,DILLARDS,"Dillards Kansas City DC ",15 May 2026 7:00 AM,12,Shopify USWS,Imported,15 May 2026 7:00 AM,US Geneva,0,10
4 May 2026 3:35 PM,<font color=red>Dispatched</font>,Dispatched,DILLARDS-3219190101-364,3219190101,42.41,1634247,Imported,DILLARDS,"Dillards Salisbury NC DC ",15 May 2026 7:00 AM,6,Shopify USWS,Imported,15 May 2026 7:00 AM,US Geneva,0,10
4 May 2026 3:35 PM,<font color=red>Dispatched</font>,Dispatched,DILLARDS-3219190103-984,3219190103,121.94,1634268,Imported,DILLARDS,"Dillards Kansas City DC ",15 May 2026 7:00 AM,12,Shopify USWS,Imported,15 May 2026 7:00 AM,US Geneva,0,10
4 May 2026 3:35 PM,<font color=red>Dispatched</font>,Dispatched,DILLARDS-3219190104-737,3219190104,70.69,1634253,Imported,DILLARDS,"Dillards Ft Worth DC ",15 May 2026 7:00 AM,6,Shopify USWS,Imported,15 May 2026 7:00 AM,US Geneva,0,10
4 May 2026 3:35 PM,<font color=red>Dispatched</font>,Dispatched,DILLARDS-3219190104-783,3219190104,79.53,1634263,Imported,DILLARDS,"Dillards Ft Worth DC ",15 May 2026 7:00 AM,6,Shopify USWS,Imported,15 May 2026 7:00 AM,US Geneva,0,10
4 May 2026 3:35 PM,<font color=red>Dispatched</font>,Dispatched,DILLARDS-3219190104-731,3219190104,42.41,1634266,Imported,DILLARDS,"Dillards Ft Worth DC ",15 May 2026 7:00 AM,6,Shopify USWS,Imported,15 May 2026 7:00 AM,US Geneva,0,10
4 May 2026 3:35 PM,<font color=red>Dispatched</font>,Dispatched,DILLARDS-3219190101-156,3219190101,53.02,1634269,Imported,DILLARDS,"Dillards Salisbury NC DC ",15 May 2026 7:00 AM,6,Shopify USWS,Imported,15 May 2026 7:00 AM,US Geneva,0,10
4 May 2026 3:35 PM,<font color=red>Dispatched</font>,Dispatched,DILLARDS-3219190102-276,3219190102,42.41,1634249,Imported,DILLARDS,"Dillards Valdosta Georgia DC ",15 May 2026 7:00 AM,6,Shopify USWS,Imported,15 May 2026 7:00 AM,US Geneva,0,10
4 May 2026 3:35 PM,<font color=red>Dispatched</font>,Dispatched,DILLARDS-3219190104-717,3219190104,159.06,1634265,Imported,DILLARDS,"Dillards Ft Worth DC ",15 May 2026 7:00 AM,12,Shopify USWS,Imported,15 May 2026 7:00 AM,US Geneva,0,10
4 May 2026 3:35 PM,<font color=red>Dispatched</font>,Dispatched,DILLARDS-3219190101-266,3219190101,55.23,1634242,Imported,DILLARDS,"Dillards Salisbury NC DC ",15 May 2026 7:00 AM,6,Shopify USWS,Imported,15 May 2026 7:00 AM,US Geneva,0,10
4 May 2026 3:35 PM,<font color=red>Dispatched</font>,Dispatched,DILLARDS-3219190101-357,3219190101,53.02,1634246,Imported,DILLARDS,"Dillards Salisbury NC DC ",15 May 2026 7:00 AM,6,Shopify USWS,Imported,15 May 2026 7:00 AM,US Geneva,0,10
4 May 2026 3:35 PM,<font color=red>Dispatched</font>,Dispatched,DILLARDS-3219190103-306,3219190103,42.41,1634250,Imported,DILLARDS,"Dillards Kansas City DC ",15 May 2026 7:00 AM,6,Shopify USWS,Imported,15 May 2026 7:00 AM,US Geneva,0,10
4 May 2026 3:35 PM,<font color=red>Dispatched</font>,Dispatched,DILLARDS-3219190101-355,3219190101,53.02,1634244,Imported,DILLARDS,"Dillards Salisbury NC DC ",15 May 2026 7:00 AM,6,Shopify USWS,Imported,15 May 2026 7:00 AM,US Geneva,0,10
4 May 2026 3:35 PM,<font color=red>Dispatched</font>,Dispatched,DILLARDS-3219190104-796,3219190104,69.59,1634256,Imported,DILLARDS,"Dillards Ft Worth DC ",15 May 2026 7:00 AM,6,Shopify USWS,Imported,15 May 2026 7:00 AM,US Geneva,0,10
4 May 2026 3:35 PM,<font color=red>Dispatched</font>,Dispatched,DILLARDS-3219190101-163,3219190101,53.02,1634240,Imported,DILLARDS,"Dillards Salisbury NC DC ",15 May 2026 7:00 AM,6,Shopify USWS,Imported,15 May 2026 7:00 AM,US Geneva,0,10
4 May 2026 3:35 PM,<font color=red>Dispatched</font>,Dispatched,DILLARDS-3219190101-416,3219190101,53.02,1634248,Imported,DILLARDS,"Dillards Salisbury NC DC ",15 May 2026 7:00 AM,6,Shopify USWS,Imported,15 May 2026 7:00 AM,US Geneva,0,10
4 May 2026 3:35 PM,<font color=red>Dispatched</font>,Dispatched,DILLARDS-3219190104-795,3219190104,42.41,1634255,Imported,DILLARDS,"Dillards Ft Worth DC ",15 May 2026 7:00 AM,6,Shopify USWS,Imported,15 May 2026 7:00 AM,US Geneva,0,10
4 May 2026 3:35 PM,<font color=red>Dispatched</font>,Dispatched,DILLARDS-3219190101-143,3219190101,53.02,1634239,Imported,DILLARDS,"Dillards Salisbury NC DC ",15 May 2026 7:00 AM,6,Shopify USWS,Imported,15 May 2026 7:00 AM,US Geneva,0,10
4 May 2026 3:35 PM,<font color=red>Dispatched</font>,Dispatched,DILLARDS-3219190104-746,3219190104,42.41,1634254,Imported,DILLARDS,"Dillards Ft Worth DC ",15 May 2026 7:00 AM,6,Shopify USWS,Imported,15 May 2026 7:00 AM,US Geneva,0,10
4 May 2026 3:35 PM,<font color=red>Dispatched</font>,Dispatched,DILLARDS-3219190104-774,3219190104,42.41,1634259,Imported,DILLARDS,"Dillards Ft Worth DC ",15 May 2026 7:00 AM,6,Shopify USWS,Imported,15 May 2026 7:00 AM,US Geneva,0,10
4 May 2026 3:35 PM,<font color=red>Dispatched</font>,Dispatched,DILLARDS-3219190101-353,3219190101,70.69,1634243,Imported,DILLARDS,"Dillards Salisbury NC DC ",15 May 2026 7:00 AM,6,Shopify USWS,Imported,15 May 2026 7:00 AM,US Geneva,0,10
4 May 2026 3:35 PM,<font color=red>Dispatched</font>,Dispatched,DILLARDS-3219190104-748,3219190104,70.69,1634270,Imported,DILLARDS,"Dillards Ft Worth DC ",15 May 2026 7:00 AM,6,Shopify USWS,Imported,15 May 2026 7:00 AM,US Geneva,0,10
4 May 2026 3:35 PM,<font color=red>Dispatched</font>,Dispatched,DILLARDS-3219190101-373,3219190101,159.06,1634262,Imported,DILLARDS,"Dillards Salisbury NC DC ",15 May 2026 7:00 AM,12,Shopify USWS,Imported,15 May 2026 7:00 AM,US Geneva,0,10
4 May 2026 3:35 PM,<font color=red>Dispatched</font>,Dispatched,DILLARDS-3219190104-798,3219190104,42.41,1634257,Imported,DILLARDS,"Dillards Ft Worth DC ",15 May 2026 7:00 AM,6,Shopify USWS,Imported,15 May 2026 7:00 AM,US Geneva,0,10
4 May 2026 3:35 PM,<font color=red>Dispatched</font>,Dispatched,DILLARDS-3219190101-166,3219190101,42.41,1634241,Imported,DILLARDS,"Dillards Salisbury NC DC ",15 May 2026 7:00 AM,6,Shopify USWS,Imported,15 May 2026 7:00 AM,US Geneva,0,10
4 May 2026 3:35 PM,<font color=red>Dispatched</font>,Dispatched,DILLARDS-3219190103-937,3219190103,84.83,1634264,Imported,DILLARDS,"Dillards Kansas City DC ",15 May 2026 7:00 AM,12,Shopify USWS,Imported,15 May 2026 7:00 AM,US Geneva,0,10
4 May 2026 3:35 PM,<font color=red>Dispatched</font>,Dispatched,DILLARDS-3219190104-708,3219190104,42.41,1634252,Imported,DILLARDS,"Dillards Ft Worth DC ",15 May 2026 7:00 AM,6,Shopify USWS,Imported,15 May 2026 7:00 AM,US Geneva,0,10
4 May 2026 10:51 AM,<font color=red>Dispatched</font>,Dispatched,EUWS-3133,,569.19,1631639,Do Not Import,EURL OBLADA,Marine Oblada,13 May 2026 8:37 AM,44,Shopify EUWS,Shopify EUWS,15 May 2026 12:40 PM,EU iFulfillment,0,10
4 May 2026 10:40 AM,<font color=red>Dispatched</font>,Dispatched,EUWS-3132,,788.60,1642578,Do Not Import,,Christel Thiery,21 May 2026 10:36 AM,92,Shopify EUWS,Shopify EUWS,20 May 2026 12:40 PM,EU iFulfillment,0,10
4 May 2026 3:05 AM,<font color=red>Dispatched</font>,Dispatched,USWS-18849,,157.19,1624334,Do Not Import,C-pass llc,Erica Pitre,7 May 2026 7:00 AM,14,Shopify USWS,Shopify USWS,7 May 2026 7:00 AM,US Geneva,0,10
3 May 2026 7:35 PM,<font color=red>Dispatched</font>,Dispatched,USWS-18844,,693.09,1624651,Do Not Import,MOUNTAIN LAKE CAMPGROUND AND MARINA,TWIN COVE RESORT & MARINA,7 May 2026 10:20 PM,45,Shopify USWS,Shopify USWS,7 May 2026 7:00 AM,US Geneva,0,10
3 May 2026 7:35 PM,<font color=red>Dispatched</font>,Dispatched,USWS-18845,,515.62,1624649,Do Not Import,MOUNTAIN LAKE CAMPGROUND AND MARINA,TWIN COVE RESORT & MARINA,7 May 2026 10:11 PM,30,Shopify USWS,Shopify USWS,7 May 2026 7:00 AM,US Geneva,0,10
3 May 2026 5:00 PM,<font color=red>Dispatched</font>,Dispatched,UKWS-6594,,685.92,1622619,Do Not Import,dip store,Katherine Tryhorn,6 May 2026 2:20 PM,46,Shopify UKWS,Shopify UKWS,4 May 2026 7:45 PM,UK ILG,0,10
3 May 2026 4:50 PM,<font color=red>Dispatched</font>,Dispatched,USWS-18848,,292.15,1630504,Do Not Import,Locals clothing,KITTY PRUDHOMME,12 May 2026 7:00 AM,21,Shopify USWS,Shopify USWS,12 May 2026 7:00 AM,US Geneva,0,10
2 May 2026 9:08 PM,<font color=red>Dispatched</font>,Dispatched,USWS-18847,,306.11,1624236,Do Not Import,Windsor Pharmacy,Ellen Adler,7 May 2026 7:00 AM,20,Shopify USWS,Shopify USWS,7 May 2026 7:00 AM,US Geneva,0,10
2 May 2026 1:35 AM,<font color=red>Dispatched</font>,Dispatched,USWS-18846,,2163.34,1625895,Do Not Import,ON THE BEACH,Mandi Tbd,8 May 2026 11:35 PM,166,Shopify USWS,Shopify USWS,14 May 2026 1:00 AM,US Geneva,0,2
1 May 2026 5:18 PM,<font color=red>Dispatched</font>,Dispatched,UKWS-6593,,746.14,1621390,Do Not Import,Wildwood Seven Day Pharmacy,Nikhila Patel,5 May 2026 4:10 PM,36,Shopify UKWS,Shopify UKWS,8 May 2026 6:40 PM,UK ILG,0,10
1 May 2026 4:17 PM,<font color=red>Dispatched</font>,Dispatched,EUWS-3131,,1047.47,1642579,Do Not Import,Sinnvoll Inh. Dirk Heumann,Dirk Heumann,21 May 2026 9:37 AM,73,Shopify EUWS,Shopify EUWS,21 May 2026 5:41 PM,EU iFulfillment,0,10
1 May 2026 3:11 PM,<font color=red>Dispatched</font>,Dispatched,NEXT23106-13-STOCKRES,,92036.16,1679058,Do Not Import,NEXT,NEXT NEXT Ltd.,12 Jun 2026 10:10 AM,6700,Shopify UKWS,Backend,3 Jul 2026 1:24 PM,UK ILG,0,10
1 May 2026 2:45 PM,<font color=red>Dispatched</font>,Dispatched,UKWS-6592,,657.00,1628649,Do Not Import,Jack Nadel International Ltd,Shivam Y,11 May 2026 3:40 PM,60,Shopify UKWS,Shopify UKWS,15 May 2026 3:55 PM,UK ILG,0,10
1 May 2026 1:23 PM,<font color=red>Dispatched</font>,Dispatched,EUWS-3130,,552.57,1642580,Do Not Import,Les Toiles Du Soleil,Valérie Sucarrat,21 May 2026 1:38 PM,48,Shopify EUWS,Shopify EUWS,22 May 2026 2:55 PM,EU iFulfillment,0,10
1 May 2026 12:06 PM,<font color=red>Dispatched</font>,Dispatched,UKWS-6591,,456.14,1621409,Do Not Import,Shell's,Rochelle Hilary Patterson,5 May 2026 4:20 PM,27,Shopify UKWS,Shopify UKWS,8 May 2026 1:40 PM,UK ILG,0,10
1 May 2026 4:46 AM,<font color=red>Dispatched</font>,Dispatched,USWS-18843,,476.06,1622539,Do Not Import,Lauren Roebuck Designs LLC,Lauren Roebuck,6 May 2026 7:00 AM,24,Shopify USWS,Shopify USWS,6 May 2026 7:00 AM,US Geneva,0,10
1 May 2026 3:35 AM,<font color=red>Dispatched</font>,Dispatched,USWS-18842,,1077.42,1622468,Do Not Import,SPALDING HOSIERY / DRY FALLS OUTFITTERS,Claire Turner,6 May 2026 9:40 PM,84,Shopify USWS,Shopify USWS,6 May 2026 7:00 AM,US Geneva,0,10
30 Apr 2026 10:43 PM,<font color=red>Dispatched</font>,Dispatched,USWS-18841,,442.87,1621557,Do Not Import,Bering's Hardware,martha hinojosa HINOJOSA,5 May 2026 7:00 AM,32,Shopify USWS,Shopify USWS,5 May 2026 7:00 AM,US Geneva,0,10
30 Apr 2026 7:22 PM,<font color=red>Dispatched</font>,Dispatched,UKWS-6590,,306.00,1617197,Do Not Import,Gay Pride Shop,Jason Guy,1 May 2026 12:50 PM,20,Shopify UKWS,Shopify UKWS,1 May 2026 9:10 PM,UK ILG,0,10
30 Apr 2026 5:52 PM,<font color=red>Dispatched</font>,Dispatched,UKWS-6589,,583.82,1617319,Do Not Import,Green Tulip,Emma Reading,1 May 2026 2:50 PM,54,Shopify UKWS,Shopify UKWS,1 May 2026 7:25 PM,UK ILG,0,10
30 Apr 2026 3:35 PM,<font color=red>Dispatched</font>,Dispatched,USWS-18840,,2030.14,1622472,Do Not Import,DRAGONFLIES,Tricia DRAGONFLIES,6 May 2026 9:20 PM,154,Shopify USWS,Shopify USWS,6 May 2026 7:00 AM,US Geneva,0,10
30 Apr 2026 2:30 PM,<font color=red>Dispatched</font>,Dispatched,EUWS-3129,,0.00,1624330,Do Not Import,Sarl Clea,Clea Emmanuel,6 May 2026 3:36 PM,26,Shopify EUWS,Shopify EUWS,8 May 2026 4:12 PM,EU iFulfillment,0,10
30 Apr 2026 2:23 PM,<font color=red>Dispatched</font>,Dispatched,UKWS-6588,,1334.66,1624301,Do Not Import,The Wave Project,Ed Connors,22 May 2026 4:40 PM,102,Shopify UKWS,Shopify UKWS,27 May 2026 1:00 AM,UK ILG,0,10
30 Apr 2026 1:58 PM,<font color=red>Dispatched</font>,Dispatched,USWS-18839,,4700.05,1621469,Do Not Import,MCKEE'S TEES PLUS,Kimberly McKeever,5 May 2026 7:00 AM,433,Shopify USWS,Shopify USWS,5 May 2026 7:00 AM,US Geneva,0,10
30 Apr 2026 10:37 AM,<font color=red>Dispatched</font>,Dispatched,UKWS-6587,,491.90,1617251,Do Not Import,Hydro Paws,Hydro Paws,1 May 2026 1:50 PM,38,Shopify UKWS,Shopify UKWS,1 May 2026 12:41 PM,UK ILG,0,10
30 Apr 2026 8:37 AM,<font color=red>Dispatched</font>,Dispatched,EUWS-3128,,264.37,1622791,Do Not Import,Au Fil Des Dunes,Patricia Delahaye,5 May 2026 4:36 PM,19,Shopify EUWS,Shopify EUWS,6 May 2026 10:10 AM,EU iFulfillment,0,10
30 Apr 2026 6:59 AM,<font color=red>Dispatched</font>,Dispatched,EUWS-3127,,1310.82,1655594,Do Not Import,"Esprit de Famille /defitrans ",faye philippe,29 May 2026 8:36 AM,137,Shopify EUWS,Shopify EUWS,22 May 2026 10:11 AM,EU iFulfillment,0,10
30 Apr 2026 3:35 AM,<font color=red>Dispatched</font>,Dispatched,USWS-18837,,620.70,1621542,Do Not Import,"ELDERS HARDWARE- #18530",Elder's Ace Hardware Myers,5 May 2026 7:00 AM,36,Shopify USWS,Shopify USWS,5 May 2026 7:00 AM,US Geneva,0,10
29 Apr 2026 10:24 PM,<font color=red>Dispatched</font>,Dispatched,USWS-18836,,958.24,1616153,Do Not Import,,Shaina Desai,15 May 2026 7:00 AM,108,Shopify USWS,Shopify USWS,15 May 2026 7:00 AM,US Geneva,0,10
29 Apr 2026 8:12 PM,<font color=red>Dispatched</font>,Dispatched,USWS-18835,,298.12,1619998,Do Not Import,,Coleman Powell,4 May 2026 7:00 AM,18,Shopify USWS,Shopify USWS,4 May 2026 7:00 AM,US Geneva,0,10
29 Apr 2026 7:35 PM,<font color=red>Dispatched</font>,Dispatched,USWS-18834,,451.87,1622471,Do Not Import,Miller Children's Hosp. Long Beach Auxiliary,KATHY MILICH,14 May 2026 7:00 AM,42,Shopify USWS,Shopify USWS,14 May 2026 7:00 AM,US Geneva,0,10
29 Apr 2026 4:47 PM,<font color=red>Dispatched</font>,Dispatched,UKWS-6585,,0.00,1615905,Do Not Import,Aloft co Ltd,beth Hillier,30 Apr 2026 9:20 AM,4,Shopify UKWS,Shopify UKWS,30 Apr 2026 6:10 PM,UK ILG,0,10
29 Apr 2026 4:29 PM,<font color=red>Dispatched</font>,Dispatched,UKWS-6584,,275.62,1615973,Do Not Import,Coastal Remedy,Rebecca Lovell,30 Apr 2026 9:50 AM,20,Shopify UKWS,Shopify UKWS,30 Apr 2026 6:10 PM,UK ILG,0,10
29 Apr 2026 4:11 PM,<font color=red>Dispatched</font>,Dispatched,UKWS-6583,,840.28,1621247,Do Not Import,ILG,Lyme Regis Retail,5 May 2026 3:20 PM,50,Shopify UKWS,Shopify UKWS,7 May 2026 5:42 PM,UK ILG,0,10
29 Apr 2026 3:16 PM,<font color=red>Dispatched</font>,Dispatched,UKWS-6582,,31.97,1615938,Do Not Import,Aloft co Ltd,beth Hillier,30 Apr 2026 9:40 AM,6,Shopify UKWS,Shopify UKWS,30 Apr 2026 4:40 PM,UK ILG,0,10
29 Apr 2026 2:53 PM,<font color=red>Dispatched</font>,Dispatched,USWS-18833,,0.00,1617420,Do Not Import,Gifts and Stitch LLC,Blaire Trammell,1 May 2026 7:00 AM,45,Shopify USWS,Shopify USWS,1 May 2026 7:00 AM,US Geneva,0,10
29 Apr 2026 1:41 PM,<font color=red>Dispatched</font>,Dispatched,UKWS-6581,,1010.95,1616231,Do Not Import,,Kristian Matthews,30 Apr 2026 1:40 PM,66,Shopify UKWS,Shopify UKWS,30 Apr 2026 3:10 PM,UK ILG,0,10
29 Apr 2026 12:11 PM,<font color=red>Dispatched</font>,Dispatched,USWS-18832,,147.25,1619951,Do Not Import,Arrowwood Landscape,Erika Carl,4 May 2026 7:00 AM,14,Shopify USWS,Shopify USWS,4 May 2026 7:00 AM,US Geneva,0,10
29 Apr 2026 11:06 AM,<font color=red>Dispatched</font>,Dispatched,EUWS-3124,,680.18,1616347,Do Not Import,"Wunderschön ",Maria Schlegel Isolde Keller,30 Apr 2026 1:34 PM,48,Shopify EUWS,Shopify EUWS,30 Apr 2026 12:40 PM,EU iFulfillment,0,10
29 Apr 2026 10:24 AM,<font color=red>Dispatched</font>,Dispatched,EUWS-3123,,1171.06,1622474,Do Not Import,Les Ptits Tresors De Jade,Dominique Madec,28 May 2026 3:35 PM,75,Shopify EUWS,Shopify EUWS,25 May 2026 12:41 PM,EU iFulfillment,0,10
29 Apr 2026 10:13 AM,<font color=red>Dispatched</font>,Dispatched,EUWS-3122,,0.00,1617366,Do Not Import,Épicerie lautard,Nathalie Deleplanque,30 Apr 2026 1:34 PM,45,Shopify EUWS,Shopify EUWS,30 Apr 2026 12:41 PM,EU iFulfillment,0,10
29 Apr 2026 9:01 AM,<font color=red>Dispatched</font>,Dispatched,UKWS-6580,,637.76,1616115,Do Not Import,Sand Dollar,Gary Webb,30 Apr 2026 11:40 AM,62,Shopify UKWS,Shopify UKWS,28 Apr 2026 1:00 AM,UK ILG,0,10
28 Apr 2026 11:35 PM,<font color=red>Dispatched</font>,Dispatched,USWS-18831,,812.25,1616614,Do Not Import,NOFO @ THE PIG,NOFO @ The MARY,30 Apr 2026 10:40 PM,66,Shopify USWS,Shopify USWS,30 Apr 2026 7:00 AM,US Geneva,0,10
28 Apr 2026 8:25 PM,<font color=red>Dispatched</font>,Dispatched,USWS-18830,,955.61,1632801,Do Not Import,Bon Vivant Gift Boxes,Steely Dipuccio,14 May 2026 7:00 AM,65,Shopify USWS,Shopify USWS,14 May 2026 7:00 AM,US Geneva,0,10
28 Apr 2026 3:56 PM,<font color=red>Dispatched</font>,Dispatched,UKWS-6579,,723.98,1616068,Do Not Import,,Kristian Matthews,30 Apr 2026 11:10 AM,46,Shopify UKWS,Shopify UKWS,30 Apr 2026 1:00 AM,UK ILG,0,10
28 Apr 2026 3:34 PM,<font color=red>Dispatched</font>,Dispatched,USWS-18829,,884.45,1615064,Do Not Import,Shamrock Seals Swim Team,Amanda Bucha,11 May 2026 8:40 PM,55,Shopify USWS,Shopify USWS,11 May 2026 7:00 AM,US Geneva,0,10
28 Apr 2026 2:59 PM,<font color=red>Dispatched</font>,Dispatched,EUWS-3121,,982.31,1622475,Do Not Import,Lonilead,Nicolas Caillet,7 May 2026 10:35 AM,90,Shopify EUWS,Shopify EUWS,8 May 2026 4:25 PM,EU iFulfillment,0,10
28 Apr 2026 2:28 PM,<font color=red>Dispatched</font>,Dispatched,EUWS-3120,,1680.46,1617367,Do Not Import,"Lagardere Duty Free, s.r.o.",Charlotte Lambert,30 Apr 2026 2:34 PM,150,Shopify EUWS,Shopify EUWS,29 Apr 2026 3:40 PM,EU iFulfillment,0,10
28 Apr 2026 10:45 AM,<font color=red>Dispatched</font>,Dispatched,EUWS-3119,,910.16,1616361,Do Not Import,Insolite,Insolite Vidal,29 Apr 2026 2:35 PM,113,Shopify EUWS,Shopify EUWS,29 Apr 2026 1:11 PM,EU iFulfillment,0,10
28 Apr 2026 10:42 AM,<font color=red>Dispatched</font>,Dispatched,EUWS-3118,,266.11,1622792,Do Not Import,Apotheke NATURA - J.Ladenbauer-Wimmer KG,Julia Ladenbauer-Wimmer,5 May 2026 4:36 PM,30,Shopify EUWS,Shopify EUWS,29 Apr 2026 1:11 PM,EU iFulfillment,0,10
28 Apr 2026 3:29 AM,<font color=red>Dispatched</font>,Dispatched,USWS-18828,,887.39,1617272,Do Not Import,The BLVD,Amy Smith,1 May 2026 7:00 AM,68,Shopify USWS,Shopify USWS,1 May 2026 7:00 AM,US Geneva,0,10
27 Apr 2026 11:35 PM,<font color=red>Dispatched</font>,Dispatched,USWS-18827,,821.60,1623064,Do Not Import,Lakeshore Market & More,Lakeshore Market & Koehnen,6 May 2026 7:00 AM,54,Shopify USWS,Shopify USWS,6 May 2026 7:00 AM,US Geneva,0,10
27 Apr 2026 9:35 PM,<font color=red>Dispatched</font>,Dispatched,USWS-18826,,1446.25,1615060,Do Not Import,Walnut Corner,Walnut Willard,4 May 2026 11:33 PM,63,Shopify USWS,Shopify USWS,5 May 2026 1:00 AM,US Geneva,0,2
27 Apr 2026 8:02 PM,"<font color=#009788>Open</font>",New - Future Ship Date,USWS-18825,,286.28,1614130,Do Not Import,,MARGARET WHITE,,14,Shopify USWS,Shopify USWS,1 Sep 2026 1:00 AM,US Preorder,0,1
27 Apr 2026 7:35 PM,<font color=red>Dispatched</font>,Dispatched,USWS-18824,,1219.05,1615037,Do Not Import,The Pelicans Pouch,Cheryl Klippel,6 May 2026 7:00 AM,90,Shopify USWS,Shopify USWS,6 May 2026 7:00 AM,US Geneva,0,10
27 Apr 2026 6:53 PM,"<font color=#009788>Open</font>",Awaiting Payment,CSTO28622-2,10029167102,8797.33,0,Do Not Import,Container Store,Molly Ross,,1428,Shopify USWS,Backend,31 Aug 2026 12:48 PM,Direct to Client,0,0
27 Apr 2026 6:45 PM,"<font color=#009788>Open</font>",New - Future Ship Date,CSTO28622-1,10029167101,4657.41,0,Do Not Import,Container Store,Molly Ross,,756,Shopify USWS,Backend,31 Aug 2026 12:48 PM,Direct to Client,0,0
27 Apr 2026 6:34 PM,<font color=red>Dispatched</font>,Dispatched,SHAR27876-7-WestGr,,3617.21,1614365,"<font color=#7e57c2>Paid:$4894.50</font>",Safe Harbor," ",28 Apr 2026 7:00 AM,250,Shopify USWS,Backend,28 Apr 2026 7:00 AM,US Geneva,0,10
27 Apr 2026 6:08 PM,<font color=red>Dispatched</font>,Dispatched,DILLARDS-3217456201-260,3217456201,218.40,1630653,Imported,DILLARDS,"Dillards Salisbury NC DC ",12 May 2026 7:00 AM,12,Shopify USWS,Imported,12 May 2026 7:00 AM,US Geneva,0,10
27 Apr 2026 6:08 PM,<font color=red>Dispatched</font>,Dispatched,DILLARDS-3217456202-241,3217456202,218.40,1630669,Imported,DILLARDS,"Dillards Valdosta Georgia DC ",12 May 2026 7:00 AM,12,Shopify USWS,Imported,12 May 2026 7:00 AM,US Geneva,0,10
27 Apr 2026 6:08 PM,<font color=red>Dispatched</font>,Dispatched,DILLARDS-3217456202-252,3217456202,218.40,1630675,Imported,DILLARDS,"Dillards Valdosta Georgia DC ",12 May 2026 7:00 AM,12,Shopify USWS,Imported,12 May 2026 7:00 AM,US Geneva,0,10
27 Apr 2026 6:08 PM,<font color=red>Dispatched</font>,Dispatched,DILLARDS-3217456202-253,3217456202,218.40,1630676,Imported,DILLARDS,"Dillards Valdosta Georgia DC ",12 May 2026 7:00 AM,12,Shopify USWS,Imported,12 May 2026 7:00 AM,US Geneva,0,10
27 Apr 2026 6:08 PM,<font color=red>Dispatched</font>,Dispatched,DILLARDS-3217456201-262,3217456201,218.40,1630655,Imported,DILLARDS,"Dillards Salisbury NC DC ",12 May 2026 7:00 AM,12,Shopify USWS,Imported,12 May 2026 7:00 AM,US Geneva,0,10
27 Apr 2026 6:08 PM,<font color=red>Dispatched</font>,Dispatched,DILLARDS-3217456201-264,3217456201,218.40,1630657,Imported,DILLARDS,"Dillards Salisbury NC DC ",12 May 2026 7:00 AM,12,Shopify USWS,Imported,12 May 2026 7:00 AM,US Geneva,0,10
27 Apr 2026 6:08 PM,<font color=red>Dispatched</font>,Dispatched,DILLARDS-3217456201-263,3217456201,218.40,1630656,Imported,DILLARDS,"Dillards Salisbury NC DC ",12 May 2026 7:00 AM,12,Shopify USWS,Imported,12 May 2026 7:00 AM,US Geneva,0,10
27 Apr 2026 6:08 PM,<font color=red>Dispatched</font>,Dispatched,DILLARDS-3217456202-242,3217456202,218.40,1630670,Imported,DILLARDS,"Dillards Valdosta Georgia DC ",12 May 2026 7:00 AM,12,Shopify USWS,Imported,12 May 2026 7:00 AM,US Geneva,0,10
27 Apr 2026 6:08 PM,<font color=red>Dispatched</font>,Dispatched,DILLARDS-3217456202-244,3217456202,218.40,1630671,Imported,DILLARDS,"Dillards Valdosta Georgia DC ",12 May 2026 7:00 AM,12,Shopify USWS,Imported,12 May 2026 7:00 AM,US Geneva,0,10
27 Apr 2026 6:08 PM,<font color=red>Dispatched</font>,Dispatched,DILLARDS-3217456201-261,3217456201,218.40,1630654,Imported,DILLARDS,"Dillards Salisbury NC DC ",12 May 2026 7:00 AM,12,Shopify USWS,Imported,12 May 2026 7:00 AM,US Geneva,0,10
27 Apr 2026 6:08 PM,<font color=red>Dispatched</font>,Dispatched,DILLARDS-3217456202-206,3217456202,218.40,1630662,Imported,DILLARDS,"Dillards Valdosta Georgia DC ",12 May 2026 7:00 AM,12,Shopify USWS,Imported,12 May 2026 7:00 AM,US Geneva,0,10
27 Apr 2026 6:08 PM,<font color=red>Dispatched</font>,Dispatched,DILLARDS-3217456202-256,3217456202,218.40,1630677,Imported,DILLARDS,"Dillards Valdosta Georgia DC ",12 May 2026 7:00 AM,12,Shopify USWS,Imported,12 May 2026 7:00 AM,US Geneva,0,10
27 Apr 2026 6:08 PM,<font color=red>Dispatched</font>,Dispatched,DILLARDS-3217456201-265,3217456201,218.40,1630658,Imported,DILLARDS,"Dillards Salisbury NC DC ",12 May 2026 7:00 AM,12,Shopify USWS,Imported,12 May 2026 7:00 AM,US Geneva,0,10
27 Apr 2026 6:08 PM,<font color=red>Dispatched</font>,Dispatched,DILLARDS-3217456202-248,3217456202,218.40,1630673,Imported,DILLARDS,"Dillards Valdosta Georgia DC ",12 May 2026 7:00 AM,12,Shopify USWS,Imported,12 May 2026 7:00 AM,US Geneva,0,10
27 Apr 2026 6:08 PM,<font color=red>Dispatched</font>,Dispatched,DILLARDS-3217456202-229,3217456202,218.40,1630667,Imported,DILLARDS,"Dillards Valdosta Georgia DC ",12 May 2026 7:00 AM,12,Shopify USWS,Imported,12 May 2026 7:00 AM,US Geneva,0,10
27 Apr 2026 6:08 PM,<font color=red>Dispatched</font>,Dispatched,DILLARDS-3217456202-214,3217456202,218.40,1630664,Imported,DILLARDS,"Dillards Valdosta Georgia DC ",12 May 2026 7:00 AM,12,Shopify USWS,Imported,12 May 2026 7:00 AM,US Geneva,0,10
27 Apr 2026 6:08 PM,<font color=red>Dispatched</font>,Dispatched,DILLARDS-3217456201-161,3217456201,218.40,1630615,Imported,DILLARDS,"Dillards Salisbury NC DC ",12 May 2026 7:00 AM,12,Shopify USWS,Imported,12 May 2026 7:00 AM,US Geneva,0,10
27 Apr 2026 6:08 PM,<font color=red>Dispatched</font>,Dispatched,DILLARDS-3217456201-163,3217456201,218.40,1630651,Imported,DILLARDS,"Dillards Salisbury NC DC ",12 May 2026 7:00 AM,12,Shopify USWS,Imported,12 May 2026 7:00 AM,US Geneva,0,10
27 Apr 2026 6:08 PM,<font color=red>Dispatched</font>,Dispatched,DILLARDS-3217456202-251,3217456202,218.40,1630674,Imported,DILLARDS,"Dillards Valdosta Georgia DC ",12 May 2026 7:00 AM,12,Shopify USWS,Imported,12 May 2026 7:00 AM,US Geneva,0,10
27 Apr 2026 6:08 PM,<font color=red>Dispatched</font>,Dispatched,DILLARDS-3217456201-168,3217456201,218.40,1630652,Imported,DILLARDS,"Dillards Salisbury NC DC ",12 May 2026 7:00 AM,12,Shopify USWS,Imported,12 May 2026 7:00 AM,US Geneva,0,10
27 Apr 2026 6:08 PM,<font color=red>Dispatched</font>,Dispatched,DILLARDS-3217456202-201,3217456202,218.40,1630661,Imported,DILLARDS,"Dillards Valdosta Georgia DC ",12 May 2026 7:00 AM,12,Shopify USWS,Imported,12 May 2026 7:00 AM,US Geneva,0,10
27 Apr 2026 6:08 PM,<font color=red>Dispatched</font>,Dispatched,DILLARDS-3217456202-216,3217456202,218.40,1630665,Imported,DILLARDS,"Dillards Valdosta Georgia DC ",12 May 2026 7:00 AM,12,Shopify USWS,Imported,12 May 2026 7:00 AM,US Geneva,0,10
27 Apr 2026 6:08 PM,<font color=red>Dispatched</font>,Dispatched,DILLARDS-3217456202-213,3217456202,218.40,1630663,Imported,DILLARDS,"Dillards Valdosta Georgia DC ",12 May 2026 7:00 AM,12,Shopify USWS,Imported,12 May 2026 7:00 AM,US Geneva,0,10
27 Apr 2026 6:08 PM,<font color=red>Dispatched</font>,Dispatched,DILLARDS-3217456202-218,3217456202,218.40,1630666,Imported,DILLARDS,"Dillards Valdosta Georgia DC ",12 May 2026 7:00 AM,12,Shopify USWS,Imported,12 May 2026 7:00 AM,US Geneva,0,10
27 Apr 2026 6:08 PM,<font color=red>Dispatched</font>,Dispatched,DILLARDS-3217456202-247,3217456202,218.40,1630672,Imported,DILLARDS,"Dillards Valdosta Georgia DC ",12 May 2026 7:00 AM,12,Shopify USWS,Imported,12 May 2026 7:00 AM,US Geneva,0,10
27 Apr 2026 6:08 PM,<font color=red>Dispatched</font>,Dispatched,DILLARDS-3217456201-162,3217456201,218.40,1630650,Imported,DILLARDS,"Dillards Salisbury NC DC ",12 May 2026 7:00 AM,12,Shopify USWS,Imported,12 May 2026 7:00 AM,US Geneva,0,10
27 Apr 2026 6:08 PM,<font color=red>Dispatched</font>,Dispatched,DILLARDS-3217456201-266,3217456201,218.40,1630659,Imported,DILLARDS,"Dillards Salisbury NC DC ",12 May 2026 7:00 AM,12,Shopify USWS,Imported,12 May 2026 7:00 AM,US Geneva,0,10
27 Apr 2026 6:08 PM,<font color=red>Dispatched</font>,Dispatched,DILLARDS-3217456202-239,3217456202,218.40,1630668,Imported,DILLARDS,"Dillards Valdosta Georgia DC ",12 May 2026 7:00 AM,12,Shopify USWS,Imported,12 May 2026 7:00 AM,US Geneva,0,10
27 Apr 2026 6:08 PM,<font color=red>Dispatched</font>,Dispatched,DILLARDS-3217456201-156,3217456201,218.40,1630614,Imported,DILLARDS,"Dillards Salisbury NC DC ",12 May 2026 7:00 AM,12,Shopify USWS,Imported,12 May 2026 7:00 AM,US Geneva,0,10
27 Apr 2026 6:08 PM,<font color=red>Dispatched</font>,Dispatched,DILLARDS-3217456201-355,3217456201,218.40,1630660,Imported,DILLARDS,"Dillards Salisbury NC DC ",12 May 2026 7:00 AM,12,Shopify USWS,Imported,12 May 2026 7:00 AM,US Geneva,0,10
27 Apr 2026 6:08 PM,<font color=red>Dispatched</font>,Dispatched,DILLARDS-3217456203-324,3217456203,218.40,1629009,Imported,DILLARDS,"Dillards Kansas City DC ",11 May 2026 7:00 AM,12,Shopify USWS,Imported,11 May 2026 7:00 AM,US Geneva,0,10
27 Apr 2026 6:08 PM,<font color=red>Dispatched</font>,Dispatched,DILLARDS-3217456205-721,3217456205,160.54,1629113,Imported,DILLARDS,"Dillards Ft Worth DC ",11 May 2026 7:00 AM,12,Shopify USWS,Imported,11 May 2026 7:00 AM,US Geneva,0,10
27 Apr 2026 6:08 PM,<font color=red>Dispatched</font>,Dispatched,DILLARDS-3217456205-738,3217456205,160.54,1629117,Imported,DILLARDS,"Dillards Ft Worth DC ",11 May 2026 7:00 AM,12,Shopify USWS,Imported,11 May 2026 7:00 AM,US Geneva,0,10
27 Apr 2026 6:08 PM,<font color=red>Dispatched</font>,Dispatched,DILLARDS-3217456205-775,3217456205,160.54,1629124,Imported,DILLARDS,"Dillards Ft Worth DC ",11 May 2026 7:00 AM,12,Shopify USWS,Imported,11 May 2026 7:00 AM,US Geneva,0,10
27 Apr 2026 6:08 PM,<font color=red>Dispatched</font>,Dispatched,DILLARDS-3217456206-902,3217456206,160.54,1629035,Imported,DILLARDS,"Dillards Phoenix DC ",11 May 2026 7:00 AM,12,Shopify USWS,Imported,11 May 2026 7:00 AM,US Geneva,0,10
27 Apr 2026 6:08 PM,<font color=red>Dispatched</font>,Dispatched,DILLARDS-3217456204-460,3217456204,160.54,1629021,Imported,DILLARDS,"Dillards Little Rock AK DC ",11 May 2026 7:00 AM,12,Shopify USWS,Imported,11 May 2026 7:00 AM,US Geneva,0,10
27 Apr 2026 6:08 PM,<font color=red>Dispatched</font>,Dispatched,DILLARDS-3217456205-727,3217456205,160.54,1629114,Imported,DILLARDS,"Dillards Ft Worth DC ",11 May 2026 7:00 AM,12,Shopify USWS,Imported,11 May 2026 7:00 AM,US Geneva,0,10
27 Apr 2026 6:08 PM,<font color=red>Dispatched</font>,Dispatched,DILLARDS-3217456205-778,3217456205,160.54,1629126,Imported,DILLARDS,"Dillards Ft Worth DC ",11 May 2026 7:00 AM,12,Shopify USWS,Imported,11 May 2026 7:00 AM,US Geneva,0,10
27 Apr 2026 6:08 PM,<font color=red>Dispatched</font>,Dispatched,DILLARDS-3217456205-784,3217456205,160.54,1629130,Imported,DILLARDS,"Dillards Ft Worth DC ",11 May 2026 7:00 AM,12,Shopify USWS,Imported,11 May 2026 7:00 AM,US Geneva,0,10
27 Apr 2026 6:08 PM,<font color=red>Dispatched</font>,Dispatched,DILLARDS-3217456204-384,3217456204,160.54,1629041,Imported,DILLARDS,"Dillards Little Rock AK DC ",11 May 2026 7:00 AM,12,Shopify USWS,Imported,11 May 2026 7:00 AM,US Geneva,0,10
27 Apr 2026 6:08 PM,<font color=red>Dispatched</font>,Dispatched,DILLARDS-3217456204-792,3217456204,160.54,1629022,Imported,DILLARDS,"Dillards Little Rock AK DC ",11 May 2026 7:00 AM,12,Shopify USWS,Imported,11 May 2026 7:00 AM,US Geneva,0,10
27 Apr 2026 6:08 PM,<font color=red>Dispatched</font>,Dispatched,DILLARDS-3217456205-6,3217456205,1605.41,1629140,Imported,DILLARDS,"Dillards Ft Worth DC ",11 May 2026 7:00 AM,120,Shopify USWS,Imported,11 May 2026 7:00 AM,US Geneva,0,10
27 Apr 2026 6:08 PM,<font color=red>Dispatched</font>,Dispatched,DILLARDS-3217456205-734,3217456205,160.54,1629116,Imported,DILLARDS,"Dillards Ft Worth DC ",11 May 2026 7:00 AM,12,Shopify USWS,Imported,11 May 2026 7:00 AM,US Geneva,0,10
27 Apr 2026 6:08 PM,<font color=red>Dispatched</font>,Dispatched,DILLARDS-3217456205-746,3217456205,160.54,1629118,Imported,DILLARDS,"Dillards Ft Worth DC ",11 May 2026 7:00 AM,12,Shopify USWS,Imported,11 May 2026 7:00 AM,US Geneva,0,10
27 Apr 2026 6:08 PM,<font color=red>Dispatched</font>,Dispatched,DILLARDS-3217456204-405,3217456204,160.54,1629024,Imported,DILLARDS,"Dillards Little Rock AK DC ",11 May 2026 7:00 AM,12,Shopify USWS,Imported,11 May 2026 7:00 AM,US Geneva,0,10
27 Apr 2026 6:08 PM,<font color=red>Dispatched</font>,Dispatched,DILLARDS-3217456205-715,3217456205,160.54,1629109,Imported,DILLARDS,"Dillards Ft Worth DC ",11 May 2026 7:00 AM,12,Shopify USWS,Imported,11 May 2026 7:00 AM,US Geneva,0,10
27 Apr 2026 6:08 PM,<font color=red>Dispatched</font>,Dispatched,DILLARDS-3217456205-783,3217456205,160.54,1629129,Imported,DILLARDS,"Dillards Ft Worth DC ",11 May 2026 7:00 AM,12,Shopify USWS,Imported,11 May 2026 7:00 AM,US Geneva,0,10
27 Apr 2026 6:08 PM,<font color=red>Dispatched</font>,Dispatched,DILLARDS-3217456203-314,3217456203,160.54,1629014,Imported,DILLARDS,"Dillards Kansas City DC ",11 May 2026 7:00 AM,12,Shopify USWS,Imported,11 May 2026 7:00 AM,US Geneva,0,10
27 Apr 2026 6:08 PM,<font color=red>Dispatched</font>,Dispatched,DILLARDS-3217456203-323,3217456203,218.40,1629008,Imported,DILLARDS,"Dillards Kansas City DC ",11 May 2026 7:00 AM,12,Shopify USWS,Imported,11 May 2026 7:00 AM,US Geneva,0,10
27 Apr 2026 6:08 PM,<font color=red>Dispatched</font>,Dispatched,DILLARDS-3217456205-712,3217456205,160.54,1629108,Imported,DILLARDS,"Dillards Ft Worth DC ",11 May 2026 7:00 AM,12,Shopify USWS,Imported,11 May 2026 7:00 AM,US Geneva,0,10
27 Apr 2026 6:08 PM,<font color=red>Dispatched</font>,Dispatched,DILLARDS-3217456204-408,3217456204,160.54,1629040,Imported,DILLARDS,"Dillards Little Rock AK DC ",11 May 2026 7:00 AM,12,Shopify USWS,Imported,11 May 2026 7:00 AM,US Geneva,0,10
27 Apr 2026 6:08 PM,<font color=red>Dispatched</font>,Dispatched,DILLARDS-3217456204-760,3217456204,160.54,1629039,Imported,DILLARDS,"Dillards Little Rock AK DC ",11 May 2026 7:00 AM,12,Shopify USWS,Imported,11 May 2026 7:00 AM,US Geneva,0,10
27 Apr 2026 6:08 PM,<font color=red>Dispatched</font>,Dispatched,DILLARDS-3217456204-406,3217456204,160.54,1629025,Imported,DILLARDS,"Dillards Little Rock AK DC ",11 May 2026 7:00 AM,12,Shopify USWS,Imported,11 May 2026 7:00 AM,US Geneva,0,10
27 Apr 2026 6:08 PM,<font color=red>Dispatched</font>,Dispatched,DILLARDS-3217456205-730,3217456205,160.54,1629115,Imported,DILLARDS,"Dillards Ft Worth DC ",11 May 2026 7:00 AM,12,Shopify USWS,Imported,11 May 2026 7:00 AM,US Geneva,0,10
27 Apr 2026 6:08 PM,<font color=red>Dispatched</font>,Dispatched,DILLARDS-3217456205-774,3217456205,160.54,1629123,Imported,DILLARDS,"Dillards Ft Worth DC ",11 May 2026 7:00 AM,12,Shopify USWS,Imported,11 May 2026 7:00 AM,US Geneva,0,10
27 Apr 2026 6:08 PM,<font color=red>Dispatched</font>,Dispatched,DILLARDS-3217456205-777,3217456205,160.54,1629125,Imported,DILLARDS,"Dillards Ft Worth DC ",11 May 2026 7:00 AM,12,Shopify USWS,Imported,11 May 2026 7:00 AM,US Geneva,0,10
27 Apr 2026 6:08 PM,<font color=red>Dispatched</font>,Dispatched,DILLARDS-3217456205-704,3217456205,160.54,1629106,Imported,DILLARDS,"Dillards Ft Worth DC ",11 May 2026 7:00 AM,12,Shopify USWS,Imported,11 May 2026 7:00 AM,US Geneva,0,10
27 Apr 2026 6:08 PM,<font color=red>Dispatched</font>,Dispatched,DILLARDS-3217456205-716,3217456205,160.54,1629110,Imported,DILLARDS,"Dillards Ft Worth DC ",11 May 2026 7:00 AM,12,Shopify USWS,Imported,11 May 2026 7:00 AM,US Geneva,0,10
27 Apr 2026 6:08 PM,<font color=red>Dispatched</font>,Dispatched,DILLARDS-3217456205-796,3217456205,160.54,1629132,Imported,DILLARDS,"Dillards Ft Worth DC ",11 May 2026 7:00 AM,12,Shopify USWS,Imported,11 May 2026 7:00 AM,US Geneva,0,10
27 Apr 2026 6:08 PM,<font color=red>Dispatched</font>,Dispatched,DILLARDS-3217456205-748,3217456205,160.54,1629119,Imported,DILLARDS,"Dillards Ft Worth DC ",11 May 2026 7:00 AM,12,Shopify USWS,Imported,11 May 2026 7:00 AM,US Geneva,0,10
27 Apr 2026 6:08 PM,<font color=red>Dispatched</font>,Dispatched,DILLARDS-3217456205-798,3217456205,161.62,1629133,Imported,DILLARDS,"Dillards Ft Worth DC ",11 May 2026 7:00 AM,12,Shopify USWS,Imported,11 May 2026 7:00 AM,US Geneva,0,10
27 Apr 2026 6:08 PM,<font color=red>Dispatched</font>,Dispatched,DILLARDS-3217456203-322,3217456203,160.54,1629015,Imported,DILLARDS,"Dillards Kansas City DC ",11 May 2026 7:00 AM,12,Shopify USWS,Imported,11 May 2026 7:00 AM,US Geneva,0,10
27 Apr 2026 6:08 PM,<font color=red>Dispatched</font>,Dispatched,DILLARDS-3217456203-343,3217456203,218.40,1629005,Imported,DILLARDS,"Dillards Kansas City DC ",11 May 2026 7:00 AM,12,Shopify USWS,Imported,11 May 2026 7:00 AM,US Geneva,0,10
27 Apr 2026 6:08 PM,<font color=red>Dispatched</font>,Dispatched,DILLARDS-3217456205-771,3217456205,160.54,1629122,Imported,DILLARDS,"Dillards Ft Worth DC ",11 May 2026 7:00 AM,12,Shopify USWS,Imported,11 May 2026 7:00 AM,US Geneva,0,10
27 Apr 2026 6:08 PM,<font color=red>Dispatched</font>,Dispatched,DILLARDS-3217456205-719,3217456205,160.54,1629112,Imported,DILLARDS,"Dillards Ft Worth DC ",11 May 2026 7:00 AM,12,Shopify USWS,Imported,11 May 2026 7:00 AM,US Geneva,0,10
27 Apr 2026 6:08 PM,<font color=red>Dispatched</font>,Dispatched,DILLARDS-3217456205-749,3217456205,160.54,1629120,Imported,DILLARDS,"Dillards Ft Worth DC ",11 May 2026 7:00 AM,12,Shopify USWS,Imported,11 May 2026 7:00 AM,US Geneva,0,10
27 Apr 2026 6:08 PM,<font color=red>Dispatched</font>,Dispatched,DILLARDS-3217456205-780,3217456205,160.54,1629128,Imported,DILLARDS,"Dillards Ft Worth DC ",11 May 2026 7:00 AM,12,Shopify USWS,Imported,11 May 2026 7:00 AM,US Geneva,0,10
27 Apr 2026 6:08 PM,<font color=red>Dispatched</font>,Dispatched,DILLARDS-3217456206-995,3217456206,161.62,1629037,Imported,DILLARDS,"Dillards Phoenix DC ",11 May 2026 7:00 AM,12,Shopify USWS,Imported,11 May 2026 7:00 AM,US Geneva,0,10
27 Apr 2026 6:08 PM,<font color=red>Dispatched</font>,Dispatched,DILLARDS-3217456205-717,3217456205,160.54,1629111,Imported,DILLARDS,"Dillards Ft Worth DC ",11 May 2026 7:00 AM,12,Shopify USWS,Imported,11 May 2026 7:00 AM,US Geneva,0,10
27 Apr 2026 6:08 PM,<font color=red>Dispatched</font>,Dispatched,DILLARDS-3217456205-770,3217456205,160.54,1629121,Imported,DILLARDS,"Dillards Ft Worth DC ",11 May 2026 7:00 AM,12,Shopify USWS,Imported,11 May 2026 7:00 AM,US Geneva,0,10
27 Apr 2026 6:08 PM,<font color=red>Dispatched</font>,Dispatched,DILLARDS-3217456205-779,3217456205,160.54,1629127,Imported,DILLARDS,"Dillards Ft Worth DC ",11 May 2026 7:00 AM,12,Shopify USWS,Imported,11 May 2026 7:00 AM,US Geneva,0,10
27 Apr 2026 6:08 PM,<font color=red>Dispatched</font>,Dispatched,DILLARDS-3217456204-768,3217456204,160.54,1629043,Imported,DILLARDS,"Dillards Little Rock AK DC ",11 May 2026 7:00 AM,12,Shopify USWS,Imported,11 May 2026 7:00 AM,US Geneva,0,10
27 Apr 2026 6:08 PM,<font color=red>Dispatched</font>,Dispatched,DILLARDS-3217456205-708,3217456205,160.54,1629107,Imported,DILLARDS,"Dillards Ft Worth DC ",11 May 2026 7:00 AM,12,Shopify USWS,Imported,11 May 2026 7:00 AM,US Geneva,0,10
27 Apr 2026 6:08 PM,<font color=red>Dispatched</font>,Dispatched,DILLARDS-3217456205-795,3217456205,160.54,1629131,Imported,DILLARDS,"Dillards Ft Worth DC ",11 May 2026 7:00 AM,12,Shopify USWS,Imported,11 May 2026 7:00 AM,US Geneva,0,10
27 Apr 2026 6:01 PM,<font color=red>Dispatched</font>,Dispatched,USWS-18823,,260.63,1616572,Do Not Import,,Megan Bueche,30 Apr 2026 7:00 AM,18,Shopify USWS,Shopify USWS,30 Apr 2026 7:00 AM,US Geneva,0,10
27 Apr 2026 5:18 PM,<font color=red>Dispatched</font>,Dispatched,UKWS-6578,,406.50,1613621,Do Not Import,The Beach Hut Dubai,elaine brown,28 Apr 2026 10:10 AM,30,Shopify UKWS,Shopify UKWS,28 Apr 2026 6:55 PM,UK ILG,0,10
27 Apr 2026 4:27 PM,<font color=red>Dispatched</font>,Dispatched,USWS-18822,,1279.88,1615061,Do Not Import,,Emma Yost,15 Jun 2026 7:00 AM,154,Shopify USWS,Shopify USWS,15 Jun 2026 7:00 AM,US Geneva,0,10
27 Apr 2026 4:05 PM,<font color=red>Dispatched</font>,Dispatched,UKWS-6577,,524.75,1614919,Do Not Import,,Jo Neaser,29 Apr 2026 9:20 AM,66,Shopify UKWS,Shopify UKWS,29 Apr 2026 1:00 AM,UK ILG,0,10
27 Apr 2026 3:36 PM,<font color=red>Dispatched</font>,Dispatched,UKWS-6576,,14256.00,1615066,Do Not Import,Vorwerk UK Limited,Adebowale Balogun,29 Apr 2026 2:40 PM,1600,Shopify UKWS,Shopify UKWS,1 Jun 2026 4:57 PM,UK ILG,0,10
27 Apr 2026 3:00 PM,<font color=red>Dispatched</font>,Dispatched,UKWS-6575,,705.11,1614112,Do Not Import,The Every Space,Claire Forrest,28 Apr 2026 2:20 PM,54,Shopify UKWS,Shopify UKWS,28 Apr 2026 4:25 PM,UK ILG,0,10
27 Apr 2026 2:49 PM,<font color=red>Dispatched</font>,Dispatched,EUWS-3117,,965.60,1624331,Do Not Import,Pinu,Lena Zimmermann,6 May 2026 2:36 PM,69,Shopify EUWS,Shopify EUWS,7 May 2026 4:11 PM,EU iFulfillment,0,10
27 Apr 2026 1:51 PM,<font color=red>Dispatched</font>,Dispatched,UKWS-6574,,293.21,1613573,Do Not Import,iota bristol,Meibh O'Connor Morse,28 Apr 2026 9:50 AM,26,Shopify UKWS,Shopify UKWS,28 Apr 2026 4:11 PM,UK ILG,0,10
27 Apr 2026 11:46 AM,<font color=red>Dispatched</font>,Dispatched,UKWS-6573,,511.16,1615125,Do Not Import,Studland Knoll Beach Retail,Peter Maidment,29 Apr 2026 1:40 PM,36,Shopify UKWS,Shopify UKWS,28 Apr 2026 1:11 PM,UK ILG,0,10
27 Apr 2026 11:43 AM,<font color=red>Dispatched</font>,Dispatched,UKWS-6572,,0.00,1617126,Do Not Import,Oliver Bonas,Flora Greening,1 May 2026 11:50 AM,1,Shopify UKWS,Shopify UKWS,28 Apr 2026 1:11 PM,UK ILG,0,10
27 Apr 2026 11:39 AM,<font color=red>Dispatched</font>,Dispatched,UKWS-6571,,959.38,1616210,Do Not Import,About Face,Helen Van Hoeve,30 Apr 2026 1:10 PM,66,Shopify UKWS,Shopify UKWS,30 Apr 2026 1:00 AM,UK ILG,0,10
27 Apr 2026 11:08 AM,<font color=red>Dispatched</font>,Dispatched,EUWS-3116,,0.00,1615267,Do Not Import,Ines Amann Creative Werbemittel,Elena Maria Seeburger,28 Apr 2026 3:37 PM,1,Shopify EUWS,Shopify EUWS,28 Apr 2026 12:40 PM,EU iFulfillment,0,10
27 Apr 2026 10:26 AM,<font color=red>Dispatched</font>,Dispatched,UKWS-6570,,789.79,1614201,Do Not Import,,Ian Shannon,28 Apr 2026 3:10 PM,50,Shopify UKWS,Shopify UKWS,29 Apr 2026 1:00 AM,UK ILG,0,10
27 Apr 2026 3:21 AM,<font color=red>Dispatched</font>,Dispatched,USWS-18821,,438.88,1616583,Do Not Import,Perino's Garden Center,Megan Perino,30 Apr 2026 7:00 AM,38,Shopify USWS,Shopify USWS,30 Apr 2026 7:00 AM,US Geneva,0,10
27 Apr 2026 2:59 AM,<font color=red>Dispatched</font>,Dispatched,USWS-18820,,1010.15,1616571,Do Not Import,Stitchmania,Vendor Team,30 Apr 2026 7:00 AM,78,Shopify USWS,Shopify USWS,30 Apr 2026 7:00 AM,US Geneva,0,10
26 Apr 2026 7:35 PM,<font color=red>Dispatched</font>,Dispatched,USWS-18771,,310.81,1616569,Do Not Import,"ELDER'S MERCANTILE OF HARDIN VALLEY  #17491",Elder's Ace Hardware Myers,30 Apr 2026 7:00 AM,18,Shopify USWS,Shopify USWS,30 Apr 2026 7:00 AM,US Geneva,0,10
26 Apr 2026 4:29 PM,<font color=red>Dispatched</font>,Dispatched,USWS-18819,,242.21,1616570,Do Not Import,Haven Maven Designs,Rachel Sparkman,30 Apr 2026 7:00 AM,14,Shopify USWS,Shopify USWS,30 Apr 2026 7:00 AM,US Geneva,0,10
26 Apr 2026 3:23 PM,<font color=red>Dispatched</font>,Dispatched,USWS-18818,,312.97,1616584,Do Not Import,The Line Boutique,Robyn Tedesco,30 Apr 2026 7:00 AM,20,Shopify USWS,Shopify USWS,30 Apr 2026 7:00 AM,US Geneva,0,10
26 Apr 2026 2:53 PM,<font color=red>Dispatched</font>,Dispatched,UKWS-6569,,335.26,1612438,Do Not Import,harris and home,Harris + Home,27 Apr 2026 2:40 PM,24,Shopify UKWS,Shopify UKWS,27 Apr 2026 5:47 PM,UK ILG,0,10
26 Apr 2026 2:18 PM,<font color=red>Dispatched</font>,Dispatched,USWS-18817,,320.83,1616582,Do Not Import,Mercy Forest Co.,Melissa Gaalswyk,30 Apr 2026 7:00 AM,20,Shopify USWS,Shopify USWS,30 Apr 2026 7:00 AM,US Geneva,0,10
26 Apr 2026 11:13 AM,<font color=red>Dispatched</font>,Dispatched,UKWS-6568,,273.65,1612453,Do Not Import,Diamond Parrot Accessory Emporium,Sharon McElhinney,27 Apr 2026 2:50 PM,36,Shopify UKWS,Shopify UKWS,27 Apr 2026 12:42 PM,UK ILG,0,10
25 Apr 2026 2:19 PM,<font color=red>Dispatched</font>,Dispatched,UKWS-6567,,480.47,1612347,Do Not Import,Trebah Garden,Jan Lewis,27 Apr 2026 1:20 PM,34,Shopify UKWS,Shopify UKWS,27 Apr 2026 4:10 PM,UK ILG,0,10
24 Apr 2026 8:48 PM,<font color=red>Dispatched</font>,Dispatched,USWS-18815,,289.65,1615380,Do Not Import,,Laura Dale,29 Apr 2026 7:00 AM,20,Shopify USWS,Shopify USWS,29 Apr 2026 7:00 AM,US Geneva,0,10
24 Apr 2026 5:21 PM,<font color=red>Dispatched</font>,Dispatched,UKWS-6566,,0.00,1615054,Do Not Import,Trailfinders,Charlotte King,29 Apr 2026 12:20 PM,2,Shopify UKWS,Shopify UKWS,1 May 2026 7:10 PM,UK ILG,0,10
24 Apr 2026 4:43 PM,<font color=red>Dispatched</font>,Dispatched,USWS-18814,,364.48,1615038,Do Not Import,Loved and Found,Elizabeth Vidrine,29 Apr 2026 7:00 AM,26,Shopify USWS,Shopify USWS,29 Apr 2026 7:00 AM,US Geneva,0,10
24 Apr 2026 2:26 PM,<font color=red>Dispatched</font>,Dispatched,UKWS-6565,,321.89,1612277,Do Not Import,Saltwater Sunshine,Heulwen Hardie,27 Apr 2026 12:50 PM,26,Shopify UKWS,Shopify UKWS,21 Apr 2026 1:00 AM,UK ILG,0,10
24 Apr 2026 2:21 PM,<font color=red>Dispatched</font>,Dispatched,USWS-18813,,554.00,1615039,Do Not Import,Morrison Mercantile,Caroline franz,29 Apr 2026 7:00 AM,38,Shopify USWS,Shopify USWS,29 Apr 2026 7:00 AM,US Geneva,0,10
24 Apr 2026 1:13 PM,<font color=red>Dispatched</font>,Dispatched,USWS-18812,,0.00,1615040,Do Not Import,PAWLEY ISLAND MERCANTILE,Carper Cole,30 Apr 2026 7:00 AM,1,Shopify USWS,Shopify USWS,30 Apr 2026 7:00 AM,US Geneva,0,10
24 Apr 2026 12:49 PM,<font color=red>Dispatched</font>,Dispatched,USWS-18811,,0.00,1617386,Do Not Import,Summit 310,Debbie Breithaupt,1 May 2026 7:00 AM,1,Shopify USWS,Shopify USWS,1 May 2026 7:00 AM,US Geneva,0,10
24 Apr 2026 12:47 PM,<font color=red>Dispatched</font>,Dispatched,USWS-18810,,0.00,1617395,Do Not Import,Summit 310,Debbie Breithaupt,1 May 2026 7:00 AM,1,Shopify USWS,Shopify USWS,1 May 2026 7:00 AM,US Geneva,0,10
24 Apr 2026 12:38 PM,<font color=red>Dispatched</font>,Dispatched,USWS-18809,,0.00,1615041,Do Not Import,MOUNTAIN HIGH OUTFITTERS- MYRTLE BEACH,Mountain High,30 Apr 2026 7:00 AM,1,Shopify USWS,Shopify USWS,30 Apr 2026 7:00 AM,US Geneva,0,10
24 Apr 2026 12:37 PM,<font color=red>Dispatched</font>,Dispatched,USWS-18808,,0.00,1615042,Do Not Import,MOUNTAIN HIGH OUTFITTERS- MYRTLE BEACH,Mountain High,30 Apr 2026 7:00 AM,1,Shopify USWS,Shopify USWS,30 Apr 2026 7:00 AM,US Geneva,0,10
24 Apr 2026 12:35 PM,<font color=red>Dispatched</font>,Dispatched,USWS-18807,,0.00,1615043,Do Not Import,MOUNTAIN HIGH OUTFITTERS- MYRTLE BEACH,Mountain High,1 May 2026 7:00 AM,1,Shopify USWS,Shopify USWS,1 May 2026 7:00 AM,US Geneva,0,10
24 Apr 2026 12:34 PM,<font color=red>Dispatched</font>,Dispatched,USWS-18806,,0.00,1615055,Do Not Import,MOUNTAIN HIGH OUTFITTERS- MYRTLE BEACH,Mountain High,1 May 2026 7:00 AM,1,Shopify USWS,Shopify USWS,1 May 2026 7:00 AM,US Geneva,0,10
24 Apr 2026 12:32 PM,<font color=red>Dispatched</font>,Dispatched,USWS-18805,,0.00,1615056,Do Not Import,MOUNTAIN HIGH OUTFITTERS- MYRTLE BEACH,Mountain High,1 May 2026 7:00 AM,1,Shopify USWS,Shopify USWS,1 May 2026 7:00 AM,US Geneva,0,10
24 Apr 2026 12:31 PM,<font color=red>Dispatched</font>,Dispatched,USWS-18804,,0.00,1615057,Do Not Import,MOUNTAIN HIGH OUTFITTERS- MYRTLE BEACH,Mountain High,1 May 2026 7:00 AM,1,Shopify USWS,Shopify USWS,1 May 2026 7:00 AM,US Geneva,0,10
24 Apr 2026 12:26 PM,<font color=red>Dispatched</font>,Dispatched,USWS-18803,,0.00,1615058,Do Not Import,MOUNTAIN HIGH OUTFITTERS- MYRTLE BEACH,Mountain High,1 May 2026 7:00 AM,1,Shopify USWS,Shopify USWS,1 May 2026 7:00 AM,US Geneva,0,10
24 Apr 2026 11:08 AM,<font color=red>Dispatched</font>,Dispatched,USWS-18802,,99.73,1615059,Do Not Import,ALABAMA OUTDOORS,ALABAMA Richey,1 May 2026 7:00 AM,6,Shopify USWS,Shopify USWS,1 May 2026 7:00 AM,US Geneva,0,10
24 Apr 2026 12:02 AM,<font color=red>Dispatched</font>,Dispatched,USWS-18801,,266.62,1613999,Do Not Import,Initial Attraction,Meme Bennett,28 Apr 2026 7:00 AM,26,Shopify USWS,Shopify USWS,28 Apr 2026 7:00 AM,US Geneva,0,10
23 Apr 2026 10:14 PM,<font color=red>Dispatched</font>,Dispatched,USWS-18800,,312.63,1613985,Do Not Import,Aron's Pharmacy,Ariana Howell,28 Apr 2026 7:00 AM,26,Shopify USWS,Shopify USWS,28 Apr 2026 7:00 AM,US Geneva,0,10
23 Apr 2026 9:35 PM,<font color=red>Dispatched</font>,Dispatched,USWS-18799,,655.04,1614129,Do Not Import,COTTAGE GROVE GIFT AND HOME,COTTAGE GROVE GIFT & Orders,5 May 2026 8:50 PM,40,Shopify USWS,Shopify USWS,5 May 2026 7:00 AM,US Geneva,0,10
23 Apr 2026 7:00 PM,<font color=red>Dispatched</font>,Dispatched,USWS-18798,,691.96,1614500,Do Not Import,The Write Touch by Leyla,Leyla Conlan,28 Apr 2026 7:00 AM,58,Shopify USWS,Shopify USWS,28 Apr 2026 7:00 AM,US Geneva,0,10
23 Apr 2026 4:52 PM,<font color=red>Dispatched</font>,Dispatched,USWS-18797,,775.89,1615182,Do Not Import,Bahia Boutique & Outfitters,Jennifer Ramirez,29 Apr 2026 7:00 AM,78,Shopify USWS,Shopify USWS,29 Apr 2026 7:00 AM,US Geneva,0,10
23 Apr 2026 11:21 AM,<font color=red>Dispatched</font>,Dispatched,USWS-18700,,1064.22,1617291,Do Not Import,Shore & Country,Lauren Nachman,11 May 2026 7:00 AM,150,Shopify USWS,Shopify USWS,11 May 2026 7:00 AM,US Geneva,0,10
23 Apr 2026 7:02 AM,<font color=red>Dispatched</font>,Dispatched,USWS-18796,,175.45,1614586,Do Not Import,Little Fox Cups + Cones,Meghan Koll,28 Apr 2026 7:00 AM,10,Shopify USWS,Shopify USWS,28 Apr 2026 7:00 AM,US Geneva,0,10
22 Apr 2026 10:44 PM,<font color=red>Dispatched</font>,Dispatched,USWS-18795,,271.59,1612615,Do Not Import,The Blue Iris,Julie Winter-Havel,27 Apr 2026 7:00 AM,20,Shopify USWS,Shopify USWS,27 Apr 2026 7:00 AM,US Geneva,0,10
22 Apr 2026 8:16 PM,<font color=red>Dispatched</font>,Dispatched,USWS-18794,,262.01,1612575,Do Not Import,The Local Findery LLC,Nick Hall Nick Hall,27 Apr 2026 7:00 AM,18,Shopify USWS,Shopify USWS,27 Apr 2026 7:00 AM,US Geneva,0,10
22 Apr 2026 8:12 PM,<font color=red>Dispatched</font>,Dispatched,USWS-18793,,917.92,1612717,Do Not Import,Prasek's Family Smokehouse,Rhea Prasek,27 Apr 2026 7:00 AM,66,Shopify USWS,Shopify USWS,27 Apr 2026 7:00 AM,US Geneva,0,10
22 Apr 2026 7:49 PM,<font color=red>Dispatched</font>,Dispatched,USWS-18792,,364.32,1612657,Do Not Import,About You Monograms,Lisa Lang,27 Apr 2026 7:00 AM,20,Shopify USWS,Shopify USWS,27 Apr 2026 7:00 AM,US Geneva,0,10
22 Apr 2026 6:10 PM,<font color=red>Dispatched</font>,Dispatched,UKWS-6564,,401.45,1609973,Do Not Import,Studland Knoll Beach Retail,Peter Maidment,24 Apr 2026 10:40 AM,26,Shopify UKWS,Shopify UKWS,23 Apr 2026 7:55 PM,UK ILG,0,10
22 Apr 2026 6:03 PM,<font color=red>Dispatched</font>,Dispatched,USWS-18791,,1949.46,1612617,Do Not Import,Stitchmania,Vendor Team,27 Apr 2026 7:00 AM,150,Shopify USWS,Shopify USWS,27 Apr 2026 7:00 AM,US Geneva,0,10
22 Apr 2026 5:47 PM,<font color=red>Dispatched</font>,Dispatched,USWS-18790,,318.09,1612697,Do Not Import,The Wellness Stop,Karen M  Sullivan,27 Apr 2026 7:00 AM,36,Shopify USWS,Shopify USWS,27 Apr 2026 7:00 AM,US Geneva,0,10
22 Apr 2026 5:17 PM,<font color=red>Dispatched</font>,Dispatched,USWS-18789,,277.60,1612490,Do Not Import,Rylee and Rue,Faire Faire,27 Apr 2026 7:00 AM,26,Shopify USWS,Shopify USWS,27 Apr 2026 7:00 AM,US Geneva,0,10
22 Apr 2026 4:33 PM,<font color=red>Dispatched</font>,Dispatched,USWS-18788,,479.10,1612650,Do Not Import,JANICE CAIN STATIONERY,Janice Cain,27 Apr 2026 7:00 AM,48,Shopify USWS,Shopify USWS,27 Apr 2026 7:00 AM,US Geneva,0,10
22 Apr 2026 4:05 PM,<font color=red>Dispatched</font>,Dispatched,UKWS-6563,,450.00,1608613,"<font color=#7e57c2>Paid:£450.00</font>",Vorwerk UK Limited,Adebowale Balogun,23 Apr 2026 10:50 AM,30,Shopify UKWS,Shopify UKWS,23 Apr 2026 5:42 PM,UK ILG,0,10
22 Apr 2026 2:57 PM,<font color=red>Dispatched</font>,Dispatched,UKWS-6562,,321.68,1612387,Do Not Import,,Ruth Green,27 Apr 2026 1:50 PM,19,Shopify UKWS,Shopify UKWS,27 Apr 2026 1:00 AM,UK ILG,0,10
22 Apr 2026 2:48 PM,<font color=red>Dispatched</font>,Dispatched,USWS-18787,,752.39,1612778,Do Not Import,Pinwheels Toys & Games,Pinwheels Toys,27 Apr 2026 7:00 AM,68,Shopify USWS,Shopify USWS,27 Apr 2026 7:00 AM,US Geneva,0,10
22 Apr 2026 12:51 PM,<font color=red>Dispatched</font>,Dispatched,USWS-18786,,902.19,1612736,Do Not Import,SST Custom Embroidery,Ronni Trutt,27 Apr 2026 7:00 AM,68,Shopify USWS,Shopify USWS,27 Apr 2026 7:00 AM,US Geneva,0,10
22 Apr 2026 11:26 AM,<font color=red>Dispatched</font>,Dispatched,EUWS-3114,,1976.88,1617313,Do Not Import,SiRiPiRi Concept Store,Iris Weidemann,6 May 2026 8:35 AM,149,Shopify EUWS,Shopify EUWS,6 May 2026 1:00 AM,EU iFulfillment,0,10
22 Apr 2026 11:24 AM,<font color=red>Dispatched</font>,Dispatched,UKWS-6561,,1052.90,1615023,Do Not Import,Rejects Department Store,Sara Paterson,29 Apr 2026 11:41 AM,77,Shopify UKWS,Shopify UKWS,28 Apr 2026 1:00 AM,UK ILG,0,10
22 Apr 2026 4:30 AM,<font color=red>Dispatched</font>,Dispatched,USWS-18785,,274.48,1612456,Do Not Import,,victoria knutar,27 Apr 2026 7:00 AM,18,Shopify USWS,Shopify USWS,27 Apr 2026 7:00 AM,US Geneva,0,10
21 Apr 2026 9:35 PM,<font color=red>Dispatched</font>,Dispatched,USWS-18784,,785.28,1616139,Do Not Import,Lou Lou's Corner,GENERATIONS Mills,30 Apr 2026 10:10 PM,58,Shopify USWS,Shopify USWS,30 Apr 2026 7:00 AM,US Geneva,0,10
21 Apr 2026 7:59 PM,<font color=red>Dispatched</font>,Dispatched,USWS-18783,,157.56,1610450,Do Not Import,Alluvia Spa,Country Club of Colorado,24 Apr 2026 7:00 AM,38,Shopify USWS,Shopify USWS,24 Apr 2026 7:00 AM,US Geneva,0,10
21 Apr 2026 7:35 PM,<font color=red>Dispatched</font>,Dispatched,USWS-18782,,945.70,1614128,Do Not Import,LILYMAES,LILYMAES Holczer,28 Apr 2026 8:50 PM,62,Shopify USWS,Shopify USWS,28 Apr 2026 7:00 AM,US Geneva,0,10
21 Apr 2026 7:20 PM,<font color=red>Dispatched</font>,Dispatched,NEXT23106-13,X004801917,38633.70,1735218,Do Not Import,NEXT,NEXT NEXT Ltd.,13 Jul 2026 10:20 AM,3790,Shopify UKWS,Backend,3 Jul 2026 1:24 PM,UK ILG,0,10
21 Apr 2026 6:51 PM,<font color=red>Dispatched</font>,Dispatched,USWS-18781,,194.27,1610442,Do Not Import,The Edit,Natalie Friedman,24 Apr 2026 7:00 AM,20,Shopify USWS,Shopify USWS,24 Apr 2026 7:00 AM,US Geneva,0,10
21 Apr 2026 6:50 PM,<font color=red>Dispatched</font>,Dispatched,USWS-18780,,1072.35,1643913,Do Not Import,Lora Belle Baby,"Machelle Frick, Aubrey Foster",22 May 2026 7:00 AM,79,Shopify USWS,Shopify USWS,22 May 2026 7:00 AM,US Geneva,0,10
21 Apr 2026 6:26 PM,<font color=red>Dispatched</font>,Dispatched,NEXT23106-12,,6111.30,1625105,Do Not Import,NEXT,NEXT NEXT Ltd.,8 May 2026 10:20 AM,415,Shopify UKWS,Backend,12 May 2026 12:26 PM,UK ILG,0,10
21 Apr 2026 5:46 PM,<font color=red>Dispatched</font>,Dispatched,USWS-18779,,444.37,1612927,Do Not Import,Inside Out,Pat Lonergan,27 Apr 2026 7:00 AM,32,Shopify USWS,Shopify USWS,27 Apr 2026 7:00 AM,US Geneva,0,10
21 Apr 2026 4:59 PM,<font color=red>Dispatched</font>,Dispatched,UKWS-6560,,481.61,1615091,Do Not Import,YOU LIVING AND GIVING,Liz Stevenson,29 Apr 2026 12:50 PM,38,Shopify UKWS,Shopify UKWS,6 May 2026 6:12 PM,UK ILG,0,10
21 Apr 2026 4:16 PM,<font color=red>Dispatched</font>,Dispatched,USWS-18777,,185.09,1610416,Do Not Import,"Tagged By Tiff, LLC",Tiffany Cargol,24 Apr 2026 7:00 AM,20,Shopify USWS,Shopify USWS,24 Apr 2026 7:00 AM,US Geneva,0,10
21 Apr 2026 3:52 PM,<font color=red>Dispatched</font>,Dispatched,USWS-18776,,891.18,1610452,Do Not Import,Soluciones Diversas JI 0142105,Isalim Sanchez,24 Apr 2026 7:00 AM,66,Shopify USWS,Shopify USWS,24 Apr 2026 7:00 AM,US Geneva,0,10
21 Apr 2026 12:14 PM,<font color=red>Dispatched</font>,Dispatched,EUWS-3113,,915.52,1616154,Do Not Import,Lechner + Hayn Papeterie GmbH & Co.KG,Sandra Lemke,13 May 2026 2:38 PM,76,Shopify EUWS,Shopify EUWS,15 May 2026 1:00 AM,EU iFulfillment,0,10
21 Apr 2026 7:20 AM,<font color=red>Dispatched</font>,Dispatched,UKWS-6559,,1271.95,1608573,Do Not Import,Eleven,Beth Mottram,22 Apr 2026 4:10 PM,86,Shopify UKWS,Shopify UKWS,22 Apr 2026 9:40 AM,UK ILG,0,10
21 Apr 2026 6:01 AM,<font color=red>Dispatched</font>,Dispatched,EUWS-3112,,539.56,1616363,Do Not Import,Heartly Conceptstore,Melissa Rademacher,29 Apr 2026 3:37 PM,36,Shopify EUWS,Shopify EUWS,22 Apr 2026 8:40 AM,EU iFulfillment,0,10
21 Apr 2026 2:15 AM,<font color=red>Dispatched</font>,Dispatched,USWS-18775,,449.45,1609459,Do Not Import,Southern Classic Stitches,Sarah Catignani,23 Apr 2026 7:00 AM,44,Shopify USWS,Shopify USWS,23 Apr 2026 7:00 AM,US Geneva,0,10
21 Apr 2026 12:20 AM,<font color=red>Dispatched</font>,Dispatched,USWS-18774,,260.02,1609489,Do Not Import,Clara Rose Boutique,Danyele Sanantonio,23 Apr 2026 7:00 AM,20,Shopify USWS,Shopify USWS,23 Apr 2026 7:00 AM,US Geneva,0,10
20 Apr 2026 11:35 PM,<font color=red>Dispatched</font>,Dispatched,USWS-18773,,1698.43,1616137,Do Not Import,Caroline & Company,Charlotte B Cryer,1 May 2026 7:00 AM,114,Shopify USWS,Shopify USWS,1 May 2026 7:00 AM,US Geneva,0,10
20 Apr 2026 10:15 PM,<font color=red>Dispatched</font>,Dispatched,USWS-18772,,265.91,1609449,Do Not Import,Salt & Grove,Sarah Landry,23 Apr 2026 7:00 AM,26,Shopify USWS,Shopify USWS,23 Apr 2026 7:00 AM,US Geneva,0,10
20 Apr 2026 9:06 PM,<font color=red>Dispatched</font>,Dispatched,JLEW11511-77,604889,12236.99,1640871,Imported,John Lewis Ltd,John Lewis,20 May 2026 12:50 PM,1340,Shopify UKWS,Backend,6 Jul 2026 3:07 PM,UK ILG,0,10
20 Apr 2026 7:35 PM,<font color=red>Dispatched</font>,Dispatched,USWS-18769,,310.10,1616138,Do Not Import,"ELDERS HARDWARE- #18530",Elder's Ace Hardware Myers,5 May 2026 6:40 PM,18,Shopify USWS,Shopify USWS,5 May 2026 7:00 AM,US Geneva,0,10
20 Apr 2026 7:35 PM,<font color=red>Dispatched</font>,Dispatched,USWS-18768,,310.41,1617311,Do Not Import,"ELDER'S MERCANTILE OF HARDIN VALLEY  #17491",Elder's Ace Hardware Myers,5 May 2026 7:00 AM,18,Shopify USWS,Shopify USWS,5 May 2026 7:00 AM,US Geneva,0,10
20 Apr 2026 7:35 PM,<font color=red>Dispatched</font>,Dispatched,USWS-18770,,298.09,1617312,Do Not Import,"ELDER'S MERCANTILE OF HARDIN VALLEY  #17491",Elder's Ace Hardware Myers,5 May 2026 7:00 AM,18,Shopify USWS,Shopify USWS,5 May 2026 7:00 AM,US Geneva,0,10
20 Apr 2026 6:57 PM,<font color=red>Dispatched</font>,Dispatched,USWS-18767,,260.02,1609491,Do Not Import,The Bodacious Olive,Susan Ozburn,23 Apr 2026 7:00 AM,20,Shopify USWS,Shopify USWS,23 Apr 2026 7:00 AM,US Geneva,0,10
20 Apr 2026 6:37 PM,<font color=red>Dispatched</font>,Dispatched,USWS-18766,,227.49,1609498,Do Not Import,Oh Yeah!,Kailey Crow,23 Apr 2026 7:00 AM,20,Shopify USWS,Shopify USWS,23 Apr 2026 7:00 AM,US Geneva,0,10
20 Apr 2026 5:42 PM,<font color=red>Dispatched</font>,Dispatched,USWS-18765,,172.24,1609497,Do Not Import,The Embroidery Studio,Rebecca Joseph,23 Apr 2026 7:00 AM,20,Shopify USWS,Shopify USWS,23 Apr 2026 7:00 AM,US Geneva,0,10
20 Apr 2026 5:04 PM,<font color=red>Dispatched</font>,Dispatched,USWS-18778,,-3814.54,1613074,Do Not Import,Schauben & Co,Burke Price,27 Apr 2026 11:36 PM,230,Shopify USWS,Shopify USWS,27 Apr 2026 7:00 AM,US Geneva,0,10
20 Apr 2026 3:06 PM,<font color=red>Dispatched</font>,Dispatched,AUK28615-1,FBA15LC02PXJ,0.00,1617201,Do Not Import,Amazon UK Services Ltd.," ",1 May 2026 1:10 PM,7,Shopify UKWS,Backend,25 Apr 2026 9:08 AM,UK ILG,0,10
20 Apr 2026 3:05 PM,<font color=red>Dispatched</font>,Dispatched,DILLARDS-3216764403-747,3216764403,108.00,1620038,Imported,DILLARDS,"Dillards Ft Worth DC ",4 May 2026 7:00 AM,6,Shopify USWS,Imported,4 May 2026 7:00 AM,US Geneva,0,10
20 Apr 2026 3:05 PM,<font color=red>Dispatched</font>,Dispatched,DILLARDS-3216764404-907,3216764404,54.00,1619994,Imported,DILLARDS,"Dillards Phoenix DC ",4 May 2026 7:00 AM,6,Shopify USWS,Imported,4 May 2026 7:00 AM,US Geneva,0,10
20 Apr 2026 3:05 PM,<font color=red>Dispatched</font>,Dispatched,DILLARDS-3216764404-922,3216764404,108.00,1619996,Imported,DILLARDS,"Dillards Phoenix DC ",4 May 2026 7:00 AM,6,Shopify USWS,Imported,4 May 2026 7:00 AM,US Geneva,0,10
20 Apr 2026 3:05 PM,<font color=red>Dispatched</font>,Dispatched,DILLARDS-3216764401-243,3216764401,57.60,1619990,Imported,DILLARDS,"Dillards Valdosta Georgia DC ",4 May 2026 7:00 AM,6,Shopify USWS,Imported,4 May 2026 7:00 AM,US Geneva,0,10
20 Apr 2026 3:05 PM,<font color=red>Dispatched</font>,Dispatched,DILLARDS-3216764401-205,3216764401,80.10,1619980,Imported,DILLARDS,"Dillards Valdosta Georgia DC ",4 May 2026 7:00 AM,6,Shopify USWS,Imported,4 May 2026 7:00 AM,US Geneva,0,10
20 Apr 2026 3:05 PM,<font color=red>Dispatched</font>,Dispatched,DILLARDS-3216764401-226,3216764401,53.40,1619987,Imported,DILLARDS,"Dillards Valdosta Georgia DC ",4 May 2026 7:00 AM,6,Shopify USWS,Imported,4 May 2026 7:00 AM,US Geneva,0,10
20 Apr 2026 3:05 PM,<font color=red>Dispatched</font>,Dispatched,DILLARDS-3216764403-798,3216764403,93.08,1620186,Imported,DILLARDS,"Dillards Ft Worth DC ",4 May 2026 11:33 PM,12,Shopify USWS,Imported,4 May 2026 7:00 AM,US Geneva,0,10
20 Apr 2026 3:05 PM,<font color=red>Dispatched</font>,Dispatched,DILLARDS-3216764401-206,3216764401,53.28,1619981,Imported,DILLARDS,"Dillards Valdosta Georgia DC ",4 May 2026 7:00 AM,6,Shopify USWS,Imported,4 May 2026 7:00 AM,US Geneva,0,10
20 Apr 2026 3:05 PM,<font color=red>Dispatched</font>,Dispatched,DILLARDS-3216764401-218,3216764401,40.05,1619985,Imported,DILLARDS,"Dillards Valdosta Georgia DC ",4 May 2026 7:00 AM,6,Shopify USWS,Imported,4 May 2026 7:00 AM,US Geneva,0,10
20 Apr 2026 3:05 PM,<font color=red>Dispatched</font>,Dispatched,DILLARDS-3216764401-208,3216764401,80.10,1619983,Imported,DILLARDS,"Dillards Valdosta Georgia DC ",4 May 2026 7:00 AM,6,Shopify USWS,Imported,4 May 2026 7:00 AM,US Geneva,0,10
20 Apr 2026 3:05 PM,<font color=red>Dispatched</font>,Dispatched,DILLARDS-3216764402-433,3216764402,79.85,1620032,Imported,DILLARDS,"Dillards Little Rock AK DC ",4 May 2026 7:00 AM,6,Shopify USWS,Imported,4 May 2026 7:00 AM,US Geneva,0,10
20 Apr 2026 3:05 PM,<font color=red>Dispatched</font>,Dispatched,DILLARDS-3216764401-222,3216764401,80.10,1619986,Imported,DILLARDS,"Dillards Valdosta Georgia DC ",4 May 2026 7:00 AM,6,Shopify USWS,Imported,4 May 2026 7:00 AM,US Geneva,0,10
20 Apr 2026 3:05 PM,<font color=red>Dispatched</font>,Dispatched,DILLARDS-3216764402-408,3216764402,79.85,1620028,Imported,DILLARDS,"Dillards Little Rock AK DC ",4 May 2026 7:00 AM,6,Shopify USWS,Imported,4 May 2026 7:00 AM,US Geneva,0,10
20 Apr 2026 3:05 PM,<font color=red>Dispatched</font>,Dispatched,DILLARDS-3216764401-229,3216764401,74.09,1619988,Imported,DILLARDS,"Dillards Valdosta Georgia DC ",4 May 2026 7:00 AM,6,Shopify USWS,Imported,4 May 2026 7:00 AM,US Geneva,0,10
20 Apr 2026 3:05 PM,<font color=red>Dispatched</font>,Dispatched,DILLARDS-3216764402-412,3216764402,79.85,1620029,Imported,DILLARDS,"Dillards Little Rock AK DC ",4 May 2026 7:00 AM,6,Shopify USWS,Imported,4 May 2026 7:00 AM,US Geneva,0,10
20 Apr 2026 3:05 PM,<font color=red>Dispatched</font>,Dispatched,DILLARDS-3216764402-422,3216764402,79.85,1620030,"<font color=red>Export Error:</font> ",DILLARDS,"Dillards Little Rock AK DC ",4 May 2026 7:00 AM,6,Shopify USWS,Imported,4 May 2026 7:00 AM,US Geneva,0,10
20 Apr 2026 3:05 PM,<font color=red>Dispatched</font>,Dispatched,DILLARDS-3216764402-425,3216764402,79.85,1620031,Imported,DILLARDS,"Dillards Little Rock AK DC ",4 May 2026 7:00 AM,6,Shopify USWS,Imported,4 May 2026 7:00 AM,US Geneva,0,10
20 Apr 2026 3:05 PM,<font color=red>Dispatched</font>,Dispatched,DILLARDS-3216764401-216,3216764401,178.72,1619982,"<font color=red>Export Error:</font> ",DILLARDS,"Dillards Valdosta Georgia DC ",4 May 2026 7:00 AM,18,Shopify USWS,Imported,4 May 2026 7:00 AM,US Geneva,0,10
20 Apr 2026 3:05 PM,<font color=red>Dispatched</font>,Dispatched,DILLARDS-3216764401-251,3216764401,53.28,1619992,Imported,DILLARDS,"Dillards Valdosta Georgia DC ",4 May 2026 7:00 AM,6,Shopify USWS,Imported,4 May 2026 7:00 AM,US Geneva,0,10
20 Apr 2026 3:05 PM,<font color=red>Dispatched</font>,Dispatched,DILLARDS-3216764402-402,3216764402,240.29,1620012,Imported,DILLARDS,"Dillards Little Rock AK DC ",4 May 2026 9:50 PM,18,Shopify USWS,Imported,4 May 2026 7:00 AM,US Geneva,0,10
20 Apr 2026 3:05 PM,<font color=red>Dispatched</font>,Dispatched,DILLARDS-3216764402-435,3216764402,79.78,1620033,Imported,DILLARDS,"Dillards Little Rock AK DC ",4 May 2026 7:00 AM,6,Shopify USWS,Imported,4 May 2026 7:00 AM,US Geneva,0,10
20 Apr 2026 3:05 PM,<font color=red>Dispatched</font>,Dispatched,DILLARDS-3216764403-717,3216764403,169.00,1620034,Imported,DILLARDS,"Dillards Ft Worth DC ",4 May 2026 7:00 AM,18,Shopify USWS,Imported,4 May 2026 7:00 AM,US Geneva,0,10
20 Apr 2026 3:05 PM,<font color=red>Dispatched</font>,Dispatched,DILLARDS-3216764403-734,3216764403,53.19,1620035,Imported,DILLARDS,"Dillards Ft Worth DC ",4 May 2026 7:00 AM,6,Shopify USWS,Imported,4 May 2026 7:00 AM,US Geneva,0,10
20 Apr 2026 3:05 PM,<font color=red>Dispatched</font>,Dispatched,DILLARDS-3216764401-239,3216764401,53.28,1619989,Imported,DILLARDS,"Dillards Valdosta Georgia DC ",4 May 2026 7:00 AM,6,Shopify USWS,Imported,4 May 2026 7:00 AM,US Geneva,0,10
20 Apr 2026 3:05 PM,<font color=red>Dispatched</font>,Dispatched,DILLARDS-3216764402-403,3216764402,324.00,1620014,Imported,DILLARDS,"Dillards Little Rock AK DC ",4 May 2026 7:00 AM,18,Shopify USWS,Imported,4 May 2026 7:00 AM,US Geneva,0,10
20 Apr 2026 3:05 PM,<font color=red>Dispatched</font>,Dispatched,DILLARDS-3216764402-385,3216764402,239.77,1620010,Imported,DILLARDS,"Dillards Little Rock AK DC ",4 May 2026 7:00 AM,18,Shopify USWS,Imported,4 May 2026 7:00 AM,US Geneva,0,10
20 Apr 2026 3:05 PM,<font color=red>Dispatched</font>,Dispatched,DILLARDS-3216764401-252,3216764401,71.20,1619993,Imported,DILLARDS,"Dillards Valdosta Georgia DC ",4 May 2026 7:00 AM,6,Shopify USWS,Imported,4 May 2026 7:00 AM,US Geneva,0,10
20 Apr 2026 3:05 PM,<font color=red>Dispatched</font>,Dispatched,DILLARDS-3216764401-213,3216764401,53.28,1619984,Imported,DILLARDS,"Dillards Valdosta Georgia DC ",4 May 2026 7:00 AM,6,Shopify USWS,Imported,4 May 2026 7:00 AM,US Geneva,0,10
20 Apr 2026 3:05 PM,<font color=red>Dispatched</font>,Dispatched,DILLARDS-3216764403-746,3216764403,53.19,1620037,Imported,DILLARDS,"Dillards Ft Worth DC ",4 May 2026 7:00 AM,6,Shopify USWS,Imported,4 May 2026 7:00 AM,US Geneva,0,10
20 Apr 2026 3:05 PM,<font color=red>Dispatched</font>,Dispatched,DILLARDS-3216764404-912,3216764404,292.54,1619995,Imported,DILLARDS,"Dillards Phoenix DC ",4 May 2026 7:00 AM,24,Shopify USWS,Imported,4 May 2026 7:00 AM,US Geneva,0,10
20 Apr 2026 3:05 PM,<font color=red>Dispatched</font>,Dispatched,DILLARDS-3216764402-384,3216764402,480.59,1620009,Imported,DILLARDS,"Dillards Little Rock AK DC ",4 May 2026 7:00 AM,36,Shopify USWS,Imported,4 May 2026 7:00 AM,US Geneva,0,10
20 Apr 2026 3:05 PM,<font color=red>Dispatched</font>,Dispatched,DILLARDS-3216764402-405,3216764402,282.40,1620015,Imported,DILLARDS,"Dillards Little Rock AK DC ",4 May 2026 7:00 AM,24,Shopify USWS,Imported,4 May 2026 7:00 AM,US Geneva,0,10
20 Apr 2026 3:05 PM,<font color=red>Dispatched</font>,Dispatched,DILLARDS-3216764401-247,3216764401,77.87,1619991,Imported,DILLARDS,"Dillards Valdosta Georgia DC ",4 May 2026 7:00 AM,6,Shopify USWS,Imported,4 May 2026 7:00 AM,US Geneva,0,10
20 Apr 2026 3:05 PM,<font color=red>Dispatched</font>,Dispatched,DILLARDS-3216764402-406,3216764402,79.85,1620027,Imported,DILLARDS,"Dillards Little Rock AK DC ",4 May 2026 7:00 AM,6,Shopify USWS,Imported,4 May 2026 7:00 AM,US Geneva,0,10
20 Apr 2026 3:05 PM,<font color=red>Dispatched</font>,Dispatched,DILLARDS-3216764403-795,3216764403,180.00,1620185,Imported,DILLARDS,"Dillards Ft Worth DC ",4 May 2026 11:33 PM,12,Shopify USWS,Imported,4 May 2026 7:00 AM,US Geneva,0,10
20 Apr 2026 3:05 PM,<font color=red>Dispatched</font>,Dispatched,DILLARDS-3216764403-737,3216764403,53.19,1620036,Imported,DILLARDS,"Dillards Ft Worth DC ",4 May 2026 7:00 AM,6,Shopify USWS,Imported,4 May 2026 7:00 AM,US Geneva,0,10
20 Apr 2026 3:05 PM,<font color=red>Dispatched</font>,Dispatched,DILLARDS-3216764404-995,3216764404,42.72,1619997,Imported,DILLARDS,"Dillards Phoenix DC ",4 May 2026 7:00 AM,6,Shopify USWS,Imported,4 May 2026 7:00 AM,US Geneva,0,10
20 Apr 2026 1:26 PM,<font color=red>Dispatched</font>,Dispatched,UKWS-6558,,1188.55,1608513,Do Not Import,Aloft co Ltd,beth Hillier,22 Apr 2026 3:10 PM,108,Shopify UKWS,Shopify UKWS,21 Apr 2026 2:55 PM,UK ILG,0,10
20 Apr 2026 11:38 AM,<font color=red>Dispatched</font>,Dispatched,UKWS-6557,,298.87,1609038,Do Not Import,SPORTS CHANNEL SHOP,Vally Harrison,23 Apr 2026 9:40 AM,26,Shopify UKWS,Shopify UKWS,23 Apr 2026 1:00 AM,UK ILG,0,10
20 Apr 2026 10:55 AM,<font color=red>Dispatched</font>,Dispatched,EUWS-3111,,515.27,1616155,Do Not Import,Les Toiles Du Soleil,Valérie Sucarrat,19 May 2026 12:37 PM,42,Shopify EUWS,Shopify EUWS,22 May 2026 12:40 PM,EU iFulfillment,0,10
20 Apr 2026 10:19 AM,<font color=red>Dispatched</font>,Dispatched,EUWS-3110,,6715.01,1617314,Do Not Import,"Ines Amann Creative Werbemittel ",Julia bukenberger,30 Apr 2026 11:07 AM,460,Shopify EUWS,Shopify EUWS,15 May 2026 11:43 AM,EU iFulfillment,0,2
19 Apr 2026 9:44 PM,<font color=red>Dispatched</font>,Dispatched,UKWS-6556,,1204.09,1607428,Do Not Import,The Old Mill Shop,Kate Dagger,21 Apr 2026 12:10 PM,110,Shopify UKWS,Shopify UKWS,20 Apr 2026 11:56 PM,UK ILG,0,10
19 Apr 2026 9:24 PM,<font color=red>Dispatched</font>,Dispatched,USWS-18764,,185.09,1609496,Do Not Import,Lovely Little Things Boutique,Claire Wilson,23 Apr 2026 7:00 AM,20,Shopify USWS,Shopify USWS,23 Apr 2026 7:00 AM,US Geneva,0,10
19 Apr 2026 2:19 PM,<font color=red>Dispatched</font>,Dispatched,USWS-18763,,220.03,1609505,Do Not Import,Victoria Harrington,Victoria Harrington,23 Apr 2026 7:00 AM,20,Shopify USWS,Shopify USWS,23 Apr 2026 7:00 AM,US Geneva,0,10
19 Apr 2026 7:24 AM,<font color=red>Dispatched</font>,Dispatched,EUWS-3109,,590.21,1614300,Do Not Import,Armonik Ltd.,Nina Ivanova Ivanova,28 Apr 2026 1:35 PM,40,Shopify EUWS,Shopify EUWS,1 May 2026 8:42 AM,EU iFulfillment,0,10
19 Apr 2026 4:29 AM,<font color=red>Dispatched</font>,Dispatched,USWS-18762,,185.09,1609486,Do Not Import,The PilatesBarre,Meghann O’Leary Strickland,23 Apr 2026 7:00 AM,20,Shopify USWS,Shopify USWS,23 Apr 2026 7:00 AM,US Geneva,0,10
18 Apr 2026 11:24 PM,<font color=red>Dispatched</font>,Dispatched,USWS-18761,,227.30,1609456,Do Not Import,Distinctive Toys,Margaret Spicer,23 Apr 2026 7:00 AM,26,Shopify USWS,Shopify USWS,23 Apr 2026 7:00 AM,US Geneva,0,10
18 Apr 2026 6:30 PM,<font color=red>Dispatched</font>,Dispatched,USWS-18760,,373.30,1609465,Do Not Import,Poppies,Kate Kazmer,23 Apr 2026 7:00 AM,24,Shopify USWS,Shopify USWS,23 Apr 2026 7:00 AM,US Geneva,0,10
17 Apr 2026 10:40 PM,<font color=red>Dispatched</font>,Dispatched,USWS-18759,,360.71,1608443,Do Not Import,,Rebecca Bustinduy,22 Apr 2026 7:00 AM,24,Shopify USWS,Shopify USWS,22 Apr 2026 7:00 AM,US Geneva,0,10
17 Apr 2026 7:35 PM,<font color=red>Dispatched</font>,Dispatched,USWS-18757,,353.00,1614118,Do Not Import,Landy's Pharmacy,landy Gamble,28 Apr 2026 9:20 PM,18,Shopify USWS,Shopify USWS,28 Apr 2026 7:00 AM,US Geneva,0,10
17 Apr 2026 7:35 PM,<font color=red>Dispatched</font>,Dispatched,USWS-18758,,970.14,1617310,Do Not Import,LAWRENCES Do Not Ship Home Address,JILL WITTE,8 May 2026 7:50 PM,59,Shopify USWS,Shopify USWS,8 May 2026 7:00 AM,US Geneva,0,10
17 Apr 2026 7:35 PM,<font color=red>Dispatched</font>,Dispatched,USWS-18756,,700.71,1674703,Do Not Import,HIP CHICS,Kristina Prysiazniuk,9 Jun 2026 7:00 AM,42,Shopify USWS,Shopify USWS,9 Jun 2026 7:00 AM,US Geneva,0,10
17 Apr 2026 7:23 PM,<font color=red>Dispatched</font>,Dispatched,USWS-18755,,377.65,1608434,Do Not Import,Trace3,Chelsea Breuker,22 Apr 2026 7:00 AM,38,Shopify USWS,Shopify USWS,22 Apr 2026 7:00 AM,US Geneva,0,10
17 Apr 2026 6:31 PM,<font color=red>Dispatched</font>,Dispatched,USWS-18754,,203.36,1608445,Do Not Import,The Spa and Lifestyle Store Crossgates,Katie Santangelo,22 Apr 2026 7:00 AM,20,Shopify USWS,Shopify USWS,22 Apr 2026 7:00 AM,US Geneva,0,10
17 Apr 2026 6:16 PM,<font color=red>Dispatched</font>,Dispatched,USWS-18753,,942.78,1608594,Do Not Import,The General Store,Lindsey Miller,22 Apr 2026 7:00 AM,62,Shopify USWS,Shopify USWS,22 Apr 2026 7:00 AM,US Geneva,0,10
17 Apr 2026 6:00 PM,<font color=red>Dispatched</font>,Dispatched,EUWS-3108,,5281.00,1614301,Do Not Import,Gebr. LOTTER KG,Gebr. Lotter KG  - Abt.63,27 Apr 2026 1:37 PM,354,Shopify EUWS,Shopify EUWS,20 Apr 2026 8:41 PM,EU iFulfillment,0,10
17 Apr 2026 5:57 PM,<font color=red>Dispatched</font>,Dispatched,STID25339-3A,47667,552.28,1621683,"<font color=#7e57c2>Paid:$750.01</font>",Southern Tide,Lauren Cronin,5 May 2026 7:00 AM,50,Shopify USWS,Backend,5 May 2026 7:00 AM,US Geneva,0,10
17 Apr 2026 5:31 PM,<font color=red>Dispatched</font>,Dispatched,EUWS-3107,,406.85,1614302,Do Not Import,Gruppo Prc Srl,ANDREA GALLO,28 Apr 2026 1:34 PM,24,Shopify EUWS,Shopify EUWS,27 Apr 2026 8:41 PM,EU iFulfillment,0,10
17 Apr 2026 3:03 PM,<font color=red>Dispatched</font>,Dispatched,UKWS-6555,,314.95,1606370,Do Not Import,Tolbooth Crafts,Linda White,20 Apr 2026 3:20 PM,18,Shopify UKWS,Shopify UKWS,20 Apr 2026 4:55 PM,UK ILG,0,10
17 Apr 2026 2:42 PM,<font color=red>Dispatched</font>,Dispatched,HALO23580-2,P749147,2393.60,1606640,"<font color=#7e57c2>Paid:$3237.50</font>",Halo," ",20 Apr 2026 7:00 AM,185,Shopify USWS,Backend,20 Apr 2026 7:00 AM,US Geneva,0,10
17 Apr 2026 1:44 PM,<font color=red>Dispatched</font>,Dispatched,USWS-18752,,1268.26,1608403,Do Not Import,MCKEE'S TEES PLUS,Kimberly McKeever,22 Apr 2026 7:00 AM,98,Shopify USWS,Shopify USWS,22 Apr 2026 7:00 AM,US Geneva,0,10
17 Apr 2026 12:33 PM,<font color=red>Dispatched</font>,Dispatched,UKWS-6554,,2034.70,1607329,Do Not Import,,Tomasz Machnikowski,21 Apr 2026 11:10 AM,132,Shopify UKWS,Shopify UKWS,21 Apr 2026 1:00 AM,UK ILG,0,10
17 Apr 2026 12:23 PM,<font color=red>Dispatched</font>,Dispatched,EUWS-3106,,0.00,1606434,Do Not Import,Ellmauer Zeit zum Lesen GmbH,Isabell Ellmauer,20 Apr 2026 9:37 AM,5,Shopify EUWS,Shopify EUWS,20 Apr 2026 1:40 PM,EU iFulfillment,0,10
17 Apr 2026 12:01 PM,<font color=red>Dispatched</font>,Dispatched,UKWS-6553,,558.00,1605960,Do Not Import,Beachcomber Gift,Sarah Ward,20 Apr 2026 11:40 AM,38,Shopify UKWS,Shopify UKWS,20 Apr 2026 1:25 PM,UK ILG,0,10
17 Apr 2026 10:41 AM,<font color=red>Dispatched</font>,Dispatched,EUWS-3105,,0.00,1606437,Do Not Import,Retail Concepts - A.S. Adventure,Laura Fraga,20 Apr 2026 12:35 PM,4,Shopify EUWS,Shopify EUWS,20 Apr 2026 1:26 PM,EU iFulfillment,0,10
16 Apr 2026 11:13 PM,<font color=red>Dispatched</font>,Dispatched,USWS-18751,,1148.78,1667106,Do Not Import,P S THE LETTER,Linda Motley,8 Jun 2026 7:00 AM,65,Shopify USWS,Shopify USWS,8 Jun 2026 7:00 AM,US Geneva,0,10
16 Apr 2026 10:52 PM,<font color=red>Dispatched</font>,Dispatched,SLUN28202-1-VABEACH,97928,234.88,1621692,"<font color=#7e57c2>Paid:$318.80</font>",South Lunar Under," ",5 May 2026 7:00 AM,20,Shopify USWS,Backend,5 May 2026 7:00 AM,US Geneva,0,10
16 Apr 2026 10:50 PM,<font color=red>Dispatched</font>,Dispatched,SLUN28202-1-BOCA,97926,180.06,1621642,"<font color=#7e57c2>Paid:$244.40</font>",South Lunar Under," ",5 May 2026 7:00 AM,15,Shopify USWS,Backend,5 May 2026 7:00 AM,US Geneva,0,10
16 Apr 2026 10:48 PM,<font color=red>Dispatched</font>,Dispatched,SLUN28202-1-OLAS,97926,234.88,1621643,"<font color=#7e57c2>Paid:$318.80</font>",South Lunar Under," ",5 May 2026 7:00 AM,20,Shopify USWS,Backend,5 May 2026 7:00 AM,US Geneva,0,10
16 Apr 2026 10:45 PM,<font color=red>Dispatched</font>,Dispatched,SLUN28202-1-PALM,97925,180.06,1621645,"<font color=#7e57c2>Paid:$244.40</font>",South Lunar Under," ",5 May 2026 7:00 AM,15,Shopify USWS,Backend,5 May 2026 7:00 AM,US Geneva,0,10
16 Apr 2026 10:43 PM,<font color=red>Dispatched</font>,Dispatched,SLUN28202-1-KING,97924,234.88,1621722,"<font color=#7e57c2>Paid:$318.80</font>",South Lunar Under," ",5 May 2026 7:00 AM,20,Shopify USWS,Backend,5 May 2026 7:00 AM,US Geneva,0,10
16 Apr 2026 10:41 PM,<font color=red>Dispatched</font>,Dispatched,SLUN28202-1-GROVE,97923,234.88,1621644,"<font color=#7e57c2>Paid:$318.80</font>",South Lunar Under," ",5 May 2026 7:00 AM,20,Shopify USWS,Backend,5 May 2026 7:00 AM,US Geneva,0,10
16 Apr 2026 10:39 PM,<font color=red>Dispatched</font>,Dispatched,SLUN28202-1-WESTPORT,97922,180.06,1621675,"<font color=#7e57c2>Paid:$244.40</font>",South Lunar Under," ",5 May 2026 7:00 AM,15,Shopify USWS,Backend,5 May 2026 7:00 AM,US Geneva,0,10
16 Apr 2026 10:37 PM,<font color=red>Dispatched</font>,Dispatched,SLUN28202-1-CLARENDON,97921,234.88,1621641,"<font color=#7e57c2>Paid:$318.80</font>",South Lunar Under," ",5 May 2026 7:00 AM,20,Shopify USWS,Backend,5 May 2026 7:00 AM,US Geneva,0,10
16 Apr 2026 10:35 PM,<font color=red>Dispatched</font>,Dispatched,SLUN28202-1-SP,97920,125.25,1621640,"<font color=#7e57c2>Paid:$170.00</font>",South Lunar Under," ",5 May 2026 7:00 AM,10,Shopify USWS,Backend,5 May 2026 7:00 AM,US Geneva,0,10
16 Apr 2026 10:33 PM,<font color=red>Dispatched</font>,Dispatched,SLUN28202-1-RESTON,97919,125.25,1621639,"<font color=#7e57c2>Paid:$170.00</font>",South Lunar Under," ",5 May 2026 7:00 AM,10,Shopify USWS,Backend,5 May 2026 7:00 AM,US Geneva,0,10
16 Apr 2026 10:31 PM,<font color=red>Dispatched</font>,Dispatched,SLUN28202-1-BETHESDA,97918,125.25,1621626,"<font color=#7e57c2>Paid:$170.00</font>",South Lunar Under," ",5 May 2026 7:00 AM,10,Shopify USWS,Backend,5 May 2026 7:00 AM,US Geneva,0,10
16 Apr 2026 10:29 PM,<font color=red>Dispatched</font>,Dispatched,SLUN28202-1-ANNAPOLIS,97917,234.88,1621638,"<font color=#7e57c2>Paid:$318.80</font>",South Lunar Under," ",5 May 2026 7:00 AM,20,Shopify USWS,Backend,5 May 2026 7:00 AM,US Geneva,0,10
16 Apr 2026 10:26 PM,<font color=red>Dispatched</font>,Dispatched,SLUN28202-1-REHOBOTH,97916,884.70,1621719,"<font color=#7e57c2>Paid:$1200.80</font>",South Lunar Under," ",5 May 2026 7:00 AM,75,Shopify USWS,Backend,5 May 2026 7:00 AM,US Geneva,0,10
16 Apr 2026 10:23 PM,<font color=red>Dispatched</font>,Dispatched,SLUN28202-1-TOWSON,97915,234.88,1621723,"<font color=#7e57c2>Paid:$318.80</font>",South Lunar Under," ",5 May 2026 7:00 AM,20,Shopify USWS,Backend,5 May 2026 7:00 AM,US Geneva,0,10
16 Apr 2026 10:18 PM,<font color=red>Dispatched</font>,Dispatched,SLUN28202-OCEAN,97914,775.07,1621624,Imported,South Lunar Under," ",5 May 2026 7:00 AM,65,Shopify USWS,Backend,5 May 2026 7:00 AM,US Geneva,0,10
16 Apr 2026 9:45 PM,<font color=red>Dispatched</font>,Dispatched,USWS-18750,,917.27,1604479,Do Not Import,Lovely Paperie & Gifts,Kate Horne,17 Apr 2026 7:00 AM,46,Shopify USWS,Shopify USWS,17 Apr 2026 7:00 AM,US Geneva,0,10
16 Apr 2026 9:35 PM,<font color=red>Dispatched</font>,Dispatched,USWS-18749,,349.75,1616136,Do Not Import,B HAPPY,B Happy,30 Apr 2026 9:20 PM,29,Shopify USWS,Shopify USWS,30 Apr 2026 7:00 AM,US Geneva,0,10
16 Apr 2026 4:55 PM,<font color=red>Dispatched</font>,Dispatched,USWS-18748,,346.57,1604507,Do Not Import,,Carrie Kinman,17 Apr 2026 7:00 AM,24,Shopify USWS,Shopify USWS,17 Apr 2026 7:00 AM,US Geneva,0,10
16 Apr 2026 4:33 PM,<font color=red>Dispatched</font>,Dispatched,UKWS-6552,,381.84,1604044,Do Not Import,Ruby Tuesday,Fiona Nelson-van Loon,17 Apr 2026 11:20 AM,36,Shopify UKWS,Shopify UKWS,17 Apr 2026 6:10 PM,UK ILG,0,10
16 Apr 2026 4:10 PM,<font color=red>Dispatched</font>,Dispatched,EUWS-3104,,618.08,1607739,Do Not Import,Ines Amann Creative Werbemittel,Elena Maria Seeburger,21 Apr 2026 12:36 PM,40,Shopify EUWS,Shopify EUWS,17 Apr 2026 6:10 PM,EU iFulfillment,0,10
16 Apr 2026 3:33 PM,<font color=red>Dispatched</font>,Dispatched,USWS-18747,,211.49,1604537,Do Not Import,Radebaugh Florist and Greenhouses,Kaitlin Radebaugh,17 Apr 2026 7:00 AM,20,Shopify USWS,Shopify USWS,17 Apr 2026 7:00 AM,US Geneva,0,10
16 Apr 2026 1:32 PM,<font color=red>Dispatched</font>,Dispatched,UKWS-6551,,929.71,1604180,Do Not Import,SPLIT FIGS,Hannah Connell,17 Apr 2026 12:20 PM,62,Shopify UKWS,Shopify UKWS,17 Apr 2026 2:55 PM,UK ILG,0,10
16 Apr 2026 1:27 PM,<font color=red>Dispatched</font>,Dispatched,UKWS-6550,,299.46,1604009,Do Not Import,Sugar Mango,alison Dewey,17 Apr 2026 10:40 AM,39,Shopify UKWS,Shopify UKWS,17 Apr 2026 2:56 PM,UK ILG,0,10
16 Apr 2026 11:56 AM,<font color=red>Dispatched</font>,Dispatched,UKWS-6549,,316.75,1604028,Do Not Import,The gift game shop,Annette Babbe,17 Apr 2026 11:10 AM,30,Shopify UKWS,Shopify UKWS,17 Apr 2026 1:00 AM,UK ILG,0,10
15 Apr 2026 9:51 PM,<font color=red>Dispatched</font>,Dispatched,USWS-18745,,184.09,1604510,Do Not Import,Bria Blair Creative LLC,Bria Henson Valdez,17 Apr 2026 7:00 AM,20,Shopify USWS,Shopify USWS,17 Apr 2026 7:00 AM,US Geneva,0,10
15 Apr 2026 3:35 PM,<font color=red>Dispatched</font>,Dispatched,USWS-18744,,442.99,1614504,Do Not Import,SARAH PARROTT,SARAH PARROTT,28 Apr 2026 7:00 AM,36,Shopify USWS,Shopify USWS,28 Apr 2026 7:00 AM,US Geneva,0,10
15 Apr 2026 12:43 PM,<font color=red>Dispatched</font>,Dispatched,USWS-18743,,1108.73,1603428,Do Not Import,Rockywold Deephaven Camps,Claire Hekking,11 May 2026 7:00 AM,100,Shopify USWS,Shopify USWS,11 May 2026 7:00 AM,US Geneva,0,10
15 Apr 2026 12:01 PM,<font color=red>Dispatched</font>,Dispatched,EUWS-3102,,587.57,1617309,Do Not Import,Ellmauer Zeit zum Lesen GmbH,Isabell Ellmauer,6 May 2026 3:18 PM,49,Shopify EUWS,Shopify EUWS,6 May 2026 1:25 PM,EU iFulfillment,0,10
15 Apr 2026 11:23 AM,<font color=red>Dispatched</font>,Dispatched,UKWS-6546,,285.00,1603473,Do Not Import,Oscar and Tilly,Bernie Tewson,16 Apr 2026 1:10 PM,26,Shopify UKWS,Shopify UKWS,16 Apr 2026 12:55 PM,UK ILG,0,10
15 Apr 2026 9:58 AM,<font color=red>Dispatched</font>,Dispatched,UKWS-6545,,304.41,1603479,Do Not Import,Beautiful Betty,Haley Stokoe,16 Apr 2026 1:40 PM,32,Shopify UKWS,Shopify UKWS,16 Apr 2026 5:27 PM,UK ILG,0,10
15 Apr 2026 3:35 AM,<font color=red>Dispatched</font>,Dispatched,USWS-18742,,518.98,1604488,Do Not Import,Eagle Eye Outfitters,Chelsea Woodall,17 Apr 2026 7:00 AM,38,Shopify USWS,Shopify USWS,17 Apr 2026 7:00 AM,US Geneva,0,10
15 Apr 2026 1:35 AM,<font color=red>Dispatched</font>,Dispatched,USWS-18741,,1883.23,1625340,Do Not Import,NINE MARINA,MCKENNA JANUARY,12 May 2026 5:20 PM,144,Shopify USWS,Shopify USWS,12 May 2026 7:00 AM,US Geneva,0,10
14 Apr 2026 11:35 PM,<font color=red>Dispatched</font>,Dispatched,USWS-18740,,408.43,1604539,Do Not Import,"Elder's Ace Hardware #19303",Elder's Ace Hardware Myers,17 Apr 2026 7:00 AM,24,Shopify USWS,Shopify USWS,17 Apr 2026 7:00 AM,US Geneva,0,10
14 Apr 2026 11:26 PM,<font color=red>Dispatched</font>,Dispatched,UKWS-6544,,937.08,1603461,Do Not Import,Beachology,Natalie Belt,16 Apr 2026 12:50 PM,73,Shopify UKWS,Shopify UKWS,16 Apr 2026 5:26 PM,UK ILG,0,10
14 Apr 2026 11:06 PM,<font color=red>Dispatched</font>,Dispatched,USWS-18739,,156.71,1604530,Do Not Import,VBH Gift Shop,Kay McFalls,17 Apr 2026 7:00 AM,20,Shopify USWS,Shopify USWS,17 Apr 2026 7:00 AM,US Geneva,0,10
14 Apr 2026 8:28 PM,<font color=red>Dispatched</font>,Dispatched,USWS-18738,,879.85,1604448,Do Not Import,Isadora Gifts,Haley Cordaro,17 Apr 2026 7:00 AM,58,Shopify USWS,Shopify USWS,17 Apr 2026 7:00 AM,US Geneva,0,10
14 Apr 2026 8:02 PM,<font color=red>Dispatched</font>,Dispatched,USWS-18737,,1082.95,1604427,Do Not Import,,Valeria Halley,17 Apr 2026 7:00 AM,84,Shopify USWS,Shopify USWS,17 Apr 2026 7:00 AM,US Geneva,0,10
14 Apr 2026 7:55 PM,<font color=red>Dispatched</font>,Dispatched,USWS-18736,,247.53,1604538,Do Not Import,C/O LowKey Watersports Tropical Shipping,Ann Marie Estes,17 Apr 2026 7:00 AM,16,Shopify USWS,Shopify USWS,17 Apr 2026 7:00 AM,US Geneva,0,10
14 Apr 2026 6:50 PM,<font color=red>Dispatched</font>,Dispatched,USWS-18735,,573.96,1604517,Do Not Import,NATICK OUTDOOR STORE,Greg Stable,17 Apr 2026 7:00 AM,36,Shopify USWS,Shopify USWS,17 Apr 2026 7:00 AM,US Geneva,0,10
14 Apr 2026 4:57 PM,<font color=red>Dispatched</font>,Dispatched,EUWS-3101,,217.49,1603427,Do Not Import,LAVLY STORE,Jarek Kulenda,21 Apr 2026 9:38 AM,57,Shopify EUWS,Shopify EUWS,16 Apr 2026,EU iFulfillment,0,10
14 Apr 2026 4:41 PM,<font color=red>Dispatched</font>,Dispatched,UKWS-6543,,1244.23,1603426,Do Not Import,,Kristian Matthews,16 Apr 2026 11:50 AM,132,Shopify UKWS,Shopify UKWS,15 Apr 2026 1:00 AM,UK ILG,0,10
14 Apr 2026 4:16 PM,<font color=red>Dispatched</font>,Dispatched,UKWS-6542,,613.84,1602796,Do Not Import,Nourish Stores,Sian Baker,15 Apr 2026 2:20 PM,46,Shopify UKWS,Shopify UKWS,15 Apr 2026 6:11 PM,UK ILG,0,10
14 Apr 2026 1:28 PM,<font color=red>Dispatched</font>,Dispatched,UKWS-6541,,327.70,1602749,Do Not Import,Ocean Pitch Campsite,Louissa Seybold,15 Apr 2026 1:10 PM,32,Shopify UKWS,Shopify UKWS,15 Apr 2026 3:11 PM,UK ILG,0,10
14 Apr 2026 1:28 PM,<font color=red>Dispatched</font>,Dispatched,USWS-18734,,182.27,1604535,Do Not Import,Sugar Rush Candy and Gift Boutique,Andrea Festa,17 Apr 2026 7:00 AM,20,Shopify USWS,Shopify USWS,17 Apr 2026 7:00 AM,US Geneva,0,10
14 Apr 2026 11:21 AM,<font color=red>Dispatched</font>,Dispatched,USWS-18733,,0.00,1604467,Do Not Import,Bundled,Christie Helms,17 Apr 2026 7:00 AM,1,Shopify USWS,Shopify USWS,17 Apr 2026 7:00 AM,US Geneva,0,10
14 Apr 2026 11:12 AM,<font color=red>Dispatched</font>,Dispatched,USWS-18732,,0.00,1604504,Do Not Import,ONLY OPTIONS,Candy Clarke,17 Apr 2026 7:00 AM,28,Shopify USWS,Shopify USWS,17 Apr 2026 7:00 AM,US Geneva,0,10
14 Apr 2026 11:03 AM,<font color=red>Dispatched</font>,Dispatched,UKWS-6540,,1176.94,1603366,Do Not Import,Ruby Tuesday,Fiona Nelson-van Loon,16 Apr 2026 10:50 AM,90,Shopify UKWS,Shopify UKWS,16 Apr 2026 5:25 PM,UK ILG,0,10
14 Apr 2026 11:00 AM,<font color=red>Dispatched</font>,Dispatched,EUWS-3100,,435.23,1604324,Do Not Import,Lonilead,Nicolas Caillet,16 Apr 2026 5:37 PM,42,Shopify EUWS,Shopify EUWS,15 Apr 2026 12:42 PM,EU iFulfillment,0,10
14 Apr 2026 7:35 AM,<font color=red>Dispatched</font>,Dispatched,USWS-18731,,3322.80,1604363,Do Not Import,Veterans United Home Loans,Veteran's United Home Roewe,17 Apr 2026 4:00 PM,268,Shopify USWS,Shopify USWS,17 Apr 2026 7:00 AM,US Geneva,0,10
14 Apr 2026 5:35 AM,<font color=red>Dispatched</font>,Dispatched,USWS-18730,,717.84,1604464,Do Not Import,The Pharmacy,The Pharmacy,17 Apr 2026 7:00 AM,48,Shopify USWS,Shopify USWS,17 Apr 2026 7:00 AM,US Geneva,0,10
14 Apr 2026 4:49 AM,<font color=red>Dispatched</font>,Dispatched,USWS-18729,,259.91,1604533,Do Not Import,The Monogram Market & Gifts,Kathy Turner,17 Apr 2026 7:00 AM,18,Shopify USWS,Shopify USWS,17 Apr 2026 7:00 AM,US Geneva,0,10
14 Apr 2026 12:53 AM,<font color=red>Dispatched</font>,Dispatched,USWS-18728,,631.35,1603708,Do Not Import,All Good Things,Kristen McDaniel,16 Apr 2026 7:00 AM,62,Shopify USWS,Shopify USWS,16 Apr 2026 7:00 AM,US Geneva,0,10
13 Apr 2026 9:35 PM,<font color=red>Dispatched</font>,Dispatched,USWS-18727,,1636.00,1604418,Do Not Import,Metairie Ace Hardware,Ginny Skaer,17 Apr 2026 5:21 PM,118,Shopify USWS,Shopify USWS,17 Apr 2026 7:00 AM,US Geneva,0,10
13 Apr 2026 9:05 PM,<font color=red>Dispatched</font>,Dispatched,USWS-18724,,360.48,1603714,Do Not Import,,Brooke Baltz,16 Apr 2026 7:00 AM,24,Shopify USWS,Shopify USWS,16 Apr 2026 7:00 AM,US Geneva,0,10
13 Apr 2026 9:05 PM,<font color=red>Dispatched</font>,Dispatched,USWS-18725,,1757.70,1609511,Do Not Import,Gifts and Stitch LLC,Blaire Trammell,23 Apr 2026 7:00 AM,129,Shopify USWS,Shopify USWS,23 Apr 2026 7:00 AM,US Geneva,0,10
13 Apr 2026 8:19 PM,<font color=red>Dispatched</font>,Dispatched,USWS-18723,,418.37,1603715,Do Not Import,The Market,The Market,16 Apr 2026 7:00 AM,42,Shopify USWS,Shopify USWS,16 Apr 2026 7:00 AM,US Geneva,0,10
13 Apr 2026 8:04 PM,<font color=red>Dispatched</font>,Dispatched,USWS-18722,,992.02,1603704,Do Not Import,Tropitana,Tropitana Tanning,16 Apr 2026 7:00 AM,68,Shopify USWS,Shopify USWS,16 Apr 2026 7:00 AM,US Geneva,0,10
13 Apr 2026 5:09 PM,<font color=red>Dispatched</font>,Dispatched,EUWS-3099,,844.73,1604325,Do Not Import,George Souccar,Giorgos Souccar,16 Apr 2026 3:34 PM,68,Shopify EUWS,Shopify EUWS,14 Apr 2026 6:42 PM,EU iFulfillment,0,10
13 Apr 2026 4:44 PM,<font color=red>Dispatched</font>,Dispatched,USWS-18721,,1017.95,1617294,Do Not Import,Twin Oast Brewing,Cory Smith,1 May 2026 7:00 AM,100,Shopify USWS,Shopify USWS,1 May 2026 7:00 AM,US Geneva,0,10
13 Apr 2026 4:43 PM,<font color=red>Dispatched</font>,Dispatched,UKWS-6539,,567.90,1602731,Do Not Import,ILG,Lyme Regis Retail,15 Apr 2026 12:40 PM,40,Shopify UKWS,Shopify UKWS,14 Apr 2026 6:11 PM,UK ILG,0,10
13 Apr 2026 3:10 PM,<font color=red>Dispatched</font>,Dispatched,USWS-18720,,298.32,1603706,Do Not Import,,Tara Johnson,16 Apr 2026 7:00 AM,18,Shopify USWS,Shopify USWS,16 Apr 2026 7:00 AM,US Geneva,0,10
13 Apr 2026 9:16 AM,<font color=red>Dispatched</font>,Dispatched,UKWS-6538,,344.81,1601136,Do Not Import,Mooch Ealing Ltd,Evelyn O'Flaherty O'Connell,13 Apr 2026 3:40 PM,44,Shopify UKWS,Shopify UKWS,13 Apr 2026 11:07 AM,UK ILG,0,10
12 Apr 2026 5:01 PM,<font color=red>Dispatched</font>,Dispatched,USWS-18719,,1363.54,1600650,Do Not Import,One Amazing Find / Gifted,ONE AMAZING FIND,16 Apr 2026 7:00 AM,99,Shopify USWS,Shopify USWS,16 Apr 2026 7:00 AM,US Geneva,0,10
12 Apr 2026 11:31 AM,<font color=red>Dispatched</font>,Dispatched,UKWS-6537,,409.25,1600794,Do Not Import,Cranbornes,Karen King,13 Apr 2026 1:20 PM,50,Shopify UKWS,Shopify UKWS,13 Apr 2026 1:11 PM,UK ILG,0,10
11 Apr 2026 11:26 PM,<font color=red>Dispatched</font>,Dispatched,UKWS-6536,,468.48,1600938,Do Not Import,Marilyn & Melrose,laura Hardy-Rochester,13 Apr 2026 2:40 PM,24,Shopify UKWS,Shopify UKWS,12 Apr 2026 12:31 AM,UK ILG,0,10
11 Apr 2026 2:49 PM,<font color=red>Dispatched</font>,Dispatched,EUWS-3098,,347.90,1602125,Do Not Import,Sheep Factory,William Nguyen,14 Apr 2026 11:36 AM,54,Shopify EUWS,Shopify EUWS,13 Apr 2026 1:00 AM,EU iFulfillment,0,10
10 Apr 2026 11:35 PM,<font color=red>Dispatched</font>,Dispatched,USWS-18717,,784.67,1601196,Do Not Import,Olly Olly,Tamara Adams,13 Apr 2026 7:00 AM,54,Shopify USWS,Shopify USWS,13 Apr 2026 7:00 AM,US Geneva,0,10
10 Apr 2026 11:35 PM,<font color=red>Dispatched</font>,Dispatched,USWS-18718,,1056.06,1616134,Do Not Import,Cottage Works,Julie Van Dyke,8 May 2026 7:00 AM,66,Shopify USWS,Shopify USWS,8 May 2026 7:00 AM,US Geneva,0,10
10 Apr 2026 10:56 PM,<font color=red>Dispatched</font>,Dispatched,USWS-18716,,277.30,1601314,Do Not Import,The Coastal Mercantile,Bonnie Carlisle,13 Apr 2026 7:00 AM,26,Shopify USWS,Shopify USWS,13 Apr 2026 7:00 AM,US Geneva,0,10
10 Apr 2026 9:56 PM,<font color=red>Dispatched</font>,Dispatched,USWS-18715,,173.62,1601512,Do Not Import,Picket Fences,Picket Fences,14 Apr 2026 7:00 AM,20,Shopify USWS,Shopify USWS,14 Apr 2026 7:00 AM,US Geneva,0,10
10 Apr 2026 9:35 PM,<font color=red>Dispatched</font>,Dispatched,USWS-18714,,1531.33,1614417,Do Not Import,Findlay Rowe Designs,Audrey Findlay,28 Apr 2026 7:00 AM,126,Shopify USWS,Shopify USWS,28 Apr 2026 7:00 AM,US Geneva,0,10
10 Apr 2026 3:35 PM,<font color=red>Dispatched</font>,Dispatched,USWS-18713,,242.25,1601327,Do Not Import,Ella's,DANA LEWIS,13 Apr 2026 7:00 AM,18,Shopify USWS,Shopify USWS,13 Apr 2026 7:00 AM,US Geneva,0,10
10 Apr 2026 3:19 PM,<font color=red>Dispatched</font>,Dispatched,PINE28589-1,,6400.40,1602314,"<font color=#7e57c2>Paid:€7350.00</font>",pineapple," ",15 Apr 2026 10:50 AM,1200,Shopify UKWS,Backend,15 May 2026 9:21 AM,UK ILG,0,10
10 Apr 2026 2:54 PM,<font color=red>Dispatched</font>,Dispatched,USWS-18712,,2006.59,1608639,Do Not Import,Marigold & Grey Gifting,Paulette Zamora,22 Apr 2026 7:00 AM,250,Shopify USWS,Shopify USWS,22 Apr 2026 7:00 AM,US Geneva,0,10
10 Apr 2026 2:42 PM,<font color=red>Dispatched</font>,Dispatched,EUWS-3097,,2516.28,1608997,Do Not Import,BATHROOM GRAFITTI,Koukina AZUELOS,17 Apr 2026 3:35 PM,242,Shopify EUWS,Shopify EUWS,17 Apr 2026 4:10 PM,EU iFulfillment,0,10
10 Apr 2026 2:38 PM,<font color=red>Dispatched</font>,Dispatched,UKWS-6534,,669.30,1601193,Do Not Import,Conway & Sons,Chris Conway,13 Apr 2026 4:40 PM,69,Shopify UKWS,Shopify UKWS,13 Apr 2026 4:10 PM,UK ILG,0,10
10 Apr 2026 2:05 PM,<font color=red>Dispatched</font>,Dispatched,EUWS-3096,,382.49,1602881,Do Not Import,Claire Tizard Yacht Solutions,Claire Tizard,14 Apr 2026 2:36 PM,24,Shopify EUWS,Shopify EUWS,13 Apr 2026 3:25 PM,EU iFulfillment,0,10
10 Apr 2026 1:43 PM,<font color=red>Dispatched</font>,Dispatched,EUWS-3095,,10.40,1612547,Do Not Import,U FANALE,rauscher guillaume,27 Apr 2026 11:36 AM,3,Shopify EUWS,Shopify EUWS,17 Apr 2026 3:25 PM,EU iFulfillment,0,10
10 Apr 2026 10:03 AM,<font color=red>Dispatched</font>,Dispatched,EUWS-3094,,862.71,1603955,Do Not Import,Ideco store,SOURISSEAU Nathalie,17 Apr 2026 1:53 PM,80,Shopify EUWS,Shopify EUWS,17 Apr 2026 11:25 AM,EU iFulfillment,0,10
10 Apr 2026 10:01 AM,<font color=red>Dispatched</font>,Dispatched,EUWS-3093,,862.70,1607159,Do Not Import,Ideco store,SOURISSEAU Nathalie,17 Apr 2026 3:55 PM,80,Shopify EUWS,Shopify EUWS,17 Apr 2026 11:25 AM,EU iFulfillment,0,10
10 Apr 2026 9:26 AM,<font color=red>Dispatched</font>,Dispatched,UKWS-6533,,3176.50,1602904,Do Not Import,Teals,Belle Ross,15 Apr 2026 4:20 PM,170,Shopify UKWS,Shopify UKWS,17 Apr 2026 11:17 AM,UK ILG,0,10
9 Apr 2026 11:35 PM,<font color=red>Dispatched</font>,Dispatched,USWS-18711,,529.34,1603734,Do Not Import,ALABAMA OUTDOORS,ALABAMA Richey,16 Apr 2026 7:00 AM,34,Shopify USWS,Shopify USWS,16 Apr 2026 7:00 AM,US Geneva,0,10
9 Apr 2026 11:05 PM,<font color=red>Dispatched</font>,Dispatched,USWS-18710,,441.58,1601309,Do Not Import,Sports Couture and more,Misty Bailey,13 Apr 2026 7:00 AM,26,Shopify USWS,Shopify USWS,13 Apr 2026 7:00 AM,US Geneva,0,10
9 Apr 2026 10:55 PM,<font color=red>Dispatched</font>,Dispatched,USWS-18709,,631.34,1601243,Do Not Import,Anderson Parker,Michael Adams,13 Apr 2026 7:00 AM,38,Shopify USWS,Shopify USWS,13 Apr 2026 7:00 AM,US Geneva,0,10
9 Apr 2026 10:25 PM,<font color=red>Dispatched</font>,Dispatched,USWS-18708,,836.03,1601191,Do Not Import,The Housewarming Project,Julie Cegelski,13 Apr 2026 7:00 AM,56,Shopify USWS,Shopify USWS,13 Apr 2026 7:00 AM,US Geneva,0,10
9 Apr 2026 8:40 PM,<font color=red>Dispatched</font>,Dispatched,USWS-18707,,368.38,1601306,Do Not Import,Loved and Found,Elizabeth Vidrine,13 Apr 2026 7:00 AM,26,Shopify USWS,Shopify USWS,13 Apr 2026 7:00 AM,US Geneva,0,10
9 Apr 2026 6:17 PM,<font color=red>Dispatched</font>,Dispatched,USWS-18706,,347.71,1601322,Do Not Import,Sunny Side Downtown,Alexandria Corbett,13 Apr 2026 7:00 AM,18,Shopify USWS,Shopify USWS,13 Apr 2026 7:00 AM,US Geneva,0,10
9 Apr 2026 5:35 PM,<font color=red>Dispatched</font>,Dispatched,USWS-18705,,1313.61,1601154,Do Not Import,Smith's Variety,Bradley Simpson,13 Apr 2026 7:00 AM,104,Shopify USWS,Shopify USWS,13 Apr 2026 7:00 AM,US Geneva,0,10
9 Apr 2026 5:35 PM,<font color=red>Dispatched</font>,Dispatched,USWS-18703,,412.81,1601304,Do Not Import,"ELDER'S ACE HARDWARE #18840",Elder's Ace Hardware Myers,13 Apr 2026 7:00 AM,24,Shopify USWS,Shopify USWS,13 Apr 2026 7:00 AM,US Geneva,0,10
9 Apr 2026 5:35 PM,<font color=red>Dispatched</font>,Dispatched,USWS-18704,,346.13,1603667,Do Not Import,WRAPSODY HOOVER,KARSON PALMER,16 Apr 2026 7:50 PM,18,Shopify USWS,Shopify USWS,16 Apr 2026 7:00 AM,US Geneva,0,10
9 Apr 2026 4:50 PM,<font color=red>Dispatched</font>,Dispatched,EUWS-3092,,648.43,1615270,Do Not Import,LA BOUTIQUE DE CHLOE,Veronique SEVELLEC,29 Apr 2026 8:36 AM,51,Shopify EUWS,Shopify EUWS,27 Apr 2026 6:10 PM,EU iFulfillment,0,10
9 Apr 2026 4:29 PM,<font color=red>Dispatched</font>,Dispatched,EUWS-3091,,179.61,1632846,Do Not Import,Columbus Store c/o Frontloop GmbH,Claudia Hartmann,13 May 2026 5:35 PM,24,Shopify EUWS,Shopify EUWS,15 May 2026 1:00 AM,EU iFulfillment,0,10
9 Apr 2026 3:53 PM,<font color=red>Dispatched</font>,Dispatched,EUWS-3090,,1159.66,1603576,Do Not Import,DÉPÔT SRE," SUNROAD EQUIPMENT",16 Apr 2026 9:34 AM,100,Shopify EUWS,Shopify EUWS,16 Apr 2026 5:25 PM,EU iFulfillment,0,10
9 Apr 2026 3:27 PM,<font color=red>Dispatched</font>,Dispatched,DILLARDS-3184751201-DISP,3184751201,1966.90,1606693,Do Not Import,DILLARDS,"Dillards Salisbury NC DC ",20 Apr 2026 7:00 AM,6,Shopify USWS,Backend,20 Apr 2026 7:00 AM,US Geneva,0,10
9 Apr 2026 3:13 PM,<font color=red>Dispatched</font>,Dispatched,EUWS-3089,,5713.14,1604326,Do Not Import,Tischideen & Ambiente,Birgit Fluck,17 Apr 2026 9:35 AM,364,Shopify EUWS,Shopify EUWS,15 Apr 2026 4:40 PM,EU iFulfillment,0,10
9 Apr 2026 2:28 PM,<font color=red>Dispatched</font>,Dispatched,USWS-18702,,1567.94,1600975,Do Not Import,,Kristin Tarsi,13 Apr 2026 7:00 AM,120,Shopify USWS,Shopify USWS,13 Apr 2026 7:00 AM,US Geneva,0,10
9 Apr 2026 2:21 PM,<font color=red>Dispatched</font>,Dispatched,EUWS-3088,,862.71,1603956,Do Not Import,Ideco store,SOURISSEAU Nathalie,16 Apr 2026 5:37 PM,80,Shopify EUWS,Shopify EUWS,15 Apr 2026 4:10 PM,EU iFulfillment,0,10
9 Apr 2026 12:57 PM,<font color=red>Dispatched</font>,Dispatched,UKWS-6532,,547.82,1598748,Do Not Import,Pippin Gifts Ltd,Erica Stahl,10 Apr 2026 11:40 AM,46,Shopify UKWS,Shopify UKWS,10 Apr 2026 2:25 PM,UK ILG,0,10
9 Apr 2026 11:34 AM,<font color=red>Dispatched</font>,Dispatched,USWS-18701,,679.44,1601476,Do Not Import,Unique Designs Custom Digitizing,Andrian Magana,13 Apr 2026 7:00 AM,52,Shopify USWS,Shopify USWS,13 Apr 2026 7:00 AM,US Geneva,0,10
8 Apr 2026 11:35 PM,<font color=red>Dispatched</font>,Dispatched,USWS-18699,,1112.79,1602052,Do Not Import,Lisa Odai c/0 Kathleen Gerrtis,Lisa Odai,14 Apr 2026 7:00 AM,32,Shopify USWS,Shopify USWS,14 Apr 2026 7:00 AM,US Geneva,0,10
8 Apr 2026 9:27 PM,<font color=red>Dispatched</font>,Dispatched,UKWS-6531,4503795469,1379.70,1603472,Do Not Import,Avolta - Lowfield Heath Warehouse,Jessica Boniface,16 Apr 2026 1:10 PM,120,Shopify UKWS,Shopify UKWS,16 Apr 2026 11:10 PM,UK ILG,0,10
8 Apr 2026 8:09 PM,<font color=red>Dispatched</font>,Dispatched,USWS-18698,,363.76,1601287,Do Not Import,,Gabriella Hugues,13 Apr 2026 7:00 AM,24,Shopify USWS,Shopify USWS,13 Apr 2026 7:00 AM,US Geneva,0,10
8 Apr 2026 7:56 PM,<font color=red>Dispatched</font>,Dispatched,USWS-18697,,0.00,1598215,Do Not Import,Harper Group,Mikey Fry,9 Apr 2026 7:00 AM,15,Shopify USWS,Shopify USWS,9 Apr 2026 7:00 AM,US Geneva,0,10
8 Apr 2026 6:40 PM,<font color=red>Dispatched</font>,Dispatched,EUWS-3087,,1707.15,1624332,Do Not Import,Zentrallager,F.S. Kustermann GmbH,7 May 2026 2:35 PM,132,Shopify EUWS,Shopify EUWS,8 May 2026 8:40 PM,EU iFulfillment,0,10
8 Apr 2026 6:38 PM,<font color=red>Dispatched</font>,Dispatched,EUWS-3086,,979.82,1601100,Do Not Import,Zentrallager,F.S. Kustermann GmbH,13 Apr 2026 9:38 AM,90,Shopify EUWS,Shopify EUWS,14 Apr 2026 8:41 PM,EU iFulfillment,0,10
8 Apr 2026 4:24 PM,<font color=red>Dispatched</font>,Dispatched,UKWS-6530,,292.84,1597930,Do Not Import,Winstone's,Sarah Winstone,9 Apr 2026 11:50 AM,28,Shopify UKWS,Shopify UKWS,9 Apr 2026 6:40 PM,UK ILG,0,10
8 Apr 2026 3:28 PM,<font color=red>Dispatched</font>,Dispatched,USWS-18696,,287.12,1598200,Do Not Import,"Augeo Experiences, LLC ",Kelsey Walz,9 Apr 2026 7:00 AM,25,Shopify USWS,Shopify USWS,9 Apr 2026 7:00 AM,US Geneva,0,10
8 Apr 2026 3:19 PM,<font color=red>Dispatched</font>,Dispatched,USWS-18695,,499.86,1601265,Do Not Import,Dodds & Eder Home,Sanctuary Home & Patio,13 Apr 2026 7:00 AM,30,Shopify USWS,Shopify USWS,13 Apr 2026 7:00 AM,US Geneva,0,10
8 Apr 2026 2:17 PM,<font color=red>Dispatched</font>,Dispatched,EUWS-3085,,1222.20,1601101,Do Not Import,boutique cast'in,Nathalie Richer,13 Apr 2026 9:36 AM,90,Shopify EUWS,Shopify EUWS,14 Apr 2026 4:10 PM,EU iFulfillment,0,10
8 Apr 2026 11:38 AM,<font color=red>Dispatched</font>,Dispatched,EUWS-3084,,674.45,1598956,Do Not Import,LIZE KORN,Christophe Parra,10 Apr 2026 11:36 AM,54,Shopify EUWS,Shopify EUWS,9 Apr 2026 1:00 AM,EU iFulfillment,0,10
8 Apr 2026 11:09 AM,<font color=red>Dispatched</font>,Dispatched,EUWS-3083,,4760.57,1616133,Do Not Import,,Kadidja Boustatine,8 May 2026 12:35 PM,338,Shopify EUWS,Shopify EUWS,12 May 2026 2:11 PM,EU iFulfillment,0,10
8 Apr 2026 9:48 AM,<font color=red>Dispatched</font>,Dispatched,USWS-18694,,22.40,1601153,Do Not Import,,Morgan Rathke,13 Apr 2026 7:00 AM,4,Shopify USWS,Shopify USWS,13 Apr 2026 7:00 AM,US Geneva,0,10
8 Apr 2026 8:10 AM,<font color=red>Dispatched</font>,Dispatched,UKWS-6529,,579.91,1597972,Do Not Import,The Byre,Sarah Bradley,9 Apr 2026 12:40 PM,42,Shopify UKWS,Shopify UKWS,9 Apr 2026 11:25 AM,UK ILG,0,10
7 Apr 2026 10:00 PM,<font color=red>Dispatched</font>,Dispatched,USWS-18693,,205.11,1598915,Do Not Import,Tutti,Tutti Faire,10 Apr 2026 7:00 AM,20,Shopify USWS,Shopify USWS,10 Apr 2026 7:00 AM,US Geneva,0,10
7 Apr 2026 9:35 PM,<font color=red>Dispatched</font>,Dispatched,USWS-18621,,1159.88,1598310,Do Not Import,PAWLEY ISLAND MERCANTILE,Carper Cole,9 Apr 2026 9:40 PM,42,Shopify USWS,Shopify USWS,9 Apr 2026 7:00 AM,US Geneva,0,10
7 Apr 2026 6:07 PM,<font color=red>Dispatched</font>,Dispatched,USWS-18692,,535.10,1598896,Do Not Import,Omni Medical,Christopher Yackel,10 Apr 2026 7:00 AM,58,Shopify USWS,Shopify USWS,10 Apr 2026 7:00 AM,US Geneva,0,10
7 Apr 2026 5:56 PM,<font color=red>Dispatched</font>,Dispatched,USWS-18691,,395.05,1598910,Do Not Import,Blue ridge boutique,Simran Canterberry,10 Apr 2026 7:00 AM,24,Shopify USWS,Shopify USWS,10 Apr 2026 7:00 AM,US Geneva,0,10
7 Apr 2026 5:35 PM,<font color=red>Dispatched</font>,Dispatched,USWS-18690,,567.65,1602275,Do Not Import,Marion's,Amy Youngs,14 Apr 2026 7:00 AM,42,Shopify USWS,Shopify USWS,14 Apr 2026 7:00 AM,US Geneva,0,10
7 Apr 2026 4:59 PM,"<font color=#009788>Open</font>",New - Future Ship Date,USWS-18689,,284.64,0,Do Not Import,Priority Express,Demisdos PTY 60625,,30,Shopify USWS,Shopify USWS,1 Sep 2026 1:00 AM,US Preorder,0,1
7 Apr 2026 4:44 PM,<font color=red>Dispatched</font>,Dispatched,UKWS-6528,,489.94,1596724,Do Not Import,,Kristian Matthews,8 Apr 2026 10:50 AM,34,Shopify UKWS,Shopify UKWS,8 Apr 2026 1:00 AM,UK ILG,0,10
7 Apr 2026 4:31 PM,<font color=red>Dispatched</font>,Dispatched,UKWS-6527,,3600.00,1598147,Do Not Import,,Michael Aird,9 Apr 2026 3:50 PM,240,Shopify UKWS,Shopify UKWS,8 Apr 2026 6:11 PM,UK ILG,0,10
7 Apr 2026 3:35 PM,<font color=red>Dispatched</font>,Dispatched,USWS-18560,,886.89,1596216,Do Not Import,"FRONT PORCH, THE",FRONT PORCH THE,7 Apr 2026 7:00 AM,60,Shopify USWS,Shopify USWS,7 Apr 2026 7:00 AM,US Geneva,0,10
7 Apr 2026 3:35 PM,<font color=red>Dispatched</font>,Dispatched,USWS-18457,,350.82,1598295,Do Not Import,MADELEINE'S GIFTS,MADELEINE'S Goodfellow,9 Apr 2026 9:10 PM,18,Shopify USWS,Shopify USWS,9 Apr 2026 7:00 AM,US Geneva,0,10
7 Apr 2026 2:53 PM,<font color=red>Dispatched</font>,Dispatched,EUWS-3082,,59.47,1598139,Do Not Import,Yacht Solutions,Yacht solutions,9 Apr 2026 2:34 PM,2,Shopify EUWS,Shopify EUWS,8 Apr 2026 5:11 PM,EU iFulfillment,0,10
7 Apr 2026 12:46 PM,<font color=red>Dispatched</font>,Dispatched,UKWS-6526,,1260.00,1597996,Do Not Import,Thursford Collection,George Cushing,9 Apr 2026 1:20 PM,84,Shopify UKWS,Shopify UKWS,8 Apr 2026 1:57 PM,UK ILG,0,10
7 Apr 2026 11:37 AM,<font color=red>Dispatched</font>,Dispatched,UKWS-6525,,105.57,1598890,Do Not Import,Elys of Wimbledon,Chloe Powdrell,10 Apr 2026 2:40 PM,12,Shopify UKWS,Shopify UKWS,15 Apr 2026 1:10 PM,UK ILG,0,10
7 Apr 2026 11:35 AM,<font color=red>Dispatched</font>,Dispatched,UKWS-6524,,105.57,1598858,Do Not Import,Elys of Wimbledon,Chloe Powdrell,10 Apr 2026 2:10 PM,12,Shopify UKWS,Shopify UKWS,15 Apr 2026 1:10 PM,UK ILG,0,10
7 Apr 2026 11:34 AM,<font color=red>Dispatched</font>,Dispatched,UKWS-6523,,105.57,1598833,Do Not Import,Elys of Wimbledon,Chloe Powdrell,10 Apr 2026 1:41 PM,12,Shopify UKWS,Shopify UKWS,15 Apr 2026 1:10 PM,UK ILG,0,10
7 Apr 2026 11:32 AM,<font color=red>Dispatched</font>,Dispatched,UKWS-6522,,105.57,1598824,Do Not Import,Elys of Wimbledon,Chloe Powdrell,10 Apr 2026 1:20 PM,12,Shopify UKWS,Shopify UKWS,8 Apr 2026 1:10 PM,UK ILG,0,10
7 Apr 2026 10:14 AM,<font color=red>Dispatched</font>,Dispatched,USWS-18687,,1232.12,1629105,Do Not Import,,Ty Casey,11 May 2026 7:00 AM,200,Shopify USWS,Shopify USWS,11 May 2026 7:00 AM,US Geneva,0,10
7 Apr 2026 9:39 AM,<font color=red>Dispatched</font>,Dispatched,USWS-18686,,809.84,1602294,Do Not Import,,Shaina Desai,14 Apr 2026 7:20 PM,81,Shopify USWS,Shopify USWS,14 Apr 2026 7:00 AM,US Geneva,0,10
7 Apr 2026 9:10 AM,<font color=red>Dispatched</font>,Dispatched,EUWS-3077A,,1833.80,1619667,Do Not Import,"Ines Amann Creative Werbemittel ",Julia bukenberger,4 May 2026 12:39 PM,118,Shopify EUWS,Backend,15 May 2026 4:10 PM,EU iFulfillment,0,10
6 Apr 2026 3:19 PM,<font color=red>Dispatched</font>,Dispatched,DILLARDS-3214184302-460,3214184302,96.00,1594817,"<font color=#7e57c2>Paid:£96.00</font>",DILLARDS,"Dillards Little Rock AK DC ",20 Apr 2026 7:00 AM,6,Shopify USWS,Imported,20 Apr 2026 7:00 AM,US Geneva,0,10
6 Apr 2026 3:19 PM,<font color=red>Dispatched</font>,Dispatched,DILLARDS-3214184303-783,3214184303,108.00,1594824,"<font color=#7e57c2>Paid:£108.00</font>",DILLARDS,"Dillards Ft Worth DC ",20 Apr 2026 7:00 AM,6,Shopify USWS,Imported,20 Apr 2026 7:00 AM,US Geneva,0,10
6 Apr 2026 3:19 PM,<font color=red>Dispatched</font>,Dispatched,DILLARDS-3214184303-716,3214184303,216.00,1594819,"<font color=#7e57c2>Paid:£216.00</font>",DILLARDS,"Dillards Ft Worth DC ",20 Apr 2026 7:00 AM,12,Shopify USWS,Imported,20 Apr 2026 7:00 AM,US Geneva,0,10
6 Apr 2026 3:19 PM,<font color=red>Dispatched</font>,Dispatched,DILLARDS-3214184302-422,3214184302,57.60,1594814,"<font color=#7e57c2>Paid:£57.60</font>",DILLARDS,"Dillards Little Rock AK DC ",20 Apr 2026 7:00 AM,6,Shopify USWS,Imported,20 Apr 2026 7:00 AM,US Geneva,0,10
6 Apr 2026 3:19 PM,<font color=red>Dispatched</font>,Dispatched,DILLARDS-3214184304-916,3214184304,108.00,1594828,"<font color=#7e57c2>Paid:£108.00</font>",DILLARDS,"Dillards Phoenix DC ",20 Apr 2026 7:00 AM,6,Shopify USWS,Imported,20 Apr 2026 7:00 AM,US Geneva,0,10
6 Apr 2026 3:19 PM,<font color=red>Dispatched</font>,Dispatched,DILLARDS-3214184302-384,3214184302,285.00,1594812,"<font color=#7e57c2>Paid:£393.00</font>",DILLARDS,"Dillards Little Rock AK DC ",20 Apr 2026 10:30 PM,18,Shopify USWS,Imported,20 Apr 2026 7:00 AM,US Geneva,0,10
6 Apr 2026 3:19 PM,<font color=red>Dispatched</font>,Dispatched,DILLARDS-3214184304-915,3214184304,108.00,1594827,"<font color=#7e57c2>Paid:£108.00</font>",DILLARDS,"Dillards Phoenix DC ",20 Apr 2026 7:00 AM,6,Shopify USWS,Imported,20 Apr 2026 7:00 AM,US Geneva,0,10
6 Apr 2026 3:19 PM,<font color=red>Dispatched</font>,Dispatched,DILLARDS-3214184302-435,3214184302,71.66,1594815,"<font color=#7e57c2>Paid:$94.50</font>",DILLARDS,"Dillards Little Rock AK DC ",20 Apr 2026 7:00 AM,6,Shopify USWS,Imported,20 Apr 2026 7:00 AM,US Geneva,0,10
6 Apr 2026 3:19 PM,<font color=red>Dispatched</font>,Dispatched,DILLARDS-3214184301-146,3214184301,81.90,1594735,"<font color=#7e57c2>Paid:$108.00</font>",DILLARDS,"Dillards Salisbury NC DC ",20 Apr 2026 7:00 AM,6,Shopify USWS,Imported,20 Apr 2026 7:00 AM,US Geneva,0,10
6 Apr 2026 3:19 PM,<font color=red>Dispatched</font>,Dispatched,DILLARDS-3214184301-355,3214184301,166.53,1594759,"<font color=#7e57c2>Paid:$291.60</font>",DILLARDS,"Dillards Salisbury NC DC ",20 Apr 2026 10:30 PM,18,Shopify USWS,Imported,20 Apr 2026 7:00 AM,US Geneva,0,10
6 Apr 2026 3:19 PM,<font color=red>Dispatched</font>,Dispatched,DILLARDS-3214184303-796,3214184303,84.63,1594825,"<font color=#7e57c2>Paid:$111.60</font>",DILLARDS,"Dillards Ft Worth DC ",20 Apr 2026 7:00 AM,12,Shopify USWS,Imported,20 Apr 2026 7:00 AM,US Geneva,0,10
6 Apr 2026 3:19 PM,<font color=red>Dispatched</font>,Dispatched,DILLARDS-3214184301-150,3214184301,43.68,1594737,"<font color=#7e57c2>Paid:$57.60</font>",DILLARDS,"Dillards Salisbury NC DC ",20 Apr 2026 7:00 AM,6,Shopify USWS,Imported,20 Apr 2026 7:00 AM,US Geneva,0,10
6 Apr 2026 3:19 PM,<font color=red>Dispatched</font>,Dispatched,DILLARDS-3214184304-912,3214184304,71.66,1594826,"<font color=#7e57c2>Paid:$202.50</font>",DILLARDS,"Dillards Phoenix DC ",20 Apr 2026 10:40 PM,6,Shopify USWS,Imported,20 Apr 2026 7:00 AM,US Geneva,0,10
6 Apr 2026 3:19 PM,<font color=red>Dispatched</font>,Dispatched,DILLARDS-3214184303-729,3214184303,81.90,1594821,"<font color=#7e57c2>Paid:$108.00</font>",DILLARDS,"Dillards Ft Worth DC ",20 Apr 2026 7:00 AM,6,Shopify USWS,Imported,20 Apr 2026 7:00 AM,US Geneva,0,10
6 Apr 2026 3:19 PM,<font color=red>Dispatched</font>,Dispatched,DILLARDS-3214184303-746,3214184303,71.66,1594823,"<font color=#7e57c2>Paid:$94.50</font>",DILLARDS,"Dillards Ft Worth DC ",20 Apr 2026 7:00 AM,6,Shopify USWS,Imported,20 Apr 2026 7:00 AM,US Geneva,0,10
6 Apr 2026 3:19 PM,<font color=red>Dispatched</font>,Dispatched,DILLARDS-3214184301-168,3214184301,208.17,1594756,"<font color=#7e57c2>Paid:$274.50</font>",DILLARDS,"Dillards Salisbury NC DC ",20 Apr 2026 7:00 AM,18,Shopify USWS,Imported,20 Apr 2026 7:00 AM,US Geneva,0,10
6 Apr 2026 3:19 PM,<font color=red>Dispatched</font>,Dispatched,DILLARDS-3214184301-373,3214184301,108.00,1594762,"<font color=#7e57c2>Paid:£108.00</font>",DILLARDS,"Dillards Salisbury NC DC ",20 Apr 2026 7:00 AM,6,Shopify USWS,Imported,20 Apr 2026 7:00 AM,US Geneva,0,10
6 Apr 2026 3:19 PM,<font color=red>Dispatched</font>,Dispatched,DILLARDS-3214184302-453,3214184302,146.06,1594816,"<font color=#7e57c2>Paid:$165.60</font>",DILLARDS,"Dillards Little Rock AK DC ",20 Apr 2026 7:00 AM,12,Shopify USWS,Imported,20 Apr 2026 7:00 AM,US Geneva,0,10
6 Apr 2026 2:11 PM,<font color=red>Dispatched</font>,Dispatched,UKWS-6520,,1089.00,1614963,Do Not Import,Darts Farm Shopping Village,laura Hurved Hurved,29 Apr 2026 10:10 AM,66,Shopify UKWS,Shopify UKWS,27 Apr 2026 1:00 AM,UK ILG,0,10
4 Apr 2026 11:52 PM,<font color=red>Dispatched</font>,Dispatched,USWS-18685,,1056.51,1598216,Do Not Import,Gigi & Jays,Gigi and Jay,9 Apr 2026 7:00 AM,73,Shopify USWS,Shopify USWS,9 Apr 2026 7:00 AM,US Geneva,0,10
4 Apr 2026 5:53 PM,<font color=red>Dispatched</font>,Dispatched,UKWS-6519,,629.85,1595753,Do Not Import,dip store,Katherine Tryhorn,7 Apr 2026 1:20 PM,38,Shopify UKWS,Shopify UKWS,6 Apr 2026 7:42 PM,UK ILG,0,10
4 Apr 2026 2:35 AM,<font color=red>Dispatched</font>,Dispatched,USWS-18684,,965.61,1598165,Do Not Import,AbbyLeigh Gifts,JANIS GAUDETTE,9 Apr 2026 4:20 PM,84,Shopify USWS,Shopify USWS,9 Apr 2026 7:00 AM,US Geneva,0,10
3 Apr 2026 7:55 PM,<font color=red>Dispatched</font>,Dispatched,UKWS-6518,,341.95,1595523,Do Not Import,Gorgeous gifts and cards,Adele Siddall,7 Apr 2026 10:50 AM,24,Shopify UKWS,Shopify UKWS,6 Apr 2026 9:40 PM,UK ILG,0,10
3 Apr 2026 3:33 PM,<font color=red>Dispatched</font>,Dispatched,DILLARDS-3186516106-DISP,3186516106,428.55,1602357,Do Not Import,DILLARDS,"Dillards Phoenix DC ",14 Apr 2026 7:00 AM,1,Shopify USWS,Backend,14 Apr 2026 7:00 AM,US Geneva,0,10
3 Apr 2026 3:31 PM,<font color=red>Dispatched</font>,Dispatched,DILLARDS-3186516105-DISP,3186516105,804.19,1602372,Do Not Import,DILLARDS,"Dillards Ft Worth DC ",14 Apr 2026 7:00 AM,2,Shopify USWS,Backend,14 Apr 2026 7:00 AM,US Geneva,0,10
3 Apr 2026 3:29 PM,<font color=red>Dispatched</font>,Dispatched,DILLARDS-3186516104-DISP,3186516104,311.77,1602354,Do Not Import,DILLARDS,"Dillards Little Rock AK DC ",14 Apr 2026 7:00 AM,1,Shopify USWS,Backend,14 Apr 2026 7:00 AM,US Geneva,0,10
3 Apr 2026 3:27 PM,<font color=red>Dispatched</font>,Dispatched,DILLARDS-3186516103-DISP,3186516103,311.77,1602359,Do Not Import,DILLARDS,"Dillards Kansas City DC ",14 Apr 2026 7:00 AM,1,Shopify USWS,Backend,14 Apr 2026 7:00 AM,US Geneva,0,10
3 Apr 2026 3:24 PM,<font color=red>Dispatched</font>,Dispatched,DILLARDS-3186516102A,3186516102,804.19,1602361,Do Not Import,DILLARDS,"Dillards Valdosta Georgia DC ",14 Apr 2026 7:00 AM,2,Shopify USWS,Backend,14 Apr 2026 7:00 AM,US Geneva,0,10
3 Apr 2026 3:23 PM,<font color=red>Dispatched</font>,Dispatched,DILLARDS-3186516101-DISP,3186516101,928.75,1602374,Do Not Import,DILLARDS,"Dillards Salisbury NC DC ",14 Apr 2026 9:50 PM,3,Shopify USWS,Backend,14 Apr 2026 7:00 AM,US Geneva,0,10
3 Apr 2026 3:22 PM,<font color=red>Dispatched</font>,Dispatched,DILLARDS-3184751203-DISP,3184751203,623.55,1602358,Do Not Import,DILLARDS,"Dillards Kansas City DC ",14 Apr 2026 9:40 PM,2,Shopify USWS,Backend,14 Apr 2026 7:00 AM,US Geneva,0,10
3 Apr 2026 3:19 PM,<font color=red>Dispatched</font>,Dispatched,DILLARDS-3184751202-DISP,3184751202,4053.06,1602360,Do Not Import,DILLARDS,"Dillards Valdosta Georgia DC ",14 Apr 2026 7:00 AM,13,Shopify USWS,Backend,14 Apr 2026 7:00 AM,US Geneva,0,10
3 Apr 2026 3:18 PM,<font color=red>Dispatched</font>,Dispatched,DILLARDS-3184751205-DISP,3184751205,2182.42,1602373,Do Not Import,DILLARDS,"Dillards Ft Worth DC ",14 Apr 2026 7:00 AM,7,Shopify USWS,Backend,14 Apr 2026 7:00 AM,US Geneva,0,10
3 Apr 2026 3:17 PM,<font color=red>Dispatched</font>,Dispatched,DILLARDS-3184751206-DISP,3184751206,1833.61,1602356,Do Not Import,DILLARDS,"Dillards Phoenix DC ",14 Apr 2026 7:00 AM,4,Shopify USWS,Backend,14 Apr 2026 7:00 AM,US Geneva,0,10
3 Apr 2026 3:15 PM,<font color=red>Dispatched</font>,Dispatched,DILLARDS-3184751204-DISP,3184751204,4190.24,1602355,Do Not Import,DILLARDS,"Dillards Little Rock AK DC ",14 Apr 2026 7:00 AM,11,Shopify USWS,Backend,14 Apr 2026 7:00 AM,US Geneva,0,10
2 Apr 2026 6:03 PM,<font color=red>Dispatched</font>,Dispatched,USWS-18681,,253.07,1595746,Do Not Import,Dwelling Place Home+Heart,Dwelling Place Home & Heart,7 Apr 2026 7:00 AM,26,Shopify USWS,Shopify USWS,7 Apr 2026 7:00 AM,US Geneva,0,10
2 Apr 2026 4:35 PM,<font color=red>Dispatched</font>,Dispatched,USWS-18680,,301.04,1603703,Do Not Import,MAINSTREET FRAMES & GIFTS,Judy Bean,16 Apr 2026 7:00 AM,18,Shopify USWS,Shopify USWS,16 Apr 2026 7:00 AM,US Geneva,0,10
2 Apr 2026 3:36 PM,"<font color=#009788>Open</font>",New - Future Ship Date,USWS-18679,,346.35,0,Do Not Import,Fig,Caroline Fig,,42,Shopify USWS,Shopify USWS,1 Sep 2026 1:00 AM,US Preorder,0,1
2 Apr 2026 2:32 PM,<font color=red>Dispatched</font>,Dispatched,NWS11520-430,50064850,1658.52,1594722,"<font color=#7e57c2>Paid:$2187.00</font>",Nordstrom WS,Nordstrom Direct EDI,14 Apr 2026 7:00 AM,90,Shopify USWS,Backend,14 Apr 2026 7:00 AM,US Geneva,0,10
2 Apr 2026 10:20 AM,<font color=red>Dispatched</font>,Dispatched,EUWS-3081,,133.68,1595997,Do Not Import,Yacht Solutions,Yacht solutions,7 Apr 2026 11:41 AM,8,Shopify EUWS,Shopify EUWS,3 Apr 2026 11:55 AM,EU iFulfillment,0,10
2 Apr 2026 9:32 AM,<font color=red>Dispatched</font>,Dispatched,UKWS-6517,,0.00,1595648,Do Not Import,Trebah Enterprises,Jan Lewis,7 Apr 2026 11:40 AM,24,Shopify UKWS,Shopify UKWS,8 Apr 2026 11:10 AM,UK ILG,0,10
1 Apr 2026 8:35 PM,<font color=red>Dispatched</font>,Dispatched,USWS-18678,,1630.50,1595049,Do Not Import,Just Beachy IOP,Paula Gilchrist,6 Apr 2026 7:00 AM,130,Shopify USWS,Shopify USWS,6 Apr 2026 7:00 AM,US Geneva,0,10
1 Apr 2026 8:33 PM,<font color=red>Dispatched</font>,Dispatched,JLEW11511-76,547611,6879.62,1600739,"<font color=#7e57c2>Paid:£6879.84</font>",John Lewis Ltd,John Lewis,13 Apr 2026 12:50 PM,600,Shopify UKWS,Backend,10 Apr 2026 2:33 PM,UK ILG,0,10
1 Apr 2026 6:26 PM,<font color=red>Dispatched</font>,Dispatched,USWS-18664,,303.12,1592257,Do Not Import,,Heather Hopper,2 Apr 2026 7:00 AM,18,Shopify USWS,Shopify USWS,2 Apr 2026 7:00 AM,US Geneva,0,10
1 Apr 2026 5:06 PM,<font color=red>Dispatched</font>,Dispatched,USWS-18677,,187.86,1594704,Do Not Import,Tyler & Tate / Fox & Hen,Ryan Tyler,6 Apr 2026 7:00 AM,20,Shopify USWS,Shopify USWS,6 Apr 2026 7:00 AM,US Geneva,0,10
1 Apr 2026 3:53 PM,<font color=red>Dispatched</font>,Dispatched,USWS-18676,,879.77,1595063,Do Not Import,,Shaina Desai,6 Apr 2026 7:00 AM,92,Shopify USWS,Shopify USWS,6 Apr 2026 7:00 AM,US Geneva,0,10
1 Apr 2026 12:07 PM,<font color=red>Dispatched</font>,Dispatched,USWS-18675,,5290.71,1594771,Do Not Import,Scarborough & Tweed,Jackie Fine,6 Apr 2026 7:00 AM,350,Shopify USWS,Shopify USWS,6 Apr 2026 7:00 AM,US Geneva,0,10
31 Mar 2026 10:59 PM,<font color=red>Dispatched</font>,Dispatched,USWS-18674,,815.41,1594730,Do Not Import,The Hip Eagle,Magdalena Gue,6 Apr 2026 7:00 AM,68,Shopify USWS,Shopify USWS,6 Apr 2026 7:00 AM,US Geneva,0,10
31 Mar 2026 8:09 PM,<font color=red>Dispatched</font>,Dispatched,USWS-18673,,2797.68,1593301,Do Not Import,,Shaina Desai,6 Apr 2026 7:00 AM,168,Shopify USWS,Shopify USWS,6 Apr 2026 7:00 AM,US Geneva,0,10
31 Mar 2026 7:08 PM,<font color=red>Dispatched</font>,Dispatched,DXKI10774-20C,,1546.13,1610243,Do Not Import,DISTRIBUCIONES XKI SL,Jaime Iturgaitz,24 Apr 2026 1:35 PM,330,Shopify EUWS,Backend,22 Apr 2026 10:18 AM,EU iFulfillment,0,10
31 Mar 2026 6:36 PM,<font color=red>Dispatched</font>,Dispatched,USWS-18672,,1489.94,1593302,Do Not Import,Fiori and Fern,Michelle  Melissa Greenwood Dwyer,6 Apr 2026 7:00 AM,118,Shopify USWS,Shopify USWS,6 Apr 2026 7:00 AM,US Geneva,0,10
31 Mar 2026 6:09 PM,<font color=red>Dispatched</font>,Dispatched,HIBO28174-2,,352.67,1590215,"<font color=#7e57c2>Paid:€403.48</font>",HiBob,Laura D’Amico,12 May 2026 5:37 PM,44,Shopify EUWS,Backend,15 May 2026 12:11 PM,EU iFulfillment,0,10
31 Mar 2026 3:41 PM,<font color=red>Dispatched</font>,Dispatched,USWS-18669,,1358.99,1593475,Do Not Import,GE - EXHIBITIONS CARGO,Ashley Clarkin,4 Apr 2026 7:00 AM,150,Shopify USWS,Shopify USWS,4 Apr 2026 7:00 AM,US Geneva,0,10
31 Mar 2026 1:09 PM,<font color=red>Dispatched</font>,Dispatched,USWS-18668,,599.51,1593065,Do Not Import,,Makayla Peltier,3 Apr 2026 7:00 AM,42,Shopify USWS,Shopify USWS,3 Apr 2026 7:00 AM,US Geneva,0,10
31 Mar 2026 11:26 AM,<font color=red>Dispatched</font>,Dispatched,UKWS-6515,,338.45,1591147,Do Not Import,Taba Naba,Michaela Sawyer,1 Apr 2026 2:50 PM,37,Shopify UKWS,Shopify UKWS,1 Apr 2026 1:10 PM,UK ILG,0,10
31 Mar 2026 9:56 AM,<font color=red>Dispatched</font>,Dispatched,USWS-18667,,0.00,1596233,Do Not Import,1029 Hwy,Elisha Benton,7 Apr 2026 7:00 AM,1,Shopify USWS,Shopify USWS,7 Apr 2026 7:00 AM,US Geneva,0,10
30 Mar 2026 9:48 PM,<font color=red>Dispatched</font>,Dispatched,BISL23526-2,,948.07,1590228,"<font color=#7e57c2>Paid:$1252.80</font>",Banana Island Global Trading Co,Chin  ni,14 Apr 2026 7:00 AM,87,Shopify USWS,Backend,14 Apr 2026 7:00 AM,US Geneva,0,10
30 Mar 2026 8:26 PM,<font color=red>Dispatched</font>,Dispatched,JLEW11511-75,506585,1390.07,1598638,"<font color=#7e57c2>Paid:£1390.56</font>",John Lewis Ltd,John Lewis,10 Apr 2026 10:20 AM,160,Shopify UKWS,Backend,10 Apr 2026 2:27 PM,UK ILG,0,10
30 Mar 2026 8:21 PM,<font color=red>Dispatched</font>,Dispatched,USWS-18666,,554.73,1592280,Do Not Import,Expressions,Expressions Faire,2 Apr 2026 7:00 AM,50,Shopify USWS,Shopify USWS,2 Apr 2026 7:00 AM,US Geneva,0,10
30 Mar 2026 6:10 PM,<font color=red>Dispatched</font>,Dispatched,USWS-18663,,243.70,1592164,Do Not Import,The Candle & Gift Shoppe,Linda Goodnight,2 Apr 2026 7:00 AM,16,Shopify USWS,Shopify USWS,2 Apr 2026 7:00 AM,US Geneva,0,10
30 Mar 2026 5:03 PM,<font color=red>Dispatched</font>,Dispatched,UKWS-6514,,382.24,1589479,Do Not Import,The Old Farmhouse Jewellery Ltd,victoria Whitaker,31 Mar 2026 12:10 PM,44,Shopify UKWS,Shopify UKWS,31 Mar 2026 6:25 PM,UK ILG,0,10
30 Mar 2026 4:27 PM,<font color=red>Dispatched</font>,Dispatched,UKWS-6196A,,1672.24,1591076,Do Not Import,The Salcombe Boatstore Ltd,Jonathan Squire,1 Apr 2026 1:40 PM,109,Shopify UKWS,Backend,3 Apr 2026,UK ILG,0,10
30 Mar 2026 4:21 PM,<font color=red>Dispatched</font>,Dispatched,EUWS-3079,,4918.91,1598958,Do Not Import,Épicerie lautard,Nathalie Deleplanque,10 Apr 2026 9:34 AM,494,Shopify EUWS,Shopify EUWS,10 Apr 2026 6:10 PM,EU iFulfillment,0,10
30 Mar 2026 3:52 PM,<font color=red>Dispatched</font>,Dispatched,EUWS-3078,,0.00,1591051,Do Not Import,Ma Boutique,Stephanie Diaz,1 Apr 2026 2:37 PM,36,Shopify EUWS,Shopify EUWS,3 Apr 2026 5:11 PM,EU iFulfillment,0,10
30 Mar 2026 2:11 PM,<font color=red>Dispatched</font>,Dispatched,EUWS-3077,,2925.74,1589411,Do Not Import,"Ines Amann Creative Werbemittel ",Julia bukenberger,16 Apr 2026 3:46 PM,200,Shopify EUWS,Shopify EUWS,27 Apr 2026 4:10 PM,EU iFulfillment,0,10
30 Mar 2026 1:35 PM,<font color=red>Dispatched</font>,Dispatched,USWS-18662,,0.00,1592184,Do Not Import,BLESS YOUR HEART BOUTIQUE,Jodi Stevens,2 Apr 2026 7:00 AM,1,Shopify USWS,Shopify USWS,2 Apr 2026 7:00 AM,US Geneva,0,10
30 Mar 2026 11:50 AM,<font color=red>Dispatched</font>,Dispatched,USWS-18661,,0.00,1592258,Do Not Import,,Whitney Cooper,2 Apr 2026 7:00 AM,1,Shopify USWS,Shopify USWS,2 Apr 2026 7:00 AM,US Geneva,0,10
30 Mar 2026 1:19 AM,<font color=red>Dispatched</font>,Dispatched,USWS-18660,,207.51,1592161,Do Not Import,SOUTH PINE GIFT CO.,South Pine Gift Co.,2 Apr 2026 7:00 AM,20,Shopify USWS,Shopify USWS,2 Apr 2026 7:00 AM,US Geneva,0,10
29 Mar 2026 7:35 PM,<font color=red>Dispatched</font>,Dispatched,USWS-18659,,5192.08,1738674,Do Not Import,THE CRIB,Joanne Eason THE CRIB,14 Jul 2026 7:00 AM,366,Shopify USWS,Shopify USWS,14 Jul 2026 7:00 AM,US Geneva,0,10
28 Mar 2026 8:40 PM,<font color=red>Dispatched</font>,Dispatched,USWS-18658,,304.41,1592156,Do Not Import,Coastal Paddle Company,April Cook,2 Apr 2026 7:00 AM,18,Shopify USWS,Shopify USWS,2 Apr 2026 7:00 AM,US Geneva,0,10
28 Mar 2026 8:03 PM,<font color=red>Dispatched</font>,Dispatched,USWS-18657,,417.70,1592103,Do Not Import,Giunta's Furniture & Accessories,Marybeth Porreca,2 Apr 2026 7:00 AM,26,Shopify USWS,Shopify USWS,2 Apr 2026 7:00 AM,US Geneva,0,10
28 Mar 2026 5:03 PM,<font color=red>Dispatched</font>,Dispatched,UKWS-6513,,337.71,1588061,Do Not Import,jack + the bay,Joanna Harrison,30 Mar 2026 1:50 PM,34,Shopify UKWS,Shopify UKWS,30 Mar 2026 6:42 PM,UK ILG,0,10
28 Mar 2026 4:03 PM,<font color=red>Dispatched</font>,Dispatched,UKWS-6512,,446.12,1588234,Do Not Import,Beachology,Natalie Belt,30 Mar 2026 2:50 PM,47,Shopify UKWS,Shopify UKWS,30 Mar 2026 6:42 PM,UK ILG,0,10
28 Mar 2026 12:28 PM,<font color=red>Dispatched</font>,Dispatched,UKWS-6511,,1458.96,1589266,Do Not Import,Pebble & Salt,anya Hesketh,31 Mar 2026 10:40 AM,127,Shopify UKWS,Shopify UKWS,30 Mar 2026 2:10 PM,UK ILG,0,10
28 Mar 2026 11:48 AM,<font color=red>Dispatched</font>,Dispatched,UKWS-6510,,646.50,1588275,Do Not Import,Elements,Isobel Fallows,30 Mar 2026 3:50 PM,42,Shopify UKWS,Shopify UKWS,30 Mar 2026 1:10 PM,UK ILG,0,10
28 Mar 2026 11:24 AM,<font color=red>Dispatched</font>,Dispatched,UKWS-6509,,315.83,1588047,Do Not Import,,dale Skipper,30 Mar 2026 1:40 PM,28,Shopify UKWS,Shopify UKWS,29 Mar 2026,UK ILG,0,10
27 Mar 2026 11:43 PM,<font color=red>Dispatched</font>,Dispatched,USWS-18656,,366.83,1591050,Do Not Import,Lake Life Real Estate Agency,Jacqueline Jones,1 Apr 2026 7:00 AM,26,Shopify USWS,Shopify USWS,1 Apr 2026 7:00 AM,US Geneva,0,10
27 Mar 2026 8:51 PM,<font color=red>Dispatched</font>,Dispatched,USWS-18655,,924.73,1589406,Do Not Import,,Shannon Vivo,1 Apr 2026 7:00 AM,70,Shopify USWS,Shopify USWS,1 Apr 2026 7:00 AM,US Geneva,0,10
27 Mar 2026 7:35 PM,<font color=red>Dispatched</font>,Dispatched,USWS-18654,,482.31,1589408,Do Not Import,Butler Corner Clothing,Butler Corner Arendt,10 Apr 2026 7:00 AM,30,Shopify USWS,Shopify USWS,10 Apr 2026 7:00 AM,US Geneva,0,10
27 Mar 2026 7:35 PM,<font color=red>Dispatched</font>,Dispatched,USWS-18653,,228.46,1589407,Do Not Import,Salon Cheveux,Salon Buyer,2 Apr 2026 7:00 AM,30,Shopify USWS,Shopify USWS,2 Apr 2026 7:00 AM,US Geneva,0,10
27 Mar 2026 6:36 PM,<font color=red>Dispatched</font>,Dispatched,USWS-18652,,284.31,1589409,Do Not Import,The Horseshoe Crab,Leanne Dodd,1 Apr 2026 7:00 AM,18,Shopify USWS,Shopify USWS,1 Apr 2026 7:00 AM,US Geneva,0,10
27 Mar 2026 5:35 PM,<font color=red>Dispatched</font>,Dispatched,USWS-18650,,228.31,1592036,Do Not Import,GET CARRIED AWAY,Get Carried Away,2 Apr 2026 7:00 AM,12,Shopify USWS,Shopify USWS,2 Apr 2026 7:00 AM,US Geneva,0,10
27 Mar 2026 5:31 PM,<font color=red>Dispatched</font>,Dispatched,USWS-18649,,399.17,1591048,Do Not Import,The Providence Shoppe,The Providence Shoppe,1 Apr 2026 7:00 AM,26,Shopify USWS,Shopify USWS,1 Apr 2026 7:00 AM,US Geneva,0,10
27 Mar 2026 3:26 PM,<font color=red>Dispatched</font>,Dispatched,USWS-18648,,324.94,1591203,Do Not Import,Lisa Gilly,Lisa Gilly,1 Apr 2026 7:00 AM,28,Shopify USWS,Shopify USWS,1 Apr 2026 7:00 AM,US Geneva,0,10
27 Mar 2026 3:24 PM,<font color=red>Dispatched</font>,Dispatched,UKWS-6508,,105.57,1589312,Do Not Import,Elys of Wimbledon,Chloe Powdrell,31 Mar 2026 11:10 AM,13,Shopify UKWS,Shopify UKWS,3 Apr 2026 4:41 PM,UK ILG,0,10
27 Mar 2026 3:19 PM,<font color=red>Dispatched</font>,Dispatched,UKWS-6506,,105.57,1589410,Do Not Import,Elys of Wimbledon,Chloe Powdrell,31 Mar 2026 11:40 AM,13,Shopify UKWS,Shopify UKWS,3 Apr 2026 4:40 PM,UK ILG,0,10
27 Mar 2026 3:11 PM,<font color=red>Dispatched</font>,Dispatched,UKWS-6505,,105.57,1589283,Do Not Import,Elys of Wimbledon,Chloe Powdrell,31 Mar 2026 10:50 AM,13,Shopify UKWS,Shopify UKWS,30 Mar 2026 4:41 PM,UK ILG,0,10
27 Mar 2026 3:06 PM,<font color=red>Dispatched</font>,Dispatched,UKWS-6507,,470.55,1588036,Do Not Import,Smith and Woodfield Ltd,Her Whey,30 Mar 2026 1:02 PM,54,Shopify UKWS,Shopify UKWS,30 Mar 2026 4:40 PM,UK ILG,0,10
27 Mar 2026 2:43 PM,<font color=red>Dispatched</font>,Dispatched,UKWS-6504,,299.12,1587851,Do Not Import,Bird and Fox,Robyn Elliot,30 Mar 2026 11:10 AM,32,Shopify UKWS,Shopify UKWS,30 Mar 2026 4:25 PM,UK ILG,0,10
27 Mar 2026 2:43 PM,<font color=red>Dispatched</font>,Dispatched,USWS-18647,,665.00,1591202,Do Not Import,Navy Blooms,Navy Blooms,1 Apr 2026 7:00 AM,44,Shopify USWS,Shopify USWS,1 Apr 2026 7:00 AM,US Geneva,0,10
27 Mar 2026 2:18 PM,<font color=red>Dispatched</font>,Dispatched,UKWS-6503,,827.38,1587985,Do Not Import,The Little Shop of Seasons,Emily King,30 Mar 2026 11:50 AM,61,Shopify UKWS,Shopify UKWS,30 Mar 2026 3:40 PM,UK ILG,0,10
27 Mar 2026 2:05 PM,<font color=red>Dispatched</font>,Dispatched,UKWS-6502,,105.57,1587824,Do Not Import,Elys of Wimbledon,Chloe Powdrell,30 Mar 2026 10:50 AM,13,Shopify UKWS,Shopify UKWS,30 Mar 2026 3:25 PM,UK ILG,0,10
27 Mar 2026 12:11 PM,<font color=red>Dispatched</font>,Dispatched,EUWS-3076,,1078.79,1591049,Do Not Import,Lechner + Hayn Papeterie GmbH & Co.KG,Sandra Lemke,1 Apr 2026 9:34 AM,83,Shopify EUWS,Shopify EUWS,3 Apr 2026 1:25 PM,EU iFulfillment,0,10
27 Mar 2026 11:40 AM,<font color=red>Dispatched</font>,Dispatched,USWS-18646,,0.00,1591268,Do Not Import,ROCKY RIDGE DRUG CO,Becky ROCKY RIDGE DRUG CO,1 Apr 2026 7:00 AM,2,Shopify USWS,Shopify USWS,1 Apr 2026 7:00 AM,US Geneva,0,10
26 Mar 2026 9:26 PM,<font color=red>Dispatched</font>,Dispatched,STID25339-3,47667,552.53,1603631,"<font color=#7e57c2>Paid:$750.01</font>",Southern Tide,Lauren Cronin,21 Apr 2026 7:00 AM,50,Shopify USWS,Backend,21 Apr 2026 7:00 AM,US Geneva,0,10
26 Mar 2026 8:31 PM,<font color=red>Dispatched</font>,Dispatched,UKWS-6501,,413.25,1585640,Do Not Import,The Lyn Valley Dog House,Jacquie Dove,27 Mar 2026 11:40 AM,38,Shopify UKWS,Shopify UKWS,27 Mar 2026 9:40 PM,UK ILG,0,10
26 Mar 2026 7:35 PM,<font color=red>Dispatched</font>,Dispatched,USWS-18645,,793.66,1586653,Do Not Import,Ivy Cottage Collections,Ivy Cottage Collections Ivy Cottage Collections,28 Mar 2026 6:00 AM,54,Shopify USWS,Shopify USWS,28 Mar 2026 6:00 AM,US Geneva,0,10
26 Mar 2026 6:39 PM,<font color=red>Dispatched</font>,Dispatched,USWS-18644,,434.28,1588204,Do Not Import,The Blest Nest,Mary Mobley,31 Mar 2026 7:00 AM,26,Shopify USWS,Shopify USWS,31 Mar 2026 7:00 AM,US Geneva,0,10
26 Mar 2026 5:35 PM,<font color=red>Dispatched</font>,Dispatched,USWS-18642,,972.91,1591045,Do Not Import,DARNELLS FUN STUFF,sheri darnell,1 Apr 2026 7:00 AM,68,Shopify USWS,Shopify USWS,1 Apr 2026 7:00 AM,US Geneva,0,10
26 Mar 2026 5:35 PM,<font color=red>Dispatched</font>,Dispatched,USWS-18643,,482.09,1591047,Do Not Import,LOUIS MORGAN 4,KATIE SAMS,1 Apr 2026 7:00 AM,30,Shopify USWS,Shopify USWS,1 Apr 2026 7:00 AM,US Geneva,0,10
26 Mar 2026 3:38 PM,<font color=red>Dispatched</font>,Dispatched,USWS-18641,,340.14,1586602,Do Not Import,Strings Attached,Julie Hancock,28 Mar 2026 6:00 AM,18,Shopify USWS,Shopify USWS,28 Mar 2026 6:00 AM,US Geneva,0,10
26 Mar 2026 3:24 PM,<font color=red>Dispatched</font>,Dispatched,USWS-18640,,324.96,1586610,Do Not Import,Acquire Good,Tamala Levin,28 Mar 2026 6:00 AM,32,Shopify USWS,Shopify USWS,28 Mar 2026 6:00 AM,US Geneva,0,10
26 Mar 2026 2:41 PM,<font color=red>Dispatched</font>,Dispatched,UKWS-6500,,1277.86,1585680,Do Not Import,Lizzi,Theresa Elizabeth Rice,27 Mar 2026 12:40 PM,96,Shopify UKWS,Shopify UKWS,27 Mar 2026 3:10 PM,UK ILG,0,10
26 Mar 2026 12:25 PM,<font color=red>Dispatched</font>,Dispatched,USWS-18639,,4736.23,1591052,Do Not Import,NAPA 401(k) Summit,Hailey Ray,14 Apr 2026 7:00 AM,600,Shopify USWS,Shopify USWS,14 Apr 2026 7:00 AM,US Geneva,0,10
26 Mar 2026 11:59 AM,<font color=red>Dispatched</font>,Dispatched,UKWS-6499,,593.25,1585629,Do Not Import,Spencer Thorn,Sarah Pringle,27 Mar 2026 11:20 AM,46,Shopify UKWS,Shopify UKWS,27 Mar 2026 12:40 PM,UK ILG,0,10
25 Mar 2026 9:13 PM,<font color=red>Dispatched</font>,Dispatched,UKWS-6498,,286.91,1584539,Do Not Import,Middleton Lodge Events Limited,Middleton Lodge Events Limited,26 Mar 2026 11:10 AM,20,Shopify UKWS,Shopify UKWS,26 Mar 2026 10:10 PM,UK ILG,0,10
25 Mar 2026 8:06 PM,<font color=red>Dispatched</font>,Dispatched,HNUR28530-5,GC12/491809,1375.97,1601809,"<font color=#7e57c2>Paid:£1375.97</font>",Hillier Nurseries Limited," ",14 Apr 2026 10:10 AM,80,Shopify UKWS,Backend,31 Mar 2026 2:27 PM,UK ILG,0,10
25 Mar 2026 8:01 PM,<font color=red>Dispatched</font>,Dispatched,HNUR28530-4,GC22/491811,1375.97,1601835,"<font color=#7e57c2>Paid:£1375.97</font>",Hillier Nurseries Limited," ",14 Apr 2026 10:40 AM,80,Shopify UKWS,Backend,15 Apr 2026 2:27 PM,UK ILG,0,10
25 Mar 2026 7:51 PM,<font color=red>Dispatched</font>,Dispatched,HNUR28530-3,GC21/491810,1375.97,1601834,"<font color=#7e57c2>Paid:£1375.97</font>",Hillier Nurseries Limited," ",14 Apr 2026 10:40 AM,80,Shopify UKWS,Backend,15 Apr 2026 2:27 PM,UK ILG,0,10
25 Mar 2026 7:47 PM,<font color=red>Dispatched</font>,Dispatched,HNUR28530-2,GC24/491812,1375.97,1601837,"<font color=#7e57c2>Paid:£1375.97</font>",Hillier Nurseries Limited," ",14 Apr 2026 10:50 AM,80,Shopify UKWS,Backend,31 Mar 2026 2:27 PM,UK ILG,0,10
25 Mar 2026 7:25 PM,<font color=red>Dispatched</font>,Dispatched,HNUR28530-1,GC25/491813,1375.97,1601863,"<font color=#7e57c2>Paid:£1375.97</font>",Hillier Nurseries Limited," ",14 Apr 2026 11:20 AM,80,Shopify UKWS,Backend,31 Mar 2026 2:27 PM,UK ILG,0,10
25 Mar 2026 5:45 PM,<font color=red>Dispatched</font>,Dispatched,USWS-18638,,3664.09,1584872,Do Not Import,i3 Event Marketing,Debbie Kern,26 Mar 2026 6:00 AM,662,Shopify USWS,Shopify USWS,26 Mar 2026 6:00 AM,US Geneva,0,10
25 Mar 2026 5:14 PM,<font color=red>Dispatched</font>,Dispatched,USWS-18636,,3895.23,1584652,Do Not Import,,Bob Reynolds,26 Mar 2026 6:00 AM,240,Shopify USWS,Shopify USWS,26 Mar 2026 6:00 AM,US Geneva,0,10
25 Mar 2026 5:05 PM,<font color=red>Dispatched</font>,Dispatched,USWS-18637,,379.94,1584546,Do Not Import,P K Flynn Home & Market,Paige Flynn,26 Mar 2026 6:00 AM,32,Shopify USWS,Shopify USWS,26 Mar 2026 6:00 AM,US Geneva,0,10
25 Mar 2026 4:17 PM,<font color=red>Dispatched</font>,Dispatched,UKWS-6497,,755.57,1585801,Do Not Import,,Ashley Cooke,27 Mar 2026 1:50 PM,78,Shopify UKWS,Shopify UKWS,27 Mar 2026,UK ILG,0,10
25 Mar 2026 2:41 PM,<font color=red>Dispatched</font>,Dispatched,USWS-18635,,501.40,1585071,Do Not Import,Pool Retail PALMS CASINO & RESORT,San Manuel Indian Bingo & PUCKETT,26 Mar 2026 6:00 AM,36,Shopify USWS,Shopify USWS,26 Mar 2026 6:00 AM,US Geneva,0,10
25 Mar 2026 9:35 AM,<font color=red>Dispatched</font>,Dispatched,USWS-18634,,1038.38,1589404,Do Not Import,Grand Beach Hotel,Ciara Lucking,21 Apr 2026 7:00 AM,100,Shopify USWS,Shopify USWS,21 Apr 2026 7:00 AM,US Geneva,0,10
25 Mar 2026 9:12 AM,<font color=red>Dispatched</font>,Dispatched,USWS-18592A,,741.23,1583956,Do Not Import,MARCAN,Marcan Angela,25 Mar 2026 6:00 AM,48,Shopify USWS,Backend,25 Mar 2026 6:00 AM,US Geneva,0,10
24 Mar 2026 11:35 PM,<font color=red>Dispatched</font>,Dispatched,USWS-18633,,618.64,1583819,Do Not Import,Susie's boutique & Gifts,jacqueline Hebert,25 Mar 2026 6:00 AM,60,Shopify USWS,Shopify USWS,25 Mar 2026 6:00 AM,US Geneva,0,10
24 Mar 2026 8:14 PM,<font color=red>Dispatched</font>,Dispatched,USWS-18632,,970.53,1584101,Do Not Import,Lake Boone Ace Hardware,Brooke Owens,25 Mar 2026 6:00 AM,70,Shopify USWS,Shopify USWS,25 Mar 2026 6:00 AM,US Geneva,0,10
24 Mar 2026 7:35 PM,<font color=red>Dispatched</font>,Dispatched,USWS-18631,,576.06,1585856,Do Not Import,NIFTYCURE - DANIELA IBARRA,Daniela Ibarra,27 Mar 2026 6:00 AM,30,Shopify USWS,Shopify USWS,27 Mar 2026 6:00 AM,US Geneva,0,10
24 Mar 2026 5:35 PM,<font color=red>Dispatched</font>,Dispatched,USWS-18629,,691.27,1585929,Do Not Import,Eagle Eye Outfitters,Chelsea Woodall,27 Mar 2026 6:00 AM,46,Shopify USWS,Shopify USWS,27 Mar 2026 6:00 AM,US Geneva,0,10
24 Mar 2026 5:35 PM,<font color=red>Dispatched</font>,Dispatched,USWS-18630,,390.72,1585817,Do Not Import,IRONIC,Erin Haines IRONIC,27 Mar 2026 6:00 AM,32,Shopify USWS,Shopify USWS,27 Mar 2026 6:00 AM,US Geneva,0,10
24 Mar 2026 4:53 PM,<font color=red>Dispatched</font>,Dispatched,USWS-18628,,303.06,1583866,Do Not Import,MOSELEY DRUG COMPANY,Tara Jackson,25 Mar 2026 6:00 AM,22,Shopify USWS,Shopify USWS,25 Mar 2026 6:00 AM,US Geneva,0,10
24 Mar 2026 4:31 PM,<font color=red>Dispatched</font>,Dispatched,EUWS-3074,,0.00,1585764,Do Not Import,Lechner + Hayn Papeterie GmbH & Co.KG,Sandra Lemke,26 Mar 2026 1:34 PM,2,Shopify EUWS,Shopify EUWS,25 Mar 2026 6:10 PM,EU iFulfillment,0,10
24 Mar 2026 3:50 PM,<font color=red>Dispatched</font>,Dispatched,UKWS-6496,4503771110,336.00,1590977,Do Not Import,Avolta - Lowfield Heath Warehouse,Jessica Boniface,1 Apr 2026 11:40 AM,50,Shopify UKWS,Shopify UKWS,25 Mar 2026 4:25 PM,UK ILG,0,10
24 Mar 2026 2:12 PM,<font color=red>Dispatched</font>,Dispatched,UKWS-6495,,618.00,1591043,Do Not Import,BCP,Joanna Bungay,29 Apr 2026 9:40 AM,36,Shopify UKWS,Shopify UKWS,27 Apr 2026 3:10 PM,UK ILG,0,10
24 Mar 2026 1:16 PM,<font color=red>Dispatched</font>,Dispatched,EUWS-3073,,1704.16,1589825,Do Not Import,Ellmauer Zeit zum Lesen GmbH,Isabell Ellmauer,30 Mar 2026 4:37 PM,144,Shopify EUWS,Shopify EUWS,25 Mar 2026 1:42 PM,EU iFulfillment,0,10
24 Mar 2026 12:39 PM,<font color=red>Dispatched</font>,Dispatched,EUWS-3072,,827.63,1591044,Do Not Import,LAVLY STORE,Jarek Kulenda,2 Apr 2026 9:35 AM,57,Shopify EUWS,Shopify EUWS,3 Apr 2026,EU iFulfillment,0,10
24 Mar 2026 10:24 AM,<font color=red>Dispatched</font>,Dispatched,EUWS-3071,,903.50,1589826,Do Not Import,"Karusa ",Monika Holzhauser,30 Mar 2026 4:36 PM,81,Shopify EUWS,Shopify EUWS,25 Mar 2026 11:41 AM,EU iFulfillment,0,10
24 Mar 2026 2:36 AM,<font color=red>Dispatched</font>,Dispatched,USWS-18622,,306.13,1582866,Do Not Import,Lively Athletics,Christina McKittrick,24 Mar 2026 6:00 AM,32,Shopify USWS,Shopify USWS,24 Mar 2026 6:00 AM,US Geneva,0,10
23 Mar 2026 8:27 PM,<font color=red>Dispatched</font>,Dispatched,USWS-18620,,479.62,1582869,Do Not Import,Bering's Hardware,martha hinojosa HINOJOSA,24 Mar 2026 6:00 AM,38,Shopify USWS,Shopify USWS,24 Mar 2026 6:00 AM,US Geneva,0,10
23 Mar 2026 8:22 PM,<font color=red>Dispatched</font>,Dispatched,USWS-18619,,479.62,1582897,Do Not Import,Bering's Hardware,martha hinojosa HINOJOSA,24 Mar 2026 6:00 AM,38,Shopify USWS,Shopify USWS,24 Mar 2026 6:00 AM,US Geneva,0,10
23 Mar 2026 5:16 PM,<font color=red>Dispatched</font>,Dispatched,USWS-18612,,994.46,1582960,Do Not Import,Lavish Boutique Warehouse,Shannon Beaty,24 Mar 2026 6:00 AM,60,Shopify USWS,Shopify USWS,24 Mar 2026 6:00 AM,US Geneva,0,10
23 Mar 2026 4:37 PM,<font color=red>Dispatched</font>,Dispatched,EUWS-3070,,685.91,1585766,Do Not Import,Insolite,Insolite Vidal,26 Mar 2026 11:36 AM,81,Shopify EUWS,Shopify EUWS,27 Mar 2026,EU iFulfillment,0,10
23 Mar 2026 1:35 PM,<font color=red>Dispatched</font>,Dispatched,USWS-18611,,799.13,1583848,Do Not Import,Inspired at Lake Norman Co.,Georgia Ferguson,25 Mar 2026 6:00 AM,48,Shopify USWS,Shopify USWS,25 Mar 2026 6:00 AM,US Geneva,0,10
23 Mar 2026 12:29 PM,<font color=red>Dispatched</font>,Dispatched,UKWS-6494,,17043.00,1591039,Do Not Import,,Michael Aird,9 Apr 2026 5:20 PM,1196,Shopify UKWS,Shopify UKWS,10 Apr 2026 1:10 PM,UK ILG,0,10
23 Mar 2026 10:49 AM,<font color=red>Dispatched</font>,Dispatched,EUWS-3068,,373.55,1591041,Do Not Import,Fabrique de styles Ajaccio,Pierre yves Pierre yves,21 Apr 2026 12:36 PM,28,Shopify EUWS,Shopify EUWS,15 Apr 2026 11:42 AM,EU iFulfillment,0,10
23 Mar 2026 9:39 AM,<font color=red>Dispatched</font>,Dispatched,EUWS-3066,,755.82,1591042,Do Not Import,Sas un vingtieme,reynaud pauline,9 Apr 2026 2:34 PM,60,Shopify EUWS,Shopify EUWS,8 Apr 2026 11:43 AM,EU iFulfillment,0,10
22 Mar 2026 6:45 PM,<font color=red>Dispatched</font>,Dispatched,UKWS-6493,,885.01,1582930,Do Not Import,Mahalo home,Kim Ryder,24 Mar 2026 2:20 PM,80,Shopify UKWS,Shopify UKWS,23 Mar 2026 7:42 PM,UK ILG,0,10
22 Mar 2026 6:20 PM,<font color=red>Dispatched</font>,Dispatched,USWS-18610,,351.26,1582757,Do Not Import,Tropitana,Tropitana Tanning,24 Mar 2026 6:00 AM,26,Shopify USWS,Shopify USWS,24 Mar 2026 6:00 AM,US Geneva,0,10
22 Mar 2026 5:43 PM,<font color=red>Dispatched</font>,Dispatched,EUWS-3065,,302.75,1584708,Do Not Import,Kastner & Öhler Mode GmbH,Susanne Koller,25 Mar 2026 5:36 PM,12,Shopify EUWS,Shopify EUWS,23 Mar 2026 6:40 PM,EU iFulfillment,0,10
22 Mar 2026 5:40 PM,<font color=red>Dispatched</font>,Dispatched,UKWS-6492,,885.58,1583049,Do Not Import,Aloft co Ltd,beth Hillier,24 Mar 2026 4:40 PM,74,Shopify UKWS,Shopify UKWS,23 Mar 2026 7:43 PM,UK ILG,0,10
20 Mar 2026 9:35 PM,<font color=red>Dispatched</font>,Dispatched,USWS-18609,,1235.19,1582056,Do Not Import,VALLEY FORGE FLOWERS,Valley Forge Moritz,23 Mar 2026 6:00 AM,100,Shopify USWS,Shopify USWS,23 Mar 2026 6:00 AM,US Geneva,0,10
20 Mar 2026 3:32 PM,<font color=red>Dispatched</font>,Dispatched,UKWS-6491,,2111.18,1589403,Do Not Import,Austins,Susan Luton,31 Mar 2026 1:10 PM,105,Shopify UKWS,Shopify UKWS,3 Apr 2026 3:55 PM,UK ILG,0,10
20 Mar 2026 3:10 PM,<font color=red>Dispatched</font>,Dispatched,EUWS-3064,,581.80,1591037,Do Not Import,Bazar nat,Isabelle Domken,1 Apr 2026 2:36 PM,59,Shopify EUWS,Shopify EUWS,3 Apr 2026 4:40 PM,EU iFulfillment,0,10
20 Mar 2026 1:35 PM,<font color=red>Dispatched</font>,Dispatched,USWS-18602,,263.71,1580066,Do Not Import,Maze Home,Cari Raymond,20 Mar 2026 6:00 AM,28,Shopify USWS,Shopify USWS,20 Mar 2026 6:00 AM,US Geneva,0,10
20 Mar 2026 12:21 PM,<font color=red>Dispatched</font>,Dispatched,USWS-18601,,3605.40,1582948,Do Not Import,HAL N2G NOORDAM,Andy Hernandez,3 Apr 2026 7:00 AM,440,Shopify USWS,Shopify USWS,3 Apr 2026 7:00 AM,US Geneva,0,10
20 Mar 2026 7:59 AM,<font color=red>Dispatched</font>,Dispatched,EUWS-3063,,709.09,1585767,Do Not Import,LES TOILES DU SOLEIL,Franck Minella,27 Mar 2026 8:35 AM,60,Shopify EUWS,Shopify EUWS,23 Mar 2026 9:55 AM,EU iFulfillment,0,10
19 Mar 2026 11:35 PM,<font color=red>Dispatched</font>,Dispatched,USWS-18600,,613.30,1579969,Do Not Import,Veterans United Home Loans,Veteran's United Home Roewe,20 Mar 2026 6:00 AM,42,Shopify USWS,Shopify USWS,20 Mar 2026 6:00 AM,US Geneva,0,10
19 Mar 2026 11:28 PM,<font color=red>Dispatched</font>,Dispatched,USWS-18599,,7807.75,1581639,Do Not Import,Factory360,Emma Donato,23 Mar 2026 6:00 AM,559,Shopify USWS,Shopify USWS,23 Mar 2026 6:00 AM,US Geneva,0,10
19 Mar 2026 9:35 PM,<font color=red>Dispatched</font>,Dispatched,USWS-18598,,240.31,1579994,Do Not Import,"BACK ROOM, THE",BACK ROOM THE,20 Mar 2026 6:00 AM,16,Shopify USWS,Shopify USWS,20 Mar 2026 6:00 AM,US Geneva,0,10
19 Mar 2026 9:04 PM,<font color=red>Dispatched</font>,Dispatched,DPOS28523-1,,0.00,1580105,Do Not Import,Dillards POS,"Dillard's Store #0930 ",20 Mar 2026 6:00 AM,1,Shopify USWS,Backend,20 Mar 2026 6:00 AM,US Geneva,0,10
19 Mar 2026 8:59 PM,<font color=red>Dispatched</font>,Dispatched,DPOS28522-1,,0.00,1579967,Do Not Import,"Dillards POS - Dillard's Store #0235"," ",20 Mar 2026 6:00 AM,1,Shopify USWS,Backend,20 Mar 2026 6:00 AM,US Geneva,0,10
19 Mar 2026 8:56 PM,<font color=red>Dispatched</font>,Dispatched,USWS-18597,,223.09,1579965,Do Not Import,Mermaids,sandra tuckwell,20 Mar 2026 6:00 AM,20,Shopify USWS,Shopify USWS,20 Mar 2026 6:00 AM,US Geneva,0,10
19 Mar 2026 5:35 PM,<font color=red>Dispatched</font>,Dispatched,USWS-18596,,946.14,1580058,Do Not Import,Island Tropical Foliage c/o Flowers By EA / ATTN : Katherine Col,Island Tropical Foliage c/o Flowers By EA / ATTN : Katherine Col Island Tropical Foliage c/o Flowers By EA / ATTN : Katherine Col,20 Mar 2026 6:00 AM,78,Shopify USWS,Shopify USWS,20 Mar 2026 6:00 AM,US Geneva,0,10
19 Mar 2026 5:30 PM,<font color=red>Dispatched</font>,Dispatched,USWS-18595,,149.25,1579964,Do Not Import,April Michelle Crew,April Crew,20 Mar 2026 6:00 AM,14,Shopify USWS,Shopify USWS,20 Mar 2026 6:00 AM,US Geneva,0,10
19 Mar 2026 2:44 PM,<font color=red>Dispatched</font>,Dispatched,OHAR27875-1-Aqua,,456.88,1582154,"<font color=#7e57c2>Paid:$606.00</font>",Safe Harbor - Aqualand," ",23 Mar 2026 6:00 AM,36,Shopify USWS,Backend,23 Mar 2026 6:00 AM,US Geneva,0,10
19 Mar 2026 2:20 PM,<font color=red>Dispatched</font>,Dispatched,UKWS-6490,,508.10,1579935,Do Not Import,Wyedoineedit,Jane Driscoll,20 Mar 2026 1:50 PM,56,Shopify UKWS,Shopify UKWS,20 Mar 2026 3:40 PM,UK ILG,0,10
19 Mar 2026 11:29 AM,<font color=red>Dispatched</font>,Dispatched,EUWS-3062,,878.65,1591036,Do Not Import,Pinu,Lena Zimmermann,1 Apr 2026 8:36 AM,64,Shopify EUWS,Shopify EUWS,3 Apr 2026 11:40 AM,EU iFulfillment,0,10
18 Mar 2026 11:35 PM,<font color=red>Dispatched</font>,Dispatched,USWS-18594,,1209.10,1579862,Do Not Import,Dandy Lions Gifts,Joy Carver,20 Mar 2026 6:00 AM,76,Shopify USWS,Shopify USWS,20 Mar 2026 6:00 AM,US Geneva,0,10
18 Mar 2026 7:08 PM,<font color=red>Dispatched</font>,Dispatched,USWS-18593,,3867.64,1579849,Do Not Import,Waters Trucks,Shasta Dodd,20 Mar 2026 6:00 AM,228,Shopify USWS,Shopify USWS,20 Mar 2026 6:00 AM,US Geneva,0,10
18 Mar 2026 4:24 PM,<font color=red>Dispatched</font>,Dispatched,EUWS-3061,,757.04,1584709,Do Not Import,&Open Gifts Ltd,Alison Delaney,25 Mar 2026 3:36 PM,70,Shopify EUWS,Shopify EUWS,26 Mar 2026 6:43 PM,EU iFulfillment,0,10
18 Mar 2026 3:57 PM,<font color=red>Dispatched</font>,Dispatched,USWS-18592,,785.71,1579846,Do Not Import,MARCAN,Marcan Angela,20 Mar 2026 6:00 AM,48,Shopify USWS,Shopify USWS,20 Mar 2026 6:00 AM,US Geneva,0,10
18 Mar 2026 3:08 PM,<font color=red>Dispatched</font>,Dispatched,NORDSTROM-50005868-360,50005868,438.31,1596255,"<font color=#7e57c2>Paid:$587.25</font>",NORDSTROM,"Nordstrom DC 399 ",7 Apr 2026 7:00 AM,29,Shopify USWS,Imported,7 Apr 2026 7:00 AM,US Geneva,0,10
18 Mar 2026 3:08 PM,<font color=red>Dispatched</font>,Dispatched,NORDSTROM-50005868-380,50005868,513.89,1596264,"<font color=#7e57c2>Paid:$688.50</font>",NORDSTROM,"Nordstrom DC 399 ",7 Apr 2026 7:00 AM,34,Shopify USWS,Imported,7 Apr 2026 7:00 AM,US Geneva,0,10
18 Mar 2026 3:08 PM,<font color=red>Dispatched</font>,Dispatched,NORDSTROM-50005868-34,50005868,438.31,1596263,"<font color=#7e57c2>Paid:$587.25</font>",NORDSTROM,"Nordstrom DC 299 ",7 Apr 2026 7:00 AM,29,Shopify USWS,Imported,7 Apr 2026 7:00 AM,US Geneva,0,10
18 Mar 2026 3:08 PM,<font color=red>Dispatched</font>,Dispatched,NORDSTROM-50005868-1,50005868,438.31,1596252,"<font color=#7e57c2>Paid:$587.25</font>",NORDSTROM,"Nordstrom DC 89 ",7 Apr 2026 7:00 AM,29,Shopify USWS,Imported,7 Apr 2026 7:00 AM,US Geneva,0,10
18 Mar 2026 3:08 PM,<font color=red>Dispatched</font>,Dispatched,NORDSTROM-50005868-763,NORDSTROM-50005868-763,438.31,1596267,"<font color=#7e57c2>Paid:$587.25</font>",NORDSTROM,"Nordstrom DC 799 ",7 Apr 2026 7:00 AM,29,Shopify USWS,Imported,7 Apr 2026 7:00 AM,US Geneva,0,10
18 Mar 2026 3:08 PM,<font color=red>Dispatched</font>,Dispatched,NORDSTROM-50005868-421,50005868,377.86,1596262,"<font color=#7e57c2>Paid:$506.25</font>",NORDSTROM,"Nordstrom DC 499 ",7 Apr 2026 7:00 AM,25,Shopify USWS,Imported,7 Apr 2026 7:00 AM,US Geneva,0,10
18 Mar 2026 3:08 PM,<font color=red>Dispatched</font>,Dispatched,NORDSTROM-50005868-733,50005868,468.54,1596266,"<font color=#7e57c2>Paid:$627.75</font>",NORDSTROM,"Nordstrom DC 799 ",7 Apr 2026 7:00 AM,31,Shopify USWS,Imported,7 Apr 2026 7:00 AM,US Geneva,0,10
18 Mar 2026 3:08 PM,<font color=red>Dispatched</font>,Dispatched,NORDSTROM-50005868-25,50005868,423.20,1596253,"<font color=#7e57c2>Paid:$567.00</font>",NORDSTROM,"Nordstrom DC 89 ",7 Apr 2026 7:00 AM,28,Shopify USWS,Imported,7 Apr 2026 7:00 AM,US Geneva,0,10
18 Mar 2026 3:08 PM,<font color=red>Dispatched</font>,Dispatched,NORDSTROM-50005868-326,50005868,468.54,1596257,"<font color=#7e57c2>Paid:$627.75</font>",NORDSTROM,"Nordstrom DC 399 ",7 Apr 2026 7:00 AM,31,Shopify USWS,Imported,7 Apr 2026 7:00 AM,US Geneva,0,10
18 Mar 2026 3:08 PM,<font color=red>Dispatched</font>,Dispatched,NORDSTROM-50005868-220,50005868,377.86,1596256,"<font color=#7e57c2>Paid:$506.25</font>",NORDSTROM,"Nordstrom DC 299 ",7 Apr 2026 7:00 AM,25,Shopify USWS,Imported,7 Apr 2026 7:00 AM,US Geneva,0,10
18 Mar 2026 12:15 PM,<font color=red>Dispatched</font>,Dispatched,UKWS-6004A,,961.80,1579027,Do Not Import,,Ian Shannon,19 Mar 2026 10:20 AM,69,Shopify UKWS,Backend,6 Mar 2026,UK ILG,0,10
18 Mar 2026 12:11 PM,<font color=red>Dispatched</font>,Dispatched,USWS-18591,,463.35,1579351,Do Not Import,pretty poppy,Betsy Montgomery,19 Mar 2026 6:00 AM,32,Shopify USWS,Shopify USWS,19 Mar 2026 6:00 AM,US Geneva,0,10
18 Mar 2026 12:03 PM,<font color=red>Dispatched</font>,Dispatched,UKWS-6489,,5466.48,1585956,Do Not Import,FoBSP,Carly Parton,27 Mar 2026 5:20 PM,282,Shopify UKWS,Shopify UKWS,23 Mar 2026,UK ILG,0,10
18 Mar 2026 10:51 AM,<font color=red>Dispatched</font>,Dispatched,UKWS-6488,,445.50,1579263,Do Not Import,Jibset Marine,robert shannon,19 Mar 2026 2:50 PM,29,Shopify UKWS,Shopify UKWS,19 Mar 2026 11:26 AM,UK ILG,0,10
18 Mar 2026 10:41 AM,<font color=red>Dispatched</font>,Dispatched,UKWS-6487,,489.92,1579284,Do Not Import,Diamond Parrot Accessory Emporium,Sharon McElhinney,19 Mar 2026 3:40 PM,44,Shopify UKWS,Shopify UKWS,19 Mar 2026 11:11 AM,UK ILG,0,10
18 Mar 2026 3:35 AM,<font color=red>Dispatched</font>,Dispatched,USWS-18590,,1006.60,1579375,Do Not Import,The Secret Place,Deanna Oeschger,19 Mar 2026 6:00 AM,60,Shopify USWS,Shopify USWS,19 Mar 2026 6:00 AM,US Geneva,0,10
18 Mar 2026 1:35 AM,<font color=red>Dispatched</font>,Dispatched,USWS-18588,,877.86,1579350,Do Not Import,"Elder's Ace Hardware of Lake Hartwell #19246",Elder's Ace Hardware Myers,19 Mar 2026 6:00 AM,54,Shopify USWS,Shopify USWS,19 Mar 2026 6:00 AM,US Geneva,0,10
18 Mar 2026 1:35 AM,<font color=red>Dispatched</font>,Dispatched,USWS-18587,,877.86,1579327,Do Not Import,"Elder's Ace Hardware of Lake Hartwell #19246",Elder's Ace Hardware Myers,19 Mar 2026 6:00 AM,54,Shopify USWS,Shopify USWS,19 Mar 2026 6:00 AM,US Geneva,0,10
18 Mar 2026 1:35 AM,<font color=red>Dispatched</font>,Dispatched,USWS-18586,,633.30,1579305,Do Not Import,"Elder's Ace Hardware of Lake Hartwell #19246",Elder's Ace Hardware Myers,19 Mar 2026 6:00 AM,36,Shopify USWS,Shopify USWS,19 Mar 2026 6:00 AM,US Geneva,0,10
18 Mar 2026 1:35 AM,<font color=red>Dispatched</font>,Dispatched,USWS-18589,,867.48,1580019,Do Not Import,"Elder's Ace Hardware of Lake Hartwell #19246",Elder's Ace Hardware Myers,20 Mar 2026 6:00 AM,54,Shopify USWS,Shopify USWS,20 Mar 2026 6:00 AM,US Geneva,0,10
17 Mar 2026 9:35 PM,<font color=red>Dispatched</font>,Dispatched,USWS-18585,,402.51,1579304,Do Not Import,Middlebury Consignment,The Shoppes at Whittemore Yimoyyines,19 Mar 2026 6:00 AM,30,Shopify USWS,Shopify USWS,19 Mar 2026 6:00 AM,US Geneva,0,10
17 Mar 2026 7:56 PM,<font color=red>Dispatched</font>,Dispatched,USWS-18584,,174.11,1579289,Do Not Import,Magnolia Baby,Magnolia Baby / Claudia Collins,19 Mar 2026 6:00 AM,20,Shopify USWS,Shopify USWS,19 Mar 2026 6:00 AM,US Geneva,0,10
17 Mar 2026 7:35 PM,<font color=red>Dispatched</font>,Dispatched,USWS-18583,,679.24,1579863,Do Not Import,MAIZE DESIGNS,Molly/Ann MAIZE DESIGNS,20 Mar 2026 6:00 AM,36,Shopify USWS,Shopify USWS,20 Mar 2026 6:00 AM,US Geneva,0,10
17 Mar 2026 7:11 PM,<font color=red>Dispatched</font>,Dispatched,USWS-18582,,504.43,1579427,Do Not Import,The Toggery,Caroline Holcomb,19 Mar 2026 6:00 AM,44,Shopify USWS,Shopify USWS,19 Mar 2026 6:00 AM,US Geneva,0,10
17 Mar 2026 6:59 PM,<font color=red>Dispatched</font>,Dispatched,USWS-18581,,174.11,1579344,Do Not Import,Tisha’s Interiors,Tisha Gribble c/o Trinity UMC,19 Mar 2026 6:00 AM,20,Shopify USWS,Shopify USWS,19 Mar 2026 6:00 AM,US Geneva,0,10
17 Mar 2026 1:33 PM,<font color=red>Dispatched</font>,Dispatched,UKWS-6486,,793.45,1579815,Do Not Import,Barkers Home,Julie Poynton,20 Mar 2026 11:40 AM,49,Shopify UKWS,Shopify UKWS,18 Mar 2026 2:10 PM,UK ILG,0,10
17 Mar 2026 12:17 PM,<font color=red>Dispatched</font>,Dispatched,USWS-18499A,,317.66,1579275,Do Not Import,Initial Attraction,Meme Bennett,19 Mar 2026 6:00 AM,20,Shopify USWS,Backend,19 Mar 2026 6:00 AM,US Geneva,0,10
17 Mar 2026 11:29 AM,<font color=red>Dispatched</font>,Dispatched,UKWS-6485,,371.97,1579287,Do Not Import,Wild Roots Greenery,Wild Roots Greenery,19 Mar 2026 3:50 PM,36,Shopify UKWS,Shopify UKWS,18 Mar 2026 12:25 PM,UK ILG,0,10
16 Mar 2026 11:35 PM,<font color=red>Dispatched</font>,Dispatched,USWS-18580,,1196.96,1583820,Do Not Import,MOUNTAIN HIGH OUTFITTERS- MYRTLE BEACH,Mountain High,25 Mar 2026 6:00 AM,78,Shopify USWS,Shopify USWS,25 Mar 2026 6:00 AM,US Geneva,0,10
16 Mar 2026 10:11 PM,<font color=red>Dispatched</font>,Dispatched,USWS-18579,,728.46,1579428,Do Not Import,Thread & Punto,Silvia Larrieu,19 Mar 2026 6:00 AM,48,Shopify USWS,Shopify USWS,19 Mar 2026 6:00 AM,US Geneva,0,10
16 Mar 2026 7:35 PM,<font color=red>Dispatched</font>,Dispatched,USWS-18578,,1248.65,1579426,Do Not Import,Veterans United Home Loans,Veteran's United Home Roewe,19 Mar 2026 6:00 AM,52,Shopify USWS,Shopify USWS,19 Mar 2026 6:00 AM,US Geneva,0,10
16 Mar 2026 4:39 PM,<font color=red>Dispatched</font>,Dispatched,USWS-18577,,196.99,1579387,Do Not Import,Sew Southern Stitches Tx,Tara Johnson,19 Mar 2026 6:00 AM,20,Shopify USWS,Shopify USWS,19 Mar 2026 6:00 AM,US Geneva,0,10
16 Mar 2026 2:39 PM,<font color=red>Dispatched</font>,Dispatched,EUWS-3060,,156.96,1579186,Do Not Import,Yacht Solutions,Yacht solutions,19 Mar 2026 9:37 AM,10,Shopify EUWS,Shopify EUWS,17 Mar 2026 3:11 PM,EU iFulfillment,0,10
16 Mar 2026 1:09 PM,<font color=red>Dispatched</font>,Dispatched,EUWS-3059,,771.17,1589402,Do Not Import,"Spuersinn24 ",Nadine Eder,1 Apr 2026 8:36 AM,58,Shopify EUWS,Shopify EUWS,3 Apr 2026 2:25 PM,EU iFulfillment,0,10
16 Mar 2026 1:01 PM,<font color=red>Dispatched</font>,Dispatched,USWS-18576,,1802.56,1578685,Do Not Import,Stitch Doctor,Kelly Williams,18 Mar 2026 6:00 AM,120,Shopify USWS,Shopify USWS,18 Mar 2026 6:00 AM,US Geneva,0,10
16 Mar 2026 12:06 PM,<font color=red>Dispatched</font>,Dispatched,USWS-18575,,0.00,1582958,Do Not Import,,Courtney Fisher,24 Mar 2026 6:00 AM,11,Shopify USWS,Shopify USWS,24 Mar 2026 6:00 AM,US Geneva,0,10
16 Mar 2026 10:30 AM,<font color=red>Dispatched</font>,Dispatched,UKWS-6484,,816.00,1577705,Do Not Import,OpenRent,Ella Dakin,17 Mar 2026 2:40 PM,80,Shopify UKWS,Shopify UKWS,17 Mar 2026 11:10 AM,UK ILG,0,10
15 Mar 2026 6:10 PM,<font color=red>Dispatched</font>,Dispatched,USWS-18574,,658.33,1579107,Do Not Import,On a Whim Gift Store,Cheryl Pepe,19 Mar 2026 6:00 AM,68,Shopify USWS,Shopify USWS,19 Mar 2026 6:00 AM,US Geneva,0,10
15 Mar 2026 1:04 AM,<font color=red>Dispatched</font>,Dispatched,USWS-18573,,543.60,1578697,Do Not Import,NautiGirl Beachwear,Anthony Shun,18 Mar 2026 6:00 AM,43,Shopify USWS,Shopify USWS,18 Mar 2026 6:00 AM,US Geneva,0,10
13 Mar 2026 8:31 PM,<font color=red>Dispatched</font>,Dispatched,USWS-18572,,836.52,1579297,Do Not Import,ShopEstilo,ShopEstilo Faire,19 Mar 2026 6:00 AM,74,Shopify USWS,Shopify USWS,19 Mar 2026 6:00 AM,US Geneva,0,10
13 Mar 2026 7:57 PM,<font color=red>Dispatched</font>,Dispatched,SHAR27876-6-SHM,,637.38,1575262,"<font color=#7e57c2>Paid:$851.00</font>",Safe Harbor," ",19 Mar 2026 6:00 AM,52,Shopify USWS,Backend,19 Mar 2026 6:00 AM,US Geneva,0,10
13 Mar 2026 7:55 PM,<font color=red>Dispatched</font>,Dispatched,SHAR27876-5-Sunroad,,802.15,1575260,"<font color=#7e57c2>Paid:$1071.00</font>",Safe Harbor," ",18 Mar 2026 6:00 AM,56,Shopify USWS,Backend,18 Mar 2026 6:00 AM,US Geneva,0,10
13 Mar 2026 7:51 PM,<font color=red>Dispatched</font>,Dispatched,SHAR27876-4B-NEB,,786.42,1575259,"<font color=#7e57c2>Paid:$1050.00</font>",Safe Harbor," ",19 Mar 2026 6:00 AM,56,Shopify USWS,Backend,19 Mar 2026 6:00 AM,US Geneva,0,10
13 Mar 2026 7:39 PM,<font color=red>Dispatched</font>,Dispatched,USWS-18571,,151.33,1578602,Do Not Import,AAA Hudson Valley,AAA Hudson Valley,18 Mar 2026 6:00 AM,20,Shopify USWS,Shopify USWS,18 Mar 2026 6:00 AM,US Geneva,0,10
13 Mar 2026 7:00 PM,<font color=red>Dispatched</font>,Dispatched,SHAR27876-7-Rybovich,,174.14,1575243,"<font color=#7e57c2>Paid:$232.50</font>",Safe Harbor," ",18 Mar 2026 6:00 AM,12,Shopify USWS,Backend,18 Mar 2026 6:00 AM,US Geneva,0,10
13 Mar 2026 5:35 PM,<font color=red>Dispatched</font>,Dispatched,USWS-18570,,1193.73,1591034,Do Not Import,Cottage Basket,Shelli Morrow,1 May 2026 2:20 PM,89,Shopify USWS,Shopify USWS,1 May 2026 7:00 AM,US Geneva,0,10
13 Mar 2026 4:22 PM,<font color=red>Dispatched</font>,Dispatched,USWS-18569,,89.88,1577832,Do Not Import,Mercy Forest Co.,Melissa Gaalswyk,17 Mar 2026 5:50 PM,6,Shopify USWS,Shopify USWS,17 Mar 2026 6:00 AM,US Geneva,0,10
13 Mar 2026 4:02 PM,<font color=red>Dispatched</font>,Dispatched,USWS-18568,,1373.33,1579298,Do Not Import,Lavish Boutique,Shannon Beaty,19 Mar 2026 6:00 AM,91,Shopify USWS,Shopify USWS,19 Mar 2026 6:00 AM,US Geneva,0,10
13 Mar 2026 2:25 PM,<font color=red>Dispatched</font>,Dispatched,USWS-18567,,1888.52,1576523,Do Not Import,,Alicia Matthai,16 Mar 2026 6:00 AM,125,Shopify USWS,Shopify USWS,16 Mar 2026 6:00 AM,US Geneva,0,10
13 Mar 2026 2:17 PM,<font color=red>Dispatched</font>,Dispatched,EUWS-3058,,627.79,1598144,Do Not Import,Family Bazart,siroux aurelia,9 Apr 2026 1:35 PM,71,Shopify EUWS,Shopify EUWS,10 Apr 2026 1:00 AM,EU iFulfillment,0,10
13 Mar 2026 2:04 PM,<font color=red>Dispatched</font>,Dispatched,EUWS-3057,,225.97,1580418,Do Not Import,Depairon Distribution,Charlotte Depairon,20 Mar 2026 2:34 PM,20,Shopify EUWS,Shopify EUWS,19 Mar 2026,EU iFulfillment,0,10
13 Mar 2026 1:29 PM,<font color=red>Dispatched</font>,Dispatched,NORDSTROM-50007485-209,NORDSTROM-50007485-209,192.00,1604492,"<font color=#7e57c2>Paid:£192.00</font>",NORDSTROM,"Nordstrom DC 699 ",17 Apr 2026 7:00 AM,8,Shopify USWS,Imported,17 Apr 2026 7:00 AM,US Geneva,0,10
13 Mar 2026 1:29 PM,<font color=red>Dispatched</font>,Dispatched,NORDSTROM-50007485-221,NORDSTROM-50007485-221,120.00,1604494,"<font color=#7e57c2>Paid:£120.00</font>",NORDSTROM,"Nordstrom DC 299 ",17 Apr 2026 7:00 AM,5,Shopify USWS,Imported,17 Apr 2026 7:00 AM,US Geneva,0,10
13 Mar 2026 1:29 PM,<font color=red>Dispatched</font>,Dispatched,NORDSTROM-50007485-321,NORDSTROM-50007485-321,120.00,1604496,"<font color=#7e57c2>Paid:£120.00</font>",NORDSTROM,"Nordstrom DC 399 ",17 Apr 2026 7:00 AM,5,Shopify USWS,Imported,17 Apr 2026 7:00 AM,US Geneva,0,10
13 Mar 2026 1:29 PM,<font color=red>Dispatched</font>,Dispatched,NORDSTROM-50007485-772,NORDSTROM-50007485-772,120.00,1604525,"<font color=#7e57c2>Paid:£120.00</font>",NORDSTROM,"Nordstrom DC 799 ",17 Apr 2026 7:00 AM,5,Shopify USWS,Imported,17 Apr 2026 7:00 AM,US Geneva,0,10
13 Mar 2026 1:29 PM,<font color=red>Dispatched</font>,Dispatched,NORDSTROM-50007485-349,NORDSTROM-50007485-349,120.00,1604499,"<font color=#7e57c2>Paid:£120.00</font>",NORDSTROM,"Nordstrom DC 399 ",17 Apr 2026 7:00 AM,5,Shopify USWS,Imported,17 Apr 2026 7:00 AM,US Geneva,0,10
13 Mar 2026 1:29 PM,<font color=red>Dispatched</font>,Dispatched,NORDSTROM-50007485-360,NORDSTROM-50007485-360,120.00,1604500,"<font color=#7e57c2>Paid:£120.00</font>",NORDSTROM,"Nordstrom DC 399 ",17 Apr 2026 7:00 AM,5,Shopify USWS,Imported,17 Apr 2026 7:00 AM,US Geneva,0,10
13 Mar 2026 1:29 PM,<font color=red>Dispatched</font>,Dispatched,NORDSTROM-50007485-733,NORDSTROM-50007485-733,120.00,1604521,"<font color=#7e57c2>Paid:£120.00</font>",NORDSTROM,"Nordstrom DC 799 ",17 Apr 2026 7:00 AM,5,Shopify USWS,Imported,17 Apr 2026 7:00 AM,US Geneva,0,10
13 Mar 2026 1:29 PM,<font color=red>Dispatched</font>,Dispatched,NORDSTROM-50007485-4,NORDSTROM-50007485-4,120.00,1604489,"<font color=#7e57c2>Paid:£120.00</font>",NORDSTROM,"Nordstrom DC 89 ",17 Apr 2026 7:00 AM,5,Shopify USWS,Imported,17 Apr 2026 7:00 AM,US Geneva,0,10
13 Mar 2026 1:29 PM,<font color=red>Dispatched</font>,Dispatched,NORDSTROM-50007485-220,NORDSTROM-50007485-220,144.00,1604493,"<font color=#7e57c2>Paid:£144.00</font>",NORDSTROM,"Nordstrom DC 299 ",17 Apr 2026 7:00 AM,6,Shopify USWS,Imported,17 Apr 2026 7:00 AM,US Geneva,0,10
13 Mar 2026 1:29 PM,<font color=red>Dispatched</font>,Dispatched,NORDSTROM-50007485-421,NORDSTROM-50007485-421,120.00,1604512,"<font color=#7e57c2>Paid:£120.00</font>",NORDSTROM,"Nordstrom DC 499 ",17 Apr 2026 7:00 AM,5,Shopify USWS,Imported,17 Apr 2026 7:00 AM,US Geneva,0,10
13 Mar 2026 1:29 PM,<font color=red>Dispatched</font>,Dispatched,NORDSTROM-50007485-425,NORDSTROM-50007485-425,120.00,1604513,"<font color=#7e57c2>Paid:£120.00</font>",NORDSTROM,"Nordstrom DC 499 ",17 Apr 2026 7:00 AM,5,Shopify USWS,Imported,17 Apr 2026 7:00 AM,US Geneva,0,10
13 Mar 2026 1:29 PM,<font color=red>Dispatched</font>,Dispatched,NORDSTROM-50007485-750,NORDSTROM-50007485-750,120.00,1604522,"<font color=#7e57c2>Paid:£120.00</font>",NORDSTROM,"Nordstrom DC 699 ",17 Apr 2026 7:00 AM,5,Shopify USWS,Imported,17 Apr 2026 7:00 AM,US Geneva,0,10
13 Mar 2026 1:29 PM,<font color=red>Dispatched</font>,Dispatched,NORDSTROM-50007487-568,NORDSTROM-50007487-568,551.00,1606787,"<font color=#7e57c2>Paid:£551.00</font>",NORDSTROM,"Elizabethtown FC DC 569 ",20 Apr 2026 7:00 AM,24,Shopify USWS,Imported,20 Apr 2026 7:00 AM,US Geneva,0,10
13 Mar 2026 1:29 PM,<font color=red>Dispatched</font>,Dispatched,NORDSTROM-50007485-5,NORDSTROM-50007485-5,120.00,1604491,"<font color=#7e57c2>Paid:£120.00</font>",NORDSTROM,"Nordstrom DC 89 ",17 Apr 2026 7:00 AM,5,Shopify USWS,Imported,17 Apr 2026 7:00 AM,US Geneva,0,10
13 Mar 2026 1:29 PM,<font color=red>Dispatched</font>,Dispatched,NORDSTROM-50007485-384,NORDSTROM-50007485-384,120.00,1604511,"<font color=#7e57c2>Paid:£120.00</font>",NORDSTROM,"Nordstrom DC 399 ",17 Apr 2026 7:00 AM,5,Shopify USWS,Imported,17 Apr 2026 7:00 AM,US Geneva,0,10
13 Mar 2026 1:29 PM,<font color=red>Dispatched</font>,Dispatched,NORDSTROM-50007485-730,NORDSTROM-50007485-730,120.00,1604520,"<font color=#7e57c2>Paid:£120.00</font>",NORDSTROM,"Nordstrom DC 799 ",17 Apr 2026 7:00 AM,5,Shopify USWS,Imported,17 Apr 2026 7:00 AM,US Geneva,0,10
13 Mar 2026 1:29 PM,<font color=red>Dispatched</font>,Dispatched,NORDSTROM-50007485-531,NORDSTROM-50007485-531,120.00,1604515,"<font color=#7e57c2>Paid:£120.00</font>",NORDSTROM,"Nordstrom DC 699 ",17 Apr 2026 7:00 AM,5,Shopify USWS,Imported,17 Apr 2026 7:00 AM,US Geneva,0,10
13 Mar 2026 1:29 PM,<font color=red>Dispatched</font>,Dispatched,NORDSTROM-50007485-629,NORDSTROM-50007485-629,120.00,1604518,"<font color=#7e57c2>Paid:£120.00</font>",NORDSTROM,"Nordstrom DC 699 ",17 Apr 2026 7:00 AM,5,Shopify USWS,Imported,17 Apr 2026 7:00 AM,US Geneva,0,10
13 Mar 2026 1:29 PM,<font color=red>Dispatched</font>,Dispatched,NORDSTROM-50007485-282,NORDSTROM-50007485-282,120.00,1604495,"<font color=#7e57c2>Paid:£120.00</font>",NORDSTROM,"Nordstrom DC 299 ",17 Apr 2026 7:00 AM,5,Shopify USWS,Imported,17 Apr 2026 7:00 AM,US Geneva,0,10
13 Mar 2026 1:29 PM,<font color=red>Dispatched</font>,Dispatched,NORDSTROM-50007485-759,NORDSTROM-50007485-759,120.00,1604523,"<font color=#7e57c2>Paid:£120.00</font>",NORDSTROM,"Nordstrom DC 799 ",17 Apr 2026 7:00 AM,5,Shopify USWS,Imported,17 Apr 2026 7:00 AM,US Geneva,0,10
13 Mar 2026 1:29 PM,<font color=red>Dispatched</font>,Dispatched,NORDSTROM-50007485-520,NORDSTROM-50007485-520,120.00,1604514,"<font color=#7e57c2>Paid:£120.00</font>",NORDSTROM,"Nordstrom DC 699 ",17 Apr 2026 7:00 AM,5,Shopify USWS,Imported,17 Apr 2026 7:00 AM,US Geneva,0,10
13 Mar 2026 1:29 PM,<font color=red>Dispatched</font>,Dispatched,NORDSTROM-50007485-723,NORDSTROM-50007485-723,120.00,1604519,"<font color=#7e57c2>Paid:£120.00</font>",NORDSTROM,"Nordstrom DC 299 ",17 Apr 2026 7:00 AM,5,Shopify USWS,Imported,17 Apr 2026 7:00 AM,US Geneva,0,10
13 Mar 2026 1:29 PM,<font color=red>Dispatched</font>,Dispatched,NORDSTROM-50007487-584,NORDSTROM-50007487-584,757.00,1606729,"<font color=#7e57c2>Paid:£757.00</font>",NORDSTROM,"Nordstrom WCOC DC ",20 Apr 2026 7:00 AM,33,Shopify USWS,Imported,20 Apr 2026 7:00 AM,US Geneva,0,10
13 Mar 2026 1:29 PM,<font color=red>Dispatched</font>,Dispatched,NORDSTROM-50007485-774,NORDSTROM-50007485-774,144.00,1604526,"<font color=#7e57c2>Paid:£144.00</font>",NORDSTROM,"Nordstrom DC 799 ",17 Apr 2026 7:00 AM,6,Shopify USWS,Imported,17 Apr 2026 7:00 AM,US Geneva,0,10
13 Mar 2026 1:29 PM,<font color=red>Dispatched</font>,Dispatched,NORDSTROM-50007485-340,NORDSTROM-50007485-340,120.00,1604497,"<font color=#7e57c2>Paid:£120.00</font>",NORDSTROM,"Nordstrom DC 399 ",17 Apr 2026 7:00 AM,5,Shopify USWS,Imported,17 Apr 2026 7:00 AM,US Geneva,0,10
13 Mar 2026 1:29 PM,<font color=red>Dispatched</font>,Dispatched,NORDSTROM-50007485-760,NORDSTROM-50007485-760,120.00,1604524,"<font color=#7e57c2>Paid:£120.00</font>",NORDSTROM,"Nordstrom DC 799 ",17 Apr 2026 7:00 AM,5,Shopify USWS,Imported,17 Apr 2026 7:00 AM,US Geneva,0,10
13 Mar 2026 1:29 PM,<font color=red>Dispatched</font>,Dispatched,NORDSTROM-50007485-600,NORDSTROM-50007485-600,120.00,1604516,"<font color=#7e57c2>Paid:£120.00</font>",NORDSTROM,"Nordstrom DC 699 ",17 Apr 2026 7:00 AM,5,Shopify USWS,Imported,17 Apr 2026 7:00 AM,US Geneva,0,10
13 Mar 2026 1:29 PM,<font color=red>Dispatched</font>,Dispatched,NORDSTROM-50007485-25,NORDSTROM-50007485-25,120.00,1604490,"<font color=#7e57c2>Paid:£120.00</font>",NORDSTROM,"Nordstrom DC 89 ",17 Apr 2026 7:00 AM,5,Shopify USWS,Imported,17 Apr 2026 7:00 AM,US Geneva,0,10
13 Mar 2026 1:29 PM,<font color=red>Dispatched</font>,Dispatched,NORDSTROM-50007485-380,NORDSTROM-50007485-380,120.00,1604501,"<font color=#7e57c2>Paid:£120.00</font>",NORDSTROM,"Nordstrom DC 399 ",17 Apr 2026 7:00 AM,5,Shopify USWS,Imported,17 Apr 2026 7:00 AM,US Geneva,0,10
13 Mar 2026 1:29 PM,<font color=red>Dispatched</font>,Dispatched,NORDSTROM-50007487-599,NORDSTROM-50007487-599,219.79,1606788,"<font color=#7e57c2>Paid:$297.00</font>",NORDSTROM,"Nrdstm Dir Cedar Rapids FC 599 ",20 Apr 2026 7:00 AM,13,Shopify USWS,Imported,20 Apr 2026 7:00 AM,US Geneva,0,10
13 Mar 2026 8:50 AM,<font color=red>Dispatched</font>,Dispatched,EUWS-3056,,624.66,1580419,Do Not Import,Kuloer  Inh. Ann-Kathrin Durach,Ann-Kathrin Durach,20 Mar 2026 2:34 PM,43,Shopify EUWS,Shopify EUWS,16 Mar 2026 9:11 AM,EU iFulfillment,0,10
13 Mar 2026 7:54 AM,<font color=red>Dispatched</font>,Dispatched,EUWS-3055,,888.07,1579919,Do Not Import,,Stephane Masson,19 Mar 2026 12:35 PM,68,Shopify EUWS,Shopify EUWS,16 Mar 2026 9:11 AM,EU iFulfillment,0,10
12 Mar 2026 9:35 PM,<font color=red>Dispatched</font>,Dispatched,USWS-18566,,372.45,1575602,Do Not Import,CHINOLA - DP-004751,Nicole Imbert De Schad,14 Mar 2026 6:00 AM,24,Shopify USWS,Shopify USWS,14 Mar 2026 6:00 AM,US Geneva,0,10
12 Mar 2026 8:29 PM,<font color=red>Dispatched</font>,Dispatched,USWS-18565,,2157.05,1575195,Do Not Import,,Heather Hopper,13 Mar 2026 6:00 AM,144,Shopify USWS,Shopify USWS,13 Mar 2026 6:00 AM,US Geneva,0,10
12 Mar 2026 8:24 PM,<font color=red>Dispatched</font>,Dispatched,USWS-18564,,4119.36,1575196,Do Not Import,,Alicia Matthai,13 Mar 2026 6:00 AM,275,Shopify USWS,Shopify USWS,13 Mar 2026 6:00 AM,US Geneva,0,10
12 Mar 2026 8:20 PM,<font color=red>Dispatched</font>,Dispatched,USWS-17826A,,394.31,1579403,Do Not Import,FLOWERS PLUS,FLOWERS PLUS,19 Mar 2026 6:00 AM,24,Shopify USWS,Shopify USWS,19 Mar 2026 6:00 AM,US Geneva,0,10
12 Mar 2026 7:52 PM,<font color=red>Dispatched</font>,Dispatched,USWS-18562,,1022.35,1577813,Do Not Import,Hazelkin & Co,Jenna Odegard,17 Mar 2026 6:00 AM,72,Shopify USWS,Shopify USWS,17 Mar 2026 6:00 AM,US Geneva,0,10
12 Mar 2026 7:51 PM,<font color=red>Dispatched</font>,Dispatched,USWS-18563,,349.07,1578558,Do Not Import,Tradition Market,Tradition Market,18 Mar 2026 6:00 AM,20,Shopify USWS,Shopify USWS,18 Mar 2026 6:00 AM,US Geneva,0,10
12 Mar 2026 7:20 PM,<font color=red>Dispatched</font>,Dispatched,USWS-18299A,,222.83,1582122,Do Not Import,WHIMISICALITY,CHRISTINE BOUSHELL,23 Mar 2026 6:00 AM,24,Shopify USWS,Shopify USWS,23 Mar 2026 6:00 AM,US Geneva,0,10
12 Mar 2026 6:11 PM,<font color=red>Dispatched</font>,Dispatched,FENW28480-6,PO000450664,1367.86,1584893,"<font color=#7e57c2>Paid:£1367.86</font>",Fenwick," ",26 Mar 2026 4:10 PM,96,Shopify UKWS,Backend,27 Mar 2026 11:35 AM,UK ILG,0,10
12 Mar 2026 6:08 PM,<font color=red>Dispatched</font>,Dispatched,FENW28480-5,PO000450665,1367.86,1584892,"<font color=#7e57c2>Paid:£1367.86</font>",Fenwick," ",26 Mar 2026 4:10 PM,96,Shopify UKWS,Backend,27 Mar 2026 11:35 AM,UK ILG,0,10
12 Mar 2026 5:59 PM,<font color=red>Dispatched</font>,Dispatched,FENW28480-4,PO000450666,1367.86,1584890,"<font color=#7e57c2>Paid:£1367.86</font>",Fenwick," ",26 Mar 2026 4:10 PM,96,Shopify UKWS,Backend,27 Mar 2026 11:35 AM,UK ILG,0,10
12 Mar 2026 5:55 PM,<font color=red>Dispatched</font>,Dispatched,FENW28480-3,PO000450667,1367.86,1584888,"<font color=#7e57c2>Paid:£1367.86</font>",Fenwick," ",26 Mar 2026 4:10 PM,96,Shopify UKWS,Backend,27 Mar 2026 11:35 AM,UK ILG,0,10
12 Mar 2026 5:49 PM,<font color=red>Dispatched</font>,Dispatched,FENW28480-2,PO000450668,1367.86,1584887,"<font color=#7e57c2>Paid:£1367.86</font>",Fenwick," ",26 Mar 2026 4:10 PM,96,Shopify UKWS,Backend,27 Mar 2026 11:35 AM,UK ILG,0,10
12 Mar 2026 5:35 PM,<font color=red>Dispatched</font>,Dispatched,USWS-18561,,430.33,1575594,Do Not Import,WOO SKINCARE & COSMETICS,Woo Skincare & Cosmetics,14 Mar 2026 6:00 AM,30,Shopify USWS,Shopify USWS,14 Mar 2026 6:00 AM,US Geneva,0,10
12 Mar 2026 4:32 PM,<font color=red>Dispatched</font>,Dispatched,FENW28480-1,PO000450669,1367.86,1584885,"<font color=#7e57c2>Paid:£1367.86</font>",Fenwick," ",26 Mar 2026 4:10 PM,96,Shopify UKWS,Backend,27 Mar 2026 11:35 AM,UK ILG,0,10
12 Mar 2026 3:32 PM,<font color=red>Dispatched</font>,Dispatched,USWS-18559,,732.88,1577827,Do Not Import,Well Gifted,Heather Pittman,17 Mar 2026 6:00 AM,68,Shopify USWS,Shopify USWS,17 Mar 2026 6:00 AM,US Geneva,0,10
12 Mar 2026 3:14 PM,<font color=red>Dispatched</font>,Dispatched,NEXT23106-10,,33857.56,1643543,Imported,NEXT,NEXT NEXT Ltd.,22 May 2026 11:10 AM,2399,Shopify UKWS,Backend,22 May 2026 10:28 AM,UK ILG,0,10
12 Mar 2026 3:05 PM,<font color=red>Dispatched</font>,Dispatched,UKWS-6483,,784.42,1576519,Do Not Import,About Face,Helen Van Hoeve,16 Mar 2026 11:20 AM,88,Shopify UKWS,Shopify UKWS,13 Mar 2026,UK ILG,0,10
12 Mar 2026 2:03 PM,<font color=red>Dispatched</font>,Dispatched,UKWS-6482,,1865.00,1577646,Do Not Import,Pearsons of Enfield,Chloe Powdrell,17 Mar 2026 1:40 PM,130,Shopify UKWS,Shopify UKWS,13 Mar 2026 2:26 PM,UK ILG,0,10
12 Mar 2026 1:59 PM,<font color=red>Dispatched</font>,Dispatched,UKWS-6481,,1865.00,1577794,Do Not Import,Pearsons of Enfield,Chloe Powdrell,17 Mar 2026 4:40 PM,130,Shopify UKWS,Shopify UKWS,13 Mar 2026 2:26 PM,UK ILG,0,10
12 Mar 2026 1:56 PM,<font color=red>Dispatched</font>,Dispatched,UKWS-6480,,1047.18,1576794,Do Not Import,Pearsons of Enfield,Chloe Powdrell,16 Mar 2026 3:40 PM,68,Shopify UKWS,Shopify UKWS,13 Mar 2026 2:11 PM,UK ILG,0,10
12 Mar 2026 1:50 PM,<font color=red>Dispatched</font>,Dispatched,UKWS-6479,,1865.00,1578355,Do Not Import,Pearsons of Enfield,Chloe Powdrell,18 Mar 2026 10:50 AM,130,Shopify UKWS,Shopify UKWS,13 Mar 2026 2:11 PM,UK ILG,0,10
12 Mar 2026 1:17 PM,<font color=red>Dispatched</font>,Dispatched,UKWS-6478,,2457.31,1583853,Do Not Import,Jubilee Pool Penzance LTD,Harriet Thomas,25 Mar 2026 3:40 PM,101,Shopify UKWS,Shopify UKWS,10 Mar 2026,UK ILG,0,10
12 Mar 2026 12:14 PM,<font color=red>Dispatched</font>,Dispatched,UKWS-6477,,960.43,1582792,Do Not Import,,Oliver Monk,24 Mar 2026 12:10 PM,34,Shopify UKWS,Shopify UKWS,27 Mar 2026 1:10 PM,UK ILG,0,10
12 Mar 2026 7:34 AM,<font color=red>Dispatched</font>,Dispatched,EUWS-3054,,1537.09,1579187,Do Not Import,Manufaktur vonlele,Leveke Lambersy,19 Mar 2026 9:36 AM,102,Shopify EUWS,Shopify EUWS,13 Mar 2026 9:10 AM,EU iFulfillment,0,10
12 Mar 2026 2:36 AM,<font color=red>Dispatched</font>,Dispatched,USWS-18558,,910.00,1574993,Do Not Import,,Kate Kazmer,13 Mar 2026 6:00 AM,66,Shopify USWS,Shopify USWS,13 Mar 2026 6:00 AM,US Geneva,0,10
12 Mar 2026 12:13 AM,<font color=red>Dispatched</font>,Dispatched,USWS-18557,,1060.92,1574970,Do Not Import,Salemi's Ace Hardware,Barbara Salemi,13 Mar 2026 6:00 AM,78,Shopify USWS,Shopify USWS,13 Mar 2026 6:00 AM,US Geneva,0,10
11 Mar 2026 11:35 PM,<font color=red>Dispatched</font>,Dispatched,USWS-18556,,379.12,1574432,Do Not Import,Market 52,Trisha Holthaus,12 Mar 2026 6:00 AM,30,Shopify USWS,Shopify USWS,12 Mar 2026 6:00 AM,US Geneva,0,10
11 Mar 2026 9:35 PM,<font color=red>Dispatched</font>,Dispatched,USWS-18555,,729.25,1582144,Do Not Import,JAYBOYS,Kathy Lis,23 Mar 2026 6:00 AM,42,Shopify USWS,Shopify USWS,23 Mar 2026 6:00 AM,US Geneva,0,10
11 Mar 2026 9:23 PM,<font color=red>Dispatched</font>,Dispatched,NWS11520-429,50005869,1724.89,1593082,"<font color=#7e57c2>Paid:$2369.25</font>",Nordstrom WS,Nordstrom Direct EDI,3 Apr 2026 7:00 AM,117,Shopify USWS,Backend,3 Apr 2026 7:00 AM,US Geneva,0,10
11 Mar 2026 9:14 PM,<font color=red>Dispatched</font>,Dispatched,NWS11520-428,50005869,2462.47,1593081,"<font color=#7e57c2>Paid:$3381.75</font>",Nordstrom WS,Nordstrom Direct EDI,3 Apr 2026 7:00 AM,167,Shopify USWS,Backend,3 Apr 2026 7:00 AM,US Geneva,0,10
11 Mar 2026 9:02 PM,<font color=red>Dispatched</font>,Dispatched,NWS11520-427,50005869,824.73,1596269,"<font color=#7e57c2>Paid:$1134.00</font>",Nordstrom WS,Nordstrom Direct EDI,7 Apr 2026 7:00 AM,56,Shopify USWS,Backend,7 Apr 2026 7:00 AM,US Geneva,0,10
11 Mar 2026 4:40 PM,<font color=red>Dispatched</font>,Dispatched,USWS-18554,,605.94,1575161,Do Not Import,Hatties,Jamie Granito,13 Mar 2026 6:00 AM,36,Shopify USWS,Shopify USWS,13 Mar 2026 6:00 AM,US Geneva,0,10
11 Mar 2026 4:05 PM,<font color=red>Dispatched</font>,Dispatched,USWS-18553,,449.42,1575142,Do Not Import,The Candle & Gift Shoppe,Linda Goodnight,13 Mar 2026 6:00 AM,34,Shopify USWS,Shopify USWS,13 Mar 2026 6:00 AM,US Geneva,0,10
11 Mar 2026 3:35 PM,<font color=red>Dispatched</font>,Dispatched,USWS-18552,,537.83,1649418,Do Not Import,GRACIES VILLAGE SHOPS,Gracie Evans,26 May 2026 7:00 AM,30,Shopify USWS,Shopify USWS,26 May 2026 7:00 AM,US Geneva,0,10
11 Mar 2026 11:54 AM,<font color=red>Dispatched</font>,Dispatched,EUWS-3053,,661.60,1585768,Do Not Import,decoo lifestyle Angelika Hieke e.U.,Angelika Hieke,26 Mar 2026 4:35 PM,54,Shopify EUWS,Shopify EUWS,27 Mar 2026 12:10 PM,EU iFulfillment,0,10
10 Mar 2026 11:35 PM,<font color=red>Dispatched</font>,Dispatched,USWS-18551,,642.49,1582933,Do Not Import,Marion's,Amy Youngs,24 Mar 2026 6:00 AM,48,Shopify USWS,Shopify USWS,24 Mar 2026 6:00 AM,US Geneva,0,10
10 Mar 2026 11:23 PM,<font color=red>Dispatched</font>,Dispatched,UKWS-6476,,498.75,1573719,Do Not Import,Porthcothan Bay Stores,Emma Barnett,11 Mar 2026 2:40 PM,38,Shopify UKWS,Shopify UKWS,11 Mar 2026 11:55 PM,UK ILG,0,10
10 Mar 2026 7:35 PM,<font color=red>Dispatched</font>,Dispatched,USWS-18548,,2355.87,1579584,Do Not Import,ELIZA B'S,Amber Shealy,20 Mar 2026 1:34 AM,174,Shopify USWS,Shopify USWS,20 Mar 2026,US Geneva,0,2
10 Mar 2026 7:00 PM,<font color=red>Dispatched</font>,Dispatched,USWS-18544,,213.94,1573837,Do Not Import,S. Feldman Housewares,S. FELDMAN Goldsmith,11 Mar 2026 6:00 AM,20,Shopify USWS,Shopify USWS,11 Mar 2026 6:00 AM,US Geneva,0,10
10 Mar 2026 5:18 PM,<font color=red>Dispatched</font>,Dispatched,USWS-18542,,307.78,1573836,Do Not Import,,Silvia Larrieu,11 Mar 2026 6:00 AM,18,Shopify USWS,Shopify USWS,11 Mar 2026 6:00 AM,US Geneva,0,10
10 Mar 2026 5:13 PM,<font color=red>Dispatched</font>,Dispatched,USWS-18543,,177.00,1573871,Do Not Import,Chestnut Street Flowers,Allison Cassato,11 Mar 2026 6:00 AM,10,Shopify USWS,Shopify USWS,11 Mar 2026 6:00 AM,US Geneva,0,10
10 Mar 2026 4:40 PM,<font color=red>Dispatched</font>,Dispatched,USWS-18541,,1514.40,1573808,Do Not Import,Seacrest Sundries,Steven Fann,11 Mar 2026 6:00 AM,113,Shopify USWS,Shopify USWS,11 Mar 2026 6:00 AM,US Geneva,0,10
10 Mar 2026 4:06 PM,<font color=red>Dispatched</font>,Dispatched,UKWS-6471,,479.66,1573708,Do Not Import,Incy Wincy Swimstore,Daksha Mistry,11 Mar 2026 2:20 PM,36,Shopify UKWS,Shopify UKWS,11 Mar 2026 4:40 PM,UK ILG,0,10
9 Mar 2026 11:35 PM,<font color=red>Dispatched</font>,Dispatched,USWS-18550,,897.24,1598278,Do Not Import,On Centre,On Centre,9 Apr 2026 7:00 AM,62,Shopify USWS,Shopify USWS,9 Apr 2026 7:00 AM,US Geneva,0,10
9 Mar 2026 8:28 PM,<font color=red>Dispatched</font>,Dispatched,USWS-18540,,0.00,1575538,Do Not Import,South Moon Under,MaryClaire Hanzsche,14 Mar 2026 6:00 AM,4,Shopify USWS,Shopify USWS,14 Mar 2026 6:00 AM,US Geneva,0,10
9 Mar 2026 4:57 PM,<font color=red>Dispatched</font>,Dispatched,OHAR27875-1-Pier121,,681.01,1576945,"<font color=#7e57c2>Paid:$902.00</font>",Safe Harbor - Aqualand," ",19 Mar 2026 6:00 AM,40,Shopify USWS,Backend,19 Mar 2026 6:00 AM,US Geneva,0,10
9 Mar 2026 3:44 PM,<font color=red>Dispatched</font>,Dispatched,UKWS-6470,,4582.40,1574892,Do Not Import,A de Gruchy & Co Ltd.,A De Gruchy,13 Mar 2026 10:20 AM,366,Shopify UKWS,Shopify UKWS,10 Mar 2026 4:40 PM,UK ILG,0,10
9 Mar 2026 12:30 AM,<font color=red>Dispatched</font>,Dispatched,USWS-18539,,187.90,1571956,Do Not Import,"Oh Hey, Gift Day!",Carrie Obrien,9 Mar 2026 6:00 AM,20,Shopify USWS,Shopify USWS,9 Mar 2026 6:00 AM,US Geneva,0,10
8 Mar 2026 11:25 PM,<font color=red>Dispatched</font>,Dispatched,USWS-18538,,402.17,1571821,Do Not Import,Ace Hardware Long Point Inc.,Brian Brown,9 Mar 2026 6:00 AM,38,Shopify USWS,Shopify USWS,9 Mar 2026 6:00 AM,US Geneva,0,10
8 Mar 2026 5:43 AM,<font color=red>Dispatched</font>,Dispatched,USWS-18537,,534.79,1582739,Do Not Import,Pineapples,Pat Shadden,24 Mar 2026 6:00 AM,22,Shopify USWS,Shopify USWS,24 Mar 2026 6:00 AM,US Geneva,0,10
7 Mar 2026 9:55 PM,<font color=red>Dispatched</font>,Dispatched,UKWS-6469,,1818.08,1574417,Do Not Import,Twenty Three Living Ltd,Louise Haisman,12 Mar 2026 2:50 PM,139,Shopify UKWS,Shopify UKWS,12 Mar 2026,UK ILG,0,10
7 Mar 2026 5:45 PM,<font color=red>Dispatched</font>,Dispatched,USWS-18536,,171.62,1571988,Do Not Import,papellerie,Amy Boyter,9 Mar 2026 6:00 AM,20,Shopify USWS,Shopify USWS,9 Mar 2026 6:00 AM,US Geneva,0,10
7 Mar 2026 12:56 PM,<font color=red>Dispatched</font>,Dispatched,UKWS-6468,,1381.74,1583639,Do Not Import,Two Red Dogs,Alan TBD,25 Mar 2026 1:10 PM,95,Shopify UKWS,Shopify UKWS,27 Mar 2026,UK ILG,0,10
7 Mar 2026 12:05 PM,<font color=red>Dispatched</font>,Dispatched,UKWS-6467,,341.70,1571278,Do Not Import,Herby Jacks,keri treeby,9 Mar 2026 11:21 AM,44,Shopify UKWS,Shopify UKWS,9 Mar 2026 12:25 PM,UK ILG,0,10
6 Mar 2026 7:32 PM,<font color=red>Dispatched</font>,Dispatched,USWS-18535,,414.75,1571897,Do Not Import,The Country Store on Main,Cristina Mink,9 Mar 2026 6:00 AM,32,Shopify USWS,Shopify USWS,9 Mar 2026 6:00 AM,US Geneva,0,10
6 Mar 2026 6:20 PM,<font color=red>Dispatched</font>,Dispatched,USWS-18534,,490.23,1571999,Do Not Import,Pickwick Pharmacy,David Carroll,9 Mar 2026 6:00 AM,24,Shopify USWS,Shopify USWS,9 Mar 2026 6:00 AM,US Geneva,0,10
6 Mar 2026 6:00 PM,<font color=red>Dispatched</font>,Dispatched,USWS-18533,,413.54,1571993,Do Not Import,Belle & Blush (Heights),Ashton Morris,9 Mar 2026 6:00 AM,24,Shopify USWS,Shopify USWS,9 Mar 2026 6:00 AM,US Geneva,0,10
6 Mar 2026 5:35 PM,<font color=red>Dispatched</font>,Dispatched,USWS-18532,,988.17,1579285,Do Not Import,VIRGINIA FLORIST,Kendall Rife,19 Mar 2026 6:00 AM,40,Shopify USWS,Shopify USWS,19 Mar 2026 6:00 AM,US Geneva,0,10
6 Mar 2026 5:35 PM,<font color=red>Dispatched</font>,Dispatched,USWS-18531,,378.31,1598908,Do Not Import,Salamander Resort and Spa  ATTN: MABEL WALSH,Mabel Walsh,10 Apr 2026 7:00 AM,24,Shopify USWS,Shopify USWS,10 Apr 2026 7:00 AM,US Geneva,0,10
6 Mar 2026 5:18 PM,<font color=red>Dispatched</font>,Dispatched,USWS-18530,,746.29,1572228,Do Not Import,,Valeria Halley,10 Mar 2026 6:00 AM,44,Shopify USWS,Shopify USWS,10 Mar 2026 6:00 AM,US Geneva,0,10
6 Mar 2026 2:48 PM,<font color=red>Dispatched</font>,Dispatched,USWS-18529,,454.31,1570205,Do Not Import,Marigold & Grey,Jamie Kutchman,6 Mar 2026 6:00 AM,44,Shopify USWS,Shopify USWS,6 Mar 2026 6:00 AM,US Geneva,0,10
6 Mar 2026 11:54 AM,<font color=red>Dispatched</font>,Dispatched,EUWS-3051,,5467.49,1595759,Do Not Import,Kastner & Öhler Mode GmbH,Susanne Koller,1 Apr 2026 1:42 PM,418,Shopify EUWS,Shopify EUWS,10 Apr 2026 1:00 AM,EU iFulfillment,0,10
6 Mar 2026 11:48 AM,<font color=red>Dispatched</font>,Dispatched,USWS-18049A,,948.77,1656924,Do Not Import,South Bass Properties,Jennifer Booker,30 May 2026 7:00 AM,64,Shopify USWS,Backend,30 May 2026 7:00 AM,US Geneva,0,10
6 Mar 2026 11:07 AM,<font color=red>Dispatched</font>,Dispatched,UKWS-6466,,3960.00,1573029,Do Not Import,,Emma Petfield,10 Mar 2026 2:50 PM,400,Shopify UKWS,Shopify UKWS,9 Mar 2026 11:25 AM,UK ILG,0,10
6 Mar 2026 2:53 AM,<font color=red>Dispatched</font>,Dispatched,USWS-18528,,278.06,1570095,Do Not Import,Cheers in a Box,Cheers in a Box Team,6 Mar 2026 6:00 AM,26,Shopify USWS,Shopify USWS,6 Mar 2026 6:00 AM,US Geneva,0,10
5 Mar 2026 7:35 PM,<font color=red>Dispatched</font>,Dispatched,USWS-18527,,838.47,1604459,Do Not Import,MONTGOMERY GARDENS,Kacey Clanahan,17 Apr 2026 7:10 PM,54,Shopify USWS,Shopify USWS,17 Apr 2026 7:00 AM,US Geneva,0,10
5 Mar 2026 7:30 PM,<font color=red>Dispatched</font>,Dispatched,USWS-18526,,444.66,1571894,Do Not Import,Wichita Co Pharmacy,Haley Strube,9 Mar 2026 6:00 AM,32,Shopify USWS,Shopify USWS,9 Mar 2026 6:00 AM,US Geneva,0,10
5 Mar 2026 1:35 PM,<font color=red>Dispatched</font>,Dispatched,USWS-18525,,2190.58,1603695,Do Not Import,NAGS HEAD HAMMOCKS,Ryan Williams,16 Apr 2026 7:00 AM,140,Shopify USWS,Shopify USWS,16 Apr 2026 7:00 AM,US Geneva,0,10
5 Mar 2026 9:48 AM,<font color=red>Dispatched</font>,Dispatched,EUWS-3050,,646.65,1578513,Do Not Import,"Wunderschön ",Maria Schlegel Isolde Keller,18 Mar 2026 9:35 AM,45,Shopify EUWS,Shopify EUWS,6 Mar 2026 10:55 AM,EU iFulfillment,0,10
5 Mar 2026 6:08 AM,<font color=red>Dispatched</font>,Dispatched,USWS-18524,,261.07,1569387,Do Not Import,Vashon Pharmacy,Amy Young,5 Mar 2026 6:00 AM,26,Shopify USWS,Shopify USWS,5 Mar 2026 6:00 AM,US Geneva,0,10
4 Mar 2026 10:28 PM,<font color=red>Dispatched</font>,Dispatched,UKWS-6465,,1386.73,1570029,Do Not Import,Ruby Tuesday,Fiona Nelson-van Loon,6 Mar 2026 1:40 PM,104,Shopify UKWS,Shopify UKWS,5 Mar 2026 11:25 PM,UK ILG,0,10
4 Mar 2026 10:22 PM,<font color=red>Dispatched</font>,Dispatched,USWS-18523,,1032.27,1569382,Do Not Import,Sweet Pea Boutique and Blessings,Jennifer Dial,5 Mar 2026 6:00 AM,66,Shopify USWS,Shopify USWS,5 Mar 2026 6:00 AM,US Geneva,0,10
4 Mar 2026 5:24 PM,<font color=red>Dispatched</font>,Dispatched,USWS-18522,,1309.04,1569363,Do Not Import,Bowen House Embroidery,Denice Bowen,5 Mar 2026 6:00 AM,100,Shopify USWS,Shopify USWS,5 Mar 2026 6:00 AM,US Geneva,0,10
4 Mar 2026 10:47 AM,<font color=red>Dispatched</font>,Dispatched,UKWS-6464,,267.94,1569739,Do Not Import,Swimazing Ltd,vicky thomas,6 Mar 2026 9:10 AM,20,Shopify UKWS,Shopify UKWS,5 Mar 2026 11:25 AM,UK ILG,0,10
4 Mar 2026 10:15 AM,<font color=red>Dispatched</font>,Dispatched,EUWS-3049,,0.00,1570016,Do Not Import,Pretty Things /concept M,Michele Provost,5 Mar 2026 2:35 PM,24,Shopify EUWS,Shopify EUWS,5 Mar 2026 10:40 AM,EU iFulfillment,0,10
4 Mar 2026 9:36 AM,<font color=red>Dispatched</font>,Dispatched,EUWS-3048,,536.12,1570017,Do Not Import,Sheep Factory,William Nguyen,6 Mar 2026 9:35 AM,50,Shopify EUWS,Shopify EUWS,5 Mar 2026 10:10 AM,EU iFulfillment,0,10
4 Mar 2026 12:26 AM,<font color=red>Dispatched</font>,Dispatched,USWS-18521,,2017.75,1569277,Do Not Import,Lovely Paperie & Gifts,Kate Horne,5 Mar 2026 6:00 AM,150,Shopify USWS,Shopify USWS,5 Mar 2026 6:00 AM,US Geneva,0,10
3 Mar 2026 11:35 PM,<font color=red>Dispatched</font>,Dispatched,USWS-18520,,616.56,1569283,Do Not Import,"Hello, Retail Therapy",Serena THERAPY,5 Mar 2026 6:00 AM,42,Shopify USWS,Shopify USWS,5 Mar 2026 6:00 AM,US Geneva,0,10
3 Mar 2026 11:35 PM,<font color=red>Dispatched</font>,Dispatched,USWS-18519,,2056.86,1579256,Do Not Import,UNDER THE CAROLINA MOON,Melony Harlan,19 Mar 2026 6:00 AM,168,Shopify USWS,Shopify USWS,19 Mar 2026 6:00 AM,US Geneva,0,10
3 Mar 2026 10:41 PM,<font color=red>Dispatched</font>,Dispatched,USWS-18518,,557.93,1571955,Do Not Import,Macon Monogramming,Anderson Gaylord,9 Mar 2026 6:00 AM,22,Shopify USWS,Shopify USWS,9 Mar 2026 6:00 AM,US Geneva,0,10
3 Mar 2026 9:35 PM,<font color=red>Dispatched</font>,Dispatched,USWS-18517,,816.76,1582776,Do Not Import,LITTLE RED BIRD GIFTS,Holly Hachman,24 Mar 2026 6:00 AM,54,Shopify USWS,Shopify USWS,24 Mar 2026 6:00 AM,US Geneva,0,10
3 Mar 2026 8:03 PM,<font color=red>Dispatched</font>,Dispatched,DILLARDS-3184751106-DIS,3184751106,363.39,1575329,Do Not Import,DILLARDS,"Dillards Phoenix DC ",13 Mar 2026 6:00 AM,1,Shopify USWS,Backend,13 Mar 2026 6:00 AM,US Geneva,0,10
3 Mar 2026 7:59 PM,<font color=red>Dispatched</font>,Dispatched,DILLARDS-3184751105-DIS,3184751105,773.24,1575331,Do Not Import,DILLARDS,"Dillards Ft Worth DC ",13 Mar 2026 6:00 AM,2,Shopify USWS,Backend,13 Mar 2026 6:00 AM,US Geneva,0,10
3 Mar 2026 7:58 PM,<font color=red>Dispatched</font>,Dispatched,DILLARDS-3184751104-DIS,3184751104,0.00,1630593,Do Not Import,DILLARDS,"Dillards Little Rock AK DC ",11 Mar 2026 1:21 PM,1,Shopify USWS,Backend,8 May 2026 10:42 AM,US Geneva,0,2
3 Mar 2026 7:56 PM,<font color=red>Dispatched</font>,Dispatched,DILLARDS-3184751103-DIS,3184751103,364.34,1575330,Do Not Import,DILLARDS,"Dillards Kansas City DC ",13 Mar 2026 6:00 AM,1,Shopify USWS,Backend,13 Mar 2026 6:00 AM,US Geneva,0,10
3 Mar 2026 7:54 PM,<font color=red>Dispatched</font>,Dispatched,DILLARDS-3184751102-DIS,3184751102,740.84,1575328,Do Not Import,DILLARDS,"Dillards Valdosta Georgia DC ",13 Mar 2026 6:00 AM,2,Shopify USWS,Backend,13 Mar 2026 6:00 AM,US Geneva,0,10
3 Mar 2026 7:47 PM,<font color=red>Dispatched</font>,Dispatched,DILLARDS-3184751101-DIS,3184751101,710.25,1575327,Do Not Import,DILLARDS,"Dillards Salisbury NC DC ",13 Mar 2026 6:00 AM,2,Shopify USWS,Backend,13 Mar 2026 6:00 AM,US Geneva,0,10
3 Mar 2026 7:22 PM,<font color=red>Dispatched</font>,Dispatched,USWS-18516,,242.91,1569289,Do Not Import,Monica Marie Boutique,Monica Hamill,5 Mar 2026 6:00 AM,24,Shopify USWS,Shopify USWS,5 Mar 2026 6:00 AM,US Geneva,0,10
3 Mar 2026 6:18 PM,<font color=red>Dispatched</font>,Dispatched,USWS-18515,,932.48,1569280,Do Not Import,Jean Marie's,Nikki Prince Maries,5 Mar 2026 6:00 AM,60,Shopify USWS,Shopify USWS,5 Mar 2026 6:00 AM,US Geneva,0,10
3 Mar 2026 5:15 PM,<font color=red>Dispatched</font>,Dispatched,UKWS-6463,,17.81,1568497,Do Not Import,Swinton Park Hotel,Felicity Lister,4 Mar 2026 10:40 AM,3,Shopify UKWS,Shopify UKWS,4 Mar 2026 6:56 PM,UK ILG,0,10
3 Mar 2026 4:52 PM,<font color=red>Dispatched</font>,Dispatched,UKWS-6462,,270.27,1568409,Do Not Import,Coastal Remedy,Rebecca Lovell,4 Mar 2026 10:10 AM,32,Shopify UKWS,Shopify UKWS,4 Mar 2026 6:58 PM,UK ILG,0,10
3 Mar 2026 2:05 PM,<font color=red>Dispatched</font>,Dispatched,EUWS-3047,,557.25,1571508,Do Not Import,Mieux,chloe Verdé-delisle,9 Mar 2026 10:39 AM,50,Shopify EUWS,Shopify EUWS,1 Apr 2026 2:25 PM,EU iFulfillment,0,10
3 Mar 2026 1:35 PM,<font color=red>Dispatched</font>,Dispatched,USWS-18514,,1853.39,1581732,Do Not Import,Classically Cate,CATE FINNECY,18 Mar 2026 2:13 PM,122,Shopify USWS,Shopify USWS,2 Mar 2026,US Geneva,0,10
3 Mar 2026 12:41 PM,<font color=red>Dispatched</font>,Dispatched,USWS-18513,,1078.53,1569276,Do Not Import,AB Designs LLC,Angela Bunce,5 Mar 2026 6:00 AM,72,Shopify USWS,Shopify USWS,5 Mar 2026 6:00 AM,US Geneva,0,10
3 Mar 2026 11:26 AM,<font color=red>Dispatched</font>,Dispatched,USWS-18512,,56.17,1568825,Do Not Import,J.A. WHITNEY,Jennifer Geschke,4 Mar 2026 6:00 AM,30,Shopify USWS,Shopify USWS,4 Mar 2026 6:00 AM,US Geneva,0,10
3 Mar 2026 11:08 AM,<font color=red>Dispatched</font>,Dispatched,USWS-18500A,,290.86,1574510,Do Not Import,Veterans United Home Loans,Veteran's United Home Roewe,12 Mar 2026 6:00 AM,16,Shopify USWS,Backend,12 Mar 2026 6:00 AM,US Geneva,0,10
3 Mar 2026 11:03 AM,<font color=red>Dispatched</font>,Dispatched,UKWS-6461,,581.90,1568477,Do Not Import,escape boutique,Escape Boutique,4 Mar 2026 10:21 AM,44,Shopify UKWS,Shopify UKWS,4 Mar 2026 11:40 AM,UK ILG,0,10
3 Mar 2026 10:25 AM,<font color=red>Dispatched</font>,Dispatched,EUWS-3046,,784.52,1578514,Do Not Import,il fashino piu bv  tva: BE.0.434.962.648,Marco Vantilt,18 Mar 2026 10:36 AM,58,Shopify EUWS,Shopify EUWS,4 Mar 2026 10:41 AM,EU iFulfillment,0,10
2 Mar 2026 9:46 PM,<font color=red>Dispatched</font>,Dispatched,UKWS-6460,4503729769,2492.28,1577523,Do Not Import,Avolta - Lowfield Heath Warehouse,Jessica Boniface,17 Mar 2026 12:20 PM,218,Shopify UKWS,Shopify UKWS,3 Mar 2026 10:41 PM,UK ILG,0,10
2 Mar 2026 9:26 PM,<font color=red>Dispatched</font>,Dispatched,EUWS-3045,,1020.72,1589339,Do Not Import,Mesdemoiselles C,Charlotte DELAMRE,7 Apr 2026 3:36 PM,99,Shopify EUWS,Shopify EUWS,3 Apr 2026 10:10 PM,EU iFulfillment,0,10
2 Mar 2026 7:35 PM,<font color=red>Dispatched</font>,Dispatched,USWS-18511,,526.23,1568102,Do Not Import,Katie Grant,The Greystone Store,3 Mar 2026 6:00 AM,36,Shopify USWS,Shopify USWS,3 Mar 2026 6:00 AM,US Geneva,0,10
2 Mar 2026 6:29 PM,<font color=red>Dispatched</font>,Dispatched,USWS-18510,,939.70,1567838,Do Not Import,,Morgan Rathke,3 Mar 2026 6:00 AM,64,Shopify USWS,Shopify USWS,3 Mar 2026 6:00 AM,US Geneva,0,10
2 Mar 2026 4:51 PM,<font color=red>Dispatched</font>,Dispatched,USWS-18509,,161.09,1568720,Do Not Import,"E2E Resources, Inc",Courtni Karshagen,24 Mar 2026 6:00 AM,24,Shopify USWS,Shopify USWS,24 Mar 2026 6:00 AM,US Geneva,0,10
2 Mar 2026 4:49 PM,<font color=red>Dispatched</font>,Dispatched,USWS-18508,,7910.23,1571959,Do Not Import,"E2E Resources, Inc",Courtni Karshagen,9 Mar 2026 6:00 AM,526,Shopify USWS,Shopify USWS,9 Mar 2026 6:00 AM,US Geneva,0,10
2 Mar 2026 4:27 PM,<font color=red>Dispatched</font>,Dispatched,USWS-18507,,213.50,1567840,Do Not Import,,TERRAME JENNIFER,3 Mar 2026 6:00 AM,30,Shopify USWS,Shopify USWS,3 Mar 2026 6:00 AM,US Geneva,0,10
2 Mar 2026 2:41 PM,<font color=red>Dispatched</font>,Dispatched,UKWS-6458,,511.88,1568408,Do Not Import,Village BN3,Village Bn3,4 Mar 2026 10:10 AM,38,Shopify UKWS,Shopify UKWS,3 Mar 2026 3:10 PM,UK ILG,0,10
2 Mar 2026 11:52 AM,<font color=red>Dispatched</font>,Dispatched,EUWS-3044,,837.15,1584711,Do Not Import,La jolie quiberonnaise,Kelly Odeye,26 Mar 2026 7:37 AM,56,Shopify EUWS,Shopify EUWS,23 Mar 2026 12:10 PM,EU iFulfillment,0,10
2 Mar 2026 11:13 AM,<font color=red>Dispatched</font>,Dispatched,UKWS-6457,,1301.90,1567677,Do Not Import,Mooch Ealing Ltd,Evelyn O'Flaherty O'Connell,3 Mar 2026 9:40 AM,92,Shopify UKWS,Shopify UKWS,3 Mar 2026 11:40 AM,UK ILG,0,10
2 Mar 2026 10:23 AM,<font color=red>Dispatched</font>,Dispatched,EUWS-3043,,784.35,1572938,Do Not Import,Inspiration interiors,Isabelle BRAUN,9 Mar 2026 5:35 PM,64,Shopify EUWS,Shopify EUWS,3 Mar 2026,EU iFulfillment,0,10
1 Mar 2026 3:22 AM,<font color=red>Dispatched</font>,Dispatched,USWS-18506,,1495.52,1573209,Do Not Import,Mon Amour Apparel and Gifts,Hali Waguespack,10 Mar 2026 6:00 AM,87,Shopify USWS,Shopify USWS,10 Mar 2026 6:00 AM,US Geneva,0,10