Month,Action,Result,Branch,BranchId,Reference,CustomerOrderNo,Company,Stage,DispatchDate,InvoiceDateSet,Total,Currency
2025-04,UPDATE,ok,EU iFulfilment,25073,EUWS-2496,,Marie Pipelette,Dispatched,2025-04-30,2025-04-30,470.5096,EUR
2025-04,UPDATE,ok,EU iFulfilment,25073,EUWS-2490,,Mieux,Dispatched,2025-04-30,2025-04-30,364.2356,EUR
2025-04,UPDATE,ok,EU iFulfilment,25073,SNTO10596-16,,SP NTOVAS AND CO,Dispatched,2025-04-30,2025-04-30,22296.22,EUR
2025-04,UPDATE,ok,US Geneva,5055,USWS-15892,,St joe apparel,Dispatched,2025-04-02,2025-04-02,183.57,USD
2025-05,UPDATE,ok,UK,5053,UKWS-5553A,TRP0002424	,WWF-UK Goods in,Dispatched,2025-05-03,2025-05-03,2029.8,GBP
2025-05,UPDATE,ok,Amazon US,16288,AU-108388,,,Dispatched,2025-05-14,2025-05-14,49.16,AUD
2025-05,UPDATE,ok,EU iFulfilment,25073,EUWS-2526,200062226,Nature et Decouvertes,Dispatched,2025-05-10,2025-05-10,15694.38,EUR
2025-05,UPDATE,ok,EU iFulfilment,25073,KCOM25056-1,,KUST Company,Dispatched,2025-05-15,2025-05-15,4553.2,EUR
2025-05,UPDATE,ok,EU iFulfilment,25073,EUWS-2501,,CORSICA DUTY FREE,Dispatched,2025-05-26,2025-05-26,5251.24,EUR
2025-07,UPDATE,ok,?,16539,ITES14773-6,,iClickSee Test,Dispatched,2025-07-10,2025-07-10,57.888,GBP
2025-10,UPDATE,ok,EU iFulfilment,25073,EUWS-2652A,,,Dispatched,2025-10-30,2025-10-30,359.7595,EUR
2025-11,UPDATE,ok,UK,5053,EU-27880,,,Dispatched,2025-11-10,2025-11-10,245.93,EUR
2026-03,UPDATE,ok,EU iFulfilment,25073,EUWS-2864A,,Spuersinn24 ,Dispatched,2026-03-03,2026-03-03,575.5547,EUR
2026-03,UPDATE,ok,EU iFulfilment,25073,EUWS-2826,,Kitchen Cabinet Onlineshop ,Dispatched,2026-03-03,2026-03-03,710.7566,EUR
2026-03,UPDATE,ok,EU iFulfilment,25073,EUWS-2825,,Kitchen Cabinet Onlineshop ,Dispatched,2026-03-03,2026-03-03,1643.8644,EUR
2026-04,UPDATE,ok,EU iFulfilment,25073,EUWS-2918,,LA PATIO CENELIA,Dispatched,2026-04-14,2026-04-14,2224.1313,EUR
2026-06,UPDATE,ok,Amazon AU,16289,503-3305843-4209463,,[Redacted],Dispatched,2026-06-30,2026-06-30,35.46,AUD
2026-06,UPDATE,ok,Amazon AU,16289,249-7010238-4495037,,[Redacted],Dispatched,2026-06-30,2026-06-30,15.62,AUD
2026-06,UPDATE,ok,Amazon AU,16289,249-2999410-9035057,,[Redacted],Dispatched,2026-06-30,2026-06-30,54.49,AUD
2026-06,UPDATE,ok,Amazon AU,16289,249-2165349-8851054,,[Redacted],Dispatched,2026-06-30,2026-06-30,31.25,AUD
2026-06,UPDATE,ok,Amazon AU,16289,249-5023725-5552655,,[Redacted],Dispatched,2026-06-30,2026-06-30,33.9,AUD
2026-06,UPDATE,ok,Amazon AU,16289,503-4977444-1067841,,[Redacted],Dispatched,2026-06-30,2026-06-30,28.57,AUD
2026-06,UPDATE,ok,Amazon AU,16289,249-7538952-6479845,,[Redacted],Dispatched,2026-06-30,2026-06-30,31.16,AUD
2026-06,UPDATE,ok,Amazon AU,16289,249-4662393-1237426,,[Redacted],Dispatched,2026-06-30,2026-06-30,13.8,AUD
2026-06,UPDATE,ok,Amazon AU,16289,249-1481357-1211807,,[Redacted],Dispatched,2026-06-30,2026-06-30,56.74,AUD
2026-06,UPDATE,ok,Amazon AU,16289,503-7651363-8948619,,[Redacted],Dispatched,2026-06-30,2026-06-30,37.87,AUD
2026-06,UPDATE,ok,Amazon AU,16289,250-5588261-0711022,,[Redacted],Dispatched,2026-06-29,2026-06-29,31.35,AUD
2026-06,UPDATE,ok,Amazon AU,16289,250-1774791-6387011,,[Redacted],Dispatched,2026-06-30,2026-06-30,7.26,AUD
2026-06,UPDATE,ok,Amazon AU,16289,249-4225388-1279800,,[Redacted],Dispatched,2026-06-30,2026-06-30,12.45,AUD
2026-06,UPDATE,ok,Amazon AU,16289,503-3043476-9311813,,[Redacted],Dispatched,2026-06-29,2026-06-29,27.3,AUD
2026-06,UPDATE,ok,Amazon AU,16289,250-5526731-0341462,,[Redacted],Dispatched,2026-06-29,2026-06-29,33.96,AUD
2026-06,UPDATE,ok,Amazon AU,16289,503-1299688-2114232,,[Redacted],Dispatched,2026-06-29,2026-06-29,31.35,AUD
2026-06,UPDATE,ok,US Geneva,5055,111-7460917-9520265,,[Redacted],Dispatched,2026-06-30,2026-06-30,213.1926,USD
2026-06,UPDATE,ok,Amazon AU,16289,249-4161115-1878246,,[Redacted],Dispatched,2026-06-29,2026-06-29,6.94,AUD
2026-06,UPDATE,ok,Amazon AU,16289,249-0341336-7944672,,[Redacted],Dispatched,2026-06-28,2026-06-28,59.53,AUD
2026-06,UPDATE,ok,Amazon AU,16289,503-3510878-8307026,,[Redacted],Dispatched,2026-06-29,2026-06-29,22.16,AUD
2026-06,UPDATE,ok,Amazon AU,16289,249-1727908-0747044,,[Redacted],Dispatched,2026-06-29,2026-06-29,54.6,AUD
2026-06,UPDATE,ok,Amazon AU,16289,503-2956937-6779026,,[Redacted],Dispatched,2026-06-28,2026-06-28,6.94,AUD
2026-06,UPDATE,ok,Amazon AU,16289,250-0233636-1956650,,[Redacted],Dispatched,2026-06-29,2026-06-29,28.85,AUD
2026-06,UPDATE,ok,Amazon AU,16289,503-0881456-6241437,,[Redacted],Dispatched,2026-06-28,2026-06-28,31.33,AUD
2026-06,UPDATE,ok,Amazon AU,16289,250-3162094-5100603,,[Redacted],Dispatched,2026-06-29,2026-06-29,27.3,AUD
2026-06,UPDATE,ok,Amazon AU,16289,250-6306019-0555844,,[Redacted],Dispatched,2026-06-29,2026-06-29,16.72,AUD
2026-06,UPDATE,ok,Amazon AU,16289,503-2065911-0289464,,[Redacted],Dispatched,2026-06-29,2026-06-29,28.74,AUD
2026-06,UPDATE,ok,Amazon AU,16289,503-2185433-8655835,,[Redacted],Dispatched,2026-06-28,2026-06-28,12.53,AUD
2026-06,UPDATE,ok,Amazon AU,16289,249-5452293-2035800,,[Redacted],Dispatched,2026-06-28,2026-06-28,31.33,AUD
2026-06,UPDATE,ok,US Geneva,5055,111-5763260-9966647,,[Redacted],Dispatched,2026-06-29,2026-06-29,30.2936,USD
2026-06,UPDATE,ok,Amazon AU,16289,503-4541072-6264642,,[Redacted],Dispatched,2026-06-28,2026-06-28,7.31,AUD
2026-06,UPDATE,ok,Amazon AU,16289,503-9193965-5459806,,[Redacted],Dispatched,2026-06-29,2026-06-29,62.27,AUD
2026-06,UPDATE,ok,Amazon AU,16289,250-5046966-7885456,,[Redacted],Dispatched,2026-06-27,2026-06-27,31.34,AUD
2026-06,UPDATE,ok,Amazon AU,16289,250-2150328-0544660,,[Redacted],Dispatched,2026-06-28,2026-06-28,31.33,AUD
2026-06,UPDATE,ok,Amazon AU,16289,503-5308471-5218229,,[Redacted],Dispatched,2026-06-27,2026-06-27,57.06,AUD
2026-06,UPDATE,ok,AU,17489,AU-139178,,,Dispatched,2026-06-30,2026-06-30,59.14,AUD
2026-06,UPDATE,ok,Amazon AU,16289,503-5161028-2135034,,[Redacted],Dispatched,2026-06-27,2026-06-27,16.71,AUD
2026-06,UPDATE,ok,Amazon AU,16289,250-4778605-1847062,,[Redacted],Dispatched,2026-06-28,2026-06-28,31.33,AUD
2026-06,UPDATE,ok,UK,5053,UK-846196,,,Dispatched,2026-06-27,2026-06-27,80,GBP
2026-06,UPDATE,ok,Amazon AU,16289,503-7870881-1872654,,[Redacted],Dispatched,2026-06-27,2026-06-27,59.54,AUD
2026-06,UPDATE,ok,Amazon AU,16289,249-5423055-6069429,,[Redacted],Dispatched,2026-06-27,2026-06-27,53.28,AUD
2026-06,UPDATE,ok,Amazon AU,16289,249-8485837-5834268,,[Redacted],Dispatched,2026-06-27,2026-06-27,82.14,AUD
2026-06,UPDATE,ok,Amazon AU,16289,250-6649334-8431846,,[Redacted],Dispatched,2026-06-27,2026-06-27,24.85,AUD
2026-06,UPDATE,ok,Amazon AU,16289,503-8701258-4873467,,[Redacted],Dispatched,2026-06-27,2026-06-27,54.58,AUD
2026-06,UPDATE,ok,Amazon AU,16289,503-9570782-5371069,,[Redacted],Dispatched,2026-06-28,2026-06-28,49.61,AUD
2026-06,UPDATE,ok,Amazon AU,16289,249-2335212-4384604,,[Redacted],Dispatched,2026-06-27,2026-06-27,20.83,AUD
2026-06,UPDATE,ok,Amazon AU,16289,503-8786653-3497417,,[Redacted],Dispatched,2026-06-27,2026-06-27,31.34,AUD
2026-06,UPDATE,ok,Amazon AU,16289,250-9766797-7428600,,[Redacted],Dispatched,2026-06-26,2026-06-26,31.39,AUD
2026-06,UPDATE,ok,Amazon AU,16289,250-5541030-9617433,,[Redacted],Dispatched,2026-06-27,2026-06-27,28.73,AUD
2026-06,UPDATE,ok,Amazon AU,16289,503-7975894-7916651,,[Redacted],Dispatched,2026-06-26,2026-06-26,12.55,AUD
2026-06,UPDATE,ok,Amazon AU,16289,250-9311672-7950265,,[Redacted],Dispatched,2026-06-28,2026-06-28,12.53,AUD
2026-06,UPDATE,ok,Amazon AU,16289,250-9512950-9151838,,[Redacted],Dispatched,2026-06-26,2026-06-26,59.65,AUD
2026-06,UPDATE,ok,Amazon AU,16289,503-0090066-0532615,,[Redacted],Dispatched,2026-06-26,2026-06-26,31.39,AUD
2026-06,UPDATE,ok,Amazon AU,16289,S03-6296849-7103828,,[Redacted],Dispatched,2026-06-26,2026-06-26,0,GBP
2026-06,UPDATE,ok,Amazon AU,16289,250-9495407-7351024,,[Redacted],Dispatched,2026-06-26,2026-06-26,13.6,AUD
2026-06,UPDATE,ok,Amazon AU,16289,S03-5929165-9725909,,[Redacted],Dispatched,2026-06-25,2026-06-25,0,GBP
2026-06,UPDATE,ok,UK,5053,UK-845413,,,Dispatched,2026-06-25,2026-06-25,50,GBP
2026-06,UPDATE,ok,Amazon AU,16289,249-3296551-0709446,,[Redacted],Dispatched,2026-06-27,2026-06-27,28.73,AUD
2026-06,UPDATE,ok,Amazon AU,16289,503-9967155-1179837,,[Redacted],Dispatched,2026-06-26,2026-06-26,28.78,AUD
2026-06,UPDATE,ok,Amazon AU,16289,250-0708309-0375000,,[Redacted],Dispatched,2026-06-26,2026-06-26,28.78,AUD
2026-06,UPDATE,ok,Amazon AU,16289,249-2079973-2563035,,[Redacted],Dispatched,2026-06-26,2026-06-26,31.39,AUD
2026-06,UPDATE,ok,Amazon AU,16289,250-5987052-0403045,,[Redacted],Dispatched,2026-06-25,2026-06-25,28.81,AUD
2026-06,UPDATE,ok,Amazon AU,16289,250-6617624-1511807,,[Redacted],Dispatched,2026-06-25,2026-06-25,20.54,AUD
2026-06,UPDATE,ok,Amazon AU,16289,250-6981299-3686245,,[Redacted],Dispatched,2026-06-26,2026-06-26,18.42,AUD
2026-06,UPDATE,ok,Amazon AU,16289,503-9497658-0124600,,[Redacted],Dispatched,2026-06-25,2026-06-25,31.43,AUD
2026-06,UPDATE,ok,Amazon AU,16289,250-7437721-7333418,,[Redacted],Dispatched,2026-06-25,2026-06-25,31.43,AUD
2026-06,UPDATE,ok,Amazon AU,16289,250-5429124-1543844,,[Redacted],Dispatched,2026-06-25,2026-06-25,7.33,AUD
2026-06,UPDATE,ok,Amazon AU,16289,249-7763402-1817455,,[Redacted],Dispatched,2026-06-25,2026-06-25,31.43,AUD
2026-06,UPDATE,ok,Amazon AU,16289,250-6082013-5659858,,[Redacted],Dispatched,2026-06-25,2026-06-25,28.81,AUD
2026-06,UPDATE,ok,Amazon AU,16289,250-0446668-7091828,,[Redacted],Dispatched,2026-06-26,2026-06-26,31.39,AUD
2026-06,UPDATE,ok,US Geneva,5055,US-2160438,,,Dispatched,2026-06-24,2026-06-24,151.545,USD
2026-06,UPDATE,ok,Amazon AU,16289,249-9739785-5461427,,[Redacted],Dispatched,2026-06-24,2026-06-24,59.72,AUD
2026-06,UPDATE,ok,Amazon AU,16289,503-7027777-8355065,,[Redacted],Dispatched,2026-06-25,2026-06-25,94.4,AUD
2026-06,UPDATE,ok,Amazon AU,16289,249-0661759-7590203,,[Redacted],Dispatched,2026-06-25,2026-06-25,28.81,AUD
2026-06,UPDATE,ok,Amazon AU,16289,250-1715933-7447024,,[Redacted],Dispatched,2026-06-24,2026-06-24,7.33,AUD
2026-06,UPDATE,ok,Amazon AU,16289,249-2631829-1419041,,[Redacted],Dispatched,2026-06-24,2026-06-24,31.43,AUD
2026-06,UPDATE,ok,Amazon AU,16289,250-7866567-4519045,,[Redacted],Dispatched,2026-06-24,2026-06-24,7.33,AUD
2026-06,UPDATE,ok,Amazon AU,16289,250-9148607-0390234,,[Redacted],Dispatched,2026-06-24,2026-06-24,23.57,AUD
2026-06,UPDATE,ok,Amazon AU,16289,250-6214529-4354267,,[Redacted],Dispatched,2026-06-24,2026-06-24,99.03,AUD
2026-06,UPDATE,ok,Amazon AU,16289,250-0363177-2553445,,[Redacted],Dispatched,2026-06-25,2026-06-25,12.57,AUD
2026-06,UPDATE,ok,Amazon AU,16289,503-7677581-3624662,,[Redacted],Dispatched,2026-06-24,2026-06-24,28.81,AUD
2026-06,UPDATE,ok,Amazon AU,16289,503-9081880-8240633,,[Redacted],Dispatched,2026-06-24,2026-06-24,31.43,AUD
2026-06,UPDATE,ok,Amazon AU,16289,250-5670931-4987016,,[Redacted],Dispatched,2026-06-24,2026-06-24,12.57,AUD
2026-06,UPDATE,ok,Amazon AU,16289,250-6987743-9098260,,[Redacted],Dispatched,2026-06-25,2026-06-25,7.33,AUD
2026-06,UPDATE,ok,Amazon AU,16289,249-5278005-8223010,,[Redacted],Dispatched,2026-06-24,2026-06-24,12.57,AUD
2026-06,UPDATE,ok,Amazon AU,16289,250-7281451-4540649,,[Redacted],Dispatched,2026-06-25,2026-06-25,12.57,AUD
2026-06,UPDATE,ok,Amazon AU,16289,250-6532390-5780647,,[Redacted],Dispatched,2026-06-24,2026-06-24,23.57,AUD
2026-06,UPDATE,ok,Amazon AU,16289,249-4464084-1681460,,[Redacted],Dispatched,2026-06-23,2026-06-23,64.26,AUD
2026-06,UPDATE,ok,Amazon AU,16289,503-9172306-5476618,,[Redacted],Dispatched,2026-06-23,2026-06-23,12.03,AUD
2026-06,UPDATE,ok,Amazon AU,16289,503-4354753-6371052,,[Redacted],Dispatched,2026-06-23,2026-06-23,12.03,AUD
2026-06,UPDATE,ok,Amazon AU,16289,503-2421435-5669447,,[Redacted],Dispatched,2026-06-23,2026-06-23,14.04,AUD
2026-06,UPDATE,ok,Amazon AU,16289,503-0855089-0592610,,[Redacted],Dispatched,2026-06-23,2026-06-23,29.04,AUD
2026-06,UPDATE,ok,Amazon AU,16289,503-8909185-6176654,,[Redacted],Dispatched,2026-06-23,2026-06-23,31.68,AUD
2026-06,UPDATE,ok,Amazon AU,16289,503-6863812-7504646,,[Redacted],Dispatched,2026-06-24,2026-06-24,31.43,AUD
2026-06,UPDATE,ok,Amazon AU,16289,250-0703664-2757465,,[Redacted],Dispatched,2026-06-23,2026-06-23,55.17,AUD
2026-06,UPDATE,ok,Amazon AU,16289,249-7808261-6311832,,[Redacted],Dispatched,2026-06-23,2026-06-23,31.68,AUD
2026-06,UPDATE,ok,Amazon AU,16289,249-6849757-2871031,,[Redacted],Dispatched,2026-06-23,2026-06-23,29.04,AUD
2026-06,UPDATE,ok,Amazon AU,16289,250-2274016-3387047,,[Redacted],Dispatched,2026-06-23,2026-06-23,12.67,AUD
2026-06,UPDATE,ok,Amazon AU,16289,249-3155251-6509443,,[Redacted],Dispatched,2026-06-23,2026-06-23,31.68,AUD
2026-06,UPDATE,ok,Amazon AU,16289,249-3618550-3233409,,[Redacted],Dispatched,2026-06-23,2026-06-23,29.04,AUD
2026-06,UPDATE,ok,Amazon AU,16289,250-8948870-4149439,,[Redacted],Dispatched,2026-06-24,2026-06-24,28.81,AUD
2026-06,UPDATE,ok,AU,17489,AU-138919,,,Dispatched,2026-06-23,2026-06-23,42.38,AUD
2026-06,UPDATE,ok,Amazon US,16288,AU-138847,,ALERT: ORDER CANCELLED!,Dispatched,2026-06-22,2026-06-22,83.4,AUD
2026-06,UPDATE,ok,AU,17489,AU-138695,,,Dispatched,2026-06-28,2026-06-28,42.26,AUD
2026-07,UPDATE,ok,UK,5053,UK-869777,,,Dispatched,2026-07-31,2026-07-31,30,GBP
2026-07,UPDATE,ok,Amazon AU,16289,249-8627012-0043012,,[Redacted],Dispatched,2026-07-31,2026-07-31,59.46,AUD
2026-07,UPDATE,ok,Amazon AU,16289,250-6937451-7745433,,[Redacted],Dispatched,2026-07-31,2026-07-31,13.59,AUD
2026-07,UPDATE,ok,Amazon AU,16289,503-3990366-3487842,,[Redacted],Dispatched,2026-07-31,2026-07-31,7.31,AUD
2026-07,UPDATE,ok,Amazon AU,16289,503-3684009-8415011,,[Redacted],Dispatched,2026-07-31,2026-07-31,33.98,AUD
2026-07,UPDATE,ok,Amazon AU,16289,250-0089471-6755031,,[Redacted],Dispatched,2026-07-31,2026-07-31,7.32,AUD
2026-07,UPDATE,ok,Amazon AU,16289,250-1581479-7355836,,[Redacted],Dispatched,2026-07-31,2026-07-31,28.75,AUD
2026-07,UPDATE,ok,Amazon AU,16289,249-6657326-5056611,,[Redacted],Dispatched,2026-07-31,2026-07-31,32.79,AUD
2026-07,UPDATE,ok,Amazon AU,16289,503-7977316-6058205,,[Redacted],Dispatched,2026-07-31,2026-07-31,28.69,AUD
2026-07,UPDATE,ok,Amazon AU,16289,249-1983035-9306213,,[Redacted],Dispatched,2026-07-30,2026-07-30,15.62,AUD
2026-07,UPDATE,ok,Amazon AU,16289,249-3568766-9259811,,[Redacted],Dispatched,2026-07-30,2026-07-30,12.49,AUD
2026-07,UPDATE,ok,Amazon AU,16289,503-1816664-3467001,,[Redacted],Dispatched,2026-07-31,2026-07-31,31.32,AUD
2026-07,UPDATE,ok,Amazon AU,16289,249-5830063-3780624,,[Redacted],Dispatched,2026-07-30,2026-07-30,16.66,AUD
2026-07,UPDATE,ok,Amazon AU,16289,250-5088381-4010227,,[Redacted],Dispatched,2026-07-31,2026-07-31,31.29,AUD
2026-07,UPDATE,ok,Amazon AU,16289,503-6010265-1916647,,[Redacted],Dispatched,2026-07-30,2026-07-30,31.24,AUD
2026-07,UPDATE,ok,Amazon AU,16289,503-9704415-4075853,,[Redacted],Dispatched,2026-07-30,2026-07-30,28.63,AUD
2026-07,UPDATE,ok,Amazon AU,16289,250-1159751-3930258,,[Redacted],Dispatched,2026-07-30,2026-07-30,28.63,AUD
2026-07,UPDATE,ok,Amazon AU,16289,250-6070213-4378246,,[Redacted],Dispatched,2026-07-30,2026-07-30,18.58,AUD
2026-07,UPDATE,ok,Amazon AU,16289,250-4361588-8015851,,[Redacted],Dispatched,2026-07-30,2026-07-30,22.08,AUD
2026-07,UPDATE,ok,Amazon AU,16289,250-0377765-0011048,,[Redacted],Dispatched,2026-07-29,2026-07-29,57.34,AUD
2026-07,UPDATE,ok,US Geneva,5055,US-2163913,,,Dispatched,2026-07-29,2026-07-29,15.0554,USD
2026-07,UPDATE,ok,Amazon AU,16289,S03-2940855-4569064,,[Redacted],Dispatched,2026-07-29,2026-07-29,0,GBP
2026-07,UPDATE,ok,Amazon AU,16289,250-6795774-8347831,,[Redacted],Dispatched,2026-07-30,2026-07-30,31.24,AUD
2026-07,UPDATE,ok,Amazon AU,16289,249-9199120-5169415,,[Redacted],Dispatched,2026-07-30,2026-07-30,28.63,AUD
2026-07,UPDATE,ok,Amazon AU,16289,503-7257671-6003068,,[Redacted],Dispatched,2026-07-31,2026-07-31,28.71,AUD
2026-07,UPDATE,ok,Amazon AU,16289,503-4070960-2694264,,[Redacted],Dispatched,2026-07-29,2026-07-29,31.49,AUD
2026-07,UPDATE,ok,Amazon AU,16289,250-0367685-8465449,,[Redacted],Dispatched,2026-07-29,2026-07-29,28.87,AUD
2026-07,UPDATE,ok,Amazon AU,16289,250-7214526-8767834,,[Redacted],Dispatched,2026-07-30,2026-07-30,31.24,AUD
2026-07,UPDATE,ok,Amazon AU,16289,503-0103014-8826233,,[Redacted],Dispatched,2026-07-30,2026-07-30,26.56,AUD
2026-07,UPDATE,ok,Amazon AU,16289,503-7507846-7867001,,[Redacted],Dispatched,2026-07-29,2026-07-29,80.31,AUD
2026-07,UPDATE,ok,Amazon AU,16289,503-3160058-5588607,,[Redacted],Dispatched,2026-07-29,2026-07-29,28.87,AUD
2026-07,UPDATE,ok,?,23087,EU-47383,,,Dispatched,2026-07-29,2026-07-29,29.1437,EUR
2026-07,UPDATE,ok,Amazon AU,16289,503-5786865-6257425,,[Redacted],Dispatched,2026-07-29,2026-07-29,35.69,AUD
2026-07,UPDATE,ok,?,23087,EU-47368,,,Dispatched,2026-07-29,2026-07-29,29.1437,EUR
2026-07,UPDATE,ok,UK,5053,UK-867864,,,Dispatched,2026-07-28,2026-07-28,30,GBP
2026-07,UPDATE,ok,Amazon AU,16289,250-6127628-5218250,,[Redacted],Dispatched,2026-07-28,2026-07-28,16.56,AUD
2026-07,UPDATE,ok,Amazon AU,16289,250-6862910-4981443,,[Redacted],Dispatched,2026-07-28,2026-07-28,31.54,AUD
2026-07,UPDATE,ok,Amazon AU,16289,503-1661714-1009445,,[Redacted],Dispatched,2026-07-28,2026-07-28,31.54,AUD
2026-07,UPDATE,ok,Amazon AU,16289,503-8902926-3660611,,[Redacted],Dispatched,2026-07-28,2026-07-28,20.61,AUD
2026-07,UPDATE,ok,Amazon AU,16289,503-9296039-1875037,,[Redacted],Dispatched,2026-07-29,2026-07-29,20.58,AUD
2026-07,UPDATE,ok,Amazon AU,16289,503-2569555-4213401,,[Redacted],Dispatched,2026-07-28,2026-07-28,23.97,AUD
2026-07,UPDATE,ok,Amazon AU,16289,503-2860802-7550211,,[Redacted],Dispatched,2026-07-29,2026-07-29,31.49,AUD
2026-07,UPDATE,ok,Amazon AU,16289,249-2121773-5407033,,[Redacted],Dispatched,2026-07-28,2026-07-28,28.91,AUD
2026-07,UPDATE,ok,Amazon AU,16289,249-3891372-3367803,,[Redacted],Dispatched,2026-07-28,2026-07-28,36.8,AUD
2026-07,UPDATE,ok,Amazon AU,16289,249-6145042-3947012,,[Redacted],Dispatched,2026-07-28,2026-07-28,57.43,AUD
2026-07,UPDATE,ok,Amazon AU,16289,250-1726042-6850262,,[Redacted],Dispatched,2026-07-28,2026-07-28,20.61,AUD
2026-07,UPDATE,ok,Amazon AU,16289,250-5760191-4679826,,[Redacted],Dispatched,2026-07-27,2026-07-27,15.92,AUD
2026-07,UPDATE,ok,Amazon AU,16289,503-2619280-1841424,,[Redacted],Dispatched,2026-07-27,2026-07-27,31.43,AUD
2026-07,UPDATE,ok,Amazon AU,16289,250-1024852-5317452,,[Redacted],Dispatched,2026-07-27,2026-07-27,100.18,AUD
2026-07,UPDATE,ok,Amazon AU,16289,250-1514320-4613411,,[Redacted],Dispatched,2026-07-27,2026-07-27,12.57,AUD
2026-07,UPDATE,ok,Amazon AU,16289,503-3033411-8855848,,[Redacted],Dispatched,2026-07-27,2026-07-27,46.1,AUD
2026-07,UPDATE,ok,Amazon AU,16289,503-1225421-5052608,,[Redacted],Dispatched,2026-07-27,2026-07-27,31.43,AUD
2026-07,UPDATE,ok,Amazon AU,16289,249-8524083-9627016,,[Redacted],Dispatched,2026-07-27,2026-07-27,31.43,AUD
2026-07,UPDATE,ok,Amazon AU,16289,249-1457710-9560634,,[Redacted],Dispatched,2026-07-27,2026-07-27,31.43,AUD
2026-07,UPDATE,ok,Amazon AU,16289,250-1604993-5056656,,[Redacted],Dispatched,2026-07-27,2026-07-27,29.86,AUD
2026-07,UPDATE,ok,Amazon AU,16289,250-1940613-5589459,,[Redacted],Dispatched,2026-07-27,2026-07-27,29.86,AUD
2026-07,UPDATE,ok,Amazon AU,16289,250-9609571-5909447,,[Redacted],Dispatched,2026-07-27,2026-07-27,27.37,AUD
2026-07,UPDATE,ok,Amazon AU,16289,249-5014304-0881439,,[Redacted],Dispatched,2026-07-27,2026-07-27,12.57,AUD
2026-07,UPDATE,ok,Amazon AU,16289,250-1254787-9412631,,[Redacted],Dispatched,2026-07-27,2026-07-27,34.05,AUD
2026-07,UPDATE,ok,?,23087,EU-47244,,,Dispatched,2026-07-27,2026-07-27,58.0434,EUR
2026-07,UPDATE,ok,Amazon AU,16289,503-0671025-5425408,,[Redacted],Dispatched,2026-07-26,2026-07-26,34.01,AUD
2026-07,UPDATE,ok,Amazon AU,16289,250-7470912-3987848,,[Redacted],Dispatched,2026-07-27,2026-07-27,31.43,AUD
2026-07,UPDATE,ok,Amazon AU,16289,249-0845974-5757453,,[Redacted],Dispatched,2026-07-26,2026-07-26,27.2,AUD
2026-07,UPDATE,ok,Amazon AU,16289,503-4505505-8735809,,[Redacted],Dispatched,2026-07-26,2026-07-26,31.39,AUD
2026-07,UPDATE,ok,Amazon AU,16289,250-5308214-8567836,,[Redacted],Dispatched,2026-07-26,2026-07-26,31.39,AUD
2026-07,UPDATE,ok,Amazon AU,16289,250-2061511-4659825,,[Redacted],Dispatched,2026-07-26,2026-07-26,28.77,AUD
2026-07,UPDATE,ok,Amazon AU,16289,503-3731110-1904658,,[Redacted],Dispatched,2026-07-26,2026-07-26,91.95,AUD
2026-07,UPDATE,ok,Amazon AU,16289,249-9499054-2338209,,[Redacted],Dispatched,2026-07-26,2026-07-26,28.77,AUD
2026-07,UPDATE,ok,Amazon AU,16289,503-3066716-5480643,,[Redacted],Dispatched,2026-07-26,2026-07-26,31.39,AUD
2026-07,UPDATE,ok,Amazon AU,16289,250-5483561-3865437,,[Redacted],Dispatched,2026-07-26,2026-07-26,44.23,AUD
2026-07,UPDATE,ok,Amazon AU,16289,249-7197183-9719824,,[Redacted],Dispatched,2026-07-25,2026-07-25,34.01,AUD
2026-07,UPDATE,ok,UK,5053,UK-865761,,,Dispatched,2026-07-25,2026-07-25,20,GBP
2026-07,UPDATE,ok,Amazon AU,16289,250-9013022-0319045,,[Redacted],Dispatched,2026-07-25,2026-07-25,31.42,AUD
2026-07,UPDATE,ok,Amazon AU,16289,249-3672328-2083835,,[Redacted],Dispatched,2026-07-26,2026-07-26,28.77,AUD
2026-07,UPDATE,ok,Amazon AU,16289,249-3332921-9604661,,[Redacted],Dispatched,2026-07-27,2026-07-27,12.57,AUD
2026-07,UPDATE,ok,Amazon AU,16289,503-1260236-3915832,,[Redacted],Dispatched,2026-07-25,2026-07-25,31.42,AUD
2026-07,UPDATE,ok,Amazon AU,16289,250-7799121-9508611,,[Redacted],Dispatched,2026-07-28,2026-07-28,20.61,AUD
2026-07,UPDATE,ok,Amazon AU,16289,503-4274715-1894223,,[Redacted],Dispatched,2026-07-25,2026-07-25,23.57,AUD
2026-07,UPDATE,ok,Amazon AU,16289,249-0921512-6446221,,[Redacted],Dispatched,2026-07-26,2026-07-26,28.77,AUD
2026-07,UPDATE,ok,Amazon AU,16289,250-3451057-9890240,,[Redacted],Dispatched,2026-07-25,2026-07-25,34.04,AUD
2026-07,UPDATE,ok,Amazon AU,16289,503-6860144-3695038,,[Redacted],Dispatched,2026-07-30,2026-07-30,31.24,AUD
2026-07,UPDATE,ok,Amazon AU,16289,249-6449031-2665469,,[Redacted],Dispatched,2026-07-25,2026-07-25,31.42,AUD
2026-07,UPDATE,ok,Amazon AU,16289,503-8724432-7679844,,[Redacted],Dispatched,2026-07-25,2026-07-25,31.42,AUD
2026-07,UPDATE,ok,Amazon AU,16289,249-3681207-6864655,,[Redacted],Dispatched,2026-07-26,2026-07-26,20.51,AUD
2026-07,UPDATE,ok,Amazon AU,16289,250-3441068-8992611,,[Redacted],Dispatched,2026-07-25,2026-07-25,31.42,AUD
2026-07,UPDATE,ok,Amazon AU,16289,503-6569837-2956665,,[Redacted],Dispatched,2026-07-25,2026-07-25,39.01,AUD
2026-07,UPDATE,ok,Amazon AU,16289,503-7698037-5715864,,[Redacted],Dispatched,2026-07-25,2026-07-25,16.76,AUD
2026-07,UPDATE,ok,Amazon AU,16289,250-3352606-5923052,,[Redacted],Dispatched,2026-07-25,2026-07-25,39.3,AUD
2026-07,UPDATE,ok,Amazon AU,16289,250-1664698-3414244,,[Redacted],Dispatched,2026-07-26,2026-07-26,34.01,AUD
2026-07,UPDATE,ok,Amazon AU,16289,250-2854748-6624607,,[Redacted],Dispatched,2026-07-26,2026-07-26,28.77,AUD
2026-07,UPDATE,ok,Amazon AU,16289,250-7184913-4615832,,[Redacted],Dispatched,2026-07-25,2026-07-25,16.76,AUD
2026-07,UPDATE,ok,Amazon AU,16289,250-9078479-9663015,,[Redacted],Dispatched,2026-07-24,2026-07-24,31.4,AUD
2026-07,UPDATE,ok,Amazon AU,16289,503-4914162-9388662,,[Redacted],Dispatched,2026-07-25,2026-07-25,54.73,AUD
2026-07,UPDATE,ok,Amazon AU,16289,250-5501720-5621426,,[Redacted],Dispatched,2026-07-24,2026-07-24,36.63,AUD
2026-07,UPDATE,ok,Amazon AU,16289,503-4871811-6189417,,[Redacted],Dispatched,2026-07-26,2026-07-26,31.39,AUD
2026-07,UPDATE,ok,Amazon AU,16289,249-7635723-4771018,,[Redacted],Dispatched,2026-07-25,2026-07-25,31.42,AUD
2026-07,UPDATE,ok,Amazon AU,16289,250-0624664-6057460,,[Redacted],Dispatched,2026-07-24,2026-07-24,31.4,AUD
2026-07,UPDATE,ok,Amazon AU,16289,249-3319480-6351055,,[Redacted],Dispatched,2026-07-24,2026-07-24,28.78,AUD
2026-07,UPDATE,ok,Amazon AU,16289,250-8999578-6175017,,[Redacted],Dispatched,2026-07-24,2026-07-24,34.01,AUD
2026-07,UPDATE,ok,Amazon AU,16289,S03-9629717-5414049,,[Redacted],Dispatched,2026-07-24,2026-07-24,0,GBP
2026-07,UPDATE,ok,Amazon AU,16289,249-5941826-9451058,,[Redacted],Dispatched,2026-07-24,2026-07-24,34.01,AUD
2026-07,UPDATE,ok,Amazon AU,16289,250-7039565-0727015,,[Redacted],Dispatched,2026-07-24,2026-07-24,59.65,AUD
2026-07,UPDATE,ok,Amazon AU,16289,250-4505769-7878252,,[Redacted],Dispatched,2026-07-26,2026-07-26,38.97,AUD
2026-07,UPDATE,ok,Amazon AU,16289,503-0779612-6288620,,[Redacted],Dispatched,2026-07-24,2026-07-24,16.74,AUD
2026-07,UPDATE,ok,Amazon AU,16289,503-1760647-7277404,,[Redacted],Dispatched,2026-07-25,2026-07-25,12.57,AUD
2026-07,UPDATE,ok,Amazon AU,16289,249-0244420-0755056,,[Redacted],Dispatched,2026-07-23,2026-07-23,28.73,AUD
2026-07,UPDATE,ok,Amazon AU,16289,503-6574866-4426247,,[Redacted],Dispatched,2026-07-23,2026-07-23,28.73,AUD
2026-07,UPDATE,ok,Amazon AU,16289,249-3283490-2394245,,[Redacted],Dispatched,2026-07-23,2026-07-23,13.58,AUD
2026-07,UPDATE,ok,Amazon AU,16289,503-9679058-3545462,,[Redacted],Dispatched,2026-07-23,2026-07-23,54.59,AUD
2026-07,UPDATE,ok,Amazon AU,16289,249-5371040-6203053,,[Redacted],Dispatched,2026-07-23,2026-07-23,32.91,AUD
2026-07,UPDATE,ok,Amazon AU,16289,249-5566429-6401439,,[Redacted],Dispatched,2026-07-23,2026-07-23,31.34,AUD
2026-07,UPDATE,ok,Amazon AU,16289,249-1488925-0910222,,[Redacted],Dispatched,2026-07-24,2026-07-24,16.74,AUD
2026-07,UPDATE,ok,Amazon AU,16289,250-4586413-6799032,,[Redacted],Dispatched,2026-07-23,2026-07-23,59.55,AUD
2026-07,UPDATE,ok,Amazon AU,16289,250-7898077-3794224,,[Redacted],Dispatched,2026-07-23,2026-07-23,54.59,AUD
2026-07,UPDATE,ok,Amazon AU,16289,249-6531118-1140609,,[Redacted],Dispatched,2026-07-23,2026-07-23,31.34,AUD
2026-07,UPDATE,ok,Amazon AU,16289,503-3904453-5558243,,[Redacted],Dispatched,2026-07-22,2026-07-22,31.39,AUD
2026-07,UPDATE,ok,Amazon AU,16289,249-1494565-9715035,,[Redacted],Dispatched,2026-07-22,2026-07-22,31.39,AUD
2026-07,UPDATE,ok,Amazon AU,16289,249-3053615-5726243,,[Redacted],Dispatched,2026-07-23,2026-07-23,20.48,AUD
2026-07,UPDATE,ok,UK,5053,UK-863940,,,Dispatched,2026-07-22,2026-07-22,50,GBP
2026-07,UPDATE,ok,Amazon AU,16289,503-2072054-0544607,,[Redacted],Dispatched,2026-07-22,2026-07-22,16.73,AUD
2026-07,UPDATE,ok,Amazon AU,16289,249-2227662-5579008,,[Redacted],Dispatched,2026-07-22,2026-07-22,12.53,AUD
2026-07,UPDATE,ok,Amazon AU,16289,249-2475498-0240658,,[Redacted],Dispatched,2026-07-22,2026-07-22,25.84,AUD
2026-07,UPDATE,ok,Amazon AU,16289,503-4627510-9153446,,[Redacted],Dispatched,2026-07-22,2026-07-22,45.72,AUD
2026-07,UPDATE,ok,Amazon AU,16289,250-4797838-4505402,,[Redacted],Dispatched,2026-07-22,2026-07-22,59.64,AUD
2026-07,UPDATE,ok,UK,5053,UK-863866,,,Dispatched,2026-07-21,2026-07-21,30,GBP
2026-07,UPDATE,ok,Amazon AU,16289,250-0668094-4991844,,[Redacted],Dispatched,2026-07-22,2026-07-22,31.39,AUD
2026-07,UPDATE,ok,US Geneva,5055,US-2163342,,,Dispatched,2026-07-21,2026-07-21,44.6718,USD
2026-07,UPDATE,ok,Amazon AU,16289,249-7871704-9879845,,[Redacted],Dispatched,2026-07-22,2026-07-22,31.39,AUD
2026-07,UPDATE,ok,Amazon AU,16289,250-9817612-2599823,,[Redacted],Dispatched,2026-07-22,2026-07-22,31.39,AUD
2026-07,UPDATE,ok,Amazon AU,16289,503-8963981-3211802,,[Redacted],Dispatched,2026-07-21,2026-07-21,29.71,AUD
2026-07,UPDATE,ok,Amazon AU,16289,503-0231588-9518244,,[Redacted],Dispatched,2026-07-21,2026-07-21,29.71,AUD
2026-07,UPDATE,ok,Amazon AU,16289,249-2878060-5682254,,[Redacted],Dispatched,2026-07-21,2026-07-21,31.27,AUD
2026-07,UPDATE,ok,Amazon AU,16289,249-8819768-0641448,,[Redacted],Dispatched,2026-07-21,2026-07-21,33.88,AUD
2026-07,UPDATE,ok,Amazon AU,16289,249-7165782-5081453,,[Redacted],Dispatched,2026-07-23,2026-07-23,31.34,AUD
2026-07,UPDATE,ok,Amazon AU,16289,249-0690785-0628668,,[Redacted],Dispatched,2026-07-21,2026-07-21,7.29,AUD
2026-07,UPDATE,ok,Amazon AU,16289,503-1675741-4119806,,[Redacted],Dispatched,2026-07-21,2026-07-21,59.41,AUD
2026-07,UPDATE,ok,Amazon AU,16289,249-7893137-5735047,,[Redacted],Dispatched,2026-07-22,2026-07-22,34.01,AUD
2026-07,UPDATE,ok,Amazon AU,16289,249-8420649-4649411,,[Redacted],Dispatched,2026-07-21,2026-07-21,28.66,AUD
2026-07,UPDATE,ok,Amazon AU,16289,249-2006890-7797465,,[Redacted],Dispatched,2026-07-21,2026-07-21,28.66,AUD
2026-07,UPDATE,ok,Amazon AU,16289,S03-5627905-2073156,,[Redacted],Dispatched,2026-07-20,2026-07-20,0,GBP
2026-07,UPDATE,ok,UK,5053,UK-863200,,,Dispatched,2026-07-20,2026-07-20,20,GBP
2026-07,UPDATE,ok,Amazon AU,16289,503-7344216-7392617,,[Redacted],Dispatched,2026-07-21,2026-07-21,31.27,AUD
2026-07,UPDATE,ok,UK,5053,UK-863098,,,Dispatched,2026-07-20,2026-07-20,150,GBP
2026-07,UPDATE,ok,Amazon AU,16289,249-7818400-6705466,,[Redacted],Dispatched,2026-07-21,2026-07-21,16.67,AUD
2026-07,UPDATE,ok,Amazon AU,16289,249-9065593-5107069,,[Redacted],Dispatched,2026-07-20,2026-07-20,27.11,AUD
2026-07,UPDATE,ok,Amazon AU,16289,250-2719155-8191042,,[Redacted],Dispatched,2026-07-20,2026-07-20,31.13,AUD
2026-07,UPDATE,ok,UK,5053,UK-862897,,,Dispatched,2026-07-20,2026-07-20,30,GBP
2026-07,UPDATE,ok,Amazon AU,16289,250-0194959-1399872,,[Redacted],Dispatched,2026-07-20,2026-07-20,31.13,AUD
2026-07,UPDATE,ok,Amazon AU,16289,249-3132245-5349435,,[Redacted],Dispatched,2026-07-19,2026-07-19,20.34,AUD
2026-07,UPDATE,ok,Amazon AU,16289,250-5283741-6943023,,[Redacted],Dispatched,2026-07-19,2026-07-19,31.12,AUD
2026-07,UPDATE,ok,UK,5053,UK-862401,,,Dispatched,2026-07-19,2026-07-19,30,GBP
2026-07,UPDATE,ok,Amazon AU,16289,250-1281301-9737453,,[Redacted],Dispatched,2026-07-20,2026-07-20,16.6,AUD
2026-07,UPDATE,ok,Amazon AU,16289,503-1492192-2179036,,[Redacted],Dispatched,2026-07-20,2026-07-20,29.58,AUD
2026-07,UPDATE,ok,Amazon AU,16289,249-4365422-6475005,,[Redacted],Dispatched,2026-07-20,2026-07-20,27.11,AUD
2026-07,UPDATE,ok,Amazon AU,16289,250-9871020-4452611,,[Redacted],Dispatched,2026-07-20,2026-07-20,31.13,AUD
2026-07,UPDATE,ok,Amazon AU,16289,249-2491706-6132643,,[Redacted],Dispatched,2026-07-19,2026-07-19,16.6,AUD
2026-07,UPDATE,ok,Amazon AU,16289,503-3499965-3281408,,[Redacted],Dispatched,2026-07-19,2026-07-19,28.53,AUD
2026-07,UPDATE,ok,Amazon AU,16289,249-2477856-8278218,,[Redacted],Dispatched,2026-07-20,2026-07-20,33.73,AUD
2026-07,UPDATE,ok,Amazon AU,16289,250-9455739-8949406,,[Redacted],Dispatched,2026-07-19,2026-07-19,31.12,AUD
2026-07,UPDATE,ok,AU,17489,AU-139927,,Rochedale South LPO Shop 2,Dispatched,2026-07-27,2026-07-27,81.74,AUD
2026-07,UPDATE,ok,Amazon AU,16289,250-6117858-5064625,,[Redacted],Dispatched,2026-07-19,2026-07-19,31.12,AUD
2026-07,UPDATE,ok,Amazon AU,16289,503-2349240-0739818,,[Redacted],Dispatched,2026-07-19,2026-07-19,13.48,AUD
2026-07,UPDATE,ok,Amazon AU,16289,250-7241302-3863033,,[Redacted],Dispatched,2026-07-20,2026-07-20,16.6,AUD
2026-07,UPDATE,ok,Amazon AU,16289,249-4469329-8073425,,[Redacted],Dispatched,2026-07-19,2026-07-19,28.53,AUD
2026-07,UPDATE,ok,Amazon AU,16289,249-8964304-5115065,,[Redacted],Dispatched,2026-07-19,2026-07-19,12.45,AUD
2026-07,UPDATE,ok,US Geneva,5055,114-1261312-3910627,,[Redacted],Dispatched,2026-07-20,2026-07-20,78.0735,USD
2026-07,UPDATE,ok,Amazon AU,16289,503-6909314-8371069,,[Redacted],Dispatched,2026-07-19,2026-07-19,31.12,AUD
2026-07,UPDATE,ok,Amazon AU,16289,250-2032220-4655053,,[Redacted],Dispatched,2026-07-18,2026-07-18,28.56,AUD
2026-07,UPDATE,ok,Amazon AU,16289,250-4316981-2468601,,[Redacted],Dispatched,2026-07-18,2026-07-18,31.16,AUD
2026-07,UPDATE,ok,UK,5053,UK-861718,,,Dispatched,2026-07-18,2026-07-18,50,GBP
2026-07,UPDATE,ok,UK,5053,UK-861682,,,Dispatched,2026-07-18,2026-07-18,100,GBP
2026-07,UPDATE,ok,Amazon AU,16289,250-4675655-0963857,,[Redacted],Dispatched,2026-07-19,2026-07-19,31.12,AUD
2026-07,UPDATE,ok,Amazon AU,16289,249-5533494-2775040,,[Redacted],Dispatched,2026-07-18,2026-07-18,12.46,AUD
2026-07,UPDATE,ok,UK,5053,UK-861404,,,Dispatched,2026-07-17,2026-07-17,40,GBP
2026-07,UPDATE,ok,Amazon AU,16289,503-8084197-7840654,,[Redacted],Dispatched,2026-07-19,2026-07-19,27.11,AUD
2026-07,UPDATE,ok,Amazon AU,16289,503-7714940-4334202,,[Redacted],Dispatched,2026-07-17,2026-07-17,29.6,AUD
2026-07,UPDATE,ok,Amazon AU,16289,503-9452466-4179806,,[Redacted],Dispatched,2026-07-17,2026-07-17,13.8,AUD
2026-07,UPDATE,ok,Amazon AU,16289,S03-9961828-4957360,,[Redacted],Dispatched,2026-07-16,2026-07-16,0,GBP
2026-07,UPDATE,ok,Amazon AU,16289,249-7606752-3215018,,[Redacted],Dispatched,2026-07-17,2026-07-17,31.16,AUD
2026-07,UPDATE,ok,Amazon AU,16289,250-8208233-0220635,,[Redacted],Dispatched,2026-07-16,2026-07-16,31.04,AUD
2026-07,UPDATE,ok,Amazon AU,16289,503-8140605-9801453,,[Redacted],Dispatched,2026-07-17,2026-07-17,37.39,AUD
2026-07,UPDATE,ok,Amazon AU,16289,503-2995544-4231060,,[Redacted],Dispatched,2026-07-17,2026-07-17,31.16,AUD
2026-07,UPDATE,ok,Amazon AU,16289,249-2553540-5033404,,[Redacted],Dispatched,2026-07-17,2026-07-17,31.16,AUD
2026-07,UPDATE,ok,Amazon AU,16289,249-4461444-6762222,,[Redacted],Dispatched,2026-07-19,2026-07-19,65.35,AUD
2026-07,UPDATE,ok,Amazon AU,16289,249-5787396-6975848,,[Redacted],Dispatched,2026-07-18,2026-07-18,31.16,AUD
2026-07,UPDATE,ok,Amazon AU,16289,250-9192782-2239858,,[Redacted],Dispatched,2026-07-16,2026-07-16,63.9,AUD
2026-07,UPDATE,ok,Amazon AU,16289,503-3459783-4725421,,[Redacted],Dispatched,2026-07-16,2026-07-16,32.59,AUD
2026-07,UPDATE,ok,Amazon AU,16289,250-5788467-2867015,,[Redacted],Dispatched,2026-07-16,2026-07-16,33.63,AUD
2026-07,UPDATE,ok,Amazon AU,16289,250-7796816-8763866,,[Redacted],Dispatched,2026-07-19,2026-07-19,28.53,AUD
2026-07,UPDATE,ok,Amazon AU,16289,250-6087950-8219860,,[Redacted],Dispatched,2026-07-15,2026-07-15,16.66,AUD
2026-07,UPDATE,ok,Amazon AU,16289,249-1973138-9052630,,[Redacted],Dispatched,2026-07-16,2026-07-16,8.53,AUD
2026-07,UPDATE,ok,Amazon AU,16289,250-1110770-9503828,,[Redacted],Dispatched,2026-07-20,2026-07-20,31.13,AUD
2026-07,UPDATE,ok,Amazon AU,16289,250-4172241-1703060,,[Redacted],Dispatched,2026-07-15,2026-07-15,28.63,AUD
2026-07,UPDATE,ok,AU,17489,AU-139769,,,Dispatched,2026-07-20,2026-07-20,39.79,AUD
2026-07,UPDATE,ok,US Geneva,5055,US-2162872,,,Dispatched,2026-07-14,2026-07-14,112.3638,USD
2026-07,UPDATE,ok,Amazon AU,16289,249-1065322-9361402,,[Redacted],Dispatched,2026-07-16,2026-07-16,31.04,AUD
2026-07,UPDATE,ok,Amazon AU,16289,249-1617112-4679846,,[Redacted],Dispatched,2026-07-16,2026-07-16,31.04,AUD
2026-07,UPDATE,ok,Amazon AU,16289,249-4150724-7632626,,[Redacted],Dispatched,2026-07-14,2026-07-14,28.5,AUD
2026-07,UPDATE,ok,?,23087,EU-46319,,,Dispatched,2026-07-14,2026-07-14,25.5796,EUR
2026-07,UPDATE,ok,Amazon AU,16289,250-0499460-4437441,,[Redacted],Dispatched,2026-07-19,2026-07-19,31.12,AUD
2026-07,UPDATE,ok,Amazon AU,16289,250-6994410-7586259,,[Redacted],Dispatched,2026-07-14,2026-07-14,32.64,AUD
2026-07,UPDATE,ok,Amazon AU,16289,249-7594566-1993419,,[Redacted],Dispatched,2026-07-15,2026-07-15,8.33,AUD
2026-07,UPDATE,ok,Amazon AU,16289,250-5057741-5335832,,[Redacted],Dispatched,2026-07-15,2026-07-15,20.41,AUD
2026-07,UPDATE,ok,Amazon AU,16289,249-5796135-0122225,,[Redacted],Dispatched,2026-07-14,2026-07-14,18.65,AUD
2026-07,UPDATE,ok,UK,5053,205-1298358-0968327,,[Redacted],Dispatched,2026-07-15,2026-07-15,30.4,GBP
2026-07,UPDATE,ok,Amazon AU,16289,249-7713707-9925424,,[Redacted],Dispatched,2026-07-14,2026-07-14,9.95,AUD
2026-07,UPDATE,ok,Amazon AU,16289,249-3458838-0280656,,[Redacted],Dispatched,2026-07-16,2026-07-16,20.28,AUD
2026-07,UPDATE,ok,Amazon AU,16289,250-5470028-3903025,,[Redacted],Dispatched,2026-07-14,2026-07-14,12.43,AUD
2026-07,UPDATE,ok,Amazon AU,16289,249-2387764-7039809,,[Redacted],Dispatched,2026-07-15,2026-07-15,39.15,AUD
2026-07,UPDATE,ok,Amazon AU,16289,503-3294028-2120650,,[Redacted],Dispatched,2026-07-14,2026-07-14,20.31,AUD
2026-07,UPDATE,ok,Amazon AU,16289,249-4938250-1295063,,[Redacted],Dispatched,2026-07-14,2026-07-14,20.31,AUD
2026-07,UPDATE,ok,Amazon AU,16289,503-9453457-3454230,,[Redacted],Dispatched,2026-07-16,2026-07-16,74.5,AUD
2026-07,UPDATE,ok,Amazon AU,16289,250-5195162-4788658,,[Redacted],Dispatched,2026-07-14,2026-07-14,57.61,AUD
2026-07,UPDATE,ok,Amazon AU,16289,249-5704447-5287068,,[Redacted],Dispatched,2026-07-14,2026-07-14,12.43,AUD
2026-07,UPDATE,ok,Amazon AU,16289,249-5510191-7947851,,[Redacted],Dispatched,2026-07-13,2026-07-13,18.66,AUD
2026-07,UPDATE,ok,Amazon AU,16289,250-8072373-8135057,,[Redacted],Dispatched,2026-07-15,2026-07-15,8.33,AUD
2026-07,UPDATE,ok,Amazon AU,16289,249-4615905-9692665,,[Redacted],Dispatched,2026-07-15,2026-07-15,20.41,AUD
2026-07,UPDATE,ok,Amazon AU,16289,503-8822289-4082201,,[Redacted],Dispatched,2026-07-14,2026-07-14,21.97,AUD
2026-07,UPDATE,ok,Amazon AU,16289,249-9928636-8162227,,[Redacted],Dispatched,2026-07-13,2026-07-13,55.69,AUD
2026-07,UPDATE,ok,AU,17489,AU-139736,,,Dispatched,2026-07-15,2026-07-15,71.16,AUD
2026-07,UPDATE,ok,Amazon AU,16289,503-1031017-2917433,,[Redacted],Dispatched,2026-07-15,2026-07-15,31.24,AUD
2026-07,UPDATE,ok,Amazon AU,16289,249-0140822-1950229,,[Redacted],Dispatched,2026-07-14,2026-07-14,20.31,AUD
2026-07,UPDATE,ok,AU,17489,AU-139731,,,Dispatched,2026-07-15,2026-07-15,80.58,AUD
2026-07,UPDATE,ok,Amazon AU,16289,250-3288277-3523846,,[Redacted],Dispatched,2026-07-15,2026-07-15,18.74,AUD
2026-07,UPDATE,ok,Amazon AU,16289,503-4972364-1820601,,[Redacted],Dispatched,2026-07-24,2026-07-24,37.67,AUD
2026-07,UPDATE,ok,Amazon AU,16289,249-8770319-7029457,,[Redacted],Dispatched,2026-07-13,2026-07-13,5.8,AUD
2026-07,UPDATE,ok,Amazon AU,16289,250-8853178-5459030,,[Redacted],Dispatched,2026-07-13,2026-07-13,31.11,AUD
2026-07,UPDATE,ok,Amazon AU,16289,249-5297455-5923837,,[Redacted],Dispatched,2026-07-14,2026-07-14,37.3,AUD
2026-07,UPDATE,ok,Amazon AU,16289,503-0715493-1186226,,[Redacted],Dispatched,2026-07-15,2026-07-15,12.49,AUD
2026-07,UPDATE,ok,Amazon AU,16289,249-8581528-2559021,,[Redacted],Dispatched,2026-07-13,2026-07-13,20.32,AUD
2026-07,UPDATE,ok,Amazon AU,16289,503-6439206-4260651,,[Redacted],Dispatched,2026-07-14,2026-07-14,29.24,AUD
2026-07,UPDATE,ok,Amazon AU,16289,250-0861400-1356620,,[Redacted],Dispatched,2026-07-14,2026-07-14,16.58,AUD
2026-07,UPDATE,ok,Amazon AU,16289,250-5034805-0011869,,[Redacted],Dispatched,2026-07-13,2026-07-13,20.32,AUD
2026-07,UPDATE,ok,Amazon AU,16289,250-6081267-1939809,,[Redacted],Dispatched,2026-07-14,2026-07-14,20.31,AUD
2026-07,UPDATE,ok,Amazon AU,16289,249-9686862-3205438,,[Redacted],Dispatched,2026-07-14,2026-07-14,38.96,AUD
2026-07,UPDATE,ok,Amazon AU,16289,249-8935225-2155858,,[Redacted],Dispatched,2026-07-13,2026-07-13,37.33,AUD
2026-07,UPDATE,ok,Amazon AU,16289,250-0179239-2273402,,[Redacted],Dispatched,2026-07-14,2026-07-14,18.65,AUD
2026-07,UPDATE,ok,Amazon AU,16289,250-4169154-7271864,,[Redacted],Dispatched,2026-07-13,2026-07-13,40.65,AUD
2026-07,UPDATE,ok,Amazon AU,16289,249-5323550-3468647,,[Redacted],Dispatched,2026-07-14,2026-07-14,37.3,AUD
2026-07,UPDATE,ok,Amazon AU,16289,250-0012884-0353417,,[Redacted],Dispatched,2026-07-13,2026-07-13,20.32,AUD
2026-07,UPDATE,ok,Amazon AU,16289,249-4213979-0673413,,[Redacted],Dispatched,2026-07-13,2026-07-13,45.21,AUD
2026-07,UPDATE,ok,Amazon AU,16289,503-7778576-1048614,,[Redacted],Dispatched,2026-07-14,2026-07-14,40.62,AUD
2026-07,UPDATE,ok,Amazon AU,16289,250-4651445-3535868,,[Redacted],Dispatched,2026-07-13,2026-07-13,18.66,AUD
2026-07,UPDATE,ok,Amazon AU,16289,503-3905436-4348648,,[Redacted],Dispatched,2026-07-12,2026-07-12,40.74,AUD
2026-07,UPDATE,ok,Amazon AU,16289,503-9602122-2783806,,[Redacted],Dispatched,2026-07-13,2026-07-13,24.89,AUD
2026-07,UPDATE,ok,Amazon AU,16289,503-4407417-6654225,,[Redacted],Dispatched,2026-07-13,2026-07-13,45.21,AUD
2026-07,UPDATE,ok,UK,5053,UK-857893,,,Dispatched,2026-07-12,2026-07-12,30,GBP
2026-07,UPDATE,ok,Amazon AU,16289,250-8978314-4706245,,[Redacted],Dispatched,2026-07-13,2026-07-13,22.39,AUD
2026-07,UPDATE,ok,Amazon AU,16289,250-6131388-6028636,,[Redacted],Dispatched,2026-07-13,2026-07-13,18.66,AUD
2026-07,UPDATE,ok,Amazon AU,16289,249-7050701-7551805,,[Redacted],Dispatched,2026-07-14,2026-07-14,40.62,AUD
2026-07,UPDATE,ok,Amazon AU,16289,503-8312367-2213429,,[Redacted],Dispatched,2026-07-13,2026-07-13,40.65,AUD
2026-07,UPDATE,ok,Amazon AU,16289,503-1017701-5111815,,[Redacted],Dispatched,2026-07-13,2026-07-13,40.65,AUD
2026-07,UPDATE,ok,Amazon AU,16289,503-7411185-1947015,,[Redacted],Dispatched,2026-07-13,2026-07-13,42.3,AUD
2026-07,UPDATE,ok,Amazon AU,16289,250-8585825-7701466,,[Redacted],Dispatched,2026-07-13,2026-07-13,24.89,AUD
2026-07,UPDATE,ok,Amazon AU,16289,249-4561840-2531801,,[Redacted],Dispatched,2026-07-13,2026-07-13,40.65,AUD
2026-07,UPDATE,ok,Amazon AU,16289,503-5563685-1067005,,[Redacted],Dispatched,2026-07-13,2026-07-13,20.32,AUD
2026-07,UPDATE,ok,Amazon AU,16289,249-8502771-3235051,,[Redacted],Dispatched,2026-07-13,2026-07-13,19.07,AUD
2026-07,UPDATE,ok,Amazon AU,16289,250-4352520-7524622,,[Redacted],Dispatched,2026-07-12,2026-07-12,65.68,AUD
2026-07,UPDATE,ok,Amazon AU,16289,503-9615508-1339015,,[Redacted],Dispatched,2026-07-14,2026-07-14,20.31,AUD
2026-07,UPDATE,ok,Amazon AU,16289,503-5172167-7336620,,[Redacted],Dispatched,2026-07-13,2026-07-13,26.96,AUD
2026-07,UPDATE,ok,Amazon AU,16289,249-1100837-0641456,,[Redacted],Dispatched,2026-07-12,2026-07-12,22.03,AUD
2026-07,UPDATE,ok,Amazon AU,16289,503-0130083-9155822,,[Redacted],Dispatched,2026-07-13,2026-07-13,20.32,AUD
2026-07,UPDATE,ok,Amazon AU,16289,250-9349664-4323811,,[Redacted],Dispatched,2026-07-13,2026-07-13,42.3,AUD
2026-07,UPDATE,ok,Amazon AU,16289,503-9433330-1131820,,[Redacted],Dispatched,2026-07-13,2026-07-13,40.65,AUD
2026-07,UPDATE,ok,Amazon AU,16289,249-0511455-5771047,,[Redacted],Dispatched,2026-07-13,2026-07-13,16.26,AUD
2026-07,UPDATE,ok,Amazon AU,16289,503-7544472-4963834,,[Redacted],Dispatched,2026-07-12,2026-07-12,18.71,AUD
2026-07,UPDATE,ok,Amazon AU,16289,250-2284510-1024603,,[Redacted],Dispatched,2026-07-13,2026-07-13,21.98,AUD
2026-07,UPDATE,ok,Amazon AU,16289,250-1891660-4262260,,[Redacted],Dispatched,2026-07-13,2026-07-13,26.43,AUD
2026-07,UPDATE,ok,Amazon AU,16289,249-6901737-2775858,,[Redacted],Dispatched,2026-07-12,2026-07-12,9.87,AUD
2026-07,UPDATE,ok,Amazon AU,16289,249-8442327-3262202,,[Redacted],Dispatched,2026-07-12,2026-07-12,18.71,AUD
2026-07,UPDATE,ok,Amazon AU,16289,249-8818855-7421467,,[Redacted],Dispatched,2026-07-12,2026-07-12,45.31,AUD
2026-07,UPDATE,ok,Amazon AU,16289,249-3877784-0441433,,[Redacted],Dispatched,2026-07-15,2026-07-15,20.41,AUD
2026-07,UPDATE,ok,Amazon AU,16289,249-8115037-8077412,,[Redacted],Dispatched,2026-07-12,2026-07-12,20.37,AUD
2026-07,UPDATE,ok,Amazon AU,16289,250-0270403-0282274,,[Redacted],Dispatched,2026-07-13,2026-07-13,20.32,AUD
2026-07,UPDATE,ok,Amazon AU,16289,249-8672653-5506251,,[Redacted],Dispatched,2026-07-12,2026-07-12,40.74,AUD
2026-07,UPDATE,ok,Amazon AU,16289,249-6953224-3672615,,[Redacted],Dispatched,2026-07-13,2026-07-13,203.23,AUD
2026-07,UPDATE,ok,Amazon AU,16289,249-6796459-8430216,,[Redacted],Dispatched,2026-07-12,2026-07-12,19.93,AUD
2026-07,UPDATE,ok,US Geneva,5055,113-8577727-4253818,,[Redacted],Dispatched,2026-07-13,2026-07-13,78.3193,USD
2026-07,UPDATE,ok,Amazon AU,16289,503-1565793-7547024,,[Redacted],Dispatched,2026-07-12,2026-07-12,22.03,AUD
2026-07,UPDATE,ok,Amazon AU,16289,250-3828318-1063852,,[Redacted],Dispatched,2026-07-12,2026-07-12,42.4,AUD
2026-07,UPDATE,ok,Amazon AU,16289,503-4935207-1639012,,[Redacted],Dispatched,2026-07-13,2026-07-13,96.17,AUD
2026-07,UPDATE,ok,Amazon AU,16289,503-0831780-6402228,,[Redacted],Dispatched,2026-07-13,2026-07-13,20.31,AUD
2026-07,UPDATE,ok,Amazon AU,16289,250-8359412-6199841,,[Redacted],Dispatched,2026-07-12,2026-07-12,18.71,AUD
2026-07,UPDATE,ok,Amazon AU,16289,250-1615903-4008660,,[Redacted],Dispatched,2026-07-12,2026-07-12,18.71,AUD
2026-07,UPDATE,ok,Amazon AU,16289,503-2210943-0098210,,[Redacted],Dispatched,2026-07-13,2026-07-13,20.32,AUD
2026-07,UPDATE,ok,Amazon AU,16289,503-8639365-6777450,,[Redacted],Dispatched,2026-07-12,2026-07-12,18.71,AUD
2026-07,UPDATE,ok,Amazon AU,16289,250-5457384-0908667,,[Redacted],Dispatched,2026-07-13,2026-07-13,24.89,AUD
2026-07,UPDATE,ok,Amazon AU,16289,249-6806621-4702217,,[Redacted],Dispatched,2026-07-12,2026-07-12,20.37,AUD
2026-07,UPDATE,ok,Amazon AU,16289,503-1285590-9591068,,[Redacted],Dispatched,2026-07-12,2026-07-12,122.21,AUD
2026-07,UPDATE,ok,Amazon AU,16289,503-8836147-7591853,,[Redacted],Dispatched,2026-07-12,2026-07-12,18.71,AUD
2026-07,UPDATE,ok,Amazon AU,16289,249-9855961-9571048,,[Redacted],Dispatched,2026-07-13,2026-07-13,18.66,AUD
2026-07,UPDATE,ok,Amazon AU,16289,503-9788928-6731015,,[Redacted],Dispatched,2026-07-12,2026-07-12,22.03,AUD
2026-07,UPDATE,ok,Amazon AU,16289,503-2192264-5728657,,[Redacted],Dispatched,2026-07-11,2026-07-11,18.68,AUD
2026-07,UPDATE,ok,Amazon AU,16289,250-9238711-1158245,,[Redacted],Dispatched,2026-07-12,2026-07-12,24.94,AUD
2026-07,UPDATE,ok,Amazon AU,16289,250-6648449-9902208,,[Redacted],Dispatched,2026-07-11,2026-07-11,9.96,AUD
2026-07,UPDATE,ok,Amazon AU,16289,250-1554376-7802269,,[Redacted],Dispatched,2026-07-12,2026-07-12,20.37,AUD
2026-07,UPDATE,ok,Amazon AU,16289,249-7088116-0191025,,[Redacted],Dispatched,2026-07-12,2026-07-12,31.18,AUD
2026-07,UPDATE,ok,Amazon AU,16289,250-7225018-3063007,,[Redacted],Dispatched,2026-07-11,2026-07-11,9.96,AUD
2026-07,UPDATE,ok,Amazon AU,16289,503-6505181-4617406,,[Redacted],Dispatched,2026-07-11,2026-07-11,20.34,AUD
2026-07,UPDATE,ok,Amazon AU,16289,250-2918695-4679868,,[Redacted],Dispatched,2026-07-11,2026-07-11,16.27,AUD
2026-07,UPDATE,ok,Amazon AU,16289,249-5627260-4123827,,[Redacted],Dispatched,2026-07-11,2026-07-11,20.34,AUD
2026-07,UPDATE,ok,Amazon AU,16289,249-8835172-8902222,,[Redacted],Dispatched,2026-07-11,2026-07-11,62.67,AUD
2026-07,UPDATE,ok,Amazon AU,16289,250-5837587-9760641,,[Redacted],Dispatched,2026-07-11,2026-07-11,24.15,AUD
2026-07,UPDATE,ok,Amazon AU,16289,249-2981779-7788625,,[Redacted],Dispatched,2026-07-11,2026-07-11,12.45,AUD
2026-07,UPDATE,ok,Amazon AU,16289,249-0733356-4651831,,[Redacted],Dispatched,2026-07-11,2026-07-11,43.66,AUD
2026-07,UPDATE,ok,Amazon AU,16289,250-5164966-9358221,,[Redacted],Dispatched,2026-07-11,2026-07-11,44,AUD
2026-07,UPDATE,ok,Amazon AU,16289,250-2130066-1367015,,[Redacted],Dispatched,2026-07-12,2026-07-12,46.97,AUD
2026-07,UPDATE,ok,Amazon AU,16289,503-6207470-5394209,,[Redacted],Dispatched,2026-07-11,2026-07-11,18.68,AUD
2026-07,UPDATE,ok,Amazon AU,16289,250-2032332-6542239,,[Redacted],Dispatched,2026-07-11,2026-07-11,20.34,AUD
2026-07,UPDATE,ok,Amazon AU,16289,250-4982797-5068652,,[Redacted],Dispatched,2026-07-11,2026-07-11,13.38,AUD
2026-07,UPDATE,ok,Amazon AU,16289,250-5272421-4433444,,[Redacted],Dispatched,2026-07-11,2026-07-11,18.68,AUD
2026-07,UPDATE,ok,Amazon AU,16289,250-6867335-6262214,,[Redacted],Dispatched,2026-07-12,2026-07-12,12.47,AUD
2026-07,UPDATE,ok,Amazon AU,16289,250-8143987-2298244,,[Redacted],Dispatched,2026-07-13,2026-07-13,20.32,AUD
2026-07,UPDATE,ok,Amazon AU,16289,503-6926160-0970269,,[Redacted],Dispatched,2026-07-11,2026-07-11,37.35,AUD
2026-07,UPDATE,ok,Amazon AU,16289,503-5648097-4734253,,[Redacted],Dispatched,2026-07-11,2026-07-11,20.34,AUD
2026-07,UPDATE,ok,Amazon AU,16289,250-9551317-3947054,,[Redacted],Dispatched,2026-07-10,2026-07-10,9.93,AUD
2026-07,UPDATE,ok,Amazon AU,16289,503-0622161-6488625,,[Redacted],Dispatched,2026-07-11,2026-07-11,32.79,AUD
2026-07,UPDATE,ok,Amazon AU,16289,503-4749751-9867841,,[Redacted],Dispatched,2026-07-11,2026-07-11,22,AUD
2026-07,UPDATE,ok,Amazon AU,16289,249-9528929-3411061,,[Redacted],Dispatched,2026-07-10,2026-07-10,18.63,AUD
2026-07,UPDATE,ok,Amazon AU,16289,249-7493129-3552609,,[Redacted],Dispatched,2026-07-10,2026-07-10,18.63,AUD
2026-07,UPDATE,ok,Amazon AU,16289,250-9984170-3656624,,[Redacted],Dispatched,2026-07-11,2026-07-11,20.34,AUD
2026-07,UPDATE,ok,Amazon AU,16289,249-5906720-9567067,,[Redacted],Dispatched,2026-07-11,2026-07-11,18.68,AUD
2026-07,UPDATE,ok,Amazon AU,16289,250-5105038-9126237,,[Redacted],Dispatched,2026-07-10,2026-07-10,18.63,AUD
2026-07,UPDATE,ok,Amazon AU,16289,250-6801700-8841441,,[Redacted],Dispatched,2026-07-11,2026-07-11,22,AUD
2026-07,UPDATE,ok,Amazon AU,16289,503-0209157-3152660,,[Redacted],Dispatched,2026-07-10,2026-07-10,12.42,AUD
2026-07,UPDATE,ok,Amazon AU,16289,503-9052419-3705454,,[Redacted],Dispatched,2026-07-11,2026-07-11,20.34,AUD
2026-07,UPDATE,ok,Amazon AU,16289,250-5433868-4335064,,[Redacted],Dispatched,2026-07-12,2026-07-12,61.1,AUD
2026-07,UPDATE,ok,Amazon AU,16289,249-7652088-0011832,,[Redacted],Dispatched,2026-07-10,2026-07-10,20.28,AUD
2026-07,UPDATE,ok,Amazon AU,16289,250-1710078-3591036,,[Redacted],Dispatched,2026-07-10,2026-07-10,18.63,AUD
2026-07,UPDATE,ok,Amazon AU,16289,250-1680120-2303800,,[Redacted],Dispatched,2026-07-10,2026-07-10,18.63,AUD
2026-07,UPDATE,ok,Amazon AU,16289,249-2388861-5110252,,[Redacted],Dispatched,2026-07-10,2026-07-10,18.63,AUD
2026-07,UPDATE,ok,Amazon AU,16289,S03-3543803-4267203,,[Redacted],Dispatched,2026-07-09,2026-07-09,0,GBP
2026-07,UPDATE,ok,US Geneva,5055,US-2162425,,,Dispatched,2026-07-09,2026-07-09,59.7305,USD
2026-07,UPDATE,ok,Amazon AU,16289,503-2204090-5694245,,[Redacted],Dispatched,2026-07-10,2026-07-10,20.28,AUD
2026-07,UPDATE,ok,Amazon AU,16289,249-6443498-3560659,,[Redacted],Dispatched,2026-07-10,2026-07-10,37.26,AUD
2026-07,UPDATE,ok,Amazon AU,16289,503-6580181-7708643,,[Redacted],Dispatched,2026-07-10,2026-07-10,16.56,AUD
2026-07,UPDATE,ok,Amazon AU,16289,503-0466821-7579054,,[Redacted],Dispatched,2026-07-10,2026-07-10,12.42,AUD
2026-07,UPDATE,ok,Amazon AU,16289,249-5236190-6255853,,[Redacted],Dispatched,2026-07-11,2026-07-11,61.01,AUD
2026-07,UPDATE,ok,Amazon AU,16289,249-1810163-0316644,,[Redacted],Dispatched,2026-07-11,2026-07-11,20.34,AUD
2026-07,UPDATE,ok,Amazon AU,16289,250-0551949-7951044,,[Redacted],Dispatched,2026-07-10,2026-07-10,18.63,AUD
2026-07,UPDATE,ok,Amazon AU,16289,503-1479752-7009449,,[Redacted],Dispatched,2026-07-10,2026-07-10,9.93,AUD
2026-07,UPDATE,ok,Amazon AU,16289,503-3119214-3253424,,[Redacted],Dispatched,2026-07-11,2026-07-11,40.68,AUD
2026-07,UPDATE,ok,Amazon AU,16289,503-1089618-0675000,,[Redacted],Dispatched,2026-07-10,2026-07-10,37.26,AUD
2026-07,UPDATE,ok,Amazon AU,16289,503-5021182-4972603,,[Redacted],Dispatched,2026-07-10,2026-07-10,5.07,AUD
2026-07,UPDATE,ok,Amazon AU,16289,249-5658619-3577400,,[Redacted],Dispatched,2026-07-10,2026-07-10,20.28,AUD
2026-07,UPDATE,ok,Amazon AU,16289,249-2575130-9276633,,[Redacted],Dispatched,2026-07-11,2026-07-11,9.96,AUD
2026-07,UPDATE,ok,Amazon AU,16289,250-4418929-3325467,,[Redacted],Dispatched,2026-07-10,2026-07-10,55.88,AUD
2026-07,UPDATE,ok,Amazon AU,16289,503-0581899-4406236,,[Redacted],Dispatched,2026-07-09,2026-07-09,22.78,AUD
2026-07,UPDATE,ok,Amazon AU,16289,250-4243436-9010236,,[Redacted],Dispatched,2026-07-13,2026-07-13,31.11,AUD
2026-07,UPDATE,ok,Amazon AU,16289,503-4167027-8454237,,[Redacted],Dispatched,2026-07-11,2026-07-11,9.85,AUD
2026-07,UPDATE,ok,Amazon AU,16289,249-9442957-6325414,,[Redacted],Dispatched,2026-07-09,2026-07-09,18.64,AUD
2026-07,UPDATE,ok,Amazon AU,16289,503-4016036-7567065,,[Redacted],Dispatched,2026-07-10,2026-07-10,20.29,AUD
2026-07,UPDATE,ok,Amazon AU,16289,503-0323642-7613422,,[Redacted],Dispatched,2026-07-10,2026-07-10,20.28,AUD
2026-07,UPDATE,ok,Amazon AU,16289,250-7531002-0668631,,[Redacted],Dispatched,2026-07-09,2026-07-09,8.28,AUD
2026-07,UPDATE,ok,Amazon AU,16289,503-9135983-7636611,,[Redacted],Dispatched,2026-07-10,2026-07-10,20.28,AUD
2026-07,UPDATE,ok,Amazon AU,16289,250-0467293-6727838,,[Redacted],Dispatched,2026-07-10,2026-07-10,20.28,AUD
2026-07,UPDATE,ok,Amazon AU,16289,250-9018305-0199011,,[Redacted],Dispatched,2026-07-10,2026-07-10,20.28,AUD
2026-07,UPDATE,ok,Amazon AU,16289,503-4603709-8018265,,[Redacted],Dispatched,2026-07-10,2026-07-10,18.63,AUD
2026-07,UPDATE,ok,Amazon AU,16289,503-3931649-6752621,,[Redacted],Dispatched,2026-07-10,2026-07-10,18.63,AUD
2026-07,UPDATE,ok,Amazon AU,16289,249-3988254-6725439,,[Redacted],Dispatched,2026-07-10,2026-07-10,16.56,AUD
2026-07,UPDATE,ok,Amazon AU,16289,250-4881196-9963029,,[Redacted],Dispatched,2026-07-10,2026-07-10,18.63,AUD
2026-07,UPDATE,ok,Amazon AU,16289,249-2179470-0389411,,[Redacted],Dispatched,2026-07-10,2026-07-10,42.23,AUD
2026-07,UPDATE,ok,Amazon AU,16289,503-0371016-9324641,,[Redacted],Dispatched,2026-07-09,2026-07-09,20.29,AUD
2026-07,UPDATE,ok,Amazon AU,16289,250-6757736-6359053,,[Redacted],Dispatched,2026-07-10,2026-07-10,20.28,AUD
2026-07,UPDATE,ok,Amazon AU,16289,503-6599556-5667001,,[Redacted],Dispatched,2026-07-09,2026-07-09,20.29,AUD
2026-07,UPDATE,ok,Amazon AU,16289,503-6408338-5415835,,[Redacted],Dispatched,2026-07-09,2026-07-09,20.29,AUD
2026-07,UPDATE,ok,Amazon AU,16289,249-4932990-2781430,,[Redacted],Dispatched,2026-07-09,2026-07-09,18.64,AUD
2026-07,UPDATE,ok,Amazon AU,16289,503-0177730-8294252,,[Redacted],Dispatched,2026-07-09,2026-07-09,9.94,AUD
2026-07,UPDATE,ok,Amazon AU,16289,250-4751692-0067859,,[Redacted],Dispatched,2026-07-09,2026-07-09,81.18,AUD
2026-07,UPDATE,ok,Amazon AU,16289,503-1097769-0831810,,[Redacted],Dispatched,2026-07-11,2026-07-11,22.83,AUD
2026-07,UPDATE,ok,Amazon AU,16289,250-0660016-6495024,,[Redacted],Dispatched,2026-07-09,2026-07-09,24.84,AUD
2026-07,UPDATE,ok,Amazon AU,16289,250-8241313-8842245,,[Redacted],Dispatched,2026-07-08,2026-07-08,9.94,AUD
2026-07,UPDATE,ok,Amazon AU,16289,249-6504132-4027057,,[Redacted],Dispatched,2026-07-09,2026-07-09,19.87,AUD
2026-07,UPDATE,ok,Amazon AU,16289,249-2343002-6290219,,[Redacted],Dispatched,2026-07-10,2026-07-10,18.63,AUD
2026-07,UPDATE,ok,Amazon AU,16289,249-6468736-6512630,,[Redacted],Dispatched,2026-07-09,2026-07-09,21.95,AUD
2026-07,UPDATE,ok,Amazon AU,16289,503-0642912-8549452,,[Redacted],Dispatched,2026-07-09,2026-07-09,22.36,AUD
2026-07,UPDATE,ok,Amazon AU,16289,249-4962299-2981442,,[Redacted],Dispatched,2026-07-09,2026-07-09,42.25,AUD
2026-07,UPDATE,ok,Amazon AU,16289,249-6428293-1933419,,[Redacted],Dispatched,2026-07-09,2026-07-09,40.59,AUD
2026-07,UPDATE,ok,Amazon AU,16289,249-9243125-5263845,,[Redacted],Dispatched,2026-07-09,2026-07-09,21.95,AUD
2026-07,UPDATE,ok,Amazon AU,16289,503-2558525-6810243,,[Redacted],Dispatched,2026-07-10,2026-07-10,9.93,AUD
2026-07,UPDATE,ok,Amazon AU,16289,503-5982950-2367004,,[Redacted],Dispatched,2026-07-08,2026-07-08,40.65,AUD
2026-07,UPDATE,ok,Amazon AU,16289,249-5033822-5751851,,[Redacted],Dispatched,2026-07-09,2026-07-09,9.83,AUD
2026-07,UPDATE,ok,Amazon AU,16289,250-4556325-3052634,,[Redacted],Dispatched,2026-07-09,2026-07-09,18.64,AUD
2026-07,UPDATE,ok,Amazon AU,16289,249-2765808-0371020,,[Redacted],Dispatched,2026-07-09,2026-07-09,20.29,AUD
2026-07,UPDATE,ok,Amazon AU,16289,503-8896998-9735038,,[Redacted],Dispatched,2026-07-09,2026-07-09,40.59,AUD
2026-07,UPDATE,ok,Amazon AU,16289,250-5353398-5055855,,[Redacted],Dispatched,2026-07-09,2026-07-09,20.29,AUD
2026-07,UPDATE,ok,Amazon AU,16289,250-6739861-0997401,,[Redacted],Dispatched,2026-07-09,2026-07-09,41.42,AUD
2026-07,UPDATE,ok,Amazon AU,16289,503-1461427-4039851,,[Redacted],Dispatched,2026-07-08,2026-07-08,20.29,AUD
2026-07,UPDATE,ok,Amazon AU,16289,249-6015662-1994239,,[Redacted],Dispatched,2026-07-09,2026-07-09,9.94,AUD
2026-07,UPDATE,ok,Amazon AU,16289,250-3291046-0504644,,[Redacted],Dispatched,2026-07-10,2026-07-10,9.93,AUD
2026-07,UPDATE,ok,Amazon AU,16289,249-4252407-4223019,,[Redacted],Dispatched,2026-07-09,2026-07-09,40.59,AUD
2026-07,UPDATE,ok,Amazon AU,16289,250-9896149-7515059,,[Redacted],Dispatched,2026-07-09,2026-07-09,10.14,AUD
2026-07,UPDATE,ok,Amazon AU,16289,250-4500001-1436632,,[Redacted],Dispatched,2026-07-09,2026-07-09,37.27,AUD
2026-07,UPDATE,ok,Amazon AU,16289,503-5951672-3020636,,[Redacted],Dispatched,2026-07-09,2026-07-09,21.96,AUD
2026-07,UPDATE,ok,Amazon AU,16289,503-4608103-3670226,,[Redacted],Dispatched,2026-07-08,2026-07-08,20.33,AUD
2026-07,UPDATE,ok,AU,17489,AU-139566,,,Dispatched,2026-07-09,2026-07-09,80.45,AUD
2026-07,UPDATE,ok,Amazon AU,16289,503-8336123-9832610,,[Redacted],Dispatched,2026-07-09,2026-07-09,20.29,AUD
2026-07,UPDATE,ok,Amazon AU,16289,250-5381724-1932659,,[Redacted],Dispatched,2026-07-08,2026-07-08,5.08,AUD
2026-07,UPDATE,ok,Amazon AU,16289,503-9461954-4287016,,[Redacted],Dispatched,2026-07-11,2026-07-11,56.03,AUD
2026-07,UPDATE,ok,Amazon AU,16289,503-3123441-3529427,,[Redacted],Dispatched,2026-07-08,2026-07-08,18.67,AUD
2026-07,UPDATE,ok,Amazon AU,16289,249-9040936-2474261,,[Redacted],Dispatched,2026-07-08,2026-07-08,31.11,AUD
2026-07,UPDATE,ok,Amazon AU,16289,250-7557926-4565441,,[Redacted],Dispatched,2026-07-12,2026-07-12,28.58,AUD
2026-07,UPDATE,ok,Amazon AU,16289,503-7575481-5792622,,[Redacted],Dispatched,2026-07-08,2026-07-08,20.33,AUD
2026-07,UPDATE,ok,Amazon AU,16289,249-3968805-4764667,,[Redacted],Dispatched,2026-07-08,2026-07-08,18.67,AUD
2026-07,UPDATE,ok,Amazon AU,16289,503-5776156-8159812,,[Redacted],Dispatched,2026-07-08,2026-07-08,14.17,AUD
2026-07,UPDATE,ok,Amazon AU,16289,249-6235004-8430236,,[Redacted],Dispatched,2026-07-08,2026-07-08,20.33,AUD
2026-07,UPDATE,ok,Amazon AU,16289,250-4915614-3578236,,[Redacted],Dispatched,2026-07-09,2026-07-09,37.27,AUD
2026-07,UPDATE,ok,Amazon AU,16289,503-6148500-6263860,,[Redacted],Dispatched,2026-07-09,2026-07-09,20.29,AUD
2026-07,UPDATE,ok,Amazon AU,16289,249-3227947-6403818,,[Redacted],Dispatched,2026-07-08,2026-07-08,20.33,AUD
2026-07,UPDATE,ok,Amazon AU,16289,249-4124985-6819844,,[Redacted],Dispatched,2026-07-08,2026-07-08,22.82,AUD
2026-07,UPDATE,ok,Amazon AU,16289,503-3731880-4942260,,[Redacted],Dispatched,2026-07-08,2026-07-08,12.44,AUD
2026-07,UPDATE,ok,Amazon AU,16289,250-4933589-3054262,,[Redacted],Dispatched,2026-07-07,2026-07-07,24.17,AUD
2026-07,UPDATE,ok,Amazon AU,16289,250-0134055-9011053,,[Redacted],Dispatched,2026-07-08,2026-07-08,16.59,AUD
2026-07,UPDATE,ok,Amazon AU,16289,503-8271339-8459035,,[Redacted],Dispatched,2026-07-08,2026-07-08,37.33,AUD
2026-07,UPDATE,ok,Amazon AU,16289,503-9987986-7613442,,[Redacted],Dispatched,2026-07-10,2026-07-10,9.93,AUD
2026-07,UPDATE,ok,Amazon AU,16289,249-7599974-7300613,,[Redacted],Dispatched,2026-07-08,2026-07-08,38.99,AUD
2026-07,UPDATE,ok,Amazon AU,16289,503-5770395-4898215,,[Redacted],Dispatched,2026-07-08,2026-07-08,10.16,AUD
2026-07,UPDATE,ok,Amazon AU,16289,249-6284711-9765444,,[Redacted],Dispatched,2026-07-07,2026-07-07,12.46,AUD
2026-07,UPDATE,ok,Amazon AU,16289,503-1330188-3483057,,[Redacted],Dispatched,2026-07-07,2026-07-07,20.35,AUD
2026-07,UPDATE,ok,Amazon AU,16289,249-8379622-7524631,,[Redacted],Dispatched,2026-07-11,2026-07-11,9.96,AUD
2026-07,UPDATE,ok,Amazon AU,16289,249-1478694-8453424,,[Redacted],Dispatched,2026-07-08,2026-07-08,40.65,AUD
2026-07,UPDATE,ok,UK,5053,UK-853382,,,Dispatched,2026-07-07,2026-07-07,100,GBP
2026-07,UPDATE,ok,Amazon AU,16289,503-7051532-3321434,,[Redacted],Dispatched,2026-07-08,2026-07-08,20.33,AUD
2026-07,UPDATE,ok,Amazon AU,16289,250-5039065-9735051,,[Redacted],Dispatched,2026-07-07,2026-07-07,39.04,AUD
2026-07,UPDATE,ok,Amazon AU,16289,250-7415180-4320637,,[Redacted],Dispatched,2026-07-08,2026-07-08,18.67,AUD
2026-07,UPDATE,ok,Amazon AU,16289,249-4733448-8452643,,[Redacted],Dispatched,2026-07-08,2026-07-08,20.33,AUD
2026-07,UPDATE,ok,Amazon AU,16289,250-4316629-6043861,,[Redacted],Dispatched,2026-07-07,2026-07-07,20.35,AUD
2026-07,UPDATE,ok,Amazon AU,16289,250-6186471-4024652,,[Redacted],Dispatched,2026-07-09,2026-07-09,5.07,AUD
2026-07,UPDATE,ok,Amazon AU,16289,250-2991689-2784646,,[Redacted],Dispatched,2026-07-07,2026-07-07,40.7,AUD
2026-07,UPDATE,ok,Amazon AU,16289,249-7419278-6022223,,[Redacted],Dispatched,2026-07-07,2026-07-07,40.7,AUD
2026-07,UPDATE,ok,Amazon AU,16289,503-2439047-7017439,,[Redacted],Dispatched,2026-07-07,2026-07-07,22.42,AUD
2026-07,UPDATE,ok,Amazon AU,16289,249-0899339-5831832,,[Redacted],Dispatched,2026-07-07,2026-07-07,18.69,AUD
2026-07,UPDATE,ok,Amazon AU,16289,503-4210114-1127049,,[Redacted],Dispatched,2026-07-07,2026-07-07,5.08,AUD
2026-07,UPDATE,ok,Amazon AU,16289,250-4921657-7150263,,[Redacted],Dispatched,2026-07-07,2026-07-07,18.47,AUD
2026-07,UPDATE,ok,Amazon AU,16289,249-9065592-7151008,,[Redacted],Dispatched,2026-07-07,2026-07-07,19.52,AUD
2026-07,UPDATE,ok,Amazon AU,16289,249-1006851-0459800,,[Redacted],Dispatched,2026-07-07,2026-07-07,20.35,AUD
2026-07,UPDATE,ok,Amazon AU,16289,503-9988089-2279021,,[Redacted],Dispatched,2026-07-07,2026-07-07,24.92,AUD
2026-07,UPDATE,ok,Amazon AU,16289,249-7046932-6787066,,[Redacted],Dispatched,2026-07-07,2026-07-07,18.69,AUD
2026-07,UPDATE,ok,Amazon AU,16289,250-0706829-8699065,,[Redacted],Dispatched,2026-07-07,2026-07-07,16.61,AUD
2026-07,UPDATE,ok,Amazon AU,16289,503-5089865-2498234,,[Redacted],Dispatched,2026-07-07,2026-07-07,16.61,AUD
2026-07,UPDATE,ok,Amazon AU,16289,250-2982021-2844664,,[Redacted],Dispatched,2026-07-07,2026-07-07,9.96,AUD
2026-07,UPDATE,ok,Amazon AU,16289,249-1951347-9962202,,[Redacted],Dispatched,2026-07-07,2026-07-07,18.69,AUD
2026-07,UPDATE,ok,Amazon AU,16289,250-9167720-2975037,,[Redacted],Dispatched,2026-07-07,2026-07-07,16.61,AUD
2026-07,UPDATE,ok,Amazon AU,16289,249-1163056-2727807,,[Redacted],Dispatched,2026-07-06,2026-07-06,31.17,AUD
2026-07,UPDATE,ok,UK,5053,UK-852734,,GREENREDEEM LTD,Dispatched,2026-07-06,2026-07-06,50,GBP
2026-07,UPDATE,ok,UK,5053,UK-852663,,GREENREDEEM LTD,Dispatched,2026-07-06,2026-07-06,50,GBP
2026-07,UPDATE,ok,UK,5053,UK-852649,,GREENREDEEM LTD,Dispatched,2026-07-06,2026-07-06,50,GBP
2026-07,UPDATE,ok,UK,5053,UK-852645,,GREENREDEEM LTD,Dispatched,2026-07-06,2026-07-06,50,GBP
2026-07,UPDATE,ok,UK,5053,UK-852636,,GREENREDEEM LTD,Dispatched,2026-07-06,2026-07-06,50,GBP
2026-07,DTC-REPORT-ONLY,(excluded),Direct to Client,5051,D25312-4,PO-55UKLX-AW26-3,Dock & Bay,Dispatched,2026-07-03,,763.2,GBP
2026-07,UPDATE,ok,Amazon AU,16289,249-3276359-3307006,,[Redacted],Dispatched,2026-07-06,2026-07-06,17.66,AUD
2026-07,UPDATE,ok,Amazon AU,16289,249-5945499-4403861,,[Redacted],Dispatched,2026-07-06,2026-07-06,20.37,AUD
2026-07,UPDATE,ok,Amazon AU,16289,503-0636589-4257465,,[Redacted],Dispatched,2026-07-06,2026-07-06,31.17,AUD
2026-07,UPDATE,ok,Amazon AU,16289,250-0570593-5146229,,[Redacted],Dispatched,2026-07-06,2026-07-06,7.27,AUD
2026-07,UPDATE,ok,Amazon AU,16289,249-0249628-3891001,,[Redacted],Dispatched,2026-07-06,2026-07-06,33.76,AUD
2026-07,UPDATE,ok,Amazon AU,16289,249-1124131-6914248,,[Redacted],Dispatched,2026-07-06,2026-07-06,31.17,AUD
2026-07,UPDATE,ok,Amazon AU,16289,503-0084074-2753416,,[Redacted],Dispatched,2026-07-06,2026-07-06,31.17,AUD
2026-07,UPDATE,ok,Amazon AU,16289,250-7694210-5972664,,[Redacted],Dispatched,2026-07-06,2026-07-06,16.62,AUD
2026-07,UPDATE,ok,Amazon AU,16289,249-2520491-8001406,,[Redacted],Dispatched,2026-07-07,2026-07-07,59.71,AUD
2026-07,UPDATE,ok,Amazon AU,16289,503-0316297-0387824,,[Redacted],Dispatched,2026-07-06,2026-07-06,31.17,AUD
2026-07,UPDATE,ok,Amazon AU,16289,503-7993035-8323827,,[Redacted],Dispatched,2026-07-06,2026-07-06,20.37,AUD
2026-07,UPDATE,ok,Amazon AU,16289,250-8492674-4992665,,[Redacted],Dispatched,2026-07-06,2026-07-06,28.57,AUD
2026-07,UPDATE,ok,Amazon AU,16289,503-5360006-7097430,,[Redacted],Dispatched,2026-07-06,2026-07-06,31.17,AUD
2026-07,UPDATE,ok,Amazon AU,16289,249-6989980-0685460,,[Redacted],Dispatched,2026-07-05,2026-07-05,23.29,AUD
2026-07,UPDATE,ok,Amazon AU,16289,249-3926187-7120667,,[Redacted],Dispatched,2026-07-05,2026-07-05,31.05,AUD
2026-07,UPDATE,ok,Amazon AU,16289,503-9388415-6247840,,[Redacted],Dispatched,2026-07-05,2026-07-05,28.46,AUD
2026-07,UPDATE,ok,Amazon AU,16289,250-9797138-8403804,,[Redacted],Dispatched,2026-07-05,2026-07-05,12.42,AUD
2026-07,UPDATE,ok,Amazon AU,16289,503-2460857-9315059,,[Redacted],Dispatched,2026-07-05,2026-07-05,31.05,AUD
2026-07,UPDATE,ok,Amazon AU,16289,503-9989333-7791803,,[Redacted],Dispatched,2026-07-06,2026-07-06,31.17,AUD
2026-07,UPDATE,ok,Amazon AU,16289,250-3842005-4614218,,[Redacted],Dispatched,2026-07-05,2026-07-05,31.05,AUD
2026-07,UPDATE,ok,Amazon AU,16289,249-1329175-4463034,,[Redacted],Dispatched,2026-07-06,2026-07-06,28.57,AUD
2026-07,UPDATE,ok,Amazon AU,16289,503-8382950-5284637,,[Redacted],Dispatched,2026-07-05,2026-07-05,31.05,AUD
2026-07,UPDATE,ok,Amazon AU,16289,503-8233274-6943823,,[Redacted],Dispatched,2026-07-06,2026-07-06,33.76,AUD
2026-07,UPDATE,ok,Amazon AU,16289,503-1205052-0422244,,[Redacted],Dispatched,2026-07-05,2026-07-05,15.52,AUD
2026-07,UPDATE,ok,Amazon AU,16289,250-2938572-5249410,,[Redacted],Dispatched,2026-07-07,2026-07-07,31.15,AUD
2026-07,UPDATE,ok,Amazon AU,16289,250-6129410-2493407,,[Redacted],Dispatched,2026-07-05,2026-07-05,28.46,AUD
2026-07,UPDATE,ok,Amazon AU,16289,250-1157513-2487824,,[Redacted],Dispatched,2026-07-05,2026-07-05,56.54,AUD
2026-07,UPDATE,ok,Amazon AU,16289,249-2535703-3634257,,[Redacted],Dispatched,2026-07-04,2026-07-04,14.78,AUD
2026-07,UPDATE,ok,Amazon AU,16289,503-4239807-2469450,,[Redacted],Dispatched,2026-07-05,2026-07-05,28.46,AUD
2026-07,UPDATE,ok,Amazon AU,16289,503-9457533-9091050,,[Redacted],Dispatched,2026-07-04,2026-07-04,88.71,AUD
2026-07,UPDATE,ok,Amazon AU,16289,250-7088080-0715045,,[Redacted],Dispatched,2026-07-04,2026-07-04,31.05,AUD
2026-07,UPDATE,ok,Amazon AU,16289,503-0467879-0409419,,[Redacted],Dispatched,2026-07-04,2026-07-04,31.54,AUD
2026-07,UPDATE,ok,Amazon AU,16289,250-8927144-0599004,,[Redacted],Dispatched,2026-07-05,2026-07-05,31.05,AUD
2026-07,UPDATE,ok,Amazon AU,16289,249-1419697-6089455,,[Redacted],Dispatched,2026-07-04,2026-07-04,25.62,AUD
2026-07,UPDATE,ok,Amazon AU,16289,249-0103193-5972647,,[Redacted],Dispatched,2026-07-06,2026-07-06,12.46,AUD
2026-07,UPDATE,ok,Amazon AU,16289,250-8951371-0104605,,[Redacted],Dispatched,2026-07-05,2026-07-05,15.58,AUD
2026-07,UPDATE,ok,Amazon AU,16289,249-9793337-4072650,,[Redacted],Dispatched,2026-07-03,2026-07-03,31.1,AUD
2026-07,UPDATE,ok,UK,5053,UK-850273,,,Dispatched,2026-07-03,2026-07-03,20,GBP
2026-07,UPDATE,ok,UK,5053,UK-850203,,GREENREDEEM LTD,Dispatched,2026-07-03,2026-07-03,50,GBP
2026-07,UPDATE,ok,UK,5053,UK-850199,,GREENREDEEM LTD,Dispatched,2026-07-03,2026-07-03,50,GBP
2026-07,UPDATE,ok,Amazon AU,16289,249-0580035-8087062,,[Redacted],Dispatched,2026-07-04,2026-07-04,59.14,AUD
2026-07,UPDATE,ok,Amazon AU,16289,250-3623285-3667861,,[Redacted],Dispatched,2026-07-03,2026-07-03,54.16,AUD
2026-07,UPDATE,ok,Amazon AU,16289,250-1476158-3140611,,[Redacted],Dispatched,2026-07-03,2026-07-03,28.51,AUD
2026-07,UPDATE,ok,Amazon AU,16289,250-1446995-7171029,,[Redacted],Dispatched,2026-07-04,2026-07-04,31.13,AUD
2026-07,UPDATE,ok,Amazon AU,16289,250-2891232-9135061,,[Redacted],Dispatched,2026-07-04,2026-07-04,28.53,AUD
2026-07,UPDATE,ok,Amazon AU,16289,503-6505953-1488657,,[Redacted],Dispatched,2026-07-03,2026-07-03,91.91,AUD
2026-07,UPDATE,ok,Amazon AU,16289,503-6845983-7674262,,[Redacted],Dispatched,2026-07-03,2026-07-03,31.1,AUD
2026-07,UPDATE,ok,Amazon AU,16289,S03-8218597-5787100,,[Redacted],Dispatched,2026-07-02,2026-07-02,0,GBP
2026-07,UPDATE,ok,Amazon AU,16289,250-9553568-6406204,,[Redacted],Dispatched,2026-07-03,2026-07-03,31.1,AUD
2026-07,UPDATE,ok,Amazon AU,16289,250-5718509-3367053,,[Redacted],Dispatched,2026-07-02,2026-07-02,23.34,AUD
2026-07,UPDATE,ok,Amazon AU,16289,503-0878697-5985410,,[Redacted],Dispatched,2026-07-03,2026-07-03,28.51,AUD
2026-07,UPDATE,ok,AU,17489,AU-139376,,,Dispatched,2026-07-08,2026-07-08,38.2,AUD
2026-07,UPDATE,ok,Amazon AU,16289,250-8113347-4019022,,[Redacted],Dispatched,2026-07-02,2026-07-02,28.53,AUD
2026-07,UPDATE,ok,Amazon AU,16289,249-7279835-3556636,,[Redacted],Dispatched,2026-07-02,2026-07-02,20.34,AUD
2026-07,UPDATE,ok,Amazon AU,16289,503-2440249-0015001,,[Redacted],Dispatched,2026-07-02,2026-07-02,28.53,AUD
2026-07,UPDATE,ok,Amazon AU,16289,249-3902629-3719035,,[Redacted],Dispatched,2026-07-02,2026-07-02,28.53,AUD
2026-07,UPDATE,ok,Amazon AU,16289,503-4201973-3169401,,[Redacted],Dispatched,2026-07-02,2026-07-02,16.6,AUD
2026-07,UPDATE,ok,Amazon AU,16289,249-4414096-5719041,,[Redacted],Dispatched,2026-07-03,2026-07-03,20.32,AUD
2026-07,UPDATE,ok,Amazon AU,16289,250-9679001-1491823,,[Redacted],Dispatched,2026-07-03,2026-07-03,31.1,AUD
2026-07,UPDATE,ok,Amazon AU,16289,250-4286329-4471820,,[Redacted],Dispatched,2026-07-01,2026-07-01,84.25,AUD
2026-07,UPDATE,ok,Amazon AU,16289,250-8241152-3181414,,[Redacted],Dispatched,2026-07-04,2026-07-04,16.6,AUD
2026-07,UPDATE,ok,Amazon AU,16289,503-5963413-3527060,,[Redacted],Dispatched,2026-07-01,2026-07-01,97.29,AUD
2026-07,UPDATE,ok,Amazon AU,16289,503-6467595-7184620,,[Redacted],Dispatched,2026-07-01,2026-07-01,28.69,AUD
2026-07,UPDATE,ok,Amazon AU,16289,249-2662347-6775818,,[Redacted],Dispatched,2026-07-01,2026-07-01,7.3,AUD
2026-07,UPDATE,ok,Amazon AU,16289,503-5764703-5397454,,[Redacted],Dispatched,2026-07-02,2026-07-02,15.56,AUD
2026-07,UPDATE,ok,Amazon AU,16289,250-3060460-4215823,,[Redacted],Dispatched,2026-07-01,2026-07-01,12.88,AUD
2026-07,UPDATE,ok,Amazon AU,16289,503-4718106-7319849,,[Redacted],Dispatched,2026-07-01,2026-07-01,31.71,AUD
2026-07,UPDATE,ok,Amazon AU,16289,249-3106870-8182250,,[Redacted],Dispatched,2026-07-01,2026-07-01,54.51,AUD
2026-07,UPDATE,ok,Amazon AU,16289,249-0899402-7637446,,[Redacted],Dispatched,2026-07-01,2026-07-01,28.69,AUD
2026-07,UPDATE,ok,AU,17489,AU-139337,,,Dispatched,2026-07-02,2026-07-02,36.65,AUD
2026-07,UPDATE,ok,Amazon AU,16289,250-8406609-3551060,,[Redacted],Dispatched,2026-07-01,2026-07-01,20.45,AUD
2026-07,UPDATE,ok,Amazon AU,16289,250-5278279-4221404,,[Redacted],Dispatched,2026-07-01,2026-07-01,23.78,AUD
2026-07,UPDATE,ok,US Geneva,5055,US-2161058,,,Dispatched,2026-07-01,2026-07-01,68.32,USD
2026-07,UPDATE,ok,US Geneva,5055,US-2161055,,,Dispatched,2026-07-08,2026-07-08,121.1,USD
2026-07,UPDATE,ok,US Geneva,5055,US-2161053,,,Dispatched,2026-07-08,2026-07-08,87.91,USD
2026-07,UPDATE,ok,Amazon AU,16289,249-4402123-7196661,,[Redacted],Dispatched,2026-07-01,2026-07-01,29.73,AUD
2026-07,UPDATE,ok,Amazon AU,16289,250-4223972-0894213,,[Redacted],Dispatched,2026-07-02,2026-07-02,28.53,AUD
2026-07,UPDATE,ok,US Geneva,5055,US-2161043,,,Dispatched,2026-07-08,2026-07-08,144.24,USD
2026-07,UPDATE,ok,Amazon AU,16289,249-0129196-0784640,,[Redacted],Dispatched,2026-07-06,2026-07-06,56.75,AUD
2026-07,UPDATE,ok,Amazon AU,16289,249-2194640-1117442,,[Redacted],Dispatched,2026-07-01,2026-07-01,28.69,AUD
2026-07,UPDATE,ok,Amazon AU,16289,249-7094105-9142252,,[Redacted],Dispatched,2026-07-01,2026-07-01,31.3,AUD
2026-07,UPDATE,ok,Amazon AU,16289,503-3008379-3579851,,[Redacted],Dispatched,2026-07-01,2026-07-01,28.69,AUD
2026-07,UPDATE,ok,Amazon AU,16289,249-4609467-9712656,,[Redacted],Dispatched,2026-07-01,2026-07-01,28.69,AUD
2026-07,UPDATE,ok,Amazon AU,16289,250-0133124-5859069,,[Redacted],Dispatched,2026-07-01,2026-07-01,31.3,AUD
2026-07,UPDATE,ok,Amazon AU,16289,250-6246325-1268619,,[Redacted],Dispatched,2026-07-02,2026-07-02,27.1,AUD
2026-07,UPDATE,ok,AU,17489,AU-139238,,,Dispatched,2026-07-02,2026-07-02,76.39,AUD
2026-07,UPDATE,ok,Amazon AU,16289,503-2315119-5943814,,[Redacted],Dispatched,2026-07-06,2026-07-06,8.98,AUD
2026-07,UPDATE,ok,AU,17489,AU-139024,,,Dispatched,2026-07-02,2026-07-02,77.4,AUD
2026-07,UPDATE,ok,AU,17489,AU-138955,,,Dispatched,2026-07-23,2026-07-23,112.78,AUD
2026-07,DTC-REPORT-ONLY,(excluded),Direct to Client,5051,DILLARDS-3223429506,3223429506,DILLARDS,Dispatched,2026-07-16,,2750.5947,USD
2026-07,DTC-REPORT-ONLY,(excluded),Direct to Client,5051,DILLARDS-3223429505,3223429505,DILLARDS,Dispatched,2026-07-16,,14927.3418,USD
2026-07,DTC-REPORT-ONLY,(excluded),Direct to Client,5051,DILLARDS-3223429504,3223429504,DILLARDS,Dispatched,2026-07-16,,7564.1357,USD
2026-07,DTC-REPORT-ONLY,(excluded),Direct to Client,5051,DILLARDS-3223429503,3223429503,DILLARDS,Dispatched,2026-07-16,,1375.2974,USD
2026-07,DTC-REPORT-ONLY,(excluded),Direct to Client,5051,DILLARDS-3223429502,3223429502,DILLARDS,Dispatched,2026-07-16,,8939.4336,USD
2026-07,DTC-REPORT-ONLY,(excluded),Direct to Client,5051,DILLARDS-3223429501,3223429501,DILLARDS,Dispatched,2026-07-16,,4125.8926,USD
2026-07,DTC-REPORT-ONLY,(excluded),Direct to Client,5051,DILLARDS-3222503006,3222503006,DILLARDS,Dispatched,2026-07-16,,1582.9664,USD
2026-07,DTC-REPORT-ONLY,(excluded),Direct to Client,5051,DILLARDS-3222503005,3222503005,DILLARDS,Dispatched,2026-07-16,,9497.7988,USD
2026-07,DTC-REPORT-ONLY,(excluded),Direct to Client,5051,DILLARDS-3222503004,3222503004,DILLARDS,Dispatched,2026-07-16,,4353.1577,USD
2026-07,DTC-REPORT-ONLY,(excluded),Direct to Client,5051,DILLARDS-3222503003,3222503003,DILLARDS,Dispatched,2026-07-16,,791.4832,USD
2026-07,DTC-REPORT-ONLY,(excluded),Direct to Client,5051,DILLARDS-3222503002,3222503002,DILLARDS,Dispatched,2026-07-16,,5144.6411,USD
2026-07,DTC-REPORT-ONLY,(excluded),Direct to Client,5051,DILLARDS-3222503001,3222503001,DILLARDS,Dispatched,2026-07-16,,2374.4497,USD
2026-08,UPDATE,ok,EU iFulfilment,25073,EU-50186,,,Dispatched,2026-08-31,2026-08-31,55.1866,EUR
2026-08,UPDATE,ok,Amazon AU,16289,503-7571892-2126218,,Amazon Seller _AU,Dispatched,2026-08-31,2026-08-31,57.75,AUD
2026-08,UPDATE,ok,EU iFulfilment,25073,EU-50180,,,Dispatched,2026-08-31,2026-08-31,62.0228,EUR
2026-08,UPDATE,ok,EU iFulfilment,25073,EU-50176,,,Dispatched,2026-08-31,2026-08-31,33.396,EUR
2026-08,UPDATE,ok,Amazon AU,16289,249-2767178-4991065,,Amazon Seller _AU,Dispatched,2026-08-31,2026-08-31,62.76,AUD
2026-08,UPDATE,ok,Amazon AU,16289,249-8278970-6353410,,Amazon Seller _AU,Dispatched,2026-08-31,2026-08-31,16.91,AUD
2026-08,UPDATE,ok,EU iFulfilment,25073,EU-50168,,,Dispatched,2026-08-31,2026-08-31,39.9037,EUR
2026-08,UPDATE,ok,EU iFulfilment,25073,EU-50166,,,Dispatched,2026-08-31,2026-08-31,52.0632,EUR
2026-08,UPDATE,ok,EU iFulfilment,25073,EU-50164,,,Dispatched,2026-08-31,2026-08-31,37.3507,EUR
2026-08,UPDATE,ok,EU iFulfilment,25073,EU-50156,,,Dispatched,2026-08-31,2026-08-31,53.7985,EUR
2026-08,UPDATE,ok,EU iFulfilment,25073,EU-50155,,,Dispatched,2026-08-31,2026-08-31,28.4412,EUR
2026-08,UPDATE,ok,EU iFulfilment,25073,EU-50154,,,Dispatched,2026-08-31,2026-08-31,33.4098,EUR
2026-08,UPDATE,ok,EU iFulfilment,25073,EU-50148,,,Dispatched,2026-08-31,2026-08-31,40.6662,EUR
2026-08,UPDATE,ok,EU iFulfilment,25073,EU-50146,,,Dispatched,2026-08-31,2026-08-31,48.3048,EUR
2026-08,UPDATE,ok,EU iFulfilment,25073,EU-50145,,,Dispatched,2026-08-31,2026-08-31,29.0524,EUR
2026-08,UPDATE,ok,EU iFulfilment,25073,EU-50144,,,Dispatched,2026-08-31,2026-08-31,28.7087,EUR
2026-08,UPDATE,ok,Amazon AU,16289,249-5521326-6187831,,Amazon Seller _AU,Dispatched,2026-08-31,2026-08-31,55.27,AUD
2026-08,UPDATE,ok,EU iFulfilment,25073,EU-50142,,,Dispatched,2026-08-31,2026-08-31,42.8501,EUR
2026-08,UPDATE,ok,Amazon AU,16289,249-6352654-2137424,,Amazon Seller _AU,Dispatched,2026-08-31,2026-08-31,16.92,AUD
2026-08,UPDATE,ok,EU iFulfilment,25073,EU-50141,,,Dispatched,2026-08-31,2026-08-31,22.5508,EUR
2026-08,UPDATE,ok,EU iFulfilment,25073,EU-50139,,,Dispatched,2026-08-31,2026-08-31,36.4856,EUR
2026-08,UPDATE,ok,Amazon AU,16289,250-2389588-8766207,,Amazon Seller _AU,Dispatched,2026-08-31,2026-08-31,31.75,AUD
2026-08,UPDATE,ok,EU iFulfilment,25073,EU-50137,,,Dispatched,2026-08-31,2026-08-31,42.3953,EUR
2026-08,UPDATE,ok,EU iFulfilment,25073,EU-50135,,,Dispatched,2026-08-31,2026-08-31,39.5065,EUR
2026-08,UPDATE,ok,EU iFulfilment,25073,EU-50134,,,Dispatched,2026-08-31,2026-08-31,26.5671,EUR
2026-08,UPDATE,ok,Amazon AU,16289,503-6234651-0287018,,Amazon Seller _AU,Dispatched,2026-08-31,2026-08-31,19.04,AUD
2026-08,UPDATE,ok,EU iFulfilment,25073,EU-50133,,,Dispatched,2026-08-31,2026-08-31,35.5644,EUR
2026-08,UPDATE,ok,EU iFulfilment,25073,EU-50132,,,Dispatched,2026-08-31,2026-08-31,35.5644,EUR
2026-08,UPDATE,ok,EU iFulfilment,25073,EU-50126,,,Dispatched,2026-08-31,2026-08-31,38.4403,EUR
2026-08,UPDATE,ok,EU iFulfilment,25073,EU-50124,,,Dispatched,2026-08-31,2026-08-31,39.5078,EUR
2026-08,UPDATE,ok,EU iFulfilment,25073,EU-50122,,,Dispatched,2026-08-31,2026-08-31,38.9693,EUR
2026-08,UPDATE,ok,EU iFulfilment,25073,EU-50119,,,Dispatched,2026-08-31,2026-08-31,17.1395,EUR
2026-08,UPDATE,ok,EU iFulfilment,25073,EU-50117,,,Dispatched,2026-08-31,2026-08-31,50.8544,EUR
2026-08,UPDATE,ok,EU iFulfilment,25073,EU-50113,,,Dispatched,2026-08-31,2026-08-31,39.4678,EUR
2026-08,UPDATE,ok,EU iFulfilment,25073,EU-50112,,,Dispatched,2026-08-31,2026-08-31,29.9765,EUR
2026-08,UPDATE,ok,EU iFulfilment,25073,EU-50111,,,Dispatched,2026-08-31,2026-08-31,62.3755,EUR
2026-08,UPDATE,ok,EU iFulfilment,25073,EU-50109,,,Dispatched,2026-08-31,2026-08-31,39.4832,EUR
2026-08,UPDATE,ok,EU iFulfilment,25073,EU-50107,,,Dispatched,2026-08-31,2026-08-31,52.1896,EUR
2026-08,UPDATE,ok,EU iFulfilment,25073,EU-50103,,,Dispatched,2026-08-31,2026-08-31,57.0547,EUR
2026-08,UPDATE,ok,EU iFulfilment,25073,EU-50102,,,Dispatched,2026-08-31,2026-08-31,115.2636,EUR
2026-08,UPDATE,ok,EU iFulfilment,25073,EU-50101,,,Dispatched,2026-08-31,2026-08-31,24.8531,EUR
2026-08,UPDATE,ok,EU iFulfilment,25073,EU-50100,,,Dispatched,2026-08-31,2026-08-31,65.2629,EUR
2026-08,UPDATE,ok,EU iFulfilment,25073,EU-50094,,,Dispatched,2026-08-31,2026-08-31,49.3445,EUR
2026-08,UPDATE,ok,EU iFulfilment,25073,EU-50093,,,Dispatched,2026-08-31,2026-08-31,55.2423,EUR
2026-08,UPDATE,ok,EU iFulfilment,25073,EU-50092,,,Dispatched,2026-08-31,2026-08-31,28.281,EUR
2026-08,UPDATE,ok,EU iFulfilment,25073,EU-50091,,,Dispatched,2026-08-31,2026-08-31,18.854,EUR
2026-08,UPDATE,ok,EU iFulfilment,25073,EU-50090,,,Dispatched,2026-08-31,2026-08-31,43.5942,EUR
2026-08,UPDATE,ok,EU iFulfilment,25073,EU-50088,,,Dispatched,2026-08-31,2026-08-31,47.8766,EUR
2026-08,UPDATE,ok,EU iFulfilment,25073,EU-50087,,,Dispatched,2026-08-31,2026-08-31,39.1391,EUR
2026-08,UPDATE,ok,EU iFulfilment,25073,EU-50086,,,Dispatched,2026-08-31,2026-08-31,50.1774,EUR
2026-08,UPDATE,ok,EU iFulfilment,25073,EU-50084,,,Dispatched,2026-08-31,2026-08-31,45.4126,EUR
2026-08,UPDATE,ok,EU iFulfilment,25073,EU-50083,,,Dispatched,2026-08-31,2026-08-31,29.0524,EUR
2026-08,UPDATE,ok,EU iFulfilment,25073,EU-50080,,,Dispatched,2026-08-31,2026-08-31,39.3822,EUR
2026-08,UPDATE,ok,Amazon AU,16289,503-8811229-6329419,,Amazon Seller _AU,Dispatched,2026-08-31,2026-08-31,47.34,AUD
2026-08,UPDATE,ok,EU iFulfilment,25073,EU-50077,,,Dispatched,2026-08-31,2026-08-31,66.2033,EUR
2026-08,UPDATE,ok,EU iFulfilment,25073,EU-50076,,,Dispatched,2026-08-31,2026-08-31,45.4211,EUR
2026-08,UPDATE,ok,EU iFulfilment,25073,EU-50073,,,Dispatched,2026-08-31,2026-08-31,42.4723,EUR
2026-08,UPDATE,ok,EU iFulfilment,25073,EU-50072,,,Dispatched,2026-08-31,2026-08-31,53.8194,EUR
2026-08,UPDATE,ok,EU iFulfilment,25073,EU-50071,,,Dispatched,2026-08-31,2026-08-31,49.449,EUR
2026-08,UPDATE,ok,EU iFulfilment,25073,EU-50069,,,Dispatched,2026-08-31,2026-08-31,87.6256,EUR
2026-08,UPDATE,ok,EU iFulfilment,25073,EU-50067,,,Dispatched,2026-08-31,2026-08-31,17.1401,EUR
2026-08,UPDATE,ok,EU iFulfilment,25073,EU-50066,,,Dispatched,2026-08-31,2026-08-31,41.041,EUR
2026-08,UPDATE,ok,EU iFulfilment,25073,EU-50063,,,Dispatched,2026-08-31,2026-08-31,30.8511,EUR
2026-08,UPDATE,ok,EU iFulfilment,25073,EU-50062,,,Dispatched,2026-08-31,2026-08-31,33.4022,EUR
2026-08,UPDATE,ok,EU iFulfilment,25073,EU-50061,,,Dispatched,2026-08-31,2026-08-31,53.3056,EUR
2026-08,UPDATE,ok,EU iFulfilment,25073,EU-50060,,,Dispatched,2026-08-31,2026-08-31,68.5197,EUR
2026-08,UPDATE,ok,EU iFulfilment,25073,EU-50059,,,Dispatched,2026-08-31,2026-08-31,62.5614,EUR
2026-08,UPDATE,ok,UK,5053,UK-893902,,,Dispatched,2026-08-30,2026-08-30,40,GBP
2026-08,UPDATE,ok,EU iFulfilment,25073,EU-50057,,,Dispatched,2026-08-31,2026-08-31,88.7245,EUR
2026-08,UPDATE,ok,EU iFulfilment,25073,EU-50056,,,Dispatched,2026-08-31,2026-08-31,94.05,EUR
2026-08,UPDATE,ok,EU iFulfilment,25073,EU-50055,,,Dispatched,2026-08-31,2026-08-31,58.6681,EUR
2026-08,UPDATE,ok,EU iFulfilment,25073,EU-50054,,,Dispatched,2026-08-31,2026-08-31,16.6259,EUR
2026-08,UPDATE,ok,EU iFulfilment,25073,EU-50053,,,Dispatched,2026-08-31,2026-08-31,49.8482,EUR
2026-08,UPDATE,ok,Amazon AU,16289,503-0263449-2393441,,Amazon Seller _AU,Dispatched,2026-08-30,2026-08-30,31.79,AUD
2026-08,UPDATE,ok,EU iFulfilment,25073,EU-50052,,,Dispatched,2026-08-31,2026-08-31,44.0327,EUR
2026-08,UPDATE,ok,EU iFulfilment,25073,EU-50051,,,Dispatched,2026-08-31,2026-08-31,68.3447,EUR
2026-08,UPDATE,ok,EU iFulfilment,25073,EU-50049,,,Dispatched,2026-08-31,2026-08-31,66.1345,EUR
2026-08,UPDATE,ok,EU iFulfilment,25073,EU-50047,,,Dispatched,2026-08-31,2026-08-31,69.9039,EUR
2026-08,UPDATE,ok,EU iFulfilment,25073,EU-50046,,,Dispatched,2026-08-31,2026-08-31,77.0998,EUR
2026-08,UPDATE,ok,EU iFulfilment,25073,EU-50045,,,Dispatched,2026-08-31,2026-08-31,18.8423,EUR
2026-08,UPDATE,ok,EU iFulfilment,25073,EU-50044,,,Dispatched,2026-08-31,2026-08-31,113.0712,EUR
2026-08,UPDATE,ok,EU iFulfilment,25073,EU-50042,,,Dispatched,2026-08-31,2026-08-31,27.0804,EUR
2026-08,UPDATE,ok,EU iFulfilment,25073,EU-50041,,,Dispatched,2026-08-31,2026-08-31,101.0862,EUR
2026-08,UPDATE,ok,EU iFulfilment,25073,EU-50040,,,Dispatched,2026-08-31,2026-08-31,90.7681,EUR
2026-08,UPDATE,ok,EU iFulfilment,25073,EU-50039,,,Dispatched,2026-08-31,2026-08-31,102.8139,EUR
2026-08,UPDATE,ok,EU iFulfilment,25073,EU-50038,,,Dispatched,2026-08-31,2026-08-31,70.0539,EUR
2026-08,UPDATE,ok,EU iFulfilment,25073,EU-50037,,,Dispatched,2026-08-31,2026-08-31,69.8657,EUR
2026-08,UPDATE,ok,EU iFulfilment,25073,EU-50036,,,Dispatched,2026-08-31,2026-08-31,98.8171,EUR
2026-08,UPDATE,ok,EU iFulfilment,25073,EU-50035,,,Dispatched,2026-08-31,2026-08-31,66.2033,EUR
2026-08,UPDATE,ok,EU iFulfilment,25073,EU-50034,,,Dispatched,2026-08-31,2026-08-31,33.4229,EUR
2026-08,UPDATE,ok,EU iFulfilment,25073,EU-50033,,,Dispatched,2026-08-31,2026-08-31,63.2466,EUR
2026-08,UPDATE,ok,EU iFulfilment,25073,EU-50032,,,Dispatched,2026-08-31,2026-08-31,24.8368,EUR
2026-08,UPDATE,ok,EU iFulfilment,25073,EU-50031,,,Dispatched,2026-08-31,2026-08-31,56.1337,EUR
2026-08,UPDATE,ok,EU iFulfilment,25073,EU-50029,,,Dispatched,2026-08-31,2026-08-31,46.6883,EUR
2026-08,UPDATE,ok,EU iFulfilment,25073,EU-50028,,,Dispatched,2026-08-31,2026-08-31,29.0514,EUR
2026-08,UPDATE,ok,EU iFulfilment,25073,EU-50026,,,Dispatched,2026-08-31,2026-08-31,26.1224,EUR
2026-08,UPDATE,ok,EU iFulfilment,25073,EU-50025,,,Dispatched,2026-08-31,2026-08-31,53.2953,EUR
2026-08,UPDATE,ok,EU iFulfilment,25073,EU-50024,,,Dispatched,2026-08-31,2026-08-31,41.873,EUR
2026-08,UPDATE,ok,EU iFulfilment,25073,EU-50023,,,Dispatched,2026-08-31,2026-08-31,35.5574,EUR
2026-08,UPDATE,ok,EU iFulfilment,25073,EU-50022,,,Dispatched,2026-08-31,2026-08-31,41.3838,EUR
2026-08,UPDATE,ok,Amazon AU,16289,250-2274805-9200654,,Amazon Seller _AU,Dispatched,2026-08-31,2026-08-31,74,AUD
2026-08,UPDATE,ok,Amazon AU,16289,503-4886083-1639857,,Amazon Seller _AU,Dispatched,2026-08-30,2026-08-30,60.4,AUD
2026-08,UPDATE,ok,Amazon AU,16289,503-4359567-5630239,,Amazon Seller _AU,Dispatched,2026-08-30,2026-08-30,31.79,AUD
2026-08,UPDATE,ok,EU iFulfilment,25073,EU-50021,,,Dispatched,2026-08-31,2026-08-31,79.8255,EUR
2026-08,UPDATE,ok,EU iFulfilment,25073,EU-50020,,,Dispatched,2026-08-31,2026-08-31,52.02,EUR
2026-08,UPDATE,ok,EU iFulfilment,25073,302-7738485-7250719,,Amazon Seller DE,Dispatched,2026-08-31,2026-08-31,19.6615,EUR
2026-08,UPDATE,ok,Amazon AU,16289,250-3882994-6255025,,Amazon Seller _AU,Dispatched,2026-08-30,2026-08-30,12.71,AUD
2026-08,UPDATE,ok,Amazon AU,16289,250-1560547-1224626,,Amazon Seller _AU,Dispatched,2026-08-30,2026-08-30,39.47,AUD
2026-08,UPDATE,ok,EU iFulfilment,25073,EU-50019,,,Dispatched,2026-08-31,2026-08-31,39.4897,EUR
2026-08,UPDATE,ok,EU iFulfilment,25073,EU-50018,,,Dispatched,2026-08-31,2026-08-31,50.4658,EUR
2026-08,UPDATE,ok,EU iFulfilment,25073,EU-50017,,,Dispatched,2026-08-31,2026-08-31,108.6251,EUR
2026-08,UPDATE,ok,EU iFulfilment,25073,EU-50016,,,Dispatched,2026-08-31,2026-08-31,27.8527,EUR
2026-08,UPDATE,ok,EU iFulfilment,25073,EU-50015,,,Dispatched,2026-08-31,2026-08-31,39.4911,EUR
2026-08,UPDATE,ok,EU iFulfilment,25073,EU-50014,,,Dispatched,2026-08-31,2026-08-31,76.5001,EUR
2026-08,UPDATE,ok,EU iFulfilment,25073,EU-50013,,,Dispatched,2026-08-31,2026-08-31,36.8498,EUR
2026-08,UPDATE,ok,EU iFulfilment,25073,EU-50012,,,Dispatched,2026-08-31,2026-08-31,75.7827,EUR
2026-08,UPDATE,ok,EU iFulfilment,25073,EU-50011,,,Dispatched,2026-08-31,2026-08-31,40.1934,EUR
2026-08,UPDATE,ok,EU iFulfilment,25073,EU-50010,,,Dispatched,2026-08-31,2026-08-31,86.352,EUR
2026-08,UPDATE,ok,EU iFulfilment,25073,EU-50009,,,Dispatched,2026-08-31,2026-08-31,23.4819,EUR
2026-08,UPDATE,ok,EU iFulfilment,25073,EU-50008,,,Dispatched,2026-08-31,2026-08-31,76.7573,EUR
2026-08,UPDATE,ok,EU iFulfilment,25073,EU-50007,,,Dispatched,2026-08-31,2026-08-31,85.5808,EUR
2026-08,UPDATE,ok,EU iFulfilment,25073,EU-50006,,,Dispatched,2026-08-31,2026-08-31,103.6567,EUR
2026-08,UPDATE,ok,EU iFulfilment,25073,EU-50005,,,Dispatched,2026-08-31,2026-08-31,22.2727,EUR
2026-08,UPDATE,ok,EU iFulfilment,25073,EU-50004,,,Dispatched,2026-08-31,2026-08-31,42.85,EUR
2026-08,UPDATE,ok,EU iFulfilment,25073,EU-50003,,,Dispatched,2026-08-31,2026-08-31,31.709,EUR
2026-08,UPDATE,ok,EU iFulfilment,25073,EU-50002,,,Dispatched,2026-08-31,2026-08-31,65.9353,EUR
2026-08,UPDATE,ok,EU iFulfilment,25073,EU-50001,,,Dispatched,2026-08-31,2026-08-31,69.8432,EUR
2026-08,UPDATE,ok,EU iFulfilment,25073,EU-50000,,,Dispatched,2026-08-31,2026-08-31,134.9736,EUR
2026-08,UPDATE,ok,EU iFulfilment,25073,EU-49999,,,Dispatched,2026-08-31,2026-08-31,64.9205,EUR
2026-08,UPDATE,ok,EU iFulfilment,25073,EU-49998,,,Dispatched,2026-08-31,2026-08-31,83.5666,EUR
2026-08,UPDATE,ok,EU iFulfilment,25073,EU-49997,,,Dispatched,2026-08-31,2026-08-31,42.8234,EUR
2026-08,UPDATE,ok,EU iFulfilment,25073,EU-49996,,,Dispatched,2026-08-31,2026-08-31,55.2766,EUR
2026-08,UPDATE,ok,EU iFulfilment,25073,EU-49995,,,Dispatched,2026-08-31,2026-08-31,162.3539,EUR
2026-08,UPDATE,ok,EU iFulfilment,25073,EU-49994,,,Dispatched,2026-08-31,2026-08-31,44.5275,EUR
2026-08,UPDATE,ok,EU iFulfilment,25073,EU-49993,,,Dispatched,2026-08-31,2026-08-31,65.644,EUR
2026-08,UPDATE,ok,EU iFulfilment,25073,EU-49991,,,Dispatched,2026-08-31,2026-08-31,45.3929,EUR
2026-08,UPDATE,ok,EU iFulfilment,25073,EU-49990,,,Dispatched,2026-08-31,2026-08-31,106.4278,EUR
2026-08,UPDATE,ok,EU iFulfilment,25073,EU-49989,,,Dispatched,2026-08-31,2026-08-31,57.3815,EUR
2026-08,UPDATE,ok,EU iFulfilment,25073,EU-49988,,,Dispatched,2026-08-31,2026-08-31,38.1365,EUR
2026-08,UPDATE,ok,EU iFulfilment,25073,EU-49987,,,Dispatched,2026-08-31,2026-08-31,155.1519,EUR
2026-08,UPDATE,ok,EU iFulfilment,25073,EU-49986,,,Dispatched,2026-08-31,2026-08-31,17.1395,EUR
2026-08,UPDATE,ok,EU iFulfilment,25073,EU-49985,,,Dispatched,2026-08-31,2026-08-31,64.2756,EUR
2026-08,UPDATE,ok,EU iFulfilment,25073,EU-49984,,,Dispatched,2026-08-31,2026-08-31,30.067,EUR
2026-08,UPDATE,ok,EU iFulfilment,25073,EU-49983,,,Dispatched,2026-08-31,2026-08-31,68.3029,EUR
2026-08,UPDATE,ok,EU iFulfilment,25073,EU-49982,,,Dispatched,2026-08-31,2026-08-31,80.8925,EUR
2026-08,UPDATE,ok,EU iFulfilment,25073,EU-49981,,,Dispatched,2026-08-31,2026-08-31,83.6158,EUR
2026-08,UPDATE,ok,EU iFulfilment,25073,EU-49979,,,Dispatched,2026-08-31,2026-08-31,47.4484,EUR
2026-08,UPDATE,ok,EU iFulfilment,25073,EU-49978,,,Dispatched,2026-08-31,2026-08-31,69.9206,EUR
2026-08,UPDATE,ok,EU iFulfilment,25073,EU-49977,,,Dispatched,2026-08-31,2026-08-31,44.3723,EUR
2026-08,UPDATE,ok,EU iFulfilment,25073,EU-49976,,,Dispatched,2026-08-31,2026-08-31,42.4987,EUR
2026-08,UPDATE,ok,EU iFulfilment,25073,EU-49975,,,Dispatched,2026-08-31,2026-08-31,33.3969,EUR
2026-08,UPDATE,ok,EU iFulfilment,25073,EU-49974,,,Dispatched,2026-08-31,2026-08-31,16.6063,EUR
2026-08,UPDATE,ok,EU iFulfilment,25073,EU-49973,,,Dispatched,2026-08-31,2026-08-31,65.987,EUR
2026-08,UPDATE,ok,EU iFulfilment,25073,EU-49972,,,Dispatched,2026-08-31,2026-08-31,59.7816,EUR
2026-08,UPDATE,ok,EU iFulfilment,25073,EU-49971,,,Dispatched,2026-08-31,2026-08-31,74.8909,EUR
2026-08,UPDATE,ok,EU iFulfilment,25073,EU-49970,,,Dispatched,2026-08-31,2026-08-31,30.0386,EUR
2026-08,UPDATE,ok,EU iFulfilment,25073,EU-49968,,,Dispatched,2026-08-31,2026-08-31,66.1105,EUR
2026-08,UPDATE,ok,EU iFulfilment,25073,EU-49967,,,Dispatched,2026-08-31,2026-08-31,26.1078,EUR
2026-08,UPDATE,ok,EU iFulfilment,25073,EU-49966,,,Dispatched,2026-08-31,2026-08-31,19.3411,EUR
2026-08,UPDATE,ok,EU iFulfilment,25073,EU-49965,,,Dispatched,2026-08-31,2026-08-31,45.734,EUR
2026-08,UPDATE,ok,EU iFulfilment,25073,EU-49964,,,Dispatched,2026-08-31,2026-08-31,97.676,EUR
2026-08,UPDATE,ok,Amazon AU,16289,249-9406616-3949425,,Amazon Seller _AU,Dispatched,2026-08-30,2026-08-30,23.84,AUD
2026-08,UPDATE,ok,EU iFulfilment,25073,EU-49963,,,Dispatched,2026-08-31,2026-08-31,59.61,EUR
2026-08,UPDATE,ok,EU iFulfilment,25073,EU-49962,,,Dispatched,2026-08-31,2026-08-31,35.9929,EUR
2026-08,UPDATE,ok,EU iFulfilment,25073,EU-49961,,,Dispatched,2026-08-31,2026-08-31,65.7788,EUR
2026-08,UPDATE,ok,EU iFulfilment,25073,EU-49960,,,Dispatched,2026-08-31,2026-08-31,42.6507,EUR
2026-08,UPDATE,ok,EU iFulfilment,25073,EU-49959,,,Dispatched,2026-08-31,2026-08-31,83.583,EUR
2026-08,UPDATE,ok,EU iFulfilment,25073,EU-49955,,,Dispatched,2026-08-31,2026-08-31,76.6565,EUR
2026-08,UPDATE,ok,EU iFulfilment,25073,EU-49954,,,Dispatched,2026-08-31,2026-08-31,134.299,EUR
2026-08,UPDATE,ok,EU iFulfilment,25073,EU-49953,,,Dispatched,2026-08-31,2026-08-31,90.7711,EUR
2026-08,UPDATE,ok,EU iFulfilment,25073,EU-49952,,,Dispatched,2026-08-31,2026-08-31,80.5063,EUR
2026-08,UPDATE,ok,EU iFulfilment,25073,EU-49951,,,Dispatched,2026-08-31,2026-08-31,29.0458,EUR
2026-08,UPDATE,ok,EU iFulfilment,25073,EU-49950,,,Dispatched,2026-08-31,2026-08-31,33.4022,EUR
2026-08,UPDATE,ok,EU iFulfilment,25073,EU-49949,,,Dispatched,2026-08-31,2026-08-31,86.6178,EUR
2026-08,UPDATE,ok,EU iFulfilment,25073,EU-49947,,,Dispatched,2026-08-31,2026-08-31,29.9765,EUR
2026-08,UPDATE,ok,EU iFulfilment,25073,EU-49946,,,Dispatched,2026-08-31,2026-08-31,132.4101,EUR
2026-08,UPDATE,ok,EU iFulfilment,25073,EU-49945,,,Dispatched,2026-08-31,2026-08-31,24.8336,EUR
2026-08,UPDATE,ok,EU iFulfilment,25073,EU-49944,,,Dispatched,2026-08-31,2026-08-31,101.0597,EUR
2026-08,UPDATE,ok,EU iFulfilment,25073,EU-49943,,,Dispatched,2026-08-31,2026-08-31,28.6692,EUR
2026-08,UPDATE,ok,EU iFulfilment,25073,EU-49942,,,Dispatched,2026-08-31,2026-08-31,90.7146,EUR
2026-08,UPDATE,ok,EU iFulfilment,25073,EU-49941,,,Dispatched,2026-08-31,2026-08-31,109.0972,EUR
2026-08,UPDATE,ok,EU iFulfilment,25073,EU-49940,,,Dispatched,2026-08-31,2026-08-31,61.81,EUR
2026-08,UPDATE,ok,Amazon AU,16289,249-6915052-5992603,,Amazon Seller _AU,Dispatched,2026-08-29,2026-08-29,31.76,AUD
2026-08,UPDATE,ok,Amazon AU,16289,250-0710183-7530215,,Amazon Seller _AU,Dispatched,2026-08-29,2026-08-29,20.75,AUD
2026-08,UPDATE,ok,EU iFulfilment,25073,EU-49937,,,Dispatched,2026-08-31,2026-08-31,39.4524,EUR
2026-08,UPDATE,ok,EU iFulfilment,25073,EU-49936,,,Dispatched,2026-08-31,2026-08-31,29.9765,EUR
2026-08,UPDATE,ok,EU iFulfilment,25073,EU-49935,,,Dispatched,2026-08-31,2026-08-31,97.6217,EUR
2026-08,UPDATE,ok,EU iFulfilment,25073,EU-49933,,,Dispatched,2026-08-31,2026-08-31,109.3662,EUR
2026-08,UPDATE,ok,EU iFulfilment,25073,EU-49932,,,Dispatched,2026-08-31,2026-08-31,39.3975,EUR
2026-08,UPDATE,ok,Amazon AU,16289,503-9301446-2165443,,Amazon Seller _AU,Dispatched,2026-08-29,2026-08-29,29.11,AUD
2026-08,UPDATE,ok,EU iFulfilment,25073,EU-49931,,,Dispatched,2026-08-31,2026-08-31,36.7364,EUR
2026-08,UPDATE,ok,EU iFulfilment,25073,EU-49930,,,Dispatched,2026-08-31,2026-08-31,36.7992,EUR
2026-08,UPDATE,ok,EU iFulfilment,25073,EU-49929,,,Dispatched,2026-08-31,2026-08-31,26.1018,EUR
2026-08,UPDATE,ok,EU iFulfilment,25073,EU-49927,,,Dispatched,2026-08-31,2026-08-31,64.2478,EUR
2026-08,UPDATE,ok,EU iFulfilment,25073,EU-49926,,,Dispatched,2026-08-31,2026-08-31,36.8281,EUR
2026-08,UPDATE,ok,EU iFulfilment,25073,EU-49925,,,Dispatched,2026-08-31,2026-08-31,86.3318,EUR
2026-08,UPDATE,ok,EU iFulfilment,25073,EU-49924,,,Dispatched,2026-08-31,2026-08-31,59.6001,EUR
2026-08,UPDATE,ok,EU iFulfilment,25073,EU-49923,,,Dispatched,2026-08-31,2026-08-31,71.9372,EUR
2026-08,UPDATE,ok,EU iFulfilment,25073,EU-49922,,,Dispatched,2026-08-31,2026-08-31,78.8831,EUR
2026-08,UPDATE,ok,EU iFulfilment,25073,EU-49921,,,Dispatched,2026-08-31,2026-08-31,73.9156,EUR
2026-08,UPDATE,ok,EU iFulfilment,25073,EU-49920,,,Dispatched,2026-08-31,2026-08-31,33.4024,EUR
2026-08,UPDATE,ok,EU iFulfilment,25073,EU-49919,,,Dispatched,2026-08-31,2026-08-31,51.7757,EUR
2026-08,UPDATE,ok,EU iFulfilment,25073,EU-49917,,,Dispatched,2026-08-31,2026-08-31,80.064,EUR
2026-08,UPDATE,ok,EU iFulfilment,25073,EU-49916,,,Dispatched,2026-08-31,2026-08-31,33.5866,EUR
2026-08,UPDATE,ok,EU iFulfilment,25073,EU-49915,,,Dispatched,2026-08-31,2026-08-31,52.6436,EUR
2026-08,UPDATE,ok,EU iFulfilment,25073,EU-49914,,,Dispatched,2026-08-31,2026-08-31,73.9009,EUR
2026-08,UPDATE,ok,EU iFulfilment,25073,EU-49913,,,Dispatched,2026-08-31,2026-08-31,101.0602,EUR
2026-08,UPDATE,ok,EU iFulfilment,25073,EU-49912,,,Dispatched,2026-08-31,2026-08-31,15.0713,EUR
2026-08,UPDATE,ok,EU iFulfilment,25073,EU-49911,,,Dispatched,2026-08-31,2026-08-31,65.1261,EUR
2026-08,UPDATE,ok,EU iFulfilment,25073,EU-49910,,,Dispatched,2026-08-31,2026-08-31,97.5604,EUR
2026-08,UPDATE,ok,EU iFulfilment,25073,EU-49909,,,Dispatched,2026-08-31,2026-08-31,117.6736,EUR
2026-08,UPDATE,ok,EU iFulfilment,25073,EU-49908,,,Dispatched,2026-08-31,2026-08-31,87.36,EUR
2026-08,UPDATE,ok,EU iFulfilment,25073,EU-49907,,,Dispatched,2026-08-31,2026-08-31,52.3285,EUR
2026-08,UPDATE,ok,EU iFulfilment,25073,EU-49906,,,Dispatched,2026-08-31,2026-08-31,43.2177,EUR
2026-08,UPDATE,ok,Amazon AU,16289,503-2050235-3591810,,Amazon Seller _AU,Dispatched,2026-08-28,2026-08-28,39.43,AUD
2026-08,UPDATE,ok,EU iFulfilment,25073,EU-49904,,,Dispatched,2026-08-31,2026-08-31,128.9894,EUR
2026-08,UPDATE,ok,EU iFulfilment,25073,EU-49903,,,Dispatched,2026-08-31,2026-08-31,39.4523,EUR
2026-08,UPDATE,ok,EU iFulfilment,25073,EU-49902,,,Dispatched,2026-08-31,2026-08-31,28.6926,EUR
2026-08,UPDATE,ok,EU iFulfilment,25073,EU-49901,,,Dispatched,2026-08-31,2026-08-31,102.7189,EUR
2026-08,UPDATE,ok,Amazon AU,16289,250-3553694-2343004,,Amazon Seller _AU,Dispatched,2026-08-29,2026-08-29,55.32,AUD
2026-08,UPDATE,ok,EU iFulfilment,25073,EU-49900,,,Dispatched,2026-08-31,2026-08-31,-0.0003,EUR
2026-08,UPDATE,ok,EU iFulfilment,25073,EU-49899,,,Dispatched,2026-08-31,2026-08-31,40.5741,EUR
2026-08,UPDATE,ok,EU iFulfilment,25073,EU-49898,,,Dispatched,2026-08-31,2026-08-31,16.6024,EUR
2026-08,UPDATE,ok,UK,5053,UK-891693,,,Dispatched,2026-08-28,2026-08-28,50,GBP
2026-08,UPDATE,ok,Amazon AU,16289,249-2845770-5350232,,Amazon Seller _AU,Dispatched,2026-08-28,2026-08-28,20.74,AUD
2026-08,UPDATE,ok,EU iFulfilment,25073,EU-49896,,,Dispatched,2026-08-31,2026-08-31,0,EUR
2026-08,UPDATE,ok,EU iFulfilment,25073,EU-49895,,,Dispatched,2026-08-31,2026-08-31,50.8344,EUR
2026-08,UPDATE,ok,EU iFulfilment,25073,EU-49894,,,Dispatched,2026-08-31,2026-08-31,39.3666,EUR
2026-08,UPDATE,ok,EU iFulfilment,25073,EU-49893,,,Dispatched,2026-08-31,2026-08-31,36.7992,EUR
2026-08,UPDATE,ok,EU iFulfilment,25073,EU-49892,,,Dispatched,2026-08-31,2026-08-31,47.422,EUR
2026-08,UPDATE,ok,EU iFulfilment,25073,EU-49891,,,Dispatched,2026-08-31,2026-08-31,-0.0002,EUR
2026-08,UPDATE,ok,EU iFulfilment,25073,EU-49890,,,Dispatched,2026-08-31,2026-08-31,35.9434,EUR
2026-08,UPDATE,ok,EU iFulfilment,25073,EU-49889,,℅ Munich Urban Colab,Dispatched,2026-08-31,2026-08-31,-0.0003,EUR
2026-08,UPDATE,ok,EU iFulfilment,25073,EU-49888,,,Dispatched,2026-08-31,2026-08-31,65.0404,EUR
2026-08,UPDATE,ok,EU iFulfilment,25073,EU-49887,,,Dispatched,2026-08-31,2026-08-31,-0.0001,EUR
2026-08,UPDATE,ok,EU iFulfilment,25073,EU-49886,,,Dispatched,2026-08-28,2026-08-28,66.2249,EUR
2026-08,UPDATE,ok,EU iFulfilment,25073,EU-49885,,,Dispatched,2026-08-28,2026-08-28,29.0619,EUR
2026-08,UPDATE,ok,EU iFulfilment,25073,EU-49884,,,Dispatched,2026-08-28,2026-08-28,93.958,EUR
2026-08,UPDATE,ok,EU iFulfilment,25073,EU-49883,,,Dispatched,2026-08-28,2026-08-28,68.4968,EUR
2026-08,UPDATE,ok,EU iFulfilment,25073,EU-49882,,,Dispatched,2026-08-28,2026-08-28,31.9765,EUR
2026-08,UPDATE,ok,EU iFulfilment,25073,EU-49881,,,Dispatched,2026-08-28,2026-08-28,18.8602,EUR
2026-08,UPDATE,ok,EU iFulfilment,25073,EU-49880,,,Dispatched,2026-08-28,2026-08-28,87.4428,EUR
2026-08,UPDATE,ok,EU iFulfilment,25073,EU-49879,,,Dispatched,2026-08-28,2026-08-28,29.0619,EUR
2026-08,UPDATE,ok,EU iFulfilment,25073,EU-49877,,,Dispatched,2026-08-28,2026-08-28,54.6945,EUR
2026-08,UPDATE,ok,EU iFulfilment,25073,EU-49876,,,Dispatched,2026-08-28,2026-08-28,28.7189,EUR
2026-08,UPDATE,ok,EU iFulfilment,25073,EU-49875,,,Dispatched,2026-08-28,2026-08-28,73.3832,EUR
2026-08,UPDATE,ok,EU iFulfilment,25073,EU-49874,,,Dispatched,2026-08-28,2026-08-28,16.6312,EUR
2026-08,UPDATE,ok,Amazon AU,16289,S03-1634637-5027117,,Amazon Seller _AU,Dispatched,2026-08-28,2026-08-28,0,GBP
2026-08,UPDATE,ok,EU iFulfilment,25073,EU-49873,,,Dispatched,2026-08-28,2026-08-28,121.7338,EUR
2026-08,UPDATE,ok,Amazon AU,16289,503-2651785-0004660,,Amazon Seller _AU,Dispatched,2026-08-29,2026-08-29,31.76,AUD
2026-08,UPDATE,ok,Amazon AU,16289,250-2522276-4659058,,Amazon Seller _AU,Dispatched,2026-08-28,2026-08-28,12.7,AUD
2026-08,UPDATE,ok,Amazon AU,16289,250-7131042-5529430,,Amazon Seller _AU,Dispatched,2026-08-28,2026-08-28,65.34,AUD
2026-08,UPDATE,ok,Amazon AU,16289,503-6755219-2774232,,Amazon Seller _AU,Dispatched,2026-08-29,2026-08-29,59.15,AUD
2026-08,UPDATE,ok,EU iFulfilment,25073,EU-49872,,,Dispatched,2026-08-28,2026-08-28,96.0063,EUR
2026-08,UPDATE,ok,Amazon AU,16289,249-4922893-9703831,,Amazon Seller _AU,Dispatched,2026-08-28,2026-08-28,29.21,AUD
2026-08,UPDATE,ok,Amazon AU,16289,250-6719847-7341436,,Amazon Seller _AU,Dispatched,2026-08-28,2026-08-28,39.41,AUD
2026-08,UPDATE,ok,EU iFulfilment,25073,EU-49871,,,Dispatched,2026-08-28,2026-08-28,60.1812,EUR
2026-08,UPDATE,ok,Amazon AU,16289,249-0559733-7711846,,Amazon Seller _AU,Dispatched,2026-08-28,2026-08-28,17.63,AUD
2026-08,UPDATE,ok,EU iFulfilment,25073,EU-49869,,,Dispatched,2026-08-28,2026-08-28,88.634,EUR
2026-08,UPDATE,ok,EU iFulfilment,25073,EU-49867,,,Dispatched,2026-08-28,2026-08-28,36.8631,EUR
2026-08,UPDATE,ok,EU iFulfilment,25073,EU-49866,,,Dispatched,2026-08-28,2026-08-28,33.4339,EUR
2026-08,UPDATE,ok,EU iFulfilment,25073,EU-49865,,,Dispatched,2026-08-28,2026-08-28,31.9766,EUR
2026-08,UPDATE,ok,EU iFulfilment,25073,EU-49864,,,Dispatched,2026-08-28,2026-08-28,50.1512,EUR
2026-08,UPDATE,ok,EU iFulfilment,25073,EU-49862,,,Dispatched,2026-08-28,2026-08-28,86.6712,EUR
2026-08,UPDATE,ok,EU iFulfilment,25073,EU-49861,,,Dispatched,2026-08-28,2026-08-28,38.5348,EUR
2026-08,UPDATE,ok,EU iFulfilment,25073,EU-49860,,,Dispatched,2026-08-28,2026-08-28,54.1801,EUR
2026-08,UPDATE,ok,EU iFulfilment,25073,EU-49859,,,Dispatched,2026-08-28,2026-08-28,101.1594,EUR
2026-08,UPDATE,ok,EU iFulfilment,25073,EU-49858,,,Dispatched,2026-08-28,2026-08-28,63.2675,EUR
2026-08,UPDATE,ok,EU iFulfilment,25073,EU-49857,,,Dispatched,2026-08-28,2026-08-28,96.1011,EUR
2026-08,UPDATE,ok,EU iFulfilment,25073,EU-49856,,,Dispatched,2026-08-28,2026-08-28,50.9224,EUR
2026-08,UPDATE,ok,EU iFulfilment,25073,EU-49855,,,Dispatched,2026-08-28,2026-08-28,28.7189,EUR
2026-08,UPDATE,ok,EU iFulfilment,25073,EU-49854,,,Dispatched,2026-08-28,2026-08-28,94.3008,EUR
2026-08,UPDATE,ok,EU iFulfilment,25073,EU-49853,,,Dispatched,2026-08-28,2026-08-28,18.8602,EUR
2026-08,UPDATE,ok,EU iFulfilment,25073,EU-49852,,,Dispatched,2026-08-28,2026-08-28,50.9223,EUR
2026-08,UPDATE,ok,EU iFulfilment,25073,EU-49851,,,Dispatched,2026-08-28,2026-08-28,72.6545,EUR
2026-08,UPDATE,ok,Amazon AU,16289,250-9760579-6009430,,Amazon Seller _AU,Dispatched,2026-08-28,2026-08-28,26.13,AUD
2026-08,UPDATE,ok,EU iFulfilment,25073,EU-49849,,,Dispatched,2026-08-28,2026-08-28,40.4636,EUR
2026-08,UPDATE,ok,EU iFulfilment,25073,EU-49848,,,Dispatched,2026-08-28,2026-08-28,17.1456,EUR
2026-08,UPDATE,ok,EU iFulfilment,25073,EU-49847,,,Dispatched,2026-08-28,2026-08-28,100.1044,EUR
2026-08,UPDATE,ok,EU iFulfilment,25073,EU-49846,,,Dispatched,2026-08-28,2026-08-28,94.7209,EUR
2026-08,UPDATE,ok,EU iFulfilment,25073,EU-49845,,,Dispatched,2026-08-28,2026-08-28,49.4651,EUR
2026-08,UPDATE,ok,EU iFulfilment,25073,EU-49844,,,Dispatched,2026-08-28,2026-08-28,27.09,EUR
2026-08,UPDATE,ok,EU iFulfilment,25073,EU-49843,,,Dispatched,2026-08-28,2026-08-28,31.9766,EUR
2026-08,UPDATE,ok,EU iFulfilment,25073,EU-49842,,,Dispatched,2026-08-28,2026-08-28,89.8258,EUR
2026-08,UPDATE,ok,EU iFulfilment,25073,EU-49841,,,Dispatched,2026-08-28,2026-08-28,162.3259,EUR
2026-08,UPDATE,ok,EU iFulfilment,25073,EU-49840,,Bäckerei Puppe,Dispatched,2026-08-28,2026-08-28,26.1471,EUR
2026-08,UPDATE,ok,Amazon AU,16289,249-7151210-0215852,,Amazon Seller _AU,Dispatched,2026-08-28,2026-08-28,29.1,AUD
2026-08,UPDATE,ok,EU iFulfilment,25073,EU-49839,,,Dispatched,2026-08-28,2026-08-28,94.3008,EUR
2026-08,UPDATE,ok,EU iFulfilment,25073,EU-49838,,,Dispatched,2026-08-28,2026-08-28,71.4115,EUR
2026-08,UPDATE,ok,EU iFulfilment,25073,EU-49837,,,Dispatched,2026-08-28,2026-08-28,82.2898,EUR
2026-08,UPDATE,ok,EU iFulfilment,25073,EU-49836,,,Dispatched,2026-08-28,2026-08-28,37.7204,EUR
2026-08,UPDATE,ok,EU iFulfilment,25073,EU-49835,,,Dispatched,2026-08-28,2026-08-28,72.0116,EUR
2026-08,UPDATE,ok,Amazon AU,16289,503-6743858-1423804,,Amazon Seller _AU,Dispatched,2026-08-28,2026-08-28,20.74,AUD
2026-08,UPDATE,ok,EU iFulfilment,25073,EU-49834,,,Dispatched,2026-08-28,2026-08-28,-0.0003,EUR
2026-08,UPDATE,ok,EU iFulfilment,25073,EU-49832,,,Dispatched,2026-08-28,2026-08-28,0,EUR
2026-08,UPDATE,ok,EU iFulfilment,25073,EU-49831,,,Dispatched,2026-08-28,2026-08-28,33.0824,EUR
2026-08,UPDATE,ok,EU iFulfilment,25073,EU-49829,,,Dispatched,2026-08-28,2026-08-28,73.7261,EUR
2026-08,UPDATE,ok,EU iFulfilment,25073,EU-49828,,,Dispatched,2026-08-28,2026-08-28,51.2654,EUR
2026-08,UPDATE,ok,EU iFulfilment,25073,EU-49826,,,Dispatched,2026-08-28,2026-08-28,35.5772,EUR
2026-08,UPDATE,ok,EU iFulfilment,25073,EU-49825,,,Dispatched,2026-08-28,2026-08-28,36.7773,EUR
2026-08,UPDATE,ok,EU iFulfilment,25073,EU-49824,,,Dispatched,2026-08-28,2026-08-28,57.4379,EUR
2026-08,UPDATE,ok,EU iFulfilment,25073,EU-49823,,,Dispatched,2026-08-28,2026-08-28,47.1505,EUR
2026-08,UPDATE,ok,EU iFulfilment,25073,EU-49822,,,Dispatched,2026-08-28,2026-08-28,62.5815,EUR
2026-08,UPDATE,ok,EU iFulfilment,25073,EU-49821,,,Dispatched,2026-08-28,2026-08-28,35.5772,EUR
2026-08,UPDATE,ok,Amazon AU,16289,503-3125773-3160602,,Amazon Seller _AU,Dispatched,2026-08-27,2026-08-27,34.32,AUD
2026-08,UPDATE,ok,EU iFulfilment,25073,EU-49820,,,Dispatched,2026-08-27,2026-08-27,19.3714,EUR
2026-08,UPDATE,ok,Amazon AU,16289,503-2952916-8710235,,Amazon Seller _AU,Dispatched,2026-08-27,2026-08-27,29.04,AUD
2026-08,UPDATE,ok,EU iFulfilment,25073,EU-49819,,,Dispatched,2026-08-27,2026-08-27,174.8571,EUR
2026-08,UPDATE,ok,EU iFulfilment,25073,EU-49818,,,Dispatched,2026-08-27,2026-08-27,55.2856,EUR
2026-08,UPDATE,ok,EU iFulfilment,25073,EU-49817,,,Dispatched,2026-08-27,2026-08-27,139.8855,EUR
2026-08,UPDATE,ok,EU iFulfilment,25073,EU-49816,,,Dispatched,2026-08-27,2026-08-27,56.9056,EUR
2026-08,UPDATE,ok,EU iFulfilment,25073,EU-49814,,,Dispatched,2026-08-27,2026-08-27,149.3567,EUR
2026-08,UPDATE,ok,EU iFulfilment,25073,EU-49813,,Zahnarztpraxis Meindentist,Dispatched,2026-08-27,2026-08-27,68.3055,EUR
2026-08,UPDATE,ok,Amazon AU,16289,249-6406351-4314243,,Amazon Seller _AU,Dispatched,2026-08-28,2026-08-28,31.75,AUD
2026-08,UPDATE,ok,EU iFulfilment,25073,EU-49812,,,Dispatched,2026-08-27,2026-08-27,29.0571,EUR
2026-08,UPDATE,ok,EU iFulfilment,25073,EU-49811,,,Dispatched,2026-08-27,2026-08-27,42.8571,EUR
2026-08,UPDATE,ok,EU iFulfilment,25073,EU-49810,,,Dispatched,2026-08-27,2026-08-27,26.1429,EUR
2026-08,UPDATE,ok,Amazon AU,16289,503-5782977-3212656,,Amazon Seller _AU,Dispatched,2026-08-27,2026-08-27,16.89,AUD
2026-08,UPDATE,ok,EU iFulfilment,25073,EU-49809,,,Dispatched,2026-08-27,2026-08-27,103.457,EUR
2026-08,UPDATE,ok,EU iFulfilment,25073,EU-49808,,,Dispatched,2026-08-27,2026-08-27,36.8571,EUR
2026-08,UPDATE,ok,EU iFulfilment,25073,EU-49807,,,Dispatched,2026-08-27,2026-08-27,41.1429,EUR
2026-08,UPDATE,ok,EU iFulfilment,25073,EU-49806,,,Dispatched,2026-08-27,2026-08-27,35.1429,EUR
2026-08,UPDATE,ok,EU iFulfilment,25073,EU-49805,,HEUKING,Dispatched,2026-08-27,2026-08-27,85.7998,EUR
2026-08,UPDATE,ok,EU iFulfilment,25073,EU-49804,,,Dispatched,2026-08-27,2026-08-27,44.6571,EUR
2026-08,UPDATE,ok,EU iFulfilment,25073,EU-49803,,,Dispatched,2026-08-27,2026-08-27,46.2857,EUR
2026-08,UPDATE,ok,EU iFulfilment,25073,EU-49802,,,Dispatched,2026-08-27,2026-08-27,197.4852,EUR
2026-08,UPDATE,ok,EU iFulfilment,25073,EU-49801,,,Dispatched,2026-08-27,2026-08-27,39.5142,EUR
2026-08,UPDATE,ok,EU iFulfilment,25073,EU-49800,,,Dispatched,2026-08-27,2026-08-27,65.9997,EUR
2026-08,UPDATE,ok,EU iFulfilment,25073,EU-49799,,,Dispatched,2026-08-27,2026-08-27,77.1429,EUR
2026-08,UPDATE,ok,EU iFulfilment,25073,EU-49798,,,Dispatched,2026-08-27,2026-08-27,33.4286,EUR
2026-08,UPDATE,ok,EU iFulfilment,25073,EU-49797,,,Dispatched,2026-08-27,2026-08-27,123.4279,EUR
2026-08,UPDATE,ok,EU iFulfilment,25073,EU-49796,,,Dispatched,2026-08-27,2026-08-27,55.2857,EUR
2026-08,UPDATE,ok,Amazon AU,16289,249-8716525-2082257,,Amazon Seller _AU,Dispatched,2026-08-28,2026-08-28,31.75,AUD
2026-08,UPDATE,ok,EU iFulfilment,25073,EU-49795,,,Dispatched,2026-08-27,2026-08-27,77.1429,EUR
2026-08,UPDATE,ok,EU iFulfilment,25073,EU-49794,,,Dispatched,2026-08-27,2026-08-27,96.4284,EUR
2026-08,UPDATE,ok,EU iFulfilment,25073,EU-49793,,,Dispatched,2026-08-27,2026-08-27,36.9429,EUR
2026-08,UPDATE,ok,EU iFulfilment,25073,EU-49792,,,Dispatched,2026-08-27,2026-08-27,27.5999,EUR
2026-08,UPDATE,ok,EU iFulfilment,25073,EU-49791,,,Dispatched,2026-08-27,2026-08-27,29.8286,EUR
2026-08,UPDATE,ok,EU iFulfilment,25073,EU-49790,,,Dispatched,2026-08-27,2026-08-27,16.6285,EUR
2026-08,UPDATE,ok,EU iFulfilment,25073,EU-49789,,,Dispatched,2026-08-27,2026-08-27,50.9141,EUR
2026-08,UPDATE,ok,EU iFulfilment,25073,EU-49788,,Mrs,Dispatched,2026-08-27,2026-08-27,101.1426,EUR
2026-08,UPDATE,ok,EU iFulfilment,25073,EU-49787,,,Dispatched,2026-08-27,2026-08-27,55.2856,EUR
2026-08,UPDATE,ok,EU iFulfilment,25073,EU-49786,,,Dispatched,2026-08-27,2026-08-27,27.5999,EUR
2026-08,UPDATE,ok,Amazon AU,16289,503-8257355-4583016,,Amazon Seller _AU,Dispatched,2026-08-27,2026-08-27,31.68,AUD
2026-08,UPDATE,ok,Amazon AU,16289,503-9992996-6619826,,Amazon Seller _AU,Dispatched,2026-08-27,2026-08-27,20.7,AUD
2026-08,UPDATE,ok,EU iFulfilment,25073,EU-49785,,,Dispatched,2026-08-27,2026-08-27,31.7143,EUR
2026-08,UPDATE,ok,EU iFulfilment,25073,EU-49784,,,Dispatched,2026-08-27,2026-08-27,42.8571,EUR
2026-08,UPDATE,ok,EU iFulfilment,25073,EU-49783,,Tranznav,Dispatched,2026-08-27,2026-08-27,139.089,EUR
2026-08,UPDATE,ok,EU iFulfilment,25073,EU-49782,,,Dispatched,2026-08-27,2026-08-27,217.3718,EUR
2026-08,UPDATE,ok,EU iFulfilment,25073,EU-49781,,,Dispatched,2026-08-27,2026-08-27,27.6,EUR
2026-08,UPDATE,ok,EU iFulfilment,25073,EU-49780,,,Dispatched,2026-08-27,2026-08-27,99.6858,EUR
2026-08,UPDATE,ok,Amazon AU,16289,250-2580899-5165447,,Amazon Seller _AU,Dispatched,2026-08-27,2026-08-27,29.04,AUD
2026-08,UPDATE,ok,EU iFulfilment,25073,EU-49778,,,Dispatched,2026-08-27,2026-08-27,76.5343,EUR
2026-08,UPDATE,ok,EU iFulfilment,25073,EU-49777,,,Dispatched,2026-08-27,2026-08-27,87.4286,EUR
2026-08,UPDATE,ok,EU iFulfilment,25073,EU-49775,,,Dispatched,2026-08-27,2026-08-27,87.5915,EUR
2026-08,UPDATE,ok,EU iFulfilment,25073,EU-49774,,,Dispatched,2026-08-27,2026-08-27,39.5143,EUR
2026-08,UPDATE,ok,EU iFulfilment,25073,EU-49773,,,Dispatched,2026-08-27,2026-08-27,117.4029,EUR
2026-08,UPDATE,ok,EU iFulfilment,25073,EU-49772,,,Dispatched,2026-08-27,2026-08-27,33.0771,EUR
2026-08,UPDATE,ok,EU iFulfilment,25073,EU-49771,,,Dispatched,2026-08-27,2026-08-27,75.4287,EUR
2026-08,UPDATE,ok,EU iFulfilment,25073,EU-49769,,,Dispatched,2026-08-27,2026-08-27,88.0288,EUR
2026-08,UPDATE,ok,EU iFulfilment,25073,EU-49768,,,Dispatched,2026-08-27,2026-08-27,43.2857,EUR
2026-08,UPDATE,ok,EU iFulfilment,25073,EU-49767,,,Dispatched,2026-08-27,2026-08-27,54.1715,EUR
2026-08,UPDATE,ok,EU iFulfilment,25073,EU-49765,,,Dispatched,2026-08-27,2026-08-27,58.8771,EUR
2026-08,UPDATE,ok,EU iFulfilment,25073,EU-49764,,,Dispatched,2026-08-27,2026-08-27,36,EUR
2026-08,UPDATE,ok,EU iFulfilment,25073,EU-49763,,,Dispatched,2026-08-27,2026-08-27,91.8001,EUR
2026-08,UPDATE,ok,EU iFulfilment,25073,EU-49762,,,Dispatched,2026-08-27,2026-08-27,49.2857,EUR
2026-08,UPDATE,ok,EU iFulfilment,25073,EU-49761,,,Dispatched,2026-08-27,2026-08-27,17.1429,EUR
2026-08,UPDATE,ok,EU iFulfilment,25073,EU-49760,,,Dispatched,2026-08-27,2026-08-27,43.6287,EUR
2026-08,UPDATE,ok,EU iFulfilment,25073,EU-49759,,,Dispatched,2026-08-27,2026-08-27,18.8571,EUR
2026-08,UPDATE,ok,EU iFulfilment,25073,EU-49756,,,Dispatched,2026-08-27,2026-08-27,42.4286,EUR
2026-08,UPDATE,ok,EU iFulfilment,25073,EU-49755,,,Dispatched,2026-08-27,2026-08-27,135.2487,EUR
2026-08,UPDATE,ok,EU iFulfilment,25073,EU-49754,,,Dispatched,2026-08-27,2026-08-27,83.6493,EUR
2026-08,UPDATE,ok,EU iFulfilment,25073,EU-49753,,,Dispatched,2026-08-27,2026-08-27,56.4,EUR
2026-08,UPDATE,ok,EU iFulfilment,25073,EU-49752,,,Dispatched,2026-08-27,2026-08-27,144.7545,EUR
2026-08,UPDATE,ok,EU iFulfilment,25073,EU-49751,,,Dispatched,2026-08-27,2026-08-27,129.6001,EUR
2026-08,UPDATE,ok,EU iFulfilment,25073,EU-49750,,,Dispatched,2026-08-27,2026-08-27,72.1714,EUR
2026-08,UPDATE,ok,EU iFulfilment,25073,EU-49749,,,Dispatched,2026-08-27,2026-08-27,17.1429,EUR
2026-08,UPDATE,ok,EU iFulfilment,25073,EU-49748,,,Dispatched,2026-08-27,2026-08-27,33.4287,EUR
2026-08,UPDATE,ok,EU iFulfilment,25073,EU-49746,,,Dispatched,2026-08-27,2026-08-27,62.5716,EUR
2026-08,UPDATE,ok,EU iFulfilment,25073,EU-49745,,,Dispatched,2026-08-27,2026-08-27,0,EUR
2026-08,UPDATE,ok,EU iFulfilment,25073,EU-49744,,,Dispatched,2026-08-27,2026-08-27,91.2858,EUR
2026-08,UPDATE,ok,EU iFulfilment,25073,EU-49743,,,Dispatched,2026-08-27,2026-08-27,27.6,EUR
2026-08,UPDATE,ok,EU iFulfilment,25073,EU-49742,,,Dispatched,2026-08-27,2026-08-27,77.1429,EUR
2026-08,UPDATE,ok,EU iFulfilment,25073,EU-49741,,,Dispatched,2026-08-27,2026-08-27,27.6,EUR
2026-08,UPDATE,ok,EU iFulfilment,25073,EU-49740,,,Dispatched,2026-08-27,2026-08-27,36.8571,EUR
2026-08,UPDATE,ok,EU iFulfilment,25073,EU-49739,,,Dispatched,2026-08-27,2026-08-27,17.1429,EUR
2026-08,UPDATE,ok,EU iFulfilment,25073,EU-49738,,,Dispatched,2026-08-27,2026-08-27,120.1716,EUR
2026-08,UPDATE,ok,EU iFulfilment,25073,EU-49735,,,Dispatched,2026-08-27,2026-08-27,78.8487,EUR
2026-08,UPDATE,ok,EU iFulfilment,25073,EU-49734,,,Dispatched,2026-08-27,2026-08-27,35.5714,EUR
2026-08,UPDATE,ok,EU iFulfilment,25073,EU-49733,,,Dispatched,2026-08-26,2026-08-26,27.8073,EUR
2026-08,UPDATE,ok,EU iFulfilment,25073,EU-49732,,,Dispatched,2026-08-26,2026-08-26,0,EUR
2026-08,UPDATE,ok,EU iFulfilment,25073,EU-49731,,,Dispatched,2026-08-31,2026-08-31,100.3584,EUR
2026-08,UPDATE,ok,EU iFulfilment,25073,EU-49730,,,Dispatched,2026-08-26,2026-08-26,67.4219,EUR
2026-08,UPDATE,ok,EU iFulfilment,25073,EU-49729,,,Dispatched,2026-08-26,2026-08-26,33.3687,EUR
2026-08,UPDATE,ok,EU iFulfilment,25073,EU-49727,,,Dispatched,2026-08-26,2026-08-26,27.5506,EUR
2026-08,UPDATE,ok,EU iFulfilment,25073,EU-49726,,,Dispatched,2026-08-26,2026-08-26,49.6081,EUR
2026-08,UPDATE,ok,EU iFulfilment,25073,EU-49725,,,Dispatched,2026-08-26,2026-08-26,169.2993,EUR
2026-08,UPDATE,ok,EU iFulfilment,25073,EU-49724,,,Dispatched,2026-08-26,2026-08-26,58.1813,EUR
2026-08,UPDATE,ok,EU iFulfilment,25073,EU-49723,,,Dispatched,2026-08-26,2026-08-26,66.0958,EUR
2026-08,UPDATE,ok,Amazon AU,16289,249-7508025-2465401,,Amazon Seller _AU,Dispatched,2026-08-26,2026-08-26,29.92,AUD
2026-08,UPDATE,ok,Amazon AU,16289,503-0309242-1048668,,Amazon Seller _AU,Dispatched,2026-08-27,2026-08-27,12.67,AUD
2026-08,UPDATE,ok,EU iFulfilment,25073,EU-49722,,,Dispatched,2026-08-26,2026-08-26,43.3795,EUR
2026-08,UPDATE,ok,EU iFulfilment,25073,EU-49721,,,Dispatched,2026-08-26,2026-08-26,61.7578,EUR
2026-08,UPDATE,ok,EU iFulfilment,25073,EU-49720,,,Dispatched,2026-08-26,2026-08-26,69.4754,EUR
2026-08,UPDATE,ok,EU iFulfilment,25073,EU-49718,,,Dispatched,2026-08-26,2026-08-26,88.7265,EUR
2026-08,UPDATE,ok,EU iFulfilment,25073,EU-49717,,,Dispatched,2026-08-26,2026-08-26,33.3687,EUR
2026-08,UPDATE,ok,EU iFulfilment,25073,EU-49716,,,Dispatched,2026-08-26,2026-08-26,33.3687,EUR
2026-08,UPDATE,ok,EU iFulfilment,25073,EU-49715,,,Dispatched,2026-08-26,2026-08-26,31.6575,EUR
2026-08,UPDATE,ok,EU iFulfilment,25073,EU-49713,,,Dispatched,2026-08-26,2026-08-26,68.4401,EUR
2026-08,UPDATE,ok,EU iFulfilment,25073,EU-49712,,,Dispatched,2026-08-26,2026-08-26,69.809,EUR
2026-08,UPDATE,ok,EU iFulfilment,25073,EU-49711,,,Dispatched,2026-08-26,2026-08-26,108.8335,EUR
2026-08,UPDATE,ok,EU iFulfilment,25073,EU-49710,,,Dispatched,2026-08-26,2026-08-26,141.6032,EUR
2026-08,UPDATE,ok,EU iFulfilment,25073,EU-49709,,,Dispatched,2026-08-27,2026-08-27,107.7342,EUR
2026-08,UPDATE,ok,EU iFulfilment,25073,EU-49708,,,Dispatched,2026-08-26,2026-08-26,67.9352,EUR
2026-08,UPDATE,ok,EU iFulfilment,25073,EU-49707,,Diana Steib,Dispatched,2026-08-26,2026-08-26,87.272,EUR
2026-08,UPDATE,ok,EU iFulfilment,25073,EU-49706,,,Dispatched,2026-08-26,2026-08-26,29.9463,EUR
2026-08,UPDATE,ok,EU iFulfilment,25073,EU-49705,,,Dispatched,2026-08-26,2026-08-26,44.4916,EUR
2026-08,UPDATE,ok,Amazon AU,16289,250-6161842-9617464,,Amazon Seller _AU,Dispatched,2026-08-26,2026-08-26,54.86,AUD
2026-08,UPDATE,ok,EU iFulfilment,25073,EU-49703,,,Dispatched,2026-08-26,2026-08-26,42.6949,EUR
2026-08,UPDATE,ok,Amazon AU,16289,250-1645974-9521455,,Amazon Seller _AU,Dispatched,2026-08-26,2026-08-26,16.8,AUD
2026-08,UPDATE,ok,Amazon AU,16289,249-0516468-6761448,,Amazon Seller _AU,Dispatched,2026-08-26,2026-08-26,97.83,AUD
2026-08,UPDATE,ok,EU iFulfilment,25073,EU-49700,,,Dispatched,2026-08-26,2026-08-26,28.663,EUR
2026-08,UPDATE,ok,EU iFulfilment,25073,EU-49698,,,Dispatched,2026-08-26,2026-08-26,33.3687,EUR
2026-08,UPDATE,ok,EU iFulfilment,25073,EU-49697,,EAST CORK DAIRY SERVICES,Dispatched,2026-08-26,2026-08-26,55.6146,EUR
2026-08,UPDATE,ok,EU iFulfilment,25073,EU-49696,,CTP GmbH,Dispatched,2026-08-26,2026-08-26,65.8821,EUR
2026-08,UPDATE,ok,EU iFulfilment,25073,EU-49694,,,Dispatched,2026-08-26,2026-08-26,57.2319,EUR
2026-08,UPDATE,ok,EU iFulfilment,25073,EU-49693,,,Dispatched,2026-08-26,2026-08-26,52.2779,EUR
2026-08,UPDATE,ok,EU iFulfilment,25073,EU-49692,,,Dispatched,2026-08-26,2026-08-26,50.481,EUR
2026-08,UPDATE,ok,EU iFulfilment,25073,EU-49691,,,Dispatched,2026-08-26,2026-08-26,15.0588,EUR
2026-08,UPDATE,ok,EU iFulfilment,25073,EU-49690,,,Dispatched,2026-08-26,2026-08-26,35.9356,EUR
2026-08,UPDATE,ok,EU iFulfilment,25073,405-0046715-8884320,,Amazon Seller IT,Dispatched,2026-08-27,2026-08-27,44.5543,EUR
2026-08,UPDATE,ok,EU iFulfilment,25073,EU-49689,,,Dispatched,2026-08-26,2026-08-26,30.0319,EUR
2026-08,UPDATE,ok,EU iFulfilment,25073,EU-49688,,,Dispatched,2026-08-26,2026-08-26,33.8821,EUR
2026-08,UPDATE,ok,EU iFulfilment,25073,EU-49687,,,Dispatched,2026-08-26,2026-08-26,50.8233,EUR
2026-08,UPDATE,ok,EU iFulfilment,25073,EU-49686,,,Dispatched,2026-08-26,2026-08-26,33.3689,EUR
2026-08,UPDATE,ok,EU iFulfilment,25073,EU-49685,,,Dispatched,2026-08-26,2026-08-26,146.7288,EUR
2026-08,UPDATE,ok,EU iFulfilment,25073,EU-49684,,,Dispatched,2026-08-26,2026-08-26,55.1016,EUR
2026-08,UPDATE,ok,EU iFulfilment,25073,EU-49683,,,Dispatched,2026-08-26,2026-08-26,49.1121,EUR
2026-08,UPDATE,ok,EU iFulfilment,25073,EU-49682,,,Dispatched,2026-08-26,2026-08-26,180.2771,EUR
2026-08,UPDATE,ok,EU iFulfilment,25073,EU-49681,,,Dispatched,2026-08-26,2026-08-26,42.7804,EUR
2026-08,UPDATE,ok,EU iFulfilment,25073,EU-49680,,,Dispatched,2026-08-26,2026-08-26,72.9836,EUR
2026-08,UPDATE,ok,EU iFulfilment,25073,EU-49679,,,Dispatched,2026-08-26,2026-08-26,76.6541,EUR
2026-08,UPDATE,ok,EU iFulfilment,25073,EU-49678,,,Dispatched,2026-08-26,2026-08-26,47.914,EUR
2026-08,UPDATE,ok,EU iFulfilment,25073,EU-49677,,,Dispatched,2026-08-26,2026-08-26,155.7212,EUR
2026-08,UPDATE,ok,EU iFulfilment,25073,EU-49676,,,Dispatched,2026-08-26,2026-08-26,59.5504,EUR
2026-08,UPDATE,ok,EU iFulfilment,25073,EU-49675,,,Dispatched,2026-08-26,2026-08-26,42.2586,EUR
2026-08,UPDATE,ok,EU iFulfilment,25073,EU-49674,,,Dispatched,2026-08-27,2026-08-27,75.9428,EUR
2026-08,UPDATE,ok,EU iFulfilment,25073,EU-49672,,,Dispatched,2026-08-26,2026-08-26,65.0264,EUR
2026-08,UPDATE,ok,EU iFulfilment,25073,EU-49671,,,Dispatched,2026-08-26,2026-08-26,66.0959,EUR
2026-08,UPDATE,ok,Amazon AU,16289,249-5529878-0774243,,Amazon Seller _AU,Dispatched,2026-08-25,2026-08-25,34.09,AUD
2026-08,UPDATE,ok,EU iFulfilment,25073,EU-49670,,,Dispatched,2026-08-26,2026-08-26,28.663,EUR
2026-08,UPDATE,ok,EU iFulfilment,25073,EU-49669,,Philippine Consulate General,Dispatched,2026-08-26,2026-08-26,15.0588,EUR
2026-08,UPDATE,ok,EU iFulfilment,25073,EU-49668,,,Dispatched,2026-08-26,2026-08-26,0.0012,EUR
2026-08,UPDATE,ok,EU iFulfilment,25073,EU-49667,,,Dispatched,2026-08-26,2026-08-26,0,EUR
2026-08,UPDATE,ok,EU iFulfilment,25073,EU-49666,,,Dispatched,2026-08-26,2026-08-26,33.3689,EUR
2026-08,UPDATE,ok,EU iFulfilment,25073,EU-49664,,,Dispatched,2026-08-26,2026-08-26,190.1596,EUR
2026-08,UPDATE,ok,EU iFulfilment,25073,EU-49663,,,Dispatched,2026-08-26,2026-08-26,33.3687,EUR
2026-08,UPDATE,ok,EU iFulfilment,25073,EU-49662,,,Dispatched,2026-08-26,2026-08-26,65.4542,EUR
2026-08,UPDATE,ok,EU iFulfilment,25073,EU-49661,,,Dispatched,2026-08-26,2026-08-26,29.9464,EUR
2026-08,UPDATE,ok,EU iFulfilment,25073,EU-49660,,,Dispatched,2026-08-26,2026-08-26,113.839,EUR
2026-08,UPDATE,ok,EU iFulfilment,25073,EU-49659,,,Dispatched,2026-08-26,2026-08-26,75.0372,EUR
2026-08,UPDATE,ok,Amazon AU,16289,250-2053019-1654218,,Amazon Seller _AU,Dispatched,2026-08-26,2026-08-26,37.8,AUD
2026-08,UPDATE,ok,EU iFulfilment,25073,EU-49658,,,Dispatched,2026-08-26,2026-08-26,76.2349,EUR
2026-08,UPDATE,ok,Amazon AU,16289,503-5158846-7180621,,Amazon Seller _AU,Dispatched,2026-08-26,2026-08-26,34.13,AUD
2026-08,UPDATE,ok,EU iFulfilment,25073,EU-49657,,,Dispatched,2026-08-26,2026-08-26,46.7164,EUR
2026-08,UPDATE,ok,EU iFulfilment,25073,EU-49656,,,Dispatched,2026-08-26,2026-08-26,61.3473,EUR
2026-08,UPDATE,ok,Amazon AU,16289,249-9540726-1745467,,Amazon Seller _AU,Dispatched,2026-08-26,2026-08-26,15.96,AUD
2026-08,UPDATE,ok,EU iFulfilment,25073,EU-49655,,,Dispatched,2026-08-26,2026-08-26,161.8641,EUR
2026-08,UPDATE,ok,Amazon AU,16289,250-7561204-6052623,,Amazon Seller _AU,Dispatched,2026-08-26,2026-08-26,34.13,AUD
2026-08,UPDATE,ok,EU iFulfilment,25073,EU-49653,,Deutsche Bank,Dispatched,2026-08-26,2026-08-26,45.3474,EUR
2026-08,UPDATE,ok,EU iFulfilment,25073,EU-49652,,,Dispatched,2026-08-26,2026-08-26,17.1122,EUR
2026-08,UPDATE,ok,EU iFulfilment,25073,EU-49650,,,Dispatched,2026-08-25,2026-08-25,71.018,EUR
2026-08,UPDATE,ok,EU iFulfilment,25073,EU-49649,,,Dispatched,2026-08-25,2026-08-25,27.038,EUR
2026-08,UPDATE,ok,EU iFulfilment,25073,EU-49648,,,Dispatched,2026-08-25,2026-08-25,29.9474,EUR
2026-08,UPDATE,ok,Amazon AU,16289,503-5492458-9022247,,Amazon Seller _AU,Dispatched,2026-08-25,2026-08-25,13.63,AUD
2026-08,UPDATE,ok,EU iFulfilment,25073,EU-49647,,,Dispatched,2026-08-25,2026-08-25,42.431,EUR
2026-08,UPDATE,ok,EU iFulfilment,25073,EU-49646,,,Dispatched,2026-08-27,2026-08-27,138.6859,EUR
2026-08,UPDATE,ok,EU iFulfilment,25073,EU-49645,,,Dispatched,2026-08-25,2026-08-25,104.7301,EUR
2026-08,UPDATE,ok,EU iFulfilment,25073,EU-49644,,,Dispatched,2026-08-25,2026-08-25,0.0001,EUR
2026-08,UPDATE,ok,EU iFulfilment,25073,EU-49642,,,Dispatched,2026-08-25,2026-08-25,0.0002,EUR
2026-08,UPDATE,ok,EU iFulfilment,25073,EU-49641,,,Dispatched,2026-08-25,2026-08-25,0.0001,EUR
2026-08,UPDATE,ok,EU iFulfilment,25073,EU-49640,,,Dispatched,2026-08-27,2026-08-27,87.0002,EUR
2026-08,UPDATE,ok,EU iFulfilment,25073,EU-49639,,,Dispatched,2026-08-25,2026-08-25,57.3275,EUR
2026-08,UPDATE,ok,EU iFulfilment,25073,EU-49638,,,Dispatched,2026-08-25,2026-08-25,56.6432,EUR
2026-08,UPDATE,ok,EU iFulfilment,25073,EU-49637,,,Dispatched,2026-08-25,2026-08-25,42.7818,EUR
2026-08,UPDATE,ok,EU iFulfilment,25073,EU-49636,,,Dispatched,2026-08-25,2026-08-25,52.6132,EUR
2026-08,UPDATE,ok,EU iFulfilment,25073,EUWS-3302,,Flexidade,Dispatched,2026-08-26,2026-08-26,0,EUR
2026-08,UPDATE,ok,EU iFulfilment,25073,EU-49635,,,Dispatched,2026-08-25,2026-08-25,77.8631,EUR
2026-08,UPDATE,ok,Amazon AU,16289,503-4298740-1068661,,Amazon Seller _AU,Dispatched,2026-08-26,2026-08-26,12.6,AUD
2026-08,UPDATE,ok,EU iFulfilment,25073,EU-49634,,,Dispatched,2026-08-25,2026-08-25,51.4238,EUR
2026-08,UPDATE,ok,EU iFulfilment,25073,EU-49633,,,Dispatched,2026-08-25,2026-08-25,104.6444,EUR
2026-08,UPDATE,ok,EU iFulfilment,25073,EU-49632,,,Dispatched,2026-08-27,2026-08-27,131.3144,EUR
2026-08,UPDATE,ok,EU iFulfilment,25073,EU-49631,,,Dispatched,2026-08-25,2026-08-25,39.3593,EUR
2026-08,UPDATE,ok,EU iFulfilment,25073,EU-49630,,,Dispatched,2026-08-25,2026-08-25,130.0563,EUR
2026-08,UPDATE,ok,EU iFulfilment,25073,EU-49629,,,Dispatched,2026-08-25,2026-08-25,39.4448,EUR
2026-08,UPDATE,ok,EU iFulfilment,25073,EU-49628,,,Dispatched,2026-08-25,2026-08-25,130.5703,EUR
2026-08,UPDATE,ok,Amazon AU,16289,250-9803231-7295862,,Amazon Seller _AU,Dispatched,2026-08-25,2026-08-25,63.98,AUD
2026-08,UPDATE,ok,EU iFulfilment,25073,EU-49626,,,Dispatched,2026-08-25,2026-08-25,53.0496,EUR
2026-08,UPDATE,ok,EU iFulfilment,25073,EU-49625,,,Dispatched,2026-08-25,2026-08-25,98.8259,EUR
2026-08,UPDATE,ok,Amazon AU,16289,249-2663064-0337413,,Amazon Seller _AU,Dispatched,2026-08-26,2026-08-26,31.5,AUD
2026-08,UPDATE,ok,Amazon AU,16289,250-4885668-6677444,,Amazon Seller _AU,Dispatched,2026-08-26,2026-08-26,12.6,AUD
2026-08,UPDATE,ok,EU iFulfilment,25073,EU-49624,,,Dispatched,2026-08-25,2026-08-25,133.6934,EUR
2026-08,UPDATE,ok,EU iFulfilment,25073,EU-49623,,,Dispatched,2026-08-25,2026-08-25,216.1332,EUR
2026-08,UPDATE,ok,EU iFulfilment,25073,EU-49622,,,Dispatched,2026-08-25,2026-08-25,42.7817,EUR
2026-08,UPDATE,ok,Amazon AU,16289,250-4978074-8208615,,Amazon Seller _AU,Dispatched,2026-08-26,2026-08-26,59.85,AUD
2026-08,UPDATE,ok,Amazon AU,16289,250-1424687-3505452,,Amazon Seller _AU,Dispatched,2026-08-25,2026-08-25,49.83,AUD
2026-08,UPDATE,ok,EU iFulfilment,25073,EU-49621,,,Dispatched,2026-08-25,2026-08-25,51.7658,EUR
2026-08,UPDATE,ok,EU iFulfilment,25073,EU-49620,,,Dispatched,2026-08-25,2026-08-25,55.1028,EUR
2026-08,UPDATE,ok,Amazon AU,16289,503-9905424-8427832,,Amazon Seller _AU,Dispatched,2026-08-25,2026-08-25,31.47,AUD
2026-08,UPDATE,ok,EU iFulfilment,25073,EU-49619,,,Dispatched,2026-08-25,2026-08-25,42.4308,EUR
2026-08,UPDATE,ok,EU iFulfilment,25073,EU-49618,,,Dispatched,2026-08-25,2026-08-25,55.1882,EUR
2026-08,UPDATE,ok,EU iFulfilment,25073,EU-49617,,,Dispatched,2026-08-25,2026-08-25,29.0059,EUR
2026-08,UPDATE,ok,EU iFulfilment,25073,EU-49616,,,Dispatched,2026-08-25,2026-08-25,66.0549,EUR
2026-08,UPDATE,ok,EU iFulfilment,25073,EU-49615,,,Dispatched,2026-08-25,2026-08-25,68.7073,EUR
2026-08,UPDATE,ok,EU iFulfilment,25073,EU-49614,,,Dispatched,2026-08-25,2026-08-25,49.4556,EUR
2026-08,UPDATE,ok,EU iFulfilment,25073,EU-49613,,,Dispatched,2026-08-27,2026-08-27,75.9429,EUR
2026-08,UPDATE,ok,EU iFulfilment,25073,EU-49612,,,Dispatched,2026-08-25,2026-08-25,246.294,EUR
2026-08,UPDATE,ok,EU iFulfilment,25073,EU-49611,,,Dispatched,2026-08-25,2026-08-25,85.5634,EUR
2026-08,UPDATE,ok,EU iFulfilment,25073,EU-49610,,,Dispatched,2026-08-25,2026-08-25,120.3788,EUR
2026-08,UPDATE,ok,EU iFulfilment,25073,EU-49609,,,Dispatched,2026-08-25,2026-08-25,81.4474,EUR
2026-08,UPDATE,ok,EU iFulfilment,25073,EU-49607,,,Dispatched,2026-08-25,2026-08-25,26.0968,EUR
2026-08,UPDATE,ok,EU iFulfilment,25073,EU-49606,,,Dispatched,2026-08-25,2026-08-25,85.9054,EUR
2026-08,UPDATE,ok,EU iFulfilment,25073,EU-49604,,,Dispatched,2026-08-25,2026-08-25,24.8134,EUR
2026-08,UPDATE,ok,EU iFulfilment,25073,EU-49602,,,Dispatched,2026-08-25,2026-08-25,69.3918,EUR
2026-08,UPDATE,ok,EU iFulfilment,25073,EU-49601,,,Dispatched,2026-08-25,2026-08-25,82.8166,EUR
2026-08,UPDATE,ok,EU iFulfilment,25073,EU-49600,,,Dispatched,2026-08-25,2026-08-25,77.5205,EUR
2026-08,UPDATE,ok,EU iFulfilment,25073,EU-49599,,,Dispatched,2026-08-25,2026-08-25,48.4288,EUR
2026-08,UPDATE,ok,EU iFulfilment,25073,EU-49598,,,Dispatched,2026-08-25,2026-08-25,28.2359,EUR
2026-08,UPDATE,ok,EU iFulfilment,25073,EU-49597,,,Dispatched,2026-08-25,2026-08-25,29.6049,EUR
2026-08,UPDATE,ok,EU iFulfilment,25073,EU-49596,,,Dispatched,2026-08-25,2026-08-25,26.1825,EUR
2026-08,UPDATE,ok,Amazon AU,16289,S03-0097855-1949234,,Amazon Seller _AU,Dispatched,2026-08-24,2026-08-24,0,GBP
2026-08,UPDATE,ok,EU iFulfilment,25073,EU-49595,,,Dispatched,2026-08-25,2026-08-25,93.0841,EUR
2026-08,UPDATE,ok,EU iFulfilment,25073,EU-49594,,,Dispatched,2026-08-25,2026-08-25,59.5521,EUR
2026-08,UPDATE,ok,EU iFulfilment,25073,EU-49593,,,Dispatched,2026-08-25,2026-08-25,46.632,EUR
2026-08,UPDATE,ok,EU iFulfilment,25073,EU-49592,,,Dispatched,2026-08-25,2026-08-25,39.4447,EUR
2026-08,UPDATE,ok,EU iFulfilment,25073,EU-49591,,Nederlandse Loterij,Dispatched,2026-08-25,2026-08-25,39.4447,EUR
2026-08,UPDATE,ok,EU iFulfilment,25073,EU-49590,,,Dispatched,2026-08-25,2026-08-25,29.4339,EUR
2026-08,UPDATE,ok,EU iFulfilment,25073,EU-49589,,,Dispatched,2026-08-25,2026-08-25,18.8239,EUR
2026-08,UPDATE,ok,EU iFulfilment,25073,EU-49588,,,Dispatched,2026-08-25,2026-08-25,72.7289,EUR
2026-08,UPDATE,ok,EU iFulfilment,25073,EU-49587,,,Dispatched,2026-08-25,2026-08-25,143.7378,EUR
2026-08,UPDATE,ok,EU iFulfilment,25073,EU-49585,,,Dispatched,2026-08-25,2026-08-25,39.4447,EUR
2026-08,UPDATE,ok,EU iFulfilment,25073,EUWS-3301,,Debarcadere,Dispatched,2026-08-27,2026-08-27,622.6977,EUR
2026-08,UPDATE,ok,EU iFulfilment,25073,EU-49584,,,Dispatched,2026-08-25,2026-08-25,71.8732,EUR
2026-08,UPDATE,ok,EU iFulfilment,25073,EU-49583,,,Dispatched,2026-08-25,2026-08-25,61.597,EUR
2026-08,UPDATE,ok,EU iFulfilment,25073,EU-49582,,,Dispatched,2026-08-25,2026-08-25,65.1993,EUR
2026-08,UPDATE,ok,EU iFulfilment,25073,EU-49581,,,Dispatched,2026-08-25,2026-08-25,57.3275,EUR
2026-08,UPDATE,ok,EU iFulfilment,25073,EU-49580,,,Dispatched,2026-08-25,2026-08-25,75.0304,EUR
2026-08,UPDATE,ok,EU iFulfilment,25073,EU-49579,,,Dispatched,2026-08-25,2026-08-25,55.1884,EUR
2026-08,UPDATE,ok,EU iFulfilment,25073,EU-49578,,,Dispatched,2026-08-25,2026-08-25,24.3856,EUR
2026-08,UPDATE,ok,EU iFulfilment,25073,EU-49577,,,Dispatched,2026-08-25,2026-08-25,69.3063,EUR
2026-08,UPDATE,ok,EU iFulfilment,25073,EU-49576,,,Dispatched,2026-08-25,2026-08-25,98.0556,EUR
2026-08,UPDATE,ok,EU iFulfilment,25073,EU-49575,,,Dispatched,2026-08-25,2026-08-25,87.2746,EUR
2026-08,UPDATE,ok,Amazon AU,16289,249-2980728-5830222,,Amazon Seller _AU,Dispatched,2026-08-25,2026-08-25,31.47,AUD
2026-08,UPDATE,ok,EU iFulfilment,25073,EU-49574,,,Dispatched,2026-08-25,2026-08-25,196.7954,EUR
2026-08,UPDATE,ok,EU iFulfilment,25073,EU-49573,,,Dispatched,2026-08-25,2026-08-25,30.0327,EUR
2026-08,UPDATE,ok,EU iFulfilment,25073,EU-49572,,,Dispatched,2026-08-25,2026-08-25,128.9178,EUR
2026-08,UPDATE,ok,EU iFulfilment,25073,EU-49571,,,Dispatched,2026-08-25,2026-08-25,62.4611,EUR
2026-08,UPDATE,ok,Amazon AU,16289,249-5908895-5096660,,Amazon Seller _AU,Dispatched,2026-08-25,2026-08-25,12.58,AUD
2026-08,UPDATE,ok,EU iFulfilment,25073,EU-49570,,,Dispatched,2026-08-24,2026-08-24,52.543,EUR
2026-08,UPDATE,ok,EU iFulfilment,25073,UK-887404,,,Dispatched,2026-08-27,2026-08-27,114,GBP
2026-08,UPDATE,ok,EU iFulfilment,25073,EU-49568,,,Dispatched,2026-08-24,2026-08-24,59.0465,EUR
2026-08,UPDATE,ok,EU iFulfilment,25073,EU-49567,,,Dispatched,2026-08-24,2026-08-24,93.2765,EUR
2026-08,UPDATE,ok,EU iFulfilment,25073,EU-49566,,,Dispatched,2026-08-24,2026-08-24,81.5527,EUR
2026-08,UPDATE,ok,Amazon AU,16289,249-6457560-5915019,,Amazon Seller _AU,Dispatched,2026-08-24,2026-08-24,12.6,AUD
2026-08,UPDATE,ok,EU iFulfilment,25073,EU-49565,,,Dispatched,2026-08-25,2026-08-25,33.3696,EUR
2026-08,UPDATE,ok,EU iFulfilment,25073,EU-49564,,,Dispatched,2026-08-25,2026-08-25,64.0869,EUR
2026-08,UPDATE,ok,EU iFulfilment,25073,EU-49563,,,Dispatched,2026-08-27,2026-08-27,182.9141,EUR
2026-08,UPDATE,ok,EU iFulfilment,25073,EU-49562,,,Dispatched,2026-08-27,2026-08-27,82.2858,EUR
2026-08,UPDATE,ok,EU iFulfilment,25073,EU-49561,,serfac ltd,Dispatched,2026-08-25,2026-08-25,41.327,EUR
2026-08,UPDATE,ok,EU iFulfilment,25073,EU-49560,,,Dispatched,2026-08-25,2026-08-25,26.5246,EUR
2026-08,UPDATE,ok,EU iFulfilment,25073,EU-49559,,,Dispatched,2026-08-24,2026-08-24,74.6211,EUR
2026-08,UPDATE,ok,EU iFulfilment,25073,EU-49558,,,Dispatched,2026-08-25,2026-08-25,49.1135,EUR
2026-08,UPDATE,ok,EU iFulfilment,25073,EU-49556,,,Dispatched,2026-08-24,2026-08-24,0,EUR
2026-08,UPDATE,ok,Amazon AU,16289,249-4237743-6378221,,Amazon Seller _AU,Dispatched,2026-08-24,2026-08-24,31.51,AUD
2026-08,UPDATE,ok,EU iFulfilment,25073,EU-49555,,,Dispatched,2026-08-24,2026-08-24,27.555,EUR
2026-08,UPDATE,ok,EU iFulfilment,25073,EU-49554,,,Dispatched,2026-08-24,2026-08-24,39.4499,EUR
2026-08,UPDATE,ok,Amazon AU,16289,249-7101834-4847069,,Amazon Seller _AU,Dispatched,2026-08-25,2026-08-25,28.85,AUD
2026-08,UPDATE,ok,EU iFulfilment,25073,EU-49553,,,Dispatched,2026-08-24,2026-08-24,130.7588,EUR
2026-08,UPDATE,ok,EU iFulfilment,25073,EU-49552,,DLA Piper UK LLP,Dispatched,2026-08-24,2026-08-24,33.3741,EUR
2026-08,UPDATE,ok,EU iFulfilment,25073,EU-49551,,,Dispatched,2026-08-24,2026-08-24,65.0367,EUR
2026-08,UPDATE,ok,EU iFulfilment,25073,EU-49550,,,Dispatched,2026-08-24,2026-08-24,103.203,EUR
2026-08,UPDATE,ok,EU iFulfilment,25073,EU-49549,,,Dispatched,2026-08-24,2026-08-24,35.5135,EUR
2026-08,UPDATE,ok,Amazon AU,16289,249-6235474-4683841,,Amazon Seller _AU,Dispatched,2026-08-25,2026-08-25,28.85,AUD
2026-08,UPDATE,ok,Amazon AU,16289,503-0740368-1540604,,Amazon Seller _AU,Dispatched,2026-08-24,2026-08-24,23.63,AUD
2026-08,UPDATE,ok,Amazon AU,16289,503-5446176-1258204,,Amazon Seller _AU,Dispatched,2026-08-24,2026-08-24,59.88,AUD
2026-08,UPDATE,ok,EU iFulfilment,25073,EU-49548,,,Dispatched,2026-08-24,2026-08-24,39.4499,EUR
2026-08,UPDATE,ok,EU iFulfilment,25073,EU-49547,,,Dispatched,2026-08-24,2026-08-24,31.6626,EUR
2026-08,UPDATE,ok,EU iFulfilment,25073,EU-49546,,,Dispatched,2026-08-24,2026-08-24,62.4695,EUR
2026-08,UPDATE,ok,EU iFulfilment,25073,EU-49545,,,Dispatched,2026-08-24,2026-08-24,40.3912,EUR
2026-08,UPDATE,ok,Amazon AU,16289,249-1418833-6058242,,Amazon Seller _AU,Dispatched,2026-08-25,2026-08-25,54.81,AUD
2026-08,UPDATE,ok,EU iFulfilment,25073,EU-49544,,,Dispatched,2026-08-25,2026-08-25,58.8589,EUR
2026-08,UPDATE,ok,Amazon AU,16289,249-4497151-3387805,,Amazon Seller _AU,Dispatched,2026-08-24,2026-08-24,31.51,AUD
2026-08,UPDATE,ok,EU iFulfilment,25073,EU-49543,,,Dispatched,2026-08-24,2026-08-24,42.7873,EUR
2026-08,UPDATE,ok,EU iFulfilment,25073,EU-49542,,,Dispatched,2026-08-24,2026-08-24,45.3546,EUR
2026-08,UPDATE,ok,Amazon AU,16289,503-8206559-6225448,,Amazon Seller _AU,Dispatched,2026-08-24,2026-08-24,31.51,AUD
2026-08,UPDATE,ok,EU iFulfilment,25073,EU-49541,,,Dispatched,2026-08-24,2026-08-24,29.0098,EUR
2026-08,UPDATE,ok,Amazon AU,16289,250-3651955-4475060,,Amazon Seller _AU,Dispatched,2026-08-24,2026-08-24,20.59,AUD
2026-08,UPDATE,ok,Amazon AU,16289,249-9438857-1853449,,Amazon Seller _AU,Dispatched,2026-08-24,2026-08-24,31.51,AUD
2026-08,UPDATE,ok,Amazon AU,16289,249-5992161-4500600,,Amazon Seller _AU,Dispatched,2026-08-24,2026-08-24,31.51,AUD
2026-08,UPDATE,ok,Amazon AU,16289,503-4845251-7483857,,Amazon Seller _AU,Dispatched,2026-08-25,2026-08-25,55.02,AUD
2026-08,UPDATE,ok,EU iFulfilment,25073,EU-49540,,,Dispatched,2026-08-24,2026-08-24,67.4072,EUR
2026-08,UPDATE,ok,Amazon AU,16289,503-1257836-2235047,,Amazon Seller _AU,Dispatched,2026-08-24,2026-08-24,28.89,AUD
2026-08,UPDATE,ok,Amazon AU,16289,503-9496493-6012667,,Amazon Seller _AU,Dispatched,2026-08-24,2026-08-24,44.9,AUD
2026-08,UPDATE,ok,EU iFulfilment,25073,EU-49538,,,Dispatched,2026-08-25,2026-08-25,176.6882,EUR
2026-08,UPDATE,ok,EU iFulfilment,25073,EU-49537,,,Dispatched,2026-08-24,2026-08-24,33.374,EUR
2026-08,UPDATE,ok,EU iFulfilment,25073,EU-49536,,,Dispatched,2026-08-24,2026-08-24,50.1468,EUR
2026-08,UPDATE,ok,EU iFulfilment,25073,EU-49535,,,Dispatched,2026-08-24,2026-08-24,27.8118,EUR
2026-08,UPDATE,ok,EU iFulfilment,25073,EU-49534,,,Dispatched,2026-08-24,2026-08-24,29.0097,EUR
2026-08,UPDATE,ok,EU iFulfilment,25073,EU-49533,,,Dispatched,2026-08-24,2026-08-24,17.1149,EUR
2026-08,UPDATE,ok,EU iFulfilment,25073,EU-49531,,,Dispatched,2026-08-24,2026-08-24,50.4035,EUR
2026-08,UPDATE,ok,EU iFulfilment,25073,EU-49530,,,Dispatched,2026-08-24,2026-08-24,87.2862,EUR
2026-08,UPDATE,ok,EU iFulfilment,25073,EU-49529,,,Dispatched,2026-08-25,2026-08-25,82.8254,EUR
2026-08,UPDATE,ok,EU iFulfilment,25073,EU-49528,,,Dispatched,2026-08-24,2026-08-24,111.9317,EUR
2026-08,UPDATE,ok,EU iFulfilment,25073,EU-49527,,,Dispatched,2026-08-24,2026-08-24,36.7116,EUR
2026-08,UPDATE,ok,EU iFulfilment,25073,EU-49526,,,Dispatched,2026-08-24,2026-08-24,70.0002,EUR
2026-08,UPDATE,ok,EU iFulfilment,25073,EU-49525,,,Dispatched,2026-08-24,2026-08-24,67.0904,EUR
2026-08,UPDATE,ok,EU iFulfilment,25073,EU-49524,,,Dispatched,2026-08-24,2026-08-24,16.6016,EUR
2026-08,UPDATE,ok,EU iFulfilment,25073,EU-49523,,,Dispatched,2026-08-25,2026-08-25,45.6053,EUR
2026-08,UPDATE,ok,EU iFulfilment,25073,EU-49522,,,Dispatched,2026-08-24,2026-08-24,67.0818,EUR
2026-08,UPDATE,ok,EU iFulfilment,25073,EU-49521,,,Dispatched,2026-08-24,2026-08-24,44.4047,EUR
2026-08,UPDATE,ok,EU iFulfilment,25073,EU-49520,,,Dispatched,2026-08-24,2026-08-24,65.4646,EUR
2026-08,UPDATE,ok,EU iFulfilment,25073,EU-49518,,,Dispatched,2026-08-24,2026-08-24,29.951,EUR
2026-08,UPDATE,ok,EU iFulfilment,25073,EU-49517,,,Dispatched,2026-08-25,2026-08-25,42.6104,EUR
2026-08,UPDATE,ok,EU iFulfilment,25073,EU-49516,,,Dispatched,2026-08-24,2026-08-24,28.6675,EUR
2026-08,UPDATE,ok,EU iFulfilment,25073,EU-49514,,,Dispatched,2026-08-24,2026-08-24,31.6626,EUR
2026-08,UPDATE,ok,EU iFulfilment,25073,EU-49513,,,Dispatched,2026-08-24,2026-08-24,52.5428,EUR
2026-08,UPDATE,ok,EU iFulfilment,25073,EU-49512,,,Dispatched,2026-08-24,2026-08-24,66.3204,EUR
2026-08,UPDATE,ok,EU iFulfilment,25073,EU-49510,,,Dispatched,2026-08-24,2026-08-24,74.1931,EUR
2026-08,UPDATE,ok,EU iFulfilment,25073,EU-49509,,,Dispatched,2026-08-24,2026-08-24,42.616,EUR
2026-08,UPDATE,ok,EU iFulfilment,25073,EU-49508,,,Dispatched,2026-08-24,2026-08-24,71.8827,EUR
2026-08,UPDATE,ok,EU iFulfilment,25073,EU-49507,,,Dispatched,2026-08-24,2026-08-24,62.4695,EUR
2026-08,UPDATE,ok,EU iFulfilment,25073,EU-49506,,,Dispatched,2026-08-24,2026-08-24,46.638,EUR
2026-08,UPDATE,ok,EU iFulfilment,25073,EU-49505,,,Dispatched,2026-08-25,2026-08-25,37.8019,EUR
2026-08,UPDATE,ok,EU iFulfilment,25073,EU-49504,,,Dispatched,2026-08-24,2026-08-24,100.7127,EUR
2026-08,UPDATE,ok,EU iFulfilment,25073,EU-49503,,,Dispatched,2026-08-24,2026-08-24,118.4353,EUR
2026-08,UPDATE,ok,EU iFulfilment,25073,EU-49502,,,Dispatched,2026-08-25,2026-08-25,209.4075,EUR
2026-08,UPDATE,ok,EU iFulfilment,25073,EU-49501,,,Dispatched,2026-08-24,2026-08-24,33.3741,EUR
2026-08,UPDATE,ok,EU iFulfilment,25073,EU-49500,,,Dispatched,2026-08-24,2026-08-24,68.1945,EUR
2026-08,UPDATE,ok,EU iFulfilment,25073,EU-49499,,,Dispatched,2026-08-24,2026-08-24,69.5721,EUR
2026-08,UPDATE,ok,EU iFulfilment,25073,EU-49498,,,Dispatched,2026-08-25,2026-08-25,452.5876,EUR
2026-08,UPDATE,ok,EU iFulfilment,25073,EU-49497,,,Dispatched,2026-08-24,2026-08-24,55.1957,EUR
2026-08,UPDATE,ok,EU iFulfilment,25073,EU-49496,,,Dispatched,2026-08-24,2026-08-24,61.0918,EUR
2026-08,UPDATE,ok,EU iFulfilment,25073,EU-49495,,,Dispatched,2026-08-24,2026-08-24,33.3741,EUR
2026-08,UPDATE,ok,EU iFulfilment,25073,EU-49494,,,Dispatched,2026-08-24,2026-08-24,28.2396,EUR
2026-08,UPDATE,ok,EU iFulfilment,25073,EU-49493,,,Dispatched,2026-08-24,2026-08-24,97.5549,EUR
2026-08,UPDATE,ok,UK,5053,UK-886161,,,Dispatched,2026-08-23,2026-08-23,50,GBP
2026-08,UPDATE,ok,EU iFulfilment,25073,EU-49492,,,Dispatched,2026-08-24,2026-08-24,39.4499,EUR
2026-08,UPDATE,ok,EU iFulfilment,25073,EU-49491,,,Dispatched,2026-08-25,2026-08-25,59.5436,EUR
2026-08,UPDATE,ok,EU iFulfilment,25073,EU-49490,,,Dispatched,2026-08-24,2026-08-24,58.2762,EUR
2026-08,UPDATE,ok,EU iFulfilment,25073,EU-49489,,,Dispatched,2026-08-24,2026-08-24,39.3643,EUR
2026-08,UPDATE,ok,Amazon AU,16289,249-2150338-3179805,,Amazon Seller _AU,Dispatched,2026-08-24,2026-08-24,28.89,AUD
2026-08,UPDATE,ok,EU iFulfilment,25073,EU-49488,,,Dispatched,2026-08-24,2026-08-24,70.5134,EUR
2026-08,UPDATE,ok,EU iFulfilment,25073,EU-49487,,,Dispatched,2026-08-24,2026-08-24,53.5697,EUR
2026-08,UPDATE,ok,EU iFulfilment,25073,EU-49486,,,Dispatched,2026-08-24,2026-08-24,109.7066,EUR
2026-08,UPDATE,ok,EU iFulfilment,25073,EU-49485,,,Dispatched,2026-08-24,2026-08-24,55.6235,EUR
2026-08,UPDATE,ok,EU iFulfilment,25073,EU-49484,,,Dispatched,2026-08-24,2026-08-24,71.4548,EUR
2026-08,UPDATE,ok,EU iFulfilment,25073,EU-49483,,,Dispatched,2026-08-24,2026-08-24,42.7873,EUR
2026-08,UPDATE,ok,EU iFulfilment,25073,EU-49482,,,Dispatched,2026-08-27,2026-08-27,40.0284,EUR
2026-08,UPDATE,ok,Amazon AU,16289,503-0601666-9046259,,Amazon Seller _AU,Dispatched,2026-08-26,2026-08-26,27.43,AUD
2026-08,UPDATE,ok,Amazon AU,16289,503-9625971-4397412,,Amazon Seller _AU,Dispatched,2026-08-24,2026-08-24,31.51,AUD
2026-08,UPDATE,ok,EU iFulfilment,25073,EU-49481,,,Dispatched,2026-08-24,2026-08-24,30.0367,EUR
2026-08,UPDATE,ok,EU iFulfilment,25073,EU-49480,,,Dispatched,2026-08-24,2026-08-24,33.374,EUR
2026-08,UPDATE,ok,EU iFulfilment,25073,EU-49479,,,Dispatched,2026-08-24,2026-08-24,66.4914,EUR
2026-08,UPDATE,ok,EU iFulfilment,25073,EU-49478,,,Dispatched,2026-08-24,2026-08-24,42.3595,EUR
2026-08,UPDATE,ok,EU iFulfilment,25073,EU-49477,,,Dispatched,2026-08-24,2026-08-24,42.4365,EUR
2026-08,UPDATE,ok,Amazon AU,16289,503-8368109-0300614,,Amazon Seller _AU,Dispatched,2026-08-24,2026-08-24,13.65,AUD
2026-08,UPDATE,ok,Amazon AU,16289,250-5704395-0910258,,Amazon Seller _AU,Dispatched,2026-08-24,2026-08-24,31.51,AUD
2026-08,UPDATE,ok,EU iFulfilment,25073,EU-49476,,,Dispatched,2026-08-24,2026-08-24,37.3961,EUR
2026-08,UPDATE,ok,Amazon AU,16289,250-5307003-8436648,,Amazon Seller _AU,Dispatched,2026-08-24,2026-08-24,54.89,AUD
2026-08,UPDATE,ok,EU iFulfilment,25073,EU-49475,,,Dispatched,2026-08-24,2026-08-24,29.9511,EUR
2026-08,UPDATE,ok,EU iFulfilment,25073,EU-49474,,,Dispatched,2026-08-24,2026-08-24,36.797,EUR
2026-08,UPDATE,ok,EU iFulfilment,25073,EU-49473,,,Dispatched,2026-08-24,2026-08-24,36.797,EUR
2026-08,UPDATE,ok,EU iFulfilment,25073,EU-49472,,,Dispatched,2026-08-24,2026-08-24,29.0097,EUR
2026-08,UPDATE,ok,EU iFulfilment,25073,EU-49471,,,Dispatched,2026-08-24,2026-08-24,61.1001,EUR
2026-08,UPDATE,ok,EU iFulfilment,25073,EU-49470,,,Dispatched,2026-08-24,2026-08-24,65.2079,EUR
2026-08,UPDATE,ok,EU iFulfilment,25073,EU-49469,,,Dispatched,2026-08-24,2026-08-24,52.5428,EUR
2026-08,UPDATE,ok,EU iFulfilment,25073,EU-49468,,,Dispatched,2026-08-24,2026-08-24,36.797,EUR
2026-08,UPDATE,ok,EU iFulfilment,25073,EU-49467,,,Dispatched,2026-08-24,2026-08-24,101.8339,EUR
2026-08,UPDATE,ok,EU iFulfilment,25073,EU-49466,,,Dispatched,2026-08-24,2026-08-24,49.8045,EUR
2026-08,UPDATE,ok,EU iFulfilment,25073,EU-49465,,,Dispatched,2026-08-24,2026-08-24,59.9021,EUR
2026-08,UPDATE,ok,EU iFulfilment,25073,EU-49464,,,Dispatched,2026-08-24,2026-08-24,26.5281,EUR
2026-08,UPDATE,ok,EU iFulfilment,25073,EU-49463,,,Dispatched,2026-08-24,2026-08-24,39.3643,EUR
2026-08,UPDATE,ok,EU iFulfilment,25073,EU-49462,,,Dispatched,2026-08-24,2026-08-24,16.6016,EUR
2026-08,UPDATE,ok,EU iFulfilment,25073,EU-49461,,,Dispatched,2026-08-24,2026-08-24,44.5844,EUR
2026-08,UPDATE,ok,EU iFulfilment,25073,EU-49460,,,Dispatched,2026-08-24,2026-08-24,29.9511,EUR
2026-08,UPDATE,ok,EU iFulfilment,25073,EU-49459,,N/a,Dispatched,2026-08-24,2026-08-24,106.1126,EUR
2026-08,UPDATE,ok,Amazon AU,16289,250-1844468-9095822,,Amazon Seller _AU,Dispatched,2026-08-23,2026-08-23,59.44,AUD
2026-08,UPDATE,ok,EU iFulfilment,25073,EU-49458,,,Dispatched,2026-08-24,2026-08-24,67.0818,EUR
2026-08,UPDATE,ok,EU iFulfilment,25073,EU-49457,,,Dispatched,2026-08-24,2026-08-24,85.5747,EUR
2026-08,UPDATE,ok,EU iFulfilment,25073,EU-49456,,,Dispatched,2026-08-24,2026-08-24,40.0404,EUR
2026-08,UPDATE,ok,EU iFulfilment,25073,EU-49455,,,Dispatched,2026-08-24,2026-08-24,71.8827,EUR
2026-08,UPDATE,ok,EU iFulfilment,25073,EU-49454,,,Dispatched,2026-08-24,2026-08-24,102.3473,EUR
2026-08,UPDATE,ok,EU iFulfilment,25073,EU-49453,,,Dispatched,2026-08-25,2026-08-25,122.843,EUR
2026-08,UPDATE,ok,EU iFulfilment,25073,EU-49451,,,Dispatched,2026-08-24,2026-08-24,36.797,EUR
2026-08,UPDATE,ok,EU iFulfilment,25073,EU-49450,,,Dispatched,2026-08-24,2026-08-24,16.6016,EUR
2026-08,UPDATE,ok,EU iFulfilment,25073,EU-49449,,,Dispatched,2026-08-24,2026-08-24,29.9511,EUR
2026-08,UPDATE,ok,EU iFulfilment,25073,EU-49448,,,Dispatched,2026-08-24,2026-08-24,39.5355,EUR
2026-08,UPDATE,ok,EU iFulfilment,25073,EU-49447,,,Dispatched,2026-08-24,2026-08-24,113.3352,EUR
2026-08,UPDATE,ok,Amazon AU,16289,250-3670015-7927869,,Amazon Seller _AU,Dispatched,2026-08-23,2026-08-23,31.5,AUD
2026-08,UPDATE,ok,EU iFulfilment,25073,EU-49446,,,Dispatched,2026-08-24,2026-08-24,81.4584,EUR
2026-08,UPDATE,ok,EU iFulfilment,25073,EU-49445,,,Dispatched,2026-08-25,2026-08-25,110.9756,EUR
2026-08,UPDATE,ok,EU iFulfilment,25073,EU-49444,,,Dispatched,2026-08-24,2026-08-24,72.3105,EUR
2026-08,UPDATE,ok,EU iFulfilment,25073,EU-49443,,,Dispatched,2026-08-24,2026-08-24,29.4378,EUR
2026-08,UPDATE,ok,EU iFulfilment,25073,EU-49442,,,Dispatched,2026-08-24,2026-08-24,62.6406,EUR
2026-08,UPDATE,ok,Amazon AU,16289,250-9812307-6852632,,Amazon Seller _AU,Dispatched,2026-08-23,2026-08-23,31.5,AUD
2026-08,UPDATE,ok,EU iFulfilment,25073,EU-49441,,,Dispatched,2026-08-24,2026-08-24,33.3741,EUR
2026-08,UPDATE,ok,Amazon AU,16289,250-0345371-6330202,,Amazon Seller _AU,Dispatched,2026-08-23,2026-08-23,16.8,AUD
2026-08,UPDATE,ok,EU iFulfilment,25073,EU-49440,,,Dispatched,2026-08-26,2026-08-26,182.5867,EUR
2026-08,UPDATE,ok,EU iFulfilment,25073,EU-49439,,,Dispatched,2026-08-24,2026-08-24,61.1858,EUR
2026-08,UPDATE,ok,Amazon AU,16289,250-6750945-6576669,,Amazon Seller _AU,Dispatched,2026-08-23,2026-08-23,20.58,AUD
2026-08,UPDATE,ok,Amazon AU,16289,503-3116886-4267041,,Amazon Seller _AU,Dispatched,2026-08-23,2026-08-23,31.5,AUD
2026-08,UPDATE,ok,Amazon AU,16289,249-6192782-3400654,,Amazon Seller _AU,Dispatched,2026-08-24,2026-08-24,35.28,AUD
2026-08,UPDATE,ok,Amazon AU,16289,503-2019089-0483804,,Amazon Seller _AU,Dispatched,2026-08-23,2026-08-23,31.5,AUD
2026-08,UPDATE,ok,Amazon AU,16289,250-2659323-9140664,,Amazon Seller _AU,Dispatched,2026-08-23,2026-08-23,107.09,AUD
2026-08,UPDATE,ok,EU iFulfilment,25073,EU-49438,,,Dispatched,2026-08-24,2026-08-24,47.9218,EUR
2026-08,UPDATE,ok,Amazon AU,16289,503-1036748-8348611,,Amazon Seller _AU,Dispatched,2026-08-23,2026-08-23,31.5,AUD
2026-08,UPDATE,ok,EU iFulfilment,25073,EU-49437,,,Dispatched,2026-08-24,2026-08-24,38.0807,EUR
2026-08,UPDATE,ok,EU iFulfilment,25073,EU-49436,,,Dispatched,2026-08-24,2026-08-24,57.335,EUR
2026-08,UPDATE,ok,EU iFulfilment,25073,EU-49435,,,Dispatched,2026-08-24,2026-08-24,40.3912,EUR
2026-08,UPDATE,ok,EU iFulfilment,25073,EU-49434,,,Dispatched,2026-08-24,2026-08-24,87.3717,EUR
2026-08,UPDATE,ok,EU iFulfilment,25073,EU-49433,,,Dispatched,2026-08-24,2026-08-24,64.181,EUR
2026-08,UPDATE,ok,EU iFulfilment,25073,EU-49432,,,Dispatched,2026-08-24,2026-08-24,52.2859,EUR
2026-08,UPDATE,ok,EU iFulfilment,25073,EU-49431,,,Dispatched,2026-08-24,2026-08-24,17.1149,EUR
2026-08,UPDATE,ok,EU iFulfilment,25073,EU-49430,,,Dispatched,2026-08-24,2026-08-24,97.5551,EUR
2026-08,UPDATE,ok,EU iFulfilment,25073,EU-49429,,,Dispatched,2026-08-24,2026-08-24,138.8252,EUR
2026-08,UPDATE,ok,EU iFulfilment,25073,EU-49428,,,Dispatched,2026-08-24,2026-08-24,86.0024,EUR
2026-08,UPDATE,ok,EU iFulfilment,25073,EU-49427,,,Dispatched,2026-08-24,2026-08-24,101.0549,EUR
2026-08,UPDATE,ok,EU iFulfilment,25073,EU-49426,,,Dispatched,2026-08-24,2026-08-24,45.6969,EUR
2026-08,UPDATE,ok,US Geneva,5055,111-2853990-5880217,,Amazon Seller US,Dispatched,2026-08-24,2026-08-24,21.986,USD
2026-08,UPDATE,ok,EU iFulfilment,25073,EU-49425,,,Dispatched,2026-08-24,2026-08-24,50.3179,EUR
2026-08,UPDATE,ok,EU iFulfilment,25073,EU-49424,,,Dispatched,2026-08-24,2026-08-24,57.412,EUR
2026-08,UPDATE,ok,EU iFulfilment,25073,EU-49423,,,Dispatched,2026-08-24,2026-08-24,63.2398,EUR
2026-08,UPDATE,ok,EU iFulfilment,25073,EU-49422,,,Dispatched,2026-08-24,2026-08-24,101.2347,EUR
2026-08,UPDATE,ok,EU iFulfilment,25073,EU-49421,,,Dispatched,2026-08-24,2026-08-24,54.588,EUR
2026-08,UPDATE,ok,EU iFulfilment,25073,EU-49420,,,Dispatched,2026-08-24,2026-08-24,17.1149,EUR
2026-08,UPDATE,ok,EU iFulfilment,25073,EU-49419,,,Dispatched,2026-08-24,2026-08-24,26.1003,EUR
2026-08,UPDATE,ok,EU iFulfilment,25073,EU-49418,,,Dispatched,2026-08-24,2026-08-24,59.9021,EUR
2026-08,UPDATE,ok,EU iFulfilment,25073,EU-49417,,,Dispatched,2026-08-24,2026-08-24,68.1945,EUR
2026-08,UPDATE,ok,EU iFulfilment,25073,EU-49416,,,Dispatched,2026-08-24,2026-08-24,193.3815,EUR
2026-08,UPDATE,ok,EU iFulfilment,25073,EU-49415,,,Dispatched,2026-08-24,2026-08-24,16.6016,EUR
2026-08,UPDATE,ok,EU iFulfilment,25073,EU-49414,,,Dispatched,2026-08-24,2026-08-24,75.3057,EUR
2026-08,UPDATE,ok,EU iFulfilment,25073,EU-49413,,,Dispatched,2026-08-24,2026-08-24,104.7434,EUR
2026-08,UPDATE,ok,EU iFulfilment,25073,EU-49412,,,Dispatched,2026-08-24,2026-08-24,71.7116,EUR
2026-08,UPDATE,ok,EU iFulfilment,25073,EU-49411,,,Dispatched,2026-08-24,2026-08-24,56.8214,EUR
2026-08,UPDATE,ok,EU iFulfilment,25073,EU-49410,,,Dispatched,2026-08-24,2026-08-24,99.9255,EUR
2026-08,UPDATE,ok,EU iFulfilment,25073,EU-49409,,,Dispatched,2026-08-24,2026-08-24,147.6931,EUR
2026-08,UPDATE,ok,EU iFulfilment,25073,EU-49407,,,Dispatched,2026-08-25,2026-08-25,121.5855,EUR
2026-08,UPDATE,ok,EU iFulfilment,25073,EU-49406,,,Dispatched,2026-08-24,2026-08-24,59.1321,EUR
2026-08,UPDATE,ok,EU iFulfilment,25073,EU-49405,,,Dispatched,2026-08-24,2026-08-24,64.6089,EUR
2026-08,UPDATE,ok,EU iFulfilment,25073,EU-49404,,,Dispatched,2026-08-24,2026-08-24,33.3741,EUR
2026-08,UPDATE,ok,EU iFulfilment,25073,EU-49403,,,Dispatched,2026-08-24,2026-08-24,124.5111,EUR
2026-08,UPDATE,ok,EU iFulfilment,25073,EU-49402,,,Dispatched,2026-08-24,2026-08-24,96.6992,EUR
2026-08,UPDATE,ok,EU iFulfilment,25073,EU-49401,,,Dispatched,2026-08-24,2026-08-24,28.6675,EUR
2026-08,UPDATE,ok,EU iFulfilment,25073,EU-49399,,,Dispatched,2026-08-24,2026-08-24,63.1541,EUR
2026-08,UPDATE,ok,EU iFulfilment,25073,EU-49398,,,Dispatched,2026-08-24,2026-08-24,33.802,EUR
2026-08,UPDATE,ok,EU iFulfilment,25073,EU-49397,,,Dispatched,2026-08-24,2026-08-24,52.4574,EUR
2026-08,UPDATE,ok,EU iFulfilment,25073,EU-49396,,,Dispatched,2026-08-24,2026-08-24,29.9511,EUR
2026-08,UPDATE,ok,EU iFulfilment,25073,EU-49395,,,Dispatched,2026-08-24,2026-08-24,70.0002,EUR
2026-08,UPDATE,ok,EU iFulfilment,25073,EU-49394,,,Dispatched,2026-08-24,2026-08-24,24.8166,EUR
2026-08,UPDATE,ok,EU iFulfilment,25073,EU-49393,,,Dispatched,2026-08-24,2026-08-24,45.3544,EUR
2026-08,UPDATE,ok,EU iFulfilment,25073,EU-49392,,,Dispatched,2026-08-24,2026-08-24,65.8923,EUR
2026-08,UPDATE,ok,EU iFulfilment,25073,EU-49391,,,Dispatched,2026-08-24,2026-08-24,67.7751,EUR
2026-08,UPDATE,ok,EU iFulfilment,25073,EU-49390,,,Dispatched,2026-08-24,2026-08-24,22.9767,EUR
2026-08,UPDATE,ok,EU iFulfilment,25073,EU-49389,,,Dispatched,2026-08-24,2026-08-24,54.3399,EUR
2026-08,UPDATE,ok,EU iFulfilment,25073,EU-49388,,,Dispatched,2026-08-24,2026-08-24,29.9511,EUR
2026-08,UPDATE,ok,EU iFulfilment,25073,EU-49387,,,Dispatched,2026-08-24,2026-08-24,46.5526,EUR
2026-08,UPDATE,ok,EU iFulfilment,25073,EU-49386,,,Dispatched,2026-08-24,2026-08-24,39.3643,EUR
2026-08,UPDATE,ok,EU iFulfilment,25073,EU-49385,,,Dispatched,2026-08-24,2026-08-24,92.5062,EUR
2026-08,UPDATE,ok,EU iFulfilment,25073,EU-49384,,,Dispatched,2026-08-24,2026-08-24,67.1761,EUR
2026-08,UPDATE,ok,EU iFulfilment,25073,EU-49383,,,Dispatched,2026-08-24,2026-08-24,108.2518,EUR
2026-08,UPDATE,ok,EU iFulfilment,25073,EU-49382,,,Dispatched,2026-08-24,2026-08-24,119.1027,EUR
2026-08,UPDATE,ok,EU iFulfilment,25073,EU-49381,,Dr. Bettina Schroeder-Cavic,Dispatched,2026-08-24,2026-08-24,33.3741,EUR
2026-08,UPDATE,ok,EU iFulfilment,25073,EU-49380,,,Dispatched,2026-08-24,2026-08-24,83.4352,EUR
2026-08,UPDATE,ok,EU iFulfilment,25073,EU-49379,,,Dispatched,2026-08-24,2026-08-24,53.2189,EUR
2026-08,UPDATE,ok,EU iFulfilment,25073,EU-49378,,,Dispatched,2026-08-24,2026-08-24,84.2056,EUR
2026-08,UPDATE,ok,EU iFulfilment,25073,EU-49377,,,Dispatched,2026-08-24,2026-08-24,109.1077,EUR
2026-08,UPDATE,ok,EU iFulfilment,25073,EU-49376,,,Dispatched,2026-08-24,2026-08-24,87.2862,EUR
2026-08,UPDATE,ok,EU iFulfilment,25073,EU-49375,,,Dispatched,2026-08-24,2026-08-24,55.1957,EUR
2026-08,UPDATE,ok,EU iFulfilment,25073,EU-49374,,,Dispatched,2026-08-24,2026-08-24,33.5452,EUR
2026-08,UPDATE,ok,EU iFulfilment,25073,EU-49373,,,Dispatched,2026-08-24,2026-08-24,37.4731,EUR
2026-08,UPDATE,ok,EU iFulfilment,25073,EU-49372,,,Dispatched,2026-08-24,2026-08-24,60.2444,EUR
2026-08,UPDATE,ok,EU iFulfilment,25073,EU-49371,,,Dispatched,2026-08-24,2026-08-24,91.6506,EUR
2026-08,UPDATE,ok,EU iFulfilment,25073,EU-49370,,,Dispatched,2026-08-24,2026-08-24,58.1821,EUR
2026-08,UPDATE,ok,EU iFulfilment,25073,EU-49369,,,Dispatched,2026-08-24,2026-08-24,148.4291,EUR
2026-08,UPDATE,ok,EU iFulfilment,25073,EU-49368,,,Dispatched,2026-08-24,2026-08-24,27.0416,EUR
2026-08,UPDATE,ok,EU iFulfilment,25073,EU-49367,,,Dispatched,2026-08-24,2026-08-24,58.1565,EUR
2026-08,UPDATE,ok,EU iFulfilment,25073,EU-49366,,,Dispatched,2026-08-24,2026-08-24,41.247,EUR
2026-08,UPDATE,ok,Amazon AU,16289,249-2296071-9915037,,Amazon Seller _AU,Dispatched,2026-08-22,2026-08-22,20.61,AUD
2026-08,UPDATE,ok,EU iFulfilment,25073,EU-49365,,,Dispatched,2026-08-24,2026-08-24,41.5037,EUR
2026-08,UPDATE,ok,EU iFulfilment,25073,EU-49364,,,Dispatched,2026-08-24,2026-08-24,62.4695,EUR
2026-08,UPDATE,ok,EU iFulfilment,25073,EU-49362,,,Dispatched,2026-08-24,2026-08-24,66.9194,EUR
2026-08,UPDATE,ok,EU iFulfilment,25073,EU-49360,,,Dispatched,2026-08-24,2026-08-24,24.6455,EUR
2026-08,UPDATE,ok,EU iFulfilment,25073,EU-49359,,,Dispatched,2026-08-24,2026-08-24,56.6503,EUR
2026-08,UPDATE,ok,EU iFulfilment,25073,EU-49358,,KITSBOROUGH,Dispatched,2026-08-24,2026-08-24,61.6993,EUR
2026-08,UPDATE,ok,EU iFulfilment,25073,EU-49357,,,Dispatched,2026-08-24,2026-08-24,35.5134,EUR
2026-08,UPDATE,ok,Amazon AU,16289,250-5437030-1104654,,Amazon Seller _AU,Dispatched,2026-08-22,2026-08-22,29.96,AUD
2026-08,UPDATE,ok,EU iFulfilment,25073,EU-49356,,,Dispatched,2026-08-24,2026-08-24,172.0907,EUR
2026-08,UPDATE,ok,EU iFulfilment,25073,EU-49355,,,Dispatched,2026-08-24,2026-08-24,48.8631,EUR
2026-08,UPDATE,ok,EU iFulfilment,25073,EU-49354,,,Dispatched,2026-08-24,2026-08-24,55.6235,EUR
2026-08,UPDATE,ok,EU iFulfilment,25073,EU-49353,,,Dispatched,2026-08-24,2026-08-24,94.2175,EUR
2026-08,UPDATE,ok,EU iFulfilment,25073,EU-49352,,,Dispatched,2026-08-24,2026-08-24,29.9511,EUR
2026-08,UPDATE,ok,Amazon AU,16289,249-0272119-3371078,,Amazon Seller _AU,Dispatched,2026-08-22,2026-08-22,54.92,AUD
2026-08,UPDATE,ok,EU iFulfilment,25073,EU-49350,,,Dispatched,2026-08-24,2026-08-24,61.1859,EUR
2026-08,UPDATE,ok,EU iFulfilment,25073,EU-49349,,,Dispatched,2026-08-24,2026-08-24,82.1517,EUR
2026-08,UPDATE,ok,EU iFulfilment,25073,EU-49348,,,Dispatched,2026-08-24,2026-08-24,50.8313,EUR
2026-08,UPDATE,ok,Amazon AU,16289,503-4191311-4035827,,Amazon Seller _AU,Dispatched,2026-08-23,2026-08-23,62.34,AUD
2026-08,UPDATE,ok,EU iFulfilment,25073,EU-49347,,,Dispatched,2026-08-24,2026-08-24,27.555,EUR
2026-08,UPDATE,ok,Amazon AU,16289,250-3952640-5950253,,Amazon Seller _AU,Dispatched,2026-08-23,2026-08-23,31.5,AUD
2026-08,UPDATE,ok,EU iFulfilment,25073,EU-49346,,,Dispatched,2026-08-24,2026-08-24,97.5551,EUR
2026-08,UPDATE,ok,EU iFulfilment,25073,EU-49345,,,Dispatched,2026-08-24,2026-08-24,60.2444,EUR
2026-08,UPDATE,ok,EU iFulfilment,25073,EU-49344,,,Dispatched,2026-08-24,2026-08-24,51.3446,EUR
2026-08,UPDATE,ok,EU iFulfilment,25073,EU-49343,,,Dispatched,2026-08-24,2026-08-24,73.9194,EUR
2026-08,UPDATE,ok,EU iFulfilment,25073,EU-49342,,,Dispatched,2026-08-24,2026-08-24,84.6333,EUR
2026-08,UPDATE,ok,Amazon AU,16289,249-3934328-7558226,,Amazon Seller _AU,Dispatched,2026-08-23,2026-08-23,34.12,AUD
2026-08,UPDATE,ok,Amazon AU,16289,503-5970048-6413469,,Amazon Seller _AU,Dispatched,2026-08-22,2026-08-22,29.96,AUD
2026-08,UPDATE,ok,Amazon AU,16289,503-7608443-7267013,,Amazon Seller _AU,Dispatched,2026-08-22,2026-08-22,28.91,AUD
2026-08,UPDATE,ok,Amazon AU,16289,250-8346986-2537430,,Amazon Seller _AU,Dispatched,2026-08-23,2026-08-23,31.5,AUD
2026-08,UPDATE,ok,Amazon AU,16289,503-3467403-1575813,,Amazon Seller _AU,Dispatched,2026-08-23,2026-08-23,28.87,AUD
2026-08,UPDATE,ok,EU iFulfilment,25073,EU-49341,,,Dispatched,2026-08-24,2026-08-24,47.9218,EUR
2026-08,UPDATE,ok,EU iFulfilment,25073,EU-49340,,,Dispatched,2026-08-24,2026-08-24,77.9583,EUR
2026-08,UPDATE,ok,Amazon AU,16289,249-8373742-3286253,,Amazon Seller _AU,Dispatched,2026-08-22,2026-08-22,12.61,AUD
2026-08,UPDATE,ok,EU iFulfilment,25073,EU-49339,,,Dispatched,2026-08-24,2026-08-24,74.4495,EUR
2026-08,UPDATE,ok,EU iFulfilment,25073,EU-49338,,,Dispatched,2026-08-24,2026-08-24,63.4107,EUR
2026-08,UPDATE,ok,EU iFulfilment,25073,EU-49336,,,Dispatched,2026-08-24,2026-08-24,105.6841,EUR
2026-08,UPDATE,ok,EU iFulfilment,25073,EU-49335,,,Dispatched,2026-08-24,2026-08-24,73.2516,EUR
2026-08,UPDATE,ok,EU iFulfilment,25073,EU-49334,,,Dispatched,2026-08-24,2026-08-24,55.1955,EUR
2026-08,UPDATE,ok,Amazon AU,16289,249-6343138-6169410,,Amazon Seller _AU,Dispatched,2026-08-22,2026-08-22,31.53,AUD
2026-08,UPDATE,ok,EU iFulfilment,25073,EU-49333,,,Dispatched,2026-08-24,2026-08-24,35.0856,EUR
2026-08,UPDATE,ok,EU iFulfilment,25073,EU-49332,,,Dispatched,2026-08-24,2026-08-24,34.9999,EUR
2026-08,UPDATE,ok,EU iFulfilment,25073,EU-49331,,,Dispatched,2026-08-24,2026-08-24,66.1061,EUR
2026-08,UPDATE,ok,EU iFulfilment,25073,EU-49330,,,Dispatched,2026-08-24,2026-08-24,18.8264,EUR
2026-08,UPDATE,ok,EU iFulfilment,25073,EU-49329,,,Dispatched,2026-08-25,2026-08-25,117.735,EUR
2026-08,UPDATE,ok,EU iFulfilment,25073,EU-49328,,,Dispatched,2026-08-24,2026-08-24,151.2868,EUR
2026-08,UPDATE,ok,EU iFulfilment,25073,EU-49327,,,Dispatched,2026-08-24,2026-08-24,22.2407,EUR
2026-08,UPDATE,ok,EU iFulfilment,25073,EU-49326,,,Dispatched,2026-08-24,2026-08-24,73.9362,EUR
2026-08,UPDATE,ok,EU iFulfilment,25073,EU-49325,,,Dispatched,2026-08-24,2026-08-24,97.5548,EUR
2026-08,UPDATE,ok,EU iFulfilment,25073,EU-49324,,,Dispatched,2026-08-24,2026-08-24,39.3642,EUR
2026-08,UPDATE,ok,EU iFulfilment,25073,EU-49323,,,Dispatched,2026-08-24,2026-08-24,33.3741,EUR
2026-08,UPDATE,ok,EU iFulfilment,25073,EU-49322,,,Dispatched,2026-08-24,2026-08-24,116.8094,EUR
2026-08,UPDATE,ok,EU iFulfilment,25073,EU-49321,,,Dispatched,2026-08-24,2026-08-24,18.8264,EUR
2026-08,UPDATE,ok,EU iFulfilment,25073,EU-49320,,,Dispatched,2026-08-24,2026-08-24,27.555,EUR
2026-08,UPDATE,ok,EU iFulfilment,25073,EU-49319,,,Dispatched,2026-08-24,2026-08-24,68.9728,EUR
2026-08,UPDATE,ok,EU iFulfilment,25073,EU-49318,,,Dispatched,2026-08-24,2026-08-24,67.1759,EUR
2026-08,UPDATE,ok,EU iFulfilment,25073,EU-49317,,"Faculdade Economia, Uni. Porto",Dispatched,2026-08-24,2026-08-24,66.748,EUR
2026-08,UPDATE,ok,EU iFulfilment,25073,EU-49316,,,Dispatched,2026-08-24,2026-08-24,60.2444,EUR
2026-08,UPDATE,ok,EU iFulfilment,25073,EU-49315,,,Dispatched,2026-08-24,2026-08-24,42.6162,EUR
2026-08,UPDATE,ok,EU iFulfilment,25073,EU-49314,,,Dispatched,2026-08-24,2026-08-24,58.6186,EUR
2026-08,UPDATE,ok,EU iFulfilment,25073,EU-49313,,,Dispatched,2026-08-25,2026-08-25,127.0615,EUR
2026-08,UPDATE,ok,EU iFulfilment,25073,EU-49312,,,Dispatched,2026-08-24,2026-08-24,48.863,EUR
2026-08,UPDATE,ok,EU iFulfilment,25073,EU-49311,,,Dispatched,2026-08-24,2026-08-24,65.4644,EUR
2026-08,UPDATE,ok,EU iFulfilment,25073,EU-49310,,,Dispatched,2026-08-24,2026-08-24,28.9241,EUR
2026-08,UPDATE,ok,EU iFulfilment,25073,EU-49309,,,Dispatched,2026-08-24,2026-08-24,54.5965,EUR
2026-08,UPDATE,ok,EU iFulfilment,25073,EU-49308,,,Dispatched,2026-08-24,2026-08-24,31.6625,EUR
2026-08,UPDATE,ok,EU iFulfilment,25073,EU-49307,,,Dispatched,2026-08-27,2026-08-27,46.2856,EUR
2026-08,UPDATE,ok,EU iFulfilment,25073,EU-49306,,,Dispatched,2026-08-24,2026-08-24,65.0366,EUR
2026-08,UPDATE,ok,Amazon AU,16289,249-0339179-8143011,,Amazon Seller _AU,Dispatched,2026-08-22,2026-08-22,12.61,AUD
2026-08,UPDATE,ok,EU iFulfilment,25073,EU-49304,,,Dispatched,2026-08-24,2026-08-24,27.3838,EUR
2026-08,UPDATE,ok,EU iFulfilment,25073,EU-49303,,,Dispatched,2026-08-25,2026-08-25,-0.0003,EUR
2026-08,UPDATE,ok,Amazon AU,16289,503-0951157-1091847,,Amazon Seller _AU,Dispatched,2026-08-21,2026-08-21,16.69,AUD
2026-08,UPDATE,ok,EU iFulfilment,25073,EU-49301,,Hellenic Cables,Dispatched,2026-08-24,2026-08-24,56.8214,EUR
2026-08,UPDATE,ok,EU iFulfilment,25073,EU-49300,,,Dispatched,2026-08-24,2026-08-24,28.6674,EUR
2026-08,UPDATE,ok,EU iFulfilment,25073,EU-49295,,,Dispatched,2026-08-24,2026-08-24,26.1003,EUR
2026-08,UPDATE,ok,EU iFulfilment,25073,EU-49294,,JINX GmbH,Dispatched,2026-08-24,2026-08-24,55.1955,EUR
2026-08,UPDATE,ok,EU iFulfilment,25073,EU-49292,,,Dispatched,2026-08-24,2026-08-24,44.071,EUR
2026-08,UPDATE,ok,EU iFulfilment,25073,EU-49289,,,Dispatched,2026-08-24,2026-08-24,69.6577,EUR
2026-08,UPDATE,ok,EU iFulfilment,25073,EU-49288,,,Dispatched,2026-08-24,2026-08-24,66.1061,EUR
2026-08,UPDATE,ok,Amazon AU,16289,250-7312884-8487834,,Amazon Seller _AU,Dispatched,2026-08-21,2026-08-21,31.3,AUD
2026-08,UPDATE,ok,EU iFulfilment,25073,EU-49287,,,Dispatched,2026-08-24,2026-08-24,27.8116,EUR
2026-08,UPDATE,ok,EU iFulfilment,25073,EU-49286,,,Dispatched,2026-08-24,2026-08-24,134.1806,EUR
2026-08,UPDATE,ok,EU iFulfilment,25073,EU-49284,,,Dispatched,2026-08-24,2026-08-24,57.335,EUR
2026-08,UPDATE,ok,EU iFulfilment,25073,EU-49283,,,Dispatched,2026-08-24,2026-08-24,119.1197,EUR
2026-08,UPDATE,ok,Amazon AU,16289,250-6355930-3241449,,Amazon Seller _AU,Dispatched,2026-08-22,2026-08-22,16.82,AUD
2026-08,UPDATE,ok,EU iFulfilment,25073,EUWS-3300,,Ines Amann (DOMUS),Dispatched,2026-08-26,2026-08-26,671.5066,EUR
2026-08,UPDATE,ok,EU iFulfilment,25073,EU-49263,,,Dispatched,2026-08-25,2026-08-25,28.6636,EUR
2026-08,UPDATE,ok,Amazon AU,16289,249-2240566-5872644,,Amazon Seller _AU,Dispatched,2026-08-22,2026-08-22,31.53,AUD
2026-08,UPDATE,ok,Amazon AU,16289,503-4719682-8967028,,Amazon Seller _AU,Dispatched,2026-08-21,2026-08-21,31.3,AUD
2026-08,UPDATE,ok,EU iFulfilment,25073,EU-49243,,,Dispatched,2026-08-26,2026-08-26,27.5505,EUR
2026-08,UPDATE,ok,EU iFulfilment,25073,EU-49236,,,Dispatched,2026-08-25,2026-08-25,164.2637,EUR
2026-08,UPDATE,ok,Amazon AU,16289,S03-9428842-1196025,,Amazon Seller _AU,Dispatched,2026-08-20,2026-08-20,0,GBP
2026-08,UPDATE,ok,Amazon AU,16289,250-2809214-7871812,,Amazon Seller _AU,Dispatched,2026-08-21,2026-08-21,31.3,AUD
2026-08,UPDATE,ok,Amazon AU,16289,503-4000849-0571827,,Amazon Seller _AU,Dispatched,2026-08-21,2026-08-21,31.3,AUD
2026-08,UPDATE,ok,EU iFulfilment,25073,EU-49168,,,Dispatched,2026-08-24,2026-08-24,24.8166,EUR
2026-08,UPDATE,ok,Amazon AU,16289,503-7442191-1191844,,Amazon Seller _AU,Dispatched,2026-08-20,2026-08-20,31.42,AUD
2026-08,UPDATE,ok,Amazon AU,16289,249-8662595-4181429,,Amazon Seller _AU,Dispatched,2026-08-20,2026-08-20,13.92,AUD
2026-08,UPDATE,ok,UK,5052,UK-881139,,PCE,Dispatched,2026-08-25,2026-08-25,20,GBP
2026-08,UPDATE,ok,EU iFulfilment,25073,EU-49131,,O'FARRELL OPTICIANS,Dispatched,2026-08-24,2026-08-24,99.2663,EUR
2026-08,UPDATE,ok,EU iFulfilment,25073,EU-49128,,,Dispatched,2026-08-27,2026-08-27,108.943,EUR
2026-08,UPDATE,ok,Amazon AU,16289,249-4246355-6496658,,Amazon Seller _AU,Dispatched,2026-08-21,2026-08-21,33.91,AUD
2026-08,UPDATE,ok,UK,5052,UK-880770,,,Dispatched,2026-08-25,2026-08-25,55.25,GBP
2026-08,UPDATE,ok,Amazon AU,16289,503-8001541-6226267,,Amazon Seller _AU,Dispatched,2026-08-20,2026-08-20,29.66,AUD
2026-08,UPDATE,ok,UK,5052,UK-880736,,,Dispatched,2026-08-25,2026-08-25,15.2,GBP
2026-08,UPDATE,ok,Amazon AU,16289,503-0645371-1559032,,Amazon Seller _AU,Dispatched,2026-08-20,2026-08-20,54.72,AUD
2026-08,UPDATE,ok,Amazon AU,16289,503-8152713-7581417,,Amazon Seller _AU,Dispatched,2026-08-20,2026-08-20,33.51,AUD
2026-08,UPDATE,ok,Amazon AU,16289,250-7473655-9104669,,Amazon Seller _AU,Dispatched,2026-08-22,2026-08-22,13.97,AUD
2026-08,UPDATE,ok,Amazon AU,16289,503-3889527-7151011,,Amazon Seller _AU,Dispatched,2026-08-20,2026-08-20,31.42,AUD
2026-08,UPDATE,ok,Amazon AU,16289,249-5139632-6871836,,Amazon Seller _AU,Dispatched,2026-08-20,2026-08-20,25.86,AUD
2026-08,UPDATE,ok,Amazon AU,16289,503-9188403-8817433,,Amazon Seller _AU,Dispatched,2026-08-20,2026-08-20,20.53,AUD
2026-08,UPDATE,ok,Amazon AU,16289,250-1658785-3496607,,Amazon Seller _AU,Dispatched,2026-08-20,2026-08-20,71.64,AUD
2026-08,UPDATE,ok,Amazon AU,16289,503-7397469-2200612,,Amazon Seller _AU,Dispatched,2026-08-19,2026-08-19,28.77,AUD
2026-08,UPDATE,ok,Amazon AU,16289,249-7067738-5263832,,Amazon Seller _AU,Dispatched,2026-08-19,2026-08-19,96.91,AUD
2026-08,UPDATE,ok,EU iFulfilment,25073,EU-49047,,,Dispatched,2026-08-26,2026-08-26,0,EUR
2026-08,UPDATE,ok,Amazon AU,16289,250-0277789-6337408,,Amazon Seller _AU,Dispatched,2026-08-19,2026-08-19,16.74,AUD
2026-08,UPDATE,ok,Amazon AU,16289,503-1559911-1917444,,Amazon Seller _AU,Dispatched,2026-08-19,2026-08-19,7.32,AUD
2026-08,UPDATE,ok,Amazon AU,16289,503-8442514-4507058,,Amazon Seller _AU,Dispatched,2026-08-19,2026-08-19,31.39,AUD
2026-08,UPDATE,ok,EU iFulfilment,25073,EU-49037,,Bachert Unternehmensberatung GmbH & Co. KG,Dispatched,2026-08-24,2026-08-24,29.9511,EUR
2026-08,UPDATE,ok,Amazon AU,16289,503-8388010-9843833,,Amazon Seller _AU,Dispatched,2026-08-19,2026-08-19,59.64,AUD
2026-08,UPDATE,ok,Amazon AU,16289,250-6771588-3304635,,Amazon Seller _AU,Dispatched,2026-08-19,2026-08-19,31.39,AUD
2026-08,UPDATE,ok,Amazon AU,16289,503-5422205-6131856,,Amazon Seller _AU,Dispatched,2026-08-19,2026-08-19,31.39,AUD
2026-08,UPDATE,ok,Amazon AU,16289,250-7912857-7792604,,Amazon Seller _AU,Dispatched,2026-08-19,2026-08-19,31.39,AUD
2026-08,UPDATE,ok,Amazon AU,16289,503-9229475-4598254,,Amazon Seller _AU,Dispatched,2026-08-19,2026-08-19,31.39,AUD
2026-08,UPDATE,ok,Amazon AU,16289,503-2279128-0122232,,Amazon Seller _AU,Dispatched,2026-08-19,2026-08-19,31.39,AUD
2026-08,UPDATE,ok,Amazon AU,16289,249-9643628-4858249,,Amazon Seller _AU,Dispatched,2026-08-19,2026-08-19,57.15,AUD
2026-08,UPDATE,ok,Amazon AU,16289,249-8768217-4884634,,Amazon Seller _AU,Dispatched,2026-08-19,2026-08-19,59.64,AUD
2026-08,UPDATE,ok,UK,5053,UK-880189,,,Dispatched,2026-08-18,2026-08-18,50,GBP
2026-08,UPDATE,ok,Amazon AU,16289,250-3324362-7558254,,Amazon Seller _AU,Dispatched,2026-08-19,2026-08-19,31.39,AUD
2026-08,UPDATE,ok,Amazon AU,16289,250-7067044-2663062,,Amazon Seller _AU,Dispatched,2026-08-19,2026-08-19,31.86,AUD
2026-08,UPDATE,ok,Amazon AU,16289,503-0153447-0257413,,Amazon Seller _AU,Dispatched,2026-08-19,2026-08-19,28.77,AUD
2026-08,UPDATE,ok,Amazon AU,16289,250-5262432-9871822,,Amazon Seller _AU,Dispatched,2026-08-18,2026-08-18,16.78,AUD
2026-08,UPDATE,ok,EU iFulfilment,25073,EU-49010,,,Dispatched,2026-08-26,2026-08-26,109.3466,EUR
2026-08,UPDATE,ok,Amazon AU,16289,250-0292305-5330260,,Amazon Seller _AU,Dispatched,2026-08-18,2026-08-18,31.47,AUD
2026-08,UPDATE,ok,Amazon AU,16289,250-0031599-0889457,,Amazon Seller _AU,Dispatched,2026-08-18,2026-08-18,13.63,AUD
2026-08,UPDATE,ok,Amazon AU,16289,250-7195482-7131866,,Amazon Seller _AU,Dispatched,2026-08-18,2026-08-18,34.09,AUD
2026-08,UPDATE,ok,Amazon AU,16289,250-4963119-8457409,,Amazon Seller _AU,Dispatched,2026-08-19,2026-08-19,34.22,AUD
2026-08,UPDATE,ok,Amazon AU,16289,249-4740108-9191820,,Amazon Seller _AU,Dispatched,2026-08-19,2026-08-19,20.92,AUD
2026-08,UPDATE,ok,Amazon AU,16289,249-5786327-9618237,,Amazon Seller _AU,Dispatched,2026-08-18,2026-08-18,54.81,AUD
2026-08,UPDATE,ok,Amazon AU,16289,250-6251839-0748634,,Amazon Seller _AU,Dispatched,2026-08-18,2026-08-18,108.67,AUD
2026-08,UPDATE,ok,Amazon AU,16289,250-3247051-7064662,,Amazon Seller _AU,Dispatched,2026-08-18,2026-08-18,31.47,AUD
2026-08,UPDATE,ok,Amazon AU,16289,249-8328807-1605422,,Amazon Seller _AU,Dispatched,2026-08-18,2026-08-18,30.16,AUD
2026-08,UPDATE,ok,EU iFulfilment,25073,EU-48970,,,Dispatched,2026-08-27,2026-08-27,60.8571,EUR
2026-08,UPDATE,ok,Amazon AU,16289,503-3056141-7438244,,Amazon Seller _AU,Dispatched,2026-08-18,2026-08-18,16.78,AUD
2026-08,UPDATE,ok,EU iFulfilment,25073,EU-48959,,,Dispatched,2026-08-31,2026-08-31,96.8677,EUR
2026-08,UPDATE,ok,Amazon AU,16289,503-9995189-6791804,,Amazon Seller _AU,Dispatched,2026-08-17,2026-08-17,31.37,AUD
2026-08,UPDATE,ok,Amazon AU,16289,250-4742338-3609400,,Amazon Seller _AU,Dispatched,2026-08-17,2026-08-17,31.37,AUD
2026-08,UPDATE,ok,Amazon AU,16289,249-6672779-9227051,,Amazon Seller _AU,Dispatched,2026-08-18,2026-08-18,33.69,AUD
2026-08,UPDATE,ok,Amazon AU,16289,250-3414531-5155039,,Amazon Seller _AU,Dispatched,2026-08-17,2026-08-17,28.76,AUD
2026-08,UPDATE,ok,Amazon AU,16289,249-6609599-6604623,,Amazon Seller _AU,Dispatched,2026-08-18,2026-08-18,13.63,AUD
2026-08,UPDATE,ok,Amazon AU,16289,503-4924453-3667854,,Amazon Seller _AU,Dispatched,2026-08-17,2026-08-17,28.76,AUD
2026-08,UPDATE,ok,Amazon AU,16289,503-1204464-6085428,,Amazon Seller _AU,Dispatched,2026-08-17,2026-08-17,18.82,AUD
2026-08,UPDATE,ok,Amazon AU,16289,503-7313871-1331831,,Amazon Seller _AU,Dispatched,2026-08-18,2026-08-18,35.66,AUD
2026-08,UPDATE,ok,Amazon AU,16289,250-6968768-7569409,,Amazon Seller _AU,Dispatched,2026-08-17,2026-08-17,28.76,AUD
2026-08,UPDATE,ok,Amazon AU,16289,250-6839129-1791855,,Amazon Seller _AU,Dispatched,2026-08-17,2026-08-17,54.64,AUD
2026-08,UPDATE,ok,Amazon AU,16289,503-4976274-0314248,,Amazon Seller _AU,Dispatched,2026-08-17,2026-08-17,28.76,AUD
2026-08,UPDATE,ok,Amazon AU,16289,249-0749538-4525410,,Amazon Seller _AU,Dispatched,2026-08-17,2026-08-17,31.37,AUD
2026-08,UPDATE,ok,Amazon AU,16289,250-6920480-5330228,,Amazon Seller _AU,Dispatched,2026-08-17,2026-08-17,12.55,AUD
2026-08,UPDATE,ok,Amazon AU,16289,250-5346080-7732657,,Amazon Seller _AU,Dispatched,2026-08-17,2026-08-17,28.76,AUD
2026-08,UPDATE,ok,AU,17489,AU-140982,,,Dispatched,2026-08-25,2026-08-25,202.07,AUD
2026-08,UPDATE,ok,Amazon AU,16289,249-7189682-1985447,,Amazon Seller _AU,Dispatched,2026-08-17,2026-08-17,64.58,AUD
2026-08,UPDATE,ok,Amazon AU,16289,503-4646844-9926261,,Amazon Seller _AU,Dispatched,2026-08-16,2026-08-16,12.52,AUD
2026-08,UPDATE,ok,Amazon AU,16289,249-5024461-4714245,,Amazon Seller _AU,Dispatched,2026-08-16,2026-08-16,28.71,AUD
2026-08,UPDATE,ok,Amazon AU,16289,250-3396595-9569462,,Amazon Seller _AU,Dispatched,2026-08-17,2026-08-17,15.89,AUD
2026-08,UPDATE,ok,Amazon AU,16289,250-4914851-1749411,,Amazon Seller _AU,Dispatched,2026-08-17,2026-08-17,31.37,AUD
2026-08,UPDATE,ok,Amazon AU,16289,250-0338436-6785435,,Amazon Seller _AU,Dispatched,2026-08-17,2026-08-17,12.55,AUD
2026-08,UPDATE,ok,EU iFulfilment,25073,EU-48847,,,Dispatched,2026-08-25,2026-08-25,137.5008,EUR
2026-08,UPDATE,ok,Amazon AU,16289,250-2841844-5139847,,Amazon Seller _AU,Dispatched,2026-08-16,2026-08-16,32.88,AUD
2026-08,UPDATE,ok,Amazon AU,16289,503-7595168-3172643,,Amazon Seller _AU,Dispatched,2026-08-16,2026-08-16,12.52,AUD
2026-08,UPDATE,ok,Amazon AU,16289,503-2025529-9051004,,Amazon Seller _AU,Dispatched,2026-08-16,2026-08-16,31.32,AUD
2026-08,UPDATE,ok,Amazon AU,16289,249-0693672-9034245,,Amazon Seller _AU,Dispatched,2026-08-16,2026-08-16,31.32,AUD
2026-08,UPDATE,ok,Amazon AU,16289,249-0374166-8763859,,Amazon Seller _AU,Dispatched,2026-08-17,2026-08-17,31.37,AUD
2026-08,UPDATE,ok,Amazon AU,16289,503-2547461-5933418,,Amazon Seller _AU,Dispatched,2026-08-16,2026-08-16,28.71,AUD
2026-08,UPDATE,ok,Amazon AU,16289,503-1194313-0354252,,Amazon Seller _AU,Dispatched,2026-08-17,2026-08-17,67.62,AUD
2026-08,UPDATE,ok,Amazon AU,16289,249-6828924-0319819,,Amazon Seller _AU,Dispatched,2026-08-17,2026-08-17,33.99,AUD
2026-08,UPDATE,ok,Amazon AU,16289,503-9629352-4091057,,Amazon Seller _AU,Dispatched,2026-08-16,2026-08-16,28.71,AUD
2026-08,UPDATE,ok,Amazon AU,16289,249-7774412-2320606,,Amazon Seller _AU,Dispatched,2026-08-16,2026-08-16,31.32,AUD
2026-08,UPDATE,ok,Amazon AU,16289,250-5928426-2929427,,Amazon Seller _AU,Dispatched,2026-08-16,2026-08-16,12.52,AUD
2026-08,UPDATE,ok,AU,17489,AU-140936,,,Dispatched,2026-08-18,2026-08-18,41.25,AUD
2026-08,UPDATE,ok,Amazon AU,16289,250-6882591-3563802,,Amazon Seller _AU,Dispatched,2026-08-16,2026-08-16,28.71,AUD
2026-08,UPDATE,ok,Amazon AU,16289,249-2203984-7813446,,Amazon Seller _AU,Dispatched,2026-08-16,2026-08-16,37.58,AUD
2026-08,UPDATE,ok,Amazon AU,16289,249-8951413-8323051,,Amazon Seller _AU,Dispatched,2026-08-17,2026-08-17,29.78,AUD
2026-08,UPDATE,ok,Amazon AU,16289,503-4227557-0719862,,Amazon Seller _AU,Dispatched,2026-08-27,2026-08-27,29.04,AUD
2026-08,UPDATE,ok,UK,5052,UK-878554,,,Dispatched,2026-08-19,2026-08-19,34,GBP
2026-08,UPDATE,ok,Amazon AU,16289,249-7942856-4802217,,Amazon Seller _AU,Dispatched,2026-08-15,2026-08-15,28.76,AUD
2026-08,UPDATE,ok,Amazon AU,16289,250-1409985-1453455,,Amazon Seller _AU,Dispatched,2026-08-16,2026-08-16,28.71,AUD
2026-08,UPDATE,ok,Amazon AU,16289,503-1644629-2899863,,Amazon Seller _AU,Dispatched,2026-08-16,2026-08-16,31.32,AUD
2026-08,UPDATE,ok,Amazon AU,16289,503-1472099-4911842,,Amazon Seller _AU,Dispatched,2026-08-16,2026-08-16,28.71,AUD
2026-08,UPDATE,ok,Amazon AU,16289,250-2424748-3540643,,Amazon Seller _AU,Dispatched,2026-08-15,2026-08-15,31.38,AUD
2026-08,UPDATE,ok,Amazon AU,16289,503-3820188-0420646,,Amazon Seller _AU,Dispatched,2026-08-15,2026-08-15,31.38,AUD
2026-08,UPDATE,ok,Amazon AU,16289,249-5070906-0512655,,Amazon Seller _AU,Dispatched,2026-08-14,2026-08-14,28.79,AUD
2026-08,UPDATE,ok,Amazon AU,16289,249-7965054-6031048,,Amazon Seller _AU,Dispatched,2026-08-14,2026-08-14,12.56,AUD
2026-08,UPDATE,ok,AU,17489,AU-140880,,,Dispatched,2026-08-25,2026-08-25,79.74,AUD
2026-08,UPDATE,ok,Amazon AU,16289,249-0636147-8560626,,Amazon Seller _AU,Dispatched,2026-08-16,2026-08-16,59.5,AUD
2026-08,UPDATE,ok,Amazon AU,16289,249-0317908-7852603,,Amazon Seller _AU,Dispatched,2026-08-14,2026-08-14,54.7,AUD
2026-08,UPDATE,ok,Amazon AU,16289,249-6072560-8323013,,Amazon Seller _AU,Dispatched,2026-08-13,2026-08-13,31.39,AUD
2026-08,UPDATE,ok,Amazon AU,16289,249-0158137-8973467,,Amazon Seller _AU,Dispatched,2026-08-13,2026-08-13,16.74,AUD
2026-08,UPDATE,ok,Amazon AU,16289,249-9447546-1325446,,Amazon Seller _AU,Dispatched,2026-08-13,2026-08-13,34.01,AUD
2026-08,UPDATE,ok,Amazon AU,16289,250-1442048-7064633,,Amazon Seller _AU,Dispatched,2026-08-13,2026-08-13,29.48,AUD
2026-08,UPDATE,ok,Amazon AU,16289,249-7316373-6785441,,Amazon Seller _AU,Dispatched,2026-08-13,2026-08-13,20.51,AUD
2026-08,UPDATE,ok,Amazon AU,16289,250-6396539-6303013,,Amazon Seller _AU,Dispatched,2026-08-14,2026-08-14,12.56,AUD
2026-08,UPDATE,ok,Amazon AU,16289,249-6198190-5572654,,Amazon Seller _AU,Dispatched,2026-08-13,2026-08-13,71.67,AUD
2026-08,UPDATE,ok,Amazon AU,16289,249-9200090-9195856,,Amazon Seller _AU,Dispatched,2026-08-13,2026-08-13,31.39,AUD
2026-08,UPDATE,ok,Amazon AU,16289,503-8295387-3670259,,Amazon Seller _AU,Dispatched,2026-08-14,2026-08-14,22.2,AUD
2026-08,UPDATE,ok,Amazon AU,16289,250-1462137-1835015,,Amazon Seller _AU,Dispatched,2026-08-13,2026-08-13,28.77,AUD
2026-08,UPDATE,ok,Amazon AU,16289,503-2214154-5610232,,Amazon Seller _AU,Dispatched,2026-08-13,2026-08-13,28.77,AUD
2026-08,UPDATE,ok,Amazon AU,16289,249-3247981-9388633,,Amazon Seller _AU,Dispatched,2026-08-13,2026-08-13,16.74,AUD
2026-08,UPDATE,ok,Amazon AU,16289,250-3786532-5416657,,Amazon Seller _AU,Dispatched,2026-08-13,2026-08-13,54.67,AUD
2026-08,UPDATE,ok,Amazon AU,16289,250-7994921-9560605,,Amazon Seller _AU,Dispatched,2026-08-13,2026-08-13,29.82,AUD
2026-08,UPDATE,ok,Amazon AU,16289,250-7984528-1230230,,Amazon Seller _AU,Dispatched,2026-08-13,2026-08-13,29.82,AUD
2026-08,UPDATE,ok,Amazon AU,16289,503-4404990-7735003,,Amazon Seller _AU,Dispatched,2026-08-13,2026-08-13,31.39,AUD
2026-08,UPDATE,ok,EU iFulfilment,25073,EU-48558,,KOI SWIM SCHOOL,Dispatched,2026-08-24,2026-08-24,401.8587,EUR
2026-08,UPDATE,ok,Amazon AU,16289,249-7294603-3768625,,Amazon Seller _AU,Dispatched,2026-08-12,2026-08-12,31.36,AUD
2026-08,UPDATE,ok,Amazon AU,16289,503-9955957-7494245,,Amazon Seller _AU,Dispatched,2026-08-13,2026-08-13,7.32,AUD
2026-08,UPDATE,ok,Amazon AU,16289,503-1824766-7823854,,Amazon Seller _AU,Dispatched,2026-08-12,2026-08-12,16.73,AUD
2026-08,UPDATE,ok,Amazon AU,16289,249-9384321-7315049,,Amazon Seller _AU,Dispatched,2026-08-12,2026-08-12,32.28,AUD
2026-08,UPDATE,ok,Amazon AU,16289,250-3465203-5539862,,Amazon Seller _AU,Dispatched,2026-08-13,2026-08-13,31.39,AUD
2026-08,UPDATE,ok,Amazon AU,16289,503-8787325-3979858,,Amazon Seller _AU,Dispatched,2026-08-11,2026-08-11,29.76,AUD
2026-08,UPDATE,ok,Amazon AU,16289,503-7543088-1528659,,Amazon Seller _AU,Dispatched,2026-08-26,2026-08-26,75.81,AUD
2026-08,UPDATE,ok,Amazon AU,16289,249-5400511-1064604,,Amazon Seller _AU,Dispatched,2026-08-12,2026-08-12,31.39,AUD
2026-08,UPDATE,ok,Amazon AU,16289,250-6696423-4314208,,Amazon Seller _AU,Dispatched,2026-08-11,2026-08-11,16.71,AUD
2026-08,UPDATE,ok,Amazon AU,16289,250-7224625-9283003,,Amazon Seller _AU,Dispatched,2026-08-12,2026-08-12,12.54,AUD
2026-08,UPDATE,ok,Amazon AU,16289,503-1852963-8250243,,Amazon Seller _AU,Dispatched,2026-08-11,2026-08-11,20.47,AUD
2026-08,UPDATE,ok,Amazon AU,16289,250-8424036-1097444,,Amazon Seller _AU,Dispatched,2026-08-11,2026-08-11,31.33,AUD
2026-08,UPDATE,ok,Amazon AU,16289,250-6186595-8551037,,Amazon Seller _AU,Dispatched,2026-08-12,2026-08-12,28.75,AUD
2026-08,UPDATE,ok,UK,5053,UK-876347,,,Dispatched,2026-08-10,2026-08-10,50,GBP
2026-08,UPDATE,ok,EU iFulfilment,25073,EU-48406,,,Dispatched,2026-08-25,2026-08-25,130.0559,EUR
2026-08,UPDATE,ok,Amazon AU,16289,249-1662698-6868665,,Amazon Seller _AU,Dispatched,2026-08-10,2026-08-10,16.75,AUD
2026-08,UPDATE,ok,Amazon AU,16289,249-4384982-8909449,,Amazon Seller _AU,Dispatched,2026-08-10,2026-08-10,31.41,AUD
2026-08,UPDATE,ok,Amazon AU,16289,249-5039886-5743029,,Amazon Seller _AU,Dispatched,2026-08-12,2026-08-12,59.59,AUD
2026-08,UPDATE,ok,Amazon AU,16289,503-8616420-0887069,,Amazon Seller _AU,Dispatched,2026-08-10,2026-08-10,31.41,AUD
2026-08,UPDATE,ok,Amazon AU,16289,250-5450037-5062226,,Amazon Seller _AU,Dispatched,2026-08-10,2026-08-10,54.7,AUD
2026-08,UPDATE,ok,Amazon AU,16289,250-1565276-1583066,,Amazon Seller _AU,Dispatched,2026-08-10,2026-08-10,31.41,AUD
2026-08,UPDATE,ok,Amazon AU,16289,249-0232494-7179847,,Amazon Seller _AU,Dispatched,2026-08-10,2026-08-10,7.32,AUD
2026-08,UPDATE,ok,Amazon AU,16289,503-5598655-0805400,,Amazon Seller _AU,Dispatched,2026-08-10,2026-08-10,31.41,AUD
2026-08,UPDATE,ok,Amazon AU,16289,250-8415046-0113406,,Amazon Seller _AU,Dispatched,2026-08-11,2026-08-11,31.33,AUD
2026-08,UPDATE,ok,Amazon AU,16289,250-1329138-3080618,,Amazon Seller _AU,Dispatched,2026-08-10,2026-08-10,28.79,AUD
2026-08,UPDATE,ok,Amazon AU,16289,503-1498744-6628636,,Amazon Seller _AU,Dispatched,2026-08-11,2026-08-11,31.33,AUD
2026-08,UPDATE,ok,Amazon AU,16289,250-1176546-1829418,,Amazon Seller _AU,Dispatched,2026-08-10,2026-08-10,31.41,AUD
2026-08,UPDATE,ok,Amazon AU,16289,503-6408559-7876611,,Amazon Seller _AU,Dispatched,2026-08-11,2026-08-11,32.89,AUD
2026-08,UPDATE,ok,Amazon AU,16289,249-4408846-6743808,,Amazon Seller _AU,Dispatched,2026-08-10,2026-08-10,34.03,AUD
2026-08,UPDATE,ok,Amazon AU,16289,503-5723777-5575864,,Amazon Seller _AU,Dispatched,2026-08-10,2026-08-10,28.79,AUD
2026-08,UPDATE,ok,Amazon AU,16289,503-0453921-1948639,,Amazon Seller _AU,Dispatched,2026-08-10,2026-08-10,31.41,AUD
2026-08,UPDATE,ok,Amazon AU,16289,250-8760128-9856659,,Amazon Seller _AU,Dispatched,2026-08-10,2026-08-10,28.79,AUD
2026-08,UPDATE,ok,Amazon AU,16289,503-9895085-0265461,,Amazon Seller _AU,Dispatched,2026-08-10,2026-08-10,31.41,AUD
2026-08,UPDATE,ok,AU,17489,AU-140718,,,Dispatched,2026-08-11,2026-08-11,143.88,AUD
2026-08,UPDATE,ok,Amazon AU,16289,249-0605293-7863807,,Amazon Seller _AU,Dispatched,2026-08-10,2026-08-10,62.16,AUD
2026-08,UPDATE,ok,Amazon AU,16289,250-5468297-4831824,,Amazon Seller _AU,Dispatched,2026-08-10,2026-08-10,12.56,AUD
2026-08,UPDATE,ok,Amazon AU,16289,250-0208425-2843005,,Amazon Seller _AU,Dispatched,2026-08-10,2026-08-10,12.56,AUD
2026-08,UPDATE,ok,Amazon AU,16289,250-0341025-1957407,,Amazon Seller _AU,Dispatched,2026-08-10,2026-08-10,97.89,AUD
2026-08,UPDATE,ok,Amazon AU,16289,249-8947601-9496644,,Amazon Seller _AU,Dispatched,2026-08-09,2026-08-09,12.57,AUD
2026-08,UPDATE,ok,Amazon AU,16289,249-2870888-9187822,,Amazon Seller _AU,Dispatched,2026-08-09,2026-08-09,7.33,AUD
2026-08,UPDATE,ok,Amazon AU,16289,503-0185090-3022218,,Amazon Seller _AU,Dispatched,2026-08-09,2026-08-09,31.43,AUD
2026-08,UPDATE,ok,Amazon AU,16289,250-9550162-9291869,,Amazon Seller _AU,Dispatched,2026-08-09,2026-08-09,58.62,AUD
2026-08,UPDATE,ok,Amazon AU,16289,503-9732516-3495804,,Amazon Seller _AU,Dispatched,2026-08-09,2026-08-09,16.76,AUD
2026-08,UPDATE,ok,Amazon AU,16289,503-0793623-4587032,,Amazon Seller _AU,Dispatched,2026-08-09,2026-08-09,12.57,AUD
2026-08,UPDATE,ok,Amazon AU,16289,503-1092532-4849455,,Amazon Seller _AU,Dispatched,2026-08-10,2026-08-10,28.79,AUD
2026-08,UPDATE,ok,US Geneva,5055,114-8911103-6001839,,Amazon Seller US,Dispatched,2026-08-10,2026-08-10,66.6988,USD
2026-08,UPDATE,ok,Amazon AU,16289,503-5862711-0021425,,Amazon Seller _AU,Dispatched,2026-08-09,2026-08-09,24.92,AUD
2026-08,UPDATE,ok,Amazon AU,16289,249-7486715-8800669,,Amazon Seller _AU,Dispatched,2026-08-09,2026-08-09,34.05,AUD
2026-08,UPDATE,ok,Amazon AU,16289,249-9944907-6703807,,Amazon Seller _AU,Dispatched,2026-08-09,2026-08-09,59.71,AUD
2026-08,UPDATE,ok,Amazon AU,16289,249-4837902-2480613,,Amazon Seller _AU,Dispatched,2026-08-09,2026-08-09,31.43,AUD
2026-08,UPDATE,ok,Amazon AU,16289,249-8461383-1931827,,Amazon Seller _AU,Dispatched,2026-08-08,2026-08-08,23.57,AUD
2026-08,UPDATE,ok,Amazon AU,16289,249-2291682-3140606,,Amazon Seller _AU,Dispatched,2026-08-08,2026-08-08,34.05,AUD
2026-08,UPDATE,ok,Amazon AU,16289,249-9490322-4575053,,Amazon Seller _AU,Dispatched,2026-08-08,2026-08-08,28.81,AUD
2026-08,UPDATE,ok,Amazon AU,16289,503-6246278-6299805,,Amazon Seller _AU,Dispatched,2026-08-08,2026-08-08,59.72,AUD
2026-08,UPDATE,ok,Amazon AU,16289,249-6955160-6397423,,Amazon Seller _AU,Dispatched,2026-08-09,2026-08-09,34.05,AUD
2026-08,UPDATE,ok,Amazon AU,16289,503-1525134-6252602,,Amazon Seller _AU,Dispatched,2026-08-08,2026-08-08,31.43,AUD
2026-08,UPDATE,ok,Amazon AU,16289,249-8456589-0565407,,Amazon Seller _AU,Dispatched,2026-08-08,2026-08-08,28.81,AUD
2026-08,UPDATE,ok,Amazon AU,16289,249-1134328-4647835,,Amazon Seller _AU,Dispatched,2026-08-08,2026-08-08,16.76,AUD
2026-08,UPDATE,ok,Amazon AU,16289,249-2822994-9342210,,Amazon Seller _AU,Dispatched,2026-08-08,2026-08-08,34.05,AUD
2026-08,UPDATE,ok,Amazon AU,16289,503-8174774-1011019,,Amazon Seller _AU,Dispatched,2026-08-08,2026-08-08,64.7,AUD
2026-08,UPDATE,ok,Amazon AU,16289,250-3734759-7910249,,Amazon Seller _AU,Dispatched,2026-08-08,2026-08-08,35.62,AUD
2026-08,UPDATE,ok,Amazon AU,16289,250-3395346-1267007,,Amazon Seller _AU,Dispatched,2026-08-07,2026-08-07,88.86,AUD
2026-08,UPDATE,ok,AU,17489,AU-140616,,,Dispatched,2026-08-25,2026-08-25,74.49,AUD
2026-08,UPDATE,ok,Amazon AU,16289,249-5014735-6925463,,Amazon Seller _AU,Dispatched,2026-08-07,2026-08-07,62.07,AUD
2026-08,UPDATE,ok,Amazon AU,16289,503-1137869-7354256,,Amazon Seller _AU,Dispatched,2026-08-07,2026-08-07,31.36,AUD
2026-08,UPDATE,ok,Amazon AU,16289,249-0936355-7299032,,Amazon Seller _AU,Dispatched,2026-08-09,2026-08-09,31.43,AUD
2026-08,UPDATE,ok,Amazon AU,16289,503-3647659-2148609,,Amazon Seller _AU,Dispatched,2026-08-08,2026-08-08,16.76,AUD
2026-08,UPDATE,ok,AU,17489,AU-140600,,,Dispatched,2026-08-25,2026-08-25,71.79,AUD
2026-08,UPDATE,ok,Amazon AU,16289,S03-3066563-9429207,,Amazon Seller _AU,Dispatched,2026-08-06,2026-08-06,0,GBP
2026-08,UPDATE,ok,Amazon AU,16289,503-3968099-7339857,,Amazon Seller _AU,Dispatched,2026-08-07,2026-08-07,31.36,AUD
2026-08,UPDATE,ok,Amazon AU,16289,250-7640086-2782247,,Amazon Seller _AU,Dispatched,2026-08-07,2026-08-07,28.75,AUD
2026-08,UPDATE,ok,UK,5053,UK-873176,,,Dispatched,2026-08-06,2026-08-06,20,GBP
2026-08,UPDATE,ok,UK,5053,UK-873046,,,Dispatched,2026-08-06,2026-08-06,30,GBP
2026-08,UPDATE,ok,Amazon AU,16289,250-1714715-3527810,,Amazon Seller _AU,Dispatched,2026-08-06,2026-08-06,27.75,AUD
2026-08,UPDATE,ok,Amazon AU,16289,250-1980708-7886232,,Amazon Seller _AU,Dispatched,2026-08-07,2026-08-07,7.31,AUD
2026-08,UPDATE,ok,Amazon AU,16289,503-7340235-4975800,,Amazon Seller _AU,Dispatched,2026-08-06,2026-08-06,28.81,AUD
2026-08,UPDATE,ok,Amazon AU,16289,250-2572568-6579814,,Amazon Seller _AU,Dispatched,2026-08-06,2026-08-06,28.81,AUD
2026-08,UPDATE,ok,Amazon AU,16289,503-0361618-0979065,,Amazon Seller _AU,Dispatched,2026-08-10,2026-08-10,30.1,AUD
2026-08,UPDATE,ok,Amazon AU,16289,250-2831995-1023066,,Amazon Seller _AU,Dispatched,2026-08-06,2026-08-06,28.81,AUD
2026-08,UPDATE,ok,Amazon AU,16289,503-6926055-6423861,,Amazon Seller _AU,Dispatched,2026-08-06,2026-08-06,29.85,AUD
2026-08,UPDATE,ok,EU iFulfilment,25073,EU-47991,,,Dispatched,2026-08-26,2026-08-26,79.657,EUR
2026-08,UPDATE,ok,Amazon AU,16289,250-5879785-9948655,,Amazon Seller _AU,Dispatched,2026-08-06,2026-08-06,12.57,AUD
2026-08,UPDATE,ok,Amazon AU,16289,249-9571493-3362263,,Amazon Seller _AU,Dispatched,2026-08-05,2026-08-05,34.05,AUD
2026-08,UPDATE,ok,Amazon AU,16289,503-8905490-4559842,,Amazon Seller _AU,Dispatched,2026-08-06,2026-08-06,31.43,AUD
2026-08,UPDATE,ok,Amazon AU,16289,250-2370338-2635048,,Amazon Seller _AU,Dispatched,2026-08-06,2026-08-06,34.05,AUD
2026-08,UPDATE,ok,Amazon AU,16289,503-6892976-0235010,,Amazon Seller _AU,Dispatched,2026-08-05,2026-08-05,15.71,AUD
2026-08,UPDATE,ok,Amazon AU,16289,503-0990584-8285408,,Amazon Seller _AU,Dispatched,2026-08-06,2026-08-06,31.43,AUD
2026-08,UPDATE,ok,Amazon AU,16289,250-4542851-0615807,,Amazon Seller _AU,Dispatched,2026-08-05,2026-08-05,28.81,AUD
2026-08,UPDATE,ok,Amazon AU,16289,249-0192667-1219016,,Amazon Seller _AU,Dispatched,2026-08-06,2026-08-06,31.43,AUD
2026-08,UPDATE,ok,Amazon AU,16289,503-6967147-9429439,,Amazon Seller _AU,Dispatched,2026-08-06,2026-08-06,31.43,AUD
2026-08,UPDATE,ok,Amazon AU,16289,249-7102599-5599068,,Amazon Seller _AU,Dispatched,2026-08-05,2026-08-05,31.43,AUD
2026-08,UPDATE,ok,Amazon AU,16289,250-7580552-0851817,,Amazon Seller _AU,Dispatched,2026-08-05,2026-08-05,13.93,AUD
2026-08,UPDATE,ok,Amazon AU,16289,250-6650527-3075055,,Amazon Seller _AU,Dispatched,2026-08-05,2026-08-05,31.43,AUD
2026-08,UPDATE,ok,Amazon AU,16289,249-2782252-4435064,,Amazon Seller _AU,Dispatched,2026-08-05,2026-08-05,31.43,AUD
2026-08,UPDATE,ok,Amazon AU,16289,503-0713504-6041431,,Amazon Seller _AU,Dispatched,2026-08-05,2026-08-05,31.43,AUD
2026-08,UPDATE,ok,Amazon AU,16289,250-3591697-6516662,,Amazon Seller _AU,Dispatched,2026-08-05,2026-08-05,28.81,AUD
2026-08,UPDATE,ok,Amazon AU,16289,503-6506164-0207823,,Amazon Seller _AU,Dispatched,2026-08-05,2026-08-05,28.81,AUD
2026-08,UPDATE,ok,EU iFulfilment,25073,EU-47879,,,Dispatched,2026-08-26,2026-08-26,31.9142,EUR
2026-08,UPDATE,ok,Amazon AU,16289,249-0893466-6899051,,Amazon Seller _AU,Dispatched,2026-08-04,2026-08-04,56.92,AUD
2026-08,UPDATE,ok,Amazon AU,16289,249-4597950-3946240,,Amazon Seller _AU,Dispatched,2026-08-05,2026-08-05,28.81,AUD
2026-08,UPDATE,ok,Amazon AU,16289,503-7489528-4655061,,Amazon Seller _AU,Dispatched,2026-08-05,2026-08-05,20.54,AUD
2026-08,UPDATE,ok,Amazon AU,16289,249-5224583-0529447,,Amazon Seller _AU,Dispatched,2026-08-06,2026-08-06,39.85,AUD
2026-08,UPDATE,ok,Amazon AU,16289,250-3603501-4419801,,Amazon Seller _AU,Dispatched,2026-08-04,2026-08-04,28.66,AUD
2026-08,UPDATE,ok,Amazon AU,16289,250-6518954-2482207,,Amazon Seller _AU,Dispatched,2026-08-04,2026-08-04,28.66,AUD
2026-08,UPDATE,ok,Amazon AU,16289,503-2320534-9219821,,Amazon Seller _AU,Dispatched,2026-08-04,2026-08-04,7.29,AUD
2026-08,UPDATE,ok,Amazon AU,16289,249-2718228-5752635,,Amazon Seller _AU,Dispatched,2026-08-05,2026-08-05,7.33,AUD
2026-08,UPDATE,ok,Amazon AU,16289,250-6103365-6174215,,Amazon Seller _AU,Dispatched,2026-08-05,2026-08-05,31.43,AUD
2026-08,UPDATE,ok,Amazon AU,16289,503-8856143-0743834,,Amazon Seller _AU,Dispatched,2026-08-05,2026-08-05,31.43,AUD
2026-08,UPDATE,ok,Amazon AU,16289,249-0292828-3313468,,Amazon Seller _AU,Dispatched,2026-08-05,2026-08-05,20.54,AUD
2026-08,UPDATE,ok,Amazon AU,16289,250-5225665-6471029,,Amazon Seller _AU,Dispatched,2026-08-04,2026-08-04,59.4,AUD
2026-08,UPDATE,ok,Amazon AU,16289,503-2512875-8402202,,Amazon Seller _AU,Dispatched,2026-08-04,2026-08-04,12.5,AUD
2026-08,UPDATE,ok,Amazon AU,16289,249-6655914-0047803,,Amazon Seller _AU,Dispatched,2026-08-04,2026-08-04,31.26,AUD
2026-08,UPDATE,ok,Amazon AU,16289,503-6899709-3146211,,Amazon Seller _AU,Dispatched,2026-08-05,2026-08-05,31.43,AUD
2026-08,UPDATE,ok,Amazon AU,16289,503-6981821-3082211,,Amazon Seller _AU,Dispatched,2026-08-04,2026-08-04,31.26,AUD
2026-08,UPDATE,ok,Amazon AU,16289,249-8450458-0531835,,Amazon Seller _AU,Dispatched,2026-08-04,2026-08-04,59.4,AUD
2026-08,UPDATE,ok,Amazon AU,16289,250-6563053-7409415,,Amazon Seller _AU,Dispatched,2026-08-04,2026-08-04,31.26,AUD
2026-08,UPDATE,ok,Amazon AU,16289,250-6104193-0947867,,Amazon Seller _AU,Dispatched,2026-08-04,2026-08-04,7.29,AUD
2026-08,UPDATE,ok,Amazon AU,16289,249-8915865-3796607,,Amazon Seller _AU,Dispatched,2026-08-03,2026-08-03,19.45,AUD
2026-08,UPDATE,ok,Amazon AU,16289,250-3361428-7258205,,Amazon Seller _AU,Dispatched,2026-08-03,2026-08-03,31.32,AUD
2026-08,UPDATE,ok,Amazon AU,16289,249-3744131-9464651,,Amazon Seller _AU,Dispatched,2026-08-03,2026-08-03,31.32,AUD
2026-08,UPDATE,ok,Amazon AU,16289,249-7125026-9187001,,[Redacted],Dispatched,2026-08-03,2026-08-03,16.7,AUD
2026-08,UPDATE,ok,Amazon AU,16289,503-3377534-0027030,,[Redacted],Dispatched,2026-08-03,2026-08-03,31.32,AUD
2026-08,UPDATE,ok,Amazon AU,16289,503-0629205-5915857,,Amazon Seller _AU,Dispatched,2026-08-03,2026-08-03,31.32,AUD
2026-08,UPDATE,ok,Amazon AU,16289,249-8113093-5848660,,[Redacted],Dispatched,2026-08-03,2026-08-03,31.32,AUD
2026-08,UPDATE,ok,UK,5053,UK-870856,,,Dispatched,2026-08-02,2026-08-02,30,GBP
2026-08,UPDATE,ok,Amazon AU,16289,503-3106599-3096606,,[Redacted],Dispatched,2026-08-02,2026-08-02,6.89,AUD
2026-08,UPDATE,ok,Amazon AU,16289,249-9138883-6436625,,[Redacted],Dispatched,2026-08-03,2026-08-03,7.31,AUD
2026-08,UPDATE,ok,Amazon AU,16289,250-7963621-5561453,,[Redacted],Dispatched,2026-08-03,2026-08-03,15.66,AUD
2026-08,UPDATE,ok,Amazon AU,16289,503-8475053-0512639,,Amazon Seller _AU,Dispatched,2026-08-03,2026-08-03,62.65,AUD
2026-08,UPDATE,ok,Amazon AU,16289,249-6552790-6720650,,[Redacted],Dispatched,2026-08-02,2026-08-02,28.51,AUD
2026-08,UPDATE,ok,Amazon AU,16289,503-5880566-8543014,,[Redacted],Dispatched,2026-08-03,2026-08-03,31.32,AUD
2026-08,UPDATE,ok,Amazon AU,16289,249-9203785-9540633,,[Redacted],Dispatched,2026-08-02,2026-08-02,31.11,AUD
2026-08,UPDATE,ok,Amazon AU,16289,249-7734504-6253427,,[Redacted],Dispatched,2026-08-03,2026-08-03,31.32,AUD
2026-08,UPDATE,ok,Amazon AU,16289,249-2297540-8427065,,Amazon Seller _AU,Dispatched,2026-08-06,2026-08-06,33.1,AUD
2026-08,UPDATE,ok,Amazon AU,16289,503-3632913-0223818,,[Redacted],Dispatched,2026-08-02,2026-08-02,31.11,AUD
2026-08,UPDATE,ok,Amazon AU,16289,503-8903824-1312615,,[Redacted],Dispatched,2026-08-02,2026-08-02,31.11,AUD
2026-08,UPDATE,ok,Amazon AU,16289,250-1667132-3600626,,[Redacted],Dispatched,2026-08-02,2026-08-02,79.32,AUD
2026-08,UPDATE,ok,Amazon AU,16289,250-7344124-5260601,,[Redacted],Dispatched,2026-08-02,2026-08-02,12.44,AUD
2026-08,UPDATE,ok,Amazon AU,16289,249-6125410-5829423,,[Redacted],Dispatched,2026-08-02,2026-08-02,31.11,AUD
2026-08,UPDATE,ok,Amazon AU,16289,503-5750249-4215044,,[Redacted],Dispatched,2026-08-02,2026-08-02,26.13,AUD
2026-08,UPDATE,ok,Amazon AU,16289,503-2937619-0214254,,[Redacted],Dispatched,2026-08-02,2026-08-02,31.11,AUD
2026-08,UPDATE,ok,US Geneva,5055,113-8666706-0702610,,[Redacted],Dispatched,2026-08-03,2026-08-03,66.1792,USD
2026-08,UPDATE,ok,Amazon AU,16289,249-0749449-4899052,,[Redacted],Dispatched,2026-08-02,2026-08-02,16.59,AUD
2026-08,UPDATE,ok,US Geneva,5055,US-2164097,,,Dispatched,2026-08-19,2026-08-19,42.56,USD
2026-08,UPDATE,ok,Amazon AU,16289,250-5404436-3675059,,[Redacted],Dispatched,2026-08-02,2026-08-02,31.11,AUD
2026-08,UPDATE,ok,Amazon AU,16289,250-7362416-0435039,,[Redacted],Dispatched,2026-08-01,2026-08-01,13.48,AUD
2026-08,UPDATE,ok,Amazon AU,16289,503-8791158-1286248,,[Redacted],Dispatched,2026-08-01,2026-08-01,31.11,AUD
2026-08,UPDATE,ok,Amazon AU,16289,249-3296360-5882254,,[Redacted],Dispatched,2026-08-01,2026-08-01,31.11,AUD
2026-08,UPDATE,ok,Amazon AU,16289,503-6348974-2619037,,[Redacted],Dispatched,2026-08-01,2026-08-01,61.57,AUD
2026-08,UPDATE,ok,Amazon AU,16289,249-9894713-7613402,,[Redacted],Dispatched,2026-08-01,2026-08-01,28.51,AUD
2026-08,UPDATE,ok,Amazon AU,16289,503-0787478-6323011,,[Redacted],Dispatched,2026-08-01,2026-08-01,13.48,AUD
2026-08,UPDATE,ok,Amazon AU,16289,249-7826410-6899818,,[Redacted],Dispatched,2026-08-01,2026-08-01,60.05,AUD
2026-08,UPDATE,ok,Amazon AU,16289,249-4798702-0171825,,[Redacted],Dispatched,2026-08-02,2026-08-02,31.11,AUD
2026-08,UPDATE,ok,AU,17489,AU-140219,,,Dispatched,2026-08-25,2026-08-25,45.59,AUD
2026-08,UPDATE,ok,AU,17489,AU-139967,,,Dispatched,2026-08-25,2026-08-25,0,AUD
2026-08,DTC-REPORT-ONLY,(excluded),Direct to Client,5051,MMY11502-17,,Make My Day,Dispatched,2026-08-18,,6020.83,USD
2026-09,UPDATE,ok,Amazon AU,16289,250-3135180-1520647,,Amazon Seller _AU,Dispatched,2026-09-02,2026-09-02,20.73,AUD
2026-09,UPDATE,ok,Amazon AU,16289,250-3865150-4834208,,Amazon Seller _AU,Dispatched,2026-09-02,2026-09-02,30.14,AUD
2026-09,UPDATE,ok,EU iFulfilment,25073,EU-50309,,,Dispatched,2026-09-02,2026-09-02,33.4549,EUR
2026-09,UPDATE,ok,EU iFulfilment,25073,EU-50307,,,Dispatched,2026-09-02,2026-09-02,33.4549,EUR
2026-09,UPDATE,ok,EU iFulfilment,25073,EU-50306,,,Dispatched,2026-09-02,2026-09-02,29.6805,EUR
2026-09,UPDATE,ok,EU iFulfilment,25073,EU-50303,,ETK logistiques,Dispatched,2026-09-02,2026-09-02,28.3081,EUR
2026-09,UPDATE,ok,EU iFulfilment,25073,EU-50302,,,Dispatched,2026-09-02,2026-09-02,68.6254,EUR
2026-09,UPDATE,ok,EU iFulfilment,25073,EU-50301,,,Dispatched,2026-09-02,2026-09-02,72.0566,EUR
2026-09,UPDATE,ok,Amazon AU,16289,250-5195603-5759835,,Amazon Seller _AU,Dispatched,2026-09-02,2026-09-02,90.42,AUD
2026-09,UPDATE,ok,EU iFulfilment,25073,EU-50300,,,Dispatched,2026-09-02,2026-09-02,66.0519,EUR
2026-09,UPDATE,ok,Amazon AU,16289,503-2773803-1177465,,Amazon Seller _AU,Dispatched,2026-09-02,2026-09-02,60.28,AUD
2026-09,UPDATE,ok,Amazon AU,16289,250-7447476-4794242,,Amazon Seller _AU,Dispatched,2026-09-02,2026-09-02,31.73,AUD
2026-09,UPDATE,ok,Amazon AU,16289,503-3322048-9186207,,Amazon Seller _AU,Dispatched,2026-09-02,2026-09-02,18.62,AUD
2026-09,UPDATE,ok,Amazon AU,16289,250-9191606-4068634,,Amazon Seller _AU,Dispatched,2026-09-02,2026-09-02,31.73,AUD
2026-09,UPDATE,ok,Amazon AU,16289,250-0356334-8247019,,Amazon Seller _AU,Dispatched,2026-09-02,2026-09-02,29.08,AUD
2026-09,UPDATE,ok,EU iFulfilment,25073,EU-50299,,,Dispatched,2026-09-02,2026-09-02,46.5366,EUR
2026-09,UPDATE,ok,Amazon AU,16289,249-3872935-3274230,,Amazon Seller _AU,Dispatched,2026-09-02,2026-09-02,16.92,AUD
2026-09,UPDATE,ok,EU iFulfilment,25073,EU-50296,,,Dispatched,2026-09-02,2026-09-02,33.4549,EUR
2026-09,UPDATE,ok,EU iFulfilment,25073,EU-50295,,,Dispatched,2026-09-02,2026-09-02,121.6385,EUR
2026-09,UPDATE,ok,EU iFulfilment,25073,EU-50294,,Ecothecnic,Dispatched,2026-09-02,2026-09-02,104.9968,EUR
2026-09,UPDATE,ok,EU iFulfilment,25073,EU-50293,,,Dispatched,2026-09-02,2026-09-02,59.8756,EUR
2026-09,UPDATE,ok,EU iFulfilment,25073,EU-50292,,,Dispatched,2026-09-02,2026-09-02,60.9908,EUR
2026-09,UPDATE,ok,EU iFulfilment,25073,EU-50290,,,Dispatched,2026-09-02,2026-09-02,72.0569,EUR
2026-09,UPDATE,ok,EU iFulfilment,25073,EU-50289,,,Dispatched,2026-09-02,2026-09-02,21.4455,EUR
2026-09,UPDATE,ok,EU iFulfilment,25073,EU-50288,,,Dispatched,2026-09-02,2026-09-02,36.0283,EUR
2026-09,UPDATE,ok,EU iFulfilment,25073,EU-50287,,,Dispatched,2026-09-02,2026-09-02,18.872,EUR
2026-09,UPDATE,ok,EU iFulfilment,25073,EU-50286,,,Dispatched,2026-09-02,2026-09-02,145.5462,EUR
2026-09,UPDATE,ok,EU iFulfilment,25073,EU-50285,,,Dispatched,2026-09-02,2026-09-02,83.1225,EUR
2026-09,UPDATE,ok,EU iFulfilment,25073,EU-50284,,,Dispatched,2026-09-02,2026-09-02,133.8199,EUR
2026-09,UPDATE,ok,EU iFulfilment,25073,EU-50283,,,Dispatched,2026-09-02,2026-09-02,0.0003,EUR
2026-09,UPDATE,ok,EU iFulfilment,25073,EU-50282,,,Dispatched,2026-09-02,2026-09-02,38.6018,EUR
2026-09,UPDATE,ok,EU iFulfilment,25073,EU-50281,,Coworking Impact Hub Barceló,Dispatched,2026-09-02,2026-09-02,42.033,EUR
2026-09,UPDATE,ok,Amazon AU,16289,249-9889943-6425464,,Amazon Seller _AU,Dispatched,2026-09-02,2026-09-02,29.08,AUD
2026-09,UPDATE,ok,EU iFulfilment,25073,EU-50280,,P & G Yachting,Dispatched,2026-09-02,2026-09-02,87.4975,EUR
2026-09,UPDATE,ok,EU iFulfilment,25073,EU-50279,,,Dispatched,2026-09-02,2026-09-02,87.4977,EUR
2026-09,UPDATE,ok,EU iFulfilment,25073,EU-50278,,,Dispatched,2026-09-02,2026-09-02,48.8956,EUR
2026-09,UPDATE,ok,Amazon AU,16289,250-0928043-9845456,,Amazon Seller _AU,Dispatched,2026-09-02,2026-09-02,27.5,AUD
2026-09,UPDATE,ok,Amazon AU,16289,503-7108569-5690261,,Amazon Seller _AU,Dispatched,2026-09-02,2026-09-02,31.73,AUD
2026-09,UPDATE,ok,EU iFulfilment,25073,EU-50276,,,Dispatched,2026-09-02,2026-09-02,58.2458,EUR
2026-09,UPDATE,ok,Amazon AU,16289,503-2393823-3236654,,Amazon Seller _AU,Dispatched,2026-09-01,2026-09-01,55.29,AUD
2026-09,UPDATE,ok,EU iFulfilment,25073,EU-50275,,,Dispatched,2026-09-02,2026-09-02,62.6206,EUR
2026-09,UPDATE,ok,EU iFulfilment,25073,EU-50274,,,Dispatched,2026-09-01,2026-09-01,0,EUR
2026-09,UPDATE,ok,Amazon AU,16289,503-4690539-0008633,,Amazon Seller _AU,Dispatched,2026-09-02,2026-09-02,34.37,AUD
2026-09,UPDATE,ok,EU iFulfilment,25073,EU-50272,,,Dispatched,2026-09-02,2026-09-02,0.0001,EUR
2026-09,UPDATE,ok,EU iFulfilment,25073,EU-50271,,,Dispatched,2026-09-01,2026-09-01,58.2152,EUR
2026-09,UPDATE,ok,EU iFulfilment,25073,EU-50270,,,Dispatched,2026-09-01,2026-09-01,64.2168,EUR
2026-09,UPDATE,ok,EU iFulfilment,25073,EU-50269,,,Dispatched,2026-09-01,2026-09-01,64.2168,EUR
2026-09,UPDATE,ok,EU iFulfilment,25073,EU-50268,,,Dispatched,2026-09-01,2026-09-01,95.1681,EUR
2026-09,UPDATE,ok,EU iFulfilment,25073,EU-50266,,,Dispatched,2026-09-01,2026-09-01,69.9613,EUR
2026-09,UPDATE,ok,EU iFulfilment,25073,EU-50265,,,Dispatched,2026-09-01,2026-09-01,95.1681,EUR
2026-09,UPDATE,ok,EU iFulfilment,25073,EU-50264,,,Dispatched,2026-09-01,2026-09-01,62.5878,EUR
2026-09,UPDATE,ok,Amazon AU,16289,249-0335385-1957469,,Amazon Seller _AU,Dispatched,2026-09-01,2026-09-01,29.1,AUD
2026-09,UPDATE,ok,Amazon AU,16289,249-6817100-4568601,,Amazon Seller _AU,Dispatched,2026-09-01,2026-09-01,31.75,AUD
2026-09,UPDATE,ok,EU iFulfilment,25073,EU-50263,,,Dispatched,2026-09-01,2026-09-01,62.5878,EUR
2026-09,UPDATE,ok,Amazon AU,16289,249-9512135-4729409,,Amazon Seller _AU,Dispatched,2026-09-02,2026-09-02,30.4,AUD
2026-09,UPDATE,ok,Amazon AU,16289,249-0432636-3425449,,Amazon Seller _AU,Dispatched,2026-09-01,2026-09-01,31.75,AUD
2026-09,UPDATE,ok,Amazon AU,16289,249-1398526-9291057,,Amazon Seller _AU,Dispatched,2026-09-01,2026-09-01,31.75,AUD
2026-09,UPDATE,ok,Amazon AU,16289,503-2959404-7525441,,Amazon Seller _AU,Dispatched,2026-09-01,2026-09-01,12.7,AUD
2026-09,UPDATE,ok,Amazon AU,16289,503-7929994-3672602,,Amazon Seller _AU,Dispatched,2026-09-01,2026-09-01,31.75,AUD
2026-09,UPDATE,ok,Amazon AU,16289,249-3398826-1378218,,Amazon Seller _AU,Dispatched,2026-09-01,2026-09-01,29.1,AUD
2026-09,UPDATE,ok,EU iFulfilment,25073,EU-50261,,,Dispatched,2026-09-01,2026-09-01,66.103,EUR
2026-09,UPDATE,ok,EU iFulfilment,25073,EU-50260,,,Dispatched,2026-09-01,2026-09-01,43.374,EUR
2026-09,UPDATE,ok,EU iFulfilment,25073,EU-50259,,,Dispatched,2026-09-01,2026-09-01,29.065,EUR
2026-09,UPDATE,ok,EU iFulfilment,25073,EU-50258,,,Dispatched,2026-09-01,2026-09-01,31.9799,EUR
2026-09,UPDATE,ok,EU iFulfilment,25073,EU-50257,,,Dispatched,2026-09-01,2026-09-01,71.2818,EUR
2026-09,UPDATE,ok,EU iFulfilment,25073,EU-50256,,,Dispatched,2026-09-01,2026-09-01,56.4063,EUR
2026-09,UPDATE,ok,EU iFulfilment,25073,EU-50255,,,Dispatched,2026-09-01,2026-09-01,30.9768,EUR
2026-09,UPDATE,ok,Amazon AU,16289,503-2866524-9255817,,Amazon Seller _AU,Dispatched,2026-09-01,2026-09-01,16.93,AUD
2026-09,UPDATE,ok,EU iFulfilment,25073,EU-50254,,,Dispatched,2026-09-01,2026-09-01,58.6439,EUR
2026-09,UPDATE,ok,Amazon AU,16289,250-8495337-6253420,,Amazon Seller _AU,Dispatched,2026-09-02,2026-09-02,47.92,AUD
2026-09,UPDATE,ok,EU iFulfilment,25073,EU-50253,,,Dispatched,2026-09-01,2026-09-01,68.5808,EUR
2026-09,UPDATE,ok,EU iFulfilment,25073,EU-50252,,,Dispatched,2026-09-01,2026-09-01,39.6101,EUR
2026-09,UPDATE,ok,EU iFulfilment,25073,EU-50251,,,Dispatched,2026-09-01,2026-09-01,50.7559,EUR
2026-09,UPDATE,ok,EU iFulfilment,25073,EU-50250,,,Dispatched,2026-09-01,2026-09-01,69.9526,EUR
2026-09,UPDATE,ok,EU iFulfilment,25073,EU-50249,,,Dispatched,2026-09-01,2026-09-01,116.8072,EUR
2026-09,UPDATE,ok,EU iFulfilment,25073,EU-50248,,,Dispatched,2026-09-01,2026-09-01,59.6645,EUR
2026-09,UPDATE,ok,EU iFulfilment,25073,EU-50247,,,Dispatched,2026-09-01,2026-09-01,112.5299,EUR
2026-09,UPDATE,ok,EU iFulfilment,25073,EU-50246,,,Dispatched,2026-09-01,2026-09-01,43.7258,EUR
2026-09,UPDATE,ok,EU iFulfilment,25073,EU-50244,,Cover’d,Dispatched,2026-09-01,2026-09-01,84.0993,EUR
2026-09,UPDATE,ok,EU iFulfilment,25073,EU-50242,,,Dispatched,2026-09-01,2026-09-01,101.1693,EUR
2026-09,UPDATE,ok,EU iFulfilment,25073,EU-50240,,,Dispatched,2026-09-02,2026-09-02,119.6651,EUR
2026-09,UPDATE,ok,EU iFulfilment,25073,EU-50239,,,Dispatched,2026-09-01,2026-09-01,61.816,EUR
2026-09,UPDATE,ok,EU iFulfilment,25073,EU-50237,,,Dispatched,2026-09-01,2026-09-01,39.4389,EUR
2026-09,UPDATE,ok,EU iFulfilment,25073,EU-50236,,,Dispatched,2026-09-01,2026-09-01,64.9796,EUR
2026-09,UPDATE,ok,EU iFulfilment,25073,EU-50235,,,Dispatched,2026-09-01,2026-09-01,51.142,EUR
2026-09,UPDATE,ok,EU iFulfilment,25073,EU-50234,,,Dispatched,2026-09-01,2026-09-01,23.4919,EUR
2026-09,UPDATE,ok,EU iFulfilment,25073,EU-50233,,Frauenarztzentrum Erdgeschoss,Dispatched,2026-09-01,2026-09-01,37.8955,EUR
2026-09,UPDATE,ok,EU iFulfilment,25073,EU-50231,,,Dispatched,2026-09-01,2026-09-01,59.0727,EUR
2026-09,UPDATE,ok,EU iFulfilment,25073,EU-50230,,,Dispatched,2026-09-01,2026-09-01,92.5965,EUR
2026-09,UPDATE,ok,EU iFulfilment,25073,EU-50229,,,Dispatched,2026-09-01,2026-09-01,97.7392,EUR
2026-09,UPDATE,ok,EU iFulfilment,25073,EU-50228,,,Dispatched,2026-09-01,2026-09-01,42.5167,EUR
2026-09,UPDATE,ok,EU iFulfilment,25073,EU-50227,,,Dispatched,2026-09-01,2026-09-01,18.8621,EUR
2026-09,UPDATE,ok,EU iFulfilment,25073,EU-50226,,,Dispatched,2026-09-01,2026-09-01,54.2284,EUR
2026-09,UPDATE,ok,EU iFulfilment,25073,EU-50225,,,Dispatched,2026-09-01,2026-09-01,75.791,EUR
2026-09,UPDATE,ok,EU iFulfilment,25073,EU-50224,,,Dispatched,2026-09-01,2026-09-01,52.1191,EUR
2026-09,UPDATE,ok,EU iFulfilment,25073,EU-50222,,,Dispatched,2026-09-01,2026-09-01,49.8902,EUR
2026-09,UPDATE,ok,EU iFulfilment,25073,EU-50221,,,Dispatched,2026-09-01,2026-09-01,24.6837,EUR
2026-09,UPDATE,ok,EU iFulfilment,25073,EU-50220,,,Dispatched,2026-09-01,2026-09-01,61.473,EUR
2026-09,UPDATE,ok,EU iFulfilment,25073,EU-50219,,,Dispatched,2026-09-01,2026-09-01,128.1759,EUR
2026-09,UPDATE,ok,EU iFulfilment,25073,EU-50218,,,Dispatched,2026-09-01,2026-09-01,69.9526,EUR
2026-09,UPDATE,ok,EU iFulfilment,25073,EU-50215,,,Dispatched,2026-09-01,2026-09-01,58.3007,EUR
2026-09,UPDATE,ok,EU iFulfilment,25073,EU-50214,,,Dispatched,2026-09-01,2026-09-01,51.8707,EUR
2026-09,UPDATE,ok,EU iFulfilment,25073,EU-50213,,,Dispatched,2026-09-01,2026-09-01,66.4375,EUR
2026-09,UPDATE,ok,EU iFulfilment,25073,EU-50212,,,Dispatched,2026-09-01,2026-09-01,46.7263,EUR
2026-09,UPDATE,ok,EU iFulfilment,25073,EU-50211,,,Dispatched,2026-09-01,2026-09-01,53.1571,EUR
2026-09,UPDATE,ok,EU iFulfilment,25073,EU-50209,,,Dispatched,2026-09-01,2026-09-01,106.6397,EUR
2026-09,UPDATE,ok,EU iFulfilment,25073,EU-50208,,,Dispatched,2026-09-01,2026-09-01,27.8645,EUR
2026-09,UPDATE,ok,EU iFulfilment,25073,EU-50207,,,Dispatched,2026-09-01,2026-09-01,30.8652,EUR
2026-09,UPDATE,ok,EU iFulfilment,25073,EU-50206,,,Dispatched,2026-09-01,2026-09-01,51.5106,EUR
2026-09,UPDATE,ok,EU iFulfilment,25073,EU-50205,,,Dispatched,2026-09-01,2026-09-01,59.1583,EUR
2026-09,UPDATE,ok,EU iFulfilment,25073,EU-50204,,,Dispatched,2026-09-01,2026-09-01,33.4373,EUR
2026-09,UPDATE,ok,EU iFulfilment,25073,EU-50203,,,Dispatched,2026-09-01,2026-09-01,65.6744,EUR
2026-09,UPDATE,ok,EU iFulfilment,25073,EU-50202,,,Dispatched,2026-09-01,2026-09-01,74.7538,EUR
2026-09,UPDATE,ok,EU iFulfilment,25073,EU-50200,,,Dispatched,2026-09-01,2026-09-01,74.0765,EUR
2026-09,UPDATE,ok,EU iFulfilment,25073,EU-50201,,,Dispatched,2026-09-01,2026-09-01,42.8684,EUR
2026-09,UPDATE,ok,EU iFulfilment,25073,EU-50199,,,Dispatched,2026-09-01,2026-09-01,101.1693,EUR
2026-09,UPDATE,ok,Amazon AU,16289,249-6903858-8829451,,Amazon Seller _AU,Dispatched,2026-09-01,2026-09-01,60.32,AUD
2026-09,UPDATE,ok,EU iFulfilment,25073,EU-50198,,,Dispatched,2026-09-01,2026-09-01,92.2876,EUR
2026-09,UPDATE,ok,EU iFulfilment,25073,EU-50197,,,Dispatched,2026-09-01,2026-09-01,131.2547,EUR
2026-09,UPDATE,ok,EU iFulfilment,25073,EU-50196,,,Dispatched,2026-09-01,2026-09-01,28.7219,EUR
2026-09,UPDATE,ok,EU iFulfilment,25073,EU-50195,,,Dispatched,2026-09-01,2026-09-01,66.2318,EUR
2026-09,UPDATE,ok,Amazon AU,16289,250-8442892-5535003,,Amazon Seller _AU,Dispatched,2026-09-01,2026-09-01,31.75,AUD
2026-09,UPDATE,ok,Amazon AU,16289,249-9527477-2424614,,Amazon Seller _AU,Dispatched,2026-09-01,2026-09-01,42.33,AUD
2026-09,UPDATE,ok,EU iFulfilment,25073,EU-50193,,,Dispatched,2026-09-01,2026-09-01,101.8547,EUR
2026-09,UPDATE,ok,EU iFulfilment,25073,EU-50192,,,Dispatched,2026-09-01,2026-09-01,66.1888,EUR
2026-09,UPDATE,ok,EU iFulfilment,25073,EU-50191,,,Dispatched,2026-09-02,2026-09-02,160.7883,EUR
2026-09,UPDATE,ok,EU iFulfilment,25073,EU-50190,,,Dispatched,2026-09-01,2026-09-01,17.1473,EUR
2026-09,UPDATE,ok,EU iFulfilment,25073,EU-50189,,,Dispatched,2026-09-01,2026-09-01,55.3003,EUR
2026-09,UPDATE,ok,EU iFulfilment,25073,EU-50188,,,Dispatched,2026-09-01,2026-09-01,126.0336,EUR
2026-09,UPDATE,ok,EU iFulfilment,25073,EU-50187,,,Dispatched,2026-09-01,2026-09-01,40.3735,EUR
2026-09,UPDATE,ok,EU iFulfilment,25073,EU-50185,,,Dispatched,2026-09-01,2026-09-01,39.5248,EUR
2026-09,UPDATE,ok,EU iFulfilment,25073,EU-50184,,,Dispatched,2026-09-01,2026-09-01,43.2971,EUR
2026-09,UPDATE,ok,EU iFulfilment,25073,EU-50183,,,Dispatched,2026-09-01,2026-09-01,87.4514,EUR
2026-09,UPDATE,ok,EU iFulfilment,25073,EU-50181,,c/o Martin Gutsche,Dispatched,2026-09-01,2026-09-01,66.2318,EUR
2026-09,UPDATE,ok,EU iFulfilment,25073,EU-50179,,,Dispatched,2026-09-01,2026-09-01,153.0831,EUR
2026-09,UPDATE,ok,EU iFulfilment,25073,EU-50178,,,Dispatched,2026-09-01,2026-09-01,92.5956,EUR
2026-09,UPDATE,ok,EU iFulfilment,25073,EU-50177,,,Dispatched,2026-09-01,2026-09-01,108.6286,EUR
2026-09,UPDATE,ok,EU iFulfilment,25073,EU-50175,,,Dispatched,2026-09-01,2026-09-01,73.6479,EUR
2026-09,UPDATE,ok,EU iFulfilment,25073,EU-50174,,,Dispatched,2026-09-02,2026-09-02,314.9914,EUR
2026-09,UPDATE,ok,EU iFulfilment,25073,EU-50173,,,Dispatched,2026-09-01,2026-09-01,58.6443,EUR
2026-09,UPDATE,ok,EU iFulfilment,25073,EU-50171,,SPAZIOTENGO COOP RENO,Dispatched,2026-09-01,2026-09-01,71.1185,EUR
2026-09,UPDATE,ok,EU iFulfilment,25073,EU-50170,,,Dispatched,2026-09-01,2026-09-01,92.9045,EUR
2026-09,UPDATE,ok,EU iFulfilment,25073,EU-50169,,,Dispatched,2026-09-01,2026-09-01,38.5472,EUR
2026-09,UPDATE,ok,EU iFulfilment,25073,EU-50165,,,Dispatched,2026-09-01,2026-09-01,27.6072,EUR
2026-09,UPDATE,ok,EU iFulfilment,25073,EU-50163,,,Dispatched,2026-09-01,2026-09-01,21.4342,EUR
2026-09,UPDATE,ok,EU iFulfilment,25073,EU-50162,,,Dispatched,2026-09-01,2026-09-01,41.3251,EUR
2026-09,UPDATE,ok,EU iFulfilment,25073,EU-50161,,Bell: Tsigkogiannis - Tsouramani,Dispatched,2026-09-01,2026-09-01,65.9745,EUR
2026-09,UPDATE,ok,EU iFulfilment,25073,EU-50160,,,Dispatched,2026-09-01,2026-09-01,73.2106,EUR
2026-09,UPDATE,ok,EU iFulfilment,25073,EU-50159,,,Dispatched,2026-09-01,2026-09-01,63.0854,EUR
2026-09,UPDATE,ok,EU iFulfilment,25073,EU-50158,,,Dispatched,2026-09-01,2026-09-01,33.0859,EUR
2026-09,UPDATE,ok,EU iFulfilment,25073,EU-50157,,,Dispatched,2026-09-01,2026-09-01,46.3836,EUR
2026-09,UPDATE,ok,EU iFulfilment,25073,EU-50150,,,Dispatched,2026-09-01,2026-09-01,68.9327,EUR
2026-09,UPDATE,ok,EU iFulfilment,25073,EU-50149,,,Dispatched,2026-09-02,2026-09-02,123.1567,EUR
2026-09,UPDATE,ok,Amazon AU,16289,503-4847675-7201459,,Amazon Seller _AU,Dispatched,2026-09-01,2026-09-01,31.75,AUD
2026-09,UPDATE,ok,EU iFulfilment,25073,EU-50147,,,Dispatched,2026-09-01,2026-09-01,135.8841,EUR
2026-09,UPDATE,ok,EU iFulfilment,25073,EU-50143,,,Dispatched,2026-09-01,2026-09-01,66.0176,EUR
2026-09,UPDATE,ok,Amazon AU,16289,249-4541520-7137457,,Amazon Seller _AU,Dispatched,2026-09-01,2026-09-01,31.75,AUD
2026-09,UPDATE,ok,EU iFulfilment,25073,EU-50140,,,Dispatched,2026-09-01,2026-09-01,68.9323,EUR
2026-09,UPDATE,ok,EU iFulfilment,25073,EU-50138,,,Dispatched,2026-09-01,2026-09-01,99.6003,EUR
2026-09,UPDATE,ok,EU iFulfilment,25073,EU-50136,,,Dispatched,2026-09-01,2026-09-01,82.2987,EUR
2026-09,UPDATE,ok,EU iFulfilment,25073,EU-50131,,,Dispatched,2026-09-01,2026-09-01,45.7834,EUR
2026-09,UPDATE,ok,EU iFulfilment,25073,EU-50130,,,Dispatched,2026-09-01,2026-09-01,18.8621,EUR
2026-09,UPDATE,ok,EU iFulfilment,25073,EU-50129,,,Dispatched,2026-09-01,2026-09-01,90.795,EUR
2026-09,UPDATE,ok,EU iFulfilment,25073,EU-50128,,,Dispatched,2026-09-01,2026-09-01,68.2464,EUR
2026-09,UPDATE,ok,EU iFulfilment,25073,EU-50127,,,Dispatched,2026-09-01,2026-09-01,60.0157,EUR
2026-09,UPDATE,ok,EU iFulfilment,25073,EU-50123,,,Dispatched,2026-09-01,2026-09-01,68.0578,EUR
2026-09,UPDATE,ok,EU iFulfilment,25073,EU-50121,,,Dispatched,2026-09-01,2026-09-01,93.0243,EUR
2026-09,UPDATE,ok,EU iFulfilment,25073,EU-50120,,,Dispatched,2026-09-01,2026-09-01,68.0406,EUR
2026-09,UPDATE,ok,EU iFulfilment,25073,EU-50118,,,Dispatched,2026-09-01,2026-09-01,91.0353,EUR
2026-09,UPDATE,ok,EU iFulfilment,25073,EU-50115,,,Dispatched,2026-09-01,2026-09-01,66.0173,EUR
2026-09,UPDATE,ok,EU iFulfilment,25073,EU-50114,,,Dispatched,2026-09-01,2026-09-01,60.6929,EUR
2026-09,UPDATE,ok,EU iFulfilment,25073,EU-50110,,,Dispatched,2026-09-01,2026-09-01,130.997,EUR
2026-09,UPDATE,ok,EU iFulfilment,25073,EU-50108,,,Dispatched,2026-09-01,2026-09-01,62.9307,EUR
2026-09,UPDATE,ok,EU iFulfilment,25073,EU-50106,,,Dispatched,2026-09-01,2026-09-01,75.4483,EUR
2026-09,UPDATE,ok,EU iFulfilment,25073,EU-50105,,,Dispatched,2026-09-01,2026-09-01,63.1022,EUR
2026-09,UPDATE,ok,EU iFulfilment,25073,EU-50104,,,Dispatched,2026-09-01,2026-09-01,43.0226,EUR
2026-09,UPDATE,ok,EU iFulfilment,25073,EU-50099,,,Dispatched,2026-09-01,2026-09-01,175.0657,EUR
2026-09,UPDATE,ok,EU iFulfilment,25073,EU-50098,,,Dispatched,2026-09-01,2026-09-01,116.2503,EUR
2026-09,UPDATE,ok,EU iFulfilment,25073,EU-50097,,,Dispatched,2026-09-02,2026-09-02,64.6793,EUR
2026-09,UPDATE,ok,EU iFulfilment,25073,EU-50096,,,Dispatched,2026-09-01,2026-09-01,92.2526,EUR
2026-09,UPDATE,ok,EU iFulfilment,25073,EU-50095,,,Dispatched,2026-09-01,2026-09-01,53.8427,EUR
2026-09,UPDATE,ok,EU iFulfilment,25073,EU-50089,,,Dispatched,2026-09-01,2026-09-01,119.4828,EUR
2026-09,UPDATE,ok,EU iFulfilment,25073,EU-50085,,,Dispatched,2026-09-01,2026-09-01,70.2784,EUR
2026-09,UPDATE,ok,EU iFulfilment,25073,EU-50082,,,Dispatched,2026-09-01,2026-09-01,122.7319,EUR
2026-09,UPDATE,ok,EU iFulfilment,25073,EU-50081,,,Dispatched,2026-09-01,2026-09-01,65.5888,EUR
2026-09,UPDATE,ok,EU iFulfilment,25073,EU-50079,,,Dispatched,2026-09-01,2026-09-01,120.9745,EUR
2026-09,UPDATE,ok,EU iFulfilment,25073,EU-50078,,ActivoBank,Dispatched,2026-09-01,2026-09-01,54.1941,EUR
2026-09,UPDATE,ok,EU iFulfilment,25073,EU-50075,,,Dispatched,2026-09-02,2026-09-02,135.0204,EUR
2026-09,UPDATE,ok,EU iFulfilment,25073,EU-50074,,,Dispatched,2026-09-01,2026-09-01,108.543,EUR
2026-09,UPDATE,ok,EU iFulfilment,25073,EU-50070,,,Dispatched,2026-09-01,2026-09-01,71.0758,EUR
2026-09,UPDATE,ok,EU iFulfilment,25073,EU-50068,,,Dispatched,2026-09-02,2026-09-02,103.3672,EUR
2026-09,UPDATE,ok,EU iFulfilment,25073,EU-50065,,,Dispatched,2026-09-01,2026-09-01,74.2479,EUR
2026-09,UPDATE,ok,EU iFulfilment,25073,EU-50064,,,Dispatched,2026-09-01,2026-09-01,67.8177,EUR
2026-09,UPDATE,ok,EU iFulfilment,25073,EU-50048,,,Dispatched,2026-09-02,2026-09-02,29.6804,EUR
2026-09,UPDATE,ok,EU iFulfilment,25073,EU-50030,,,Dispatched,2026-09-02,2026-09-02,106.3698,EUR
2026-09,UPDATE,ok,EU iFulfilment,25073,EU-50027,,,Dispatched,2026-09-02,2026-09-02,92.9869,EUR
2026-09,UPDATE,ok,EU iFulfilment,25073,EU-49905,,,Dispatched,2026-09-02,2026-09-02,197.8123,EUR
2026-09,UPDATE,ok,EU iFulfilment,25073,EU-49897,,,Dispatched,2026-09-01,2026-09-01,200.5294,EUR
2026-09,UPDATE,ok,EU iFulfilment,25073,EU-49878,,,Dispatched,2026-09-01,2026-09-01,174.9029,EUR
2026-09,UPDATE,ok,EU iFulfilment,25073,EU-49827,,Tania,Dispatched,2026-09-02,2026-09-02,71.5249,EUR
2026-09,UPDATE,ok,EU iFulfilment,25073,EU-49779,,ArteBrands Sp. z o.o.,Dispatched,2026-09-01,2026-09-01,0.0008,EUR
2026-09,UPDATE,ok,EU iFulfilment,25073,EU-49770,,,Dispatched,2026-09-02,2026-09-02,76.1312,EUR
2026-09,UPDATE,ok,EU iFulfilment,25073,EU-49737,,,Dispatched,2026-09-02,2026-09-02,62.4493,EUR
2026-09,UPDATE,ok,EU iFulfilment,25073,EU-49728,,,Dispatched,2026-09-01,2026-09-01,38.1529,EUR
2026-09,UPDATE,ok,EU iFulfilment,25073,EU-49673,,,Dispatched,2026-09-01,2026-09-01,31.9799,EUR
2026-09,UPDATE,ok,EU iFulfilment,25073,EU-49654,,,Dispatched,2026-09-01,2026-09-01,51.6137,EUR
2026-09,UPDATE,ok,EU iFulfilment,25073,EU-49605,,,Dispatched,2026-09-02,2026-09-02,148.1451,EUR
2026-09,UPDATE,ok,EU iFulfilment,25073,EU-49290,,KPMG AG Wirtschaftsprüfungsgesellschaft,Dispatched,2026-09-02,2026-09-02,76.0028,EUR